AYEL01056001.1:3125-3369(+,-)	69.20
AYEL01069690.1:14628-14879(+,-)	74.68
AYEL01084969.1:71041-71235(+,-)	68.24
AYEL01053643.1:25452-25653(-)	57.29
AYEL01087012.1:36309-36548(+,-)	72.53
AYEL01033890.1:30435-30673(+,-)	73.59
AYEL01088268.1:41049-41293(+,-)	77.22
AYEL01086673.1:20795-21034(+,-)	71.98
AYEL01085083.1:3064-3303(+,-)	82.95
AYEL01084450.1:33508-33739(+,-)	82.56
AYEL01084730.1:10745-10936(+,-)	71.82
AYEL01088495.1:21321-21553(+,-)	64.89
AYEL01082988.1:67691-68017(+,-)	71.52
AYEL01089789.1:27051-27271(+,-)	69.91
AYEL01091802.1:3872-4165(+,-)	68.54
AYEL01071894.1:38590-39021(+,-)	79.75
AYEL01079682.1:15687-15919(+,-)	84.97
AYEL01091602.1:37107-37557(+,-)	74.03
AYEL01063740.1:20444-20713(+,-)	82.58
AYEL01089706.1:714-928(+,-)	76.09
AYEL01051979.1:16234-16496(+,-)	80.36
AYEL01073582.1:134235-134468(+,-)	80.23
AYEL01052361.1:16668-16875(+,-)	70.40
AYEL01068057.1:6120-6409(+)	84.81
AYEL01036655.1:1499-1737(+,-)	81.46
AYEL01078553.1:28264-28470(+,-)	84.48
AYEL01075045.1:13529-13770(+,-)	73.93
AYEL01088454.1:48225-48470(+,-)	76.09
AYEL01076011.1:11109-11324(+,-)	84.15
AYEL01087962.1:25921-26119(+)	56.76
AYEL01065630.1:5864-6108(+,-)	71.79
AYEL01065299.1:4715-5037(+,-)	79.29
AYEL01079035.1:82079-82540(+,-)	82.12
AYEL01062652.1:8114-8350(+,-)	73.28
AYEL01076496.1:6058-6285(+,-)	76.38
AYEL01089137.1:35372-35661(+,-)	82.41
AYEL01029284.1:69858-70103(+,-)	73.84
AYEL01062160.1:286-570(+,-)	76.50
AYEL01075450.1:18954-19242(+,-)	78.54
AYEL01057243.1:23725-23955(+,-)	64.86
AYEL01068653.1:24064-24278(+,-)	83.65
AYEL01075161.1:28441-28671(+,-)	75.66
AYEL01028924.1:641-878(+,-)	73.86
AYEL01089709.1:11607-11841(+,-)	69.23
AYEL01043464.1:6567-6812(+,-)	82.12
AYEL01065561.1:8951-9276(+,-)	73.91
AYEL01090752.1:5352-5773(+,-)	75.42
AYEL01067171.1:27162-27387(+,-)	66.98
AYEL01057612.1:31491-31836(+,-)	71.30
AYEL01085614.1:19514-19734(+,-)	69.49
AYEL01054719.1:2491-2696(+,-)	65.78
AYEL01030541.1:17901-18141(+,-)	83.71
AYEL01080474.1:12274-12507(+,-)	82.08
AYEL01016908.1:118253-118489(+,-)	70.73
AYEL01006436.1:3773-3966(-)	64.33
AYEL01073211.1:99123-99368(+,-)	66.97
AYEL01091467.1:38923-39120(+,-)	85.89
AYEL01085251.1:7262-7513(+,-)	82.58
AYEL01065841.1:10262-10496(+,-)	73.57
AYEL01081993.1:104913-105166(+,-)	69.42
AYEL01086308.1:32865-33078(+,-)	73.72
AYEL01089047.1:61452-61694(+,-)	68.33
AYEL01070943.1:28653-28887(+,-)	82.02
AYEL01081479.1:38974-39214(+,-)	69.83
AYEL01073397.1:46961-47167(+,-)	78.09
AYEL01064106.1:38173-38391(+,-)	80.36
AYEL01083729.1:52305-52625(+,-)	77.39
AYEL01066958.1:11703-11948(+,-)	73.00
AYEL01076111.1:70943-71164(+,-)	69.44
AYEL01077161.1:665-909(+,-)	73.18
AYEL01057031.1:13957-14152(+,-)	69.08
AYEL01082127.1:13607-13857(+,-)	65.79
AYEL01085780.1:20478-20704(+,-)	70.67
AYEL01084386.1:113853-114062(+,-)	73.42
AYEL01062592.1:16994-17217(+,-)	66.96
AYEL01058379.1:39165-39386(+,-)	79.77
AYEL01039597.1:14666-15043(+,-)	68.64
AYEL01045781.1:4628-4829(+,-)	75.81
AYEL01077234.1:1751-2054(+,-)	74.21
AYEL01050641.1:3780-4012(+,-)	76.84
AYEL01076661.1:1581-1821(+,-)	73.82
AYEL01078971.1:11085-11329(+,-)	63.95
AYEL01081153.1:9581-9786(+,-)	70.18
AYEL01085755.1:60317-60555(+,-)	68.75
AYEL01066509.1:15608-15806(+,-)	62.63
AYEL01013123.1:39143-39385(+,-)	71.49
AYEL01075493.1:29097-29625(+,-)	71.98
AYEL01084002.1:79233-79464(+,-)	70.89
AYEL01068128.1:18586-18828(+,-)	68.40
AYEL01048149.1:2965-3200(+,-)	63.79
AYEL01063427.1:34876-35106(+,-)	64.97
AYEL01070644.1:34891-35130(+,-)	83.15
AYEL01082398.1:21634-21869(+,-)	68.07
AYEL01087256.1:45949-46187(+,-)	83.71
AYEL01088328.1:41274-41512(+,-)	74.89
AYEL01081927.1:127153-127350(+,-)	77.57
AYEL01088728.1:93331-93764(+,-)	79.19
AYEL01058229.1:4038-4279(+,-)	80.66
AYEL01091759.1:76739-76945(+,-)	70.30
AYEL01088055.1:31523-31736(+,-)	67.38
AYEL01076673.1:2735-2965(+,-)	70.86
AYEL01091226.1:8602-8825(+,-)	76.02
AYEL01054983.1:33925-34147(+,-)	74.55
AYEL01090417.1:2148-2369(+,-)	83.80
AYEL01080896.1:36734-36945(+,-)	73.53
AYEL01006518.1:16844-17070(+,-)	81.14
AYEL01056644.1:39234-39472(+,-)	81.01
AYEL01090717.1:36123-36363(+,-)	73.82
AYEL01061913.1:3463-3717(+,-)	82.96
AYEL01053206.1:831-1038(+,-)	75.00
AYEL01047949.1:10595-10836(+,-)	77.47
AYEL01068367.1:27043-27278(+,-)	70.93
AYEL01070576.1:79973-80193(+,-)	71.20
AYEL01080500.1:93026-93274(+,-)	58.41
AYEL01086798.1:7204-7418(+,-)	68.42
AYEL01087908.1:70752-70991(+,-)	70.52
AYEL01030535.1:313-534(+,-)	77.19
AYEL01052977.1:38054-38259(+,-)	83.80
AYEL01077252.1:15230-15542(+,-)	80.90
AYEL01069168.1:6932-7146(+,-)	69.33
AYEL01067102.1:26665-26882(+,-)	74.23
AYEL01082950.1:16236-16426(+,-)	81.25
AYEL01077034.1:10040-10327(+,-)	77.06
AYEL01064531.1:10293-10517(+,-)	72.35
AYEL01070194.1:53526-53839(+)	70.16
AYEL01056279.1:21002-21351(+,-)	83.05
AYEL01064388.1:21020-21250(+,-)	74.38
AYEL01089371.1:9727-10026(+,-)	78.34
AYEL01087967.1:18097-18337(+,-)	72.96
AYEL01059768.1:15050-15328(+,-)	73.30
AYEL01068116.1:2133-2370(+,-)	78.98
AYEL01086308.1:38600-38840(+,-)	74.68
AYEL01069792.1:19833-20072(+,-)	74.27
AYEL01027833.1:9640-9934(+,-)	79.45
AYEL01087940.1:41179-41373(+,-)	74.18
AYEL01078251.1:3666-3906(+,-)	73.82
AYEL01040535.1:13690-13926(+,-)	82.58
AYEL01072482.1:60525-60732(+,-)	76.64
AYEL01089195.1:121647-121930(+,-)	73.40
AYEL01070420.1:38547-38849(+,-)	77.65
AYEL01060223.1:6846-7079(+,-)	82.12
AYEL01092320.1:3981-4197(+,-)	70.21
AYEL01020694.1:9958-10170(+,-)	76.79
AYEL01031809.1:116232-116472(+)	77.42
AYEL01077292.1:1596-1811(+,-)	81.56
AYEL01079514.1:2379-2682(+,-)	67.57
AYEL01059638.1:53454-53669(+,-)	64.86
AYEL01078878.1:5173-5357(-)	73.71
AYEL01090369.1:16167-16407(+,-)	74.25
AYEL01088003.1:2768-3057(+,-)	73.73
AYEL01089613.1:19232-19476(+,-)	66.07
AYEL01061242.1:9216-9450(+,-)	79.10
AYEL01067703.1:21123-21346(+,-)	80.59
AYEL01069064.1:36308-36537(+,-)	71.82
AYEL01063388.1:20954-21193(+,-)	73.71
AYEL01085911.1:24398-24620(+,-)	68.48
AYEL01077787.1:1110-1414(+,-)	81.61
AYEL01077476.1:16225-16462(+,-)	83.71
AYEL01084868.1:64287-64568(+,-)	71.89
AYEL01068002.1:6136-6381(+,-)	73.84
AYEL01089466.1:43658-43882(+,-)	75.61
AYEL01027684.1:1876-2106(+,-)	72.65
AYEL01057406.1:72361-72832(+,-)	83.24
AYEL01047927.1:6026-6263(+,-)	80.90
AYEL01071315.1:688-924(+,-)	83.15
AYEL01090834.1:4716-4996(+,-)	82.05
AYEL01062475.1:4465-4792(+,-)	78.89
AYEL01075451.1:13179-13417(+,-)	82.12
AYEL01090070.1:24673-24919(+,-)	83.53
AYEL01087791.1:20437-20767(+,-)	76.65
AYEL01074361.1:24423-24664(+,-)	71.37
AYEL01072114.1:103956-104155(+,-)	69.30
AYEL01089435.1:29737-29944(+,-)	68.29
AYEL01045777.1:2731-2925(+,-)	77.65
AYEL01087094.1:20793-21016(+,-)	72.38
AYEL01086415.1:8457-8685(+,-)	69.86
AYEL01074570.1:176400-176632(+,-)	77.06
AYEL01063263.1:30342-30732(+,-)	82.61
AYEL01049296.1:26596-26835(+,-)	79.33
AYEL01069877.1:22370-22573(+)	81.58
AYEL01090373.1:14924-15165(+,-)	68.38
AYEL01073761.1:17486-17712(+,-)	66.27
AYEL01082922.1:50444-50632(+,-)	70.73
AYEL01080730.1:101395-101670(+,-)	81.60
AYEL01090545.1:18528-18855(+,-)	80.70
AYEL01065621.1:69842-70082(+,-)	73.82
AYEL01029713.1:17990-18215(+,-)	86.18
AYEL01090696.1:1245-1591(+,-)	73.71
AYEL01071837.1:8948-9183(+,-)	80.00
AYEL01050279.1:70726-70933(+,-)	66.18
AYEL01055937.1:5706-6022(+,-)	74.77
AYEL01046379.1:9331-9541(+,-)	65.99
AYEL01090063.1:49597-49811(+,-)	71.70
AYEL01085660.1:19887-20121(+,-)	82.18
AYEL01086731.1:25908-26178(+,-)	73.85
AYEL01090272.1:14587-15049(+,-)	81.76
AYEL01069320.1:9709-9995(+,-)	76.61
AYEL01091715.1:15642-15858(+,-)	67.02
AYEL01056178.1:62698-62928(+,-)	63.08
AYEL01057007.1:9632-9860(+,-)	82.12
AYEL01074000.1:4097-4336(+,-)	78.09
AYEL01071365.1:70746-71029(+,-)	79.17
AYEL01078269.1:13394-13619(+,-)	83.80
AYEL01068810.1:9140-9341(+,-)	68.42
AYEL01091168.1:1344-1646(+,-)	83.33
AYEL01054695.1:43775-44074(+,-)	80.11
AYEL01072106.1:52532-53036(+,-)	83.62
AYEL01065230.1:24262-24502(+,-)	74.25
AYEL01092238.1:18603-18836(+,-)	71.68
AYEL01091884.1:36090-36316(+,-)	68.97
AYEL01056442.1:17696-17920(+,-)	58.80
AYEL01069426.1:73882-74084(+,-)	68.28
AYEL01088550.1:18834-19063(+,-)	80.70
AYEL01068057.1:24507-24740(+,-)	79.78
AYEL01083098.1:9370-9594(+,-)	70.48
AYEL01091921.1:33571-33810(+,-)	83.80
AYEL01071025.1:1834-2073(+,-)	82.02
AYEL01044597.1:46351-46601(+,-)	80.45
AYEL01058920.1:1972-2212(+,-)	66.09
AYEL01067044.1:17104-17416(+,-)	75.28
AYEL01087735.1:9429-9663(+,-)	79.10
AYEL01027718.1:44095-44328(+,-)	78.79
AYEL01081813.1:23920-24166(+,-)	68.21
AYEL01071603.1:9241-9508(+,-)	64.04
AYEL01077742.1:18763-18992(+)	81.37
AYEL01072771.1:5153-5359(+,-)	66.07
AYEL01084764.1:15023-15223(+,-)	65.29
AYEL01063393.1:84059-84302(+,-)	73.62
AYEL01078995.1:37762-37989(+,-)	83.23
AYEL01074330.1:8097-8308(+,-)	80.46
AYEL01074098.1:11014-11220(+,-)	67.59
AYEL01023336.1:6519-6713(+,-)	80.90
AYEL01091445.1:22136-22427(+,-)	85.61
AYEL01073436.1:44698-44934(+,-)	74.32
AYEL01078785.1:24470-24712(+,-)	84.09
AYEL01088205.1:10790-11019(+,-)	63.51
AYEL01074068.1:104026-104244(+,-)	79.21
AYEL01065823.1:8871-9146(+,-)	74.57
AYEL01071350.1:94529-94764(+,-)	65.33
AYEL01059392.1:1072-1354(+,-)	75.70
AYEL01085207.1:2668-2903(+,-)	79.65
AYEL01087842.1:36737-36930(+,-)	69.72
AYEL01083399.1:59988-60218(+,-)	83.83
AYEL01080499.1:21293-21528(+,-)	71.88
AYEL01072016.1:25038-25245(+,-)	69.44
AYEL01038381.1:17359-17597(+,-)	68.75
AYEL01084002.1:47771-47991(+,-)	69.91
AYEL01072042.1:15335-15545(+,-)	80.00
AYEL01089564.1:3570-3854(+,-)	71.16
AYEL01086620.1:45956-46284(+,-)	84.80
AYEL01080543.1:68966-69174(+,-)	63.01
AYEL01085303.1:59222-59426(+,-)	67.90
AYEL01052483.1:174953-175153(+,-)	76.67
AYEL01067661.1:14225-14426(-)	76.19
AYEL01045116.1:65873-66132(+,-)	74.36
AYEL01057084.1:42442-42672(+,-)	73.91
AYEL01053578.1:18677-19122(+,-)	71.86
AYEL01068074.1:13337-13582(+,-)	74.14
AYEL01089518.1:39096-39339(+,-)	77.09
AYEL01078114.1:64831-65054(+,-)	77.34
AYEL01073477.1:18438-18646(+,-)	73.54
AYEL01083835.1:20433-20673(+,-)	83.43
AYEL01074782.1:72309-72617(+,-)	66.12
AYEL01074536.1:41552-41792(+,-)	71.55
AYEL01079035.1:129587-129807(+,-)	82.39
AYEL01078902.1:8653-8845(+,-)	68.89
AYEL01073475.1:18056-18296(+,-)	72.96
AYEL01046539.1:25313-25616(+,-)	82.02
AYEL01068750.1:9562-9754(-)	62.64
AYEL01049828.1:15929-16308(+,-)	80.79
AYEL01074446.1:12612-13011(+,-)	68.84
AYEL01080993.1:38312-38538(+,-)	68.49
AYEL01059421.1:9362-9614(+,-)	78.98
AYEL01080393.1:50540-50765(+,-)	85.54
AYEL01061892.1:94178-94417(+,-)	70.69
AYEL01026724.1:54077-54273(+,-)	82.86
AYEL01020694.1:12196-12525(+,-)	80.28
AYEL01061434.1:3818-4127(+,-)	81.07
AYEL01072140.1:50570-50808(+,-)	67.97
AYEL01031809.1:30286-30512(+,-)	80.56
AYEL01079463.1:30847-31089(+,-)	79.78
AYEL01048567.1:52173-52417(+,-)	75.57
AYEL01090724.1:7490-7952(+,-)	82.12
AYEL01068180.1:25874-26116(+,-)	74.04
AYEL01064451.1:5047-5287(+,-)	79.89
AYEL01055780.1:7281-7488(-)	77.78
AYEL01061977.1:5978-6204(-)	62.25
AYEL01088961.1:12633-12847(+,-)	71.07
AYEL01049777.1:27388-27593(+,-)	66.13
AYEL01086797.1:2756-3001(+,-)	77.46
AYEL01065158.1:151884-152113(+,-)	71.76
AYEL01044994.1:19807-20047(+,-)	79.55
AYEL01075451.1:12853-13092(+,-)	80.90
AYEL01082649.1:33720-33965(+,-)	75.11
AYEL01052624.1:14321-14521(+,-)	69.82
AYEL01043478.1:50674-50880(+,-)	69.64
AYEL01029713.1:16082-16376(+,-)	79.78
AYEL01061423.1:1197-1439(+,-)	82.94
AYEL01078916.1:129560-129790(+,-)	65.29
AYEL01060935.1:87220-87452(+,-)	71.64
AYEL01091892.1:23950-24172(+,-)	76.96
AYEL01084209.1:15903-16295(+,-)	85.00
AYEL01046039.1:17981-18204(+,-)	62.98
AYEL01082768.1:69000-69218(+,-)	72.07
AYEL01069521.1:33328-33584(+,-)	86.60
AYEL01040605.1:25670-25880(-)	74.80
AYEL01073128.1:36712-37090(+,-)	76.89
AYEL01072843.1:969-1209(+,-)	78.33
AYEL01083063.1:67905-68232(+,-)	81.06
AYEL01034531.1:22663-23269(+,-)	82.14
AYEL01065737.1:23949-24189(+,-)	83.80
AYEL01077487.1:6432-6673(+,-)	67.84
AYEL01076481.1:72702-72947(+,-)	73.00
AYEL01003847.1:728-983(+,-)	72.60
AYEL01076934.1:157436-157626(-)	72.88
AYEL01084433.1:13521-13814(+,-)	70.05
AYEL01081463.1:4919-5163(+,-)	75.11
AYEL01029399.1:603-843(+,-)	61.21
AYEL01081481.1:42605-42829(+,-)	69.55
AYEL01069559.1:30442-30719(+,-)	72.00
AYEL01089459.1:6868-7107(+,-)	79.33
AYEL01069554.1:729-970(+,-)	85.71
AYEL01091619.1:20009-20263(+,-)	69.26
AYEL01079769.1:5770-6070(+,-)	87.70
AYEL01049931.1:58484-58683(+,-)	65.81
AYEL01049864.1:24823-25062(+,-)	82.68
AYEL01039388.1:6873-7115(+,-)	73.19
AYEL01019894.1:61784-61994(+,-)	69.36
AYEL01088734.1:53549-53849(+,-)	71.49
AYEL01074886.1:60301-60589(+,-)	73.47
AYEL01072206.1:37352-37632(+,-)	83.95
AYEL01067547.1:3317-3553(+,-)	63.31
AYEL01087069.1:135495-135721(+,-)	79.76
AYEL01088996.1:43761-43981(+,-)	74.67
AYEL01080349.1:14603-14886(+,-)	75.42
AYEL01078916.1:87126-87367(+,-)	75.61
AYEL01061434.1:3519-3725(+,-)	73.51
AYEL01073078.1:577-828(+,-)	74.87
AYEL01038166.1:8262-8554(+,-)	80.82
AYEL01088755.1:13203-13395(-)	70.81
AYEL01090093.1:24782-25031(+,-)	63.21
AYEL01064436.1:23289-23512(+,-)	73.45
AYEL01088078.1:1-225(+,-)	73.02
AYEL01080599.1:39649-39892(+,-)	67.53
AYEL01089642.1:2400-2601(+,-)	80.15
AYEL01076954.1:68376-68676(+,-)	86.61
AYEL01062195.1:28411-28664(+,-)	80.51
AYEL01045160.1:88199-88476(+,-)	78.87
AYEL01074250.1:1865-2111(+,-)	59.42
AYEL01062922.1:1539-1749(+,-)	79.17
AYEL01078238.1:199810-200019(+)	60.39
AYEL01088721.1:14622-14868(+,-)	67.86
AYEL01059715.1:29883-30098(+,-)	72.16
AYEL01074443.1:42296-42533(+,-)	84.66
AYEL01049848.1:6653-6892(+,-)	82.12
AYEL01087898.1:42698-42917(+,-)	81.03
AYEL01034008.1:59498-59760(+,-)	73.37
AYEL01069875.1:94721-94956(+,-)	82.58
AYEL01072103.1:20742-20933(+)	79.31
AYEL01052376.1:75536-76004(+,-)	84.27
AYEL01075994.1:24893-25229(+,-)	86.13
AYEL01081093.1:14348-14584(+,-)	80.68
AYEL01081635.1:8083-8305(+,-)	73.49
AYEL01068426.1:33977-34214(+,-)	67.12
AYEL01088996.1:43095-43320(+,-)	78.66
AYEL01065006.1:51958-52198(+,-)	74.68
AYEL01055804.1:163-396(+,-)	78.49
AYEL01069579.1:67157-67399(+,-)	75.69
AYEL01043479.1:2865-3109(+,-)	78.36
AYEL01073611.1:75580-75782(+)	66.67
AYEL01054591.1:62931-63132(+)	62.79
AYEL01087758.1:4434-4676(+,-)	65.22
AYEL01055170.1:7825-8119(+,-)	78.71
AYEL01066739.1:26421-26660(+,-)	75.28
AYEL01083414.1:42960-43250(+,-)	73.57
AYEL01090793.1:51303-51541(+,-)	60.91
AYEL01088359.1:80880-81102(+,-)	76.51
AYEL01087579.1:31558-31758(+,-)	70.83
AYEL01060362.1:5189-5638(+,-)	78.90
AYEL01074053.1:13340-13566(+,-)	73.06
AYEL01084864.1:18781-19014(+,-)	71.68
AYEL01066178.1:66166-66404(+,-)	71.00
AYEL01091092.1:44809-45117(+,-)	85.71
AYEL01091805.1:65117-65357(+,-)	74.25
AYEL01076538.1:9988-10224(+,-)	69.40
AYEL01089047.1:34975-35210(+,-)	72.78
AYEL01077362.1:46083-46280(+,-)	72.67
AYEL01091721.1:131678-131904(+,-)	69.88
AYEL01050382.1:21441-21659(+,-)	81.06
AYEL01033596.1:53-283(+,-)	84.83
AYEL01007657.1:8985-9206(+,-)	85.47
AYEL01077182.1:32890-33125(+,-)	74.56
AYEL01088273.1:3350-3791(+,-)	82.22
AYEL01036146.1:1104-1310(+)	70.23
AYEL01074204.1:7268-7528(+,-)	71.96
AYEL01082501.1:35622-35919(+,-)	72.22
AYEL01065666.1:1948-2179(+,-)	79.65
AYEL01064503.1:27963-28199(+,-)	71.18
AYEL01066780.1:3238-3470(+,-)	61.61
AYEL01026539.1:2259-2512(+,-)	71.55
AYEL01086798.1:7854-8093(+,-)	82.12
AYEL01076931.1:151804-152035(+,-)	77.00
AYEL01051127.1:63771-64011(+,-)	76.72
AYEL01076215.1:108991-109226(+,-)	66.04
AYEL01088471.1:15725-16011(+,-)	69.19
AYEL01075232.1:5143-5348(+,-)	79.17
AYEL01069639.1:6692-6924(+,-)	64.13
AYEL01054948.1:2240-2527(+,-)	74.21
AYEL01046659.1:21677-21919(+,-)	71.49
AYEL01080158.1:32897-33135(+,-)	73.68
AYEL01069436.1:17171-17413(+,-)	81.01
AYEL01086527.1:32270-32484(+,-)	83.65
AYEL01073374.1:34438-34655(+,-)	80.57
AYEL01082247.1:46877-47107(+,-)	70.48
AYEL01068099.1:8866-9101(+,-)	74.89
AYEL01078256.1:787-1045(+,-)	69.93
AYEL01088518.1:90511-90750(+,-)	73.71
AYEL01073109.1:22552-22767(+,-)	67.54
AYEL01040566.1:38312-38510(+,-)	82.12
AYEL01082414.1:3299-3539(+,-)	69.53
AYEL01065103.1:5088-5289(+,-)	78.95
AYEL01051962.1:306-548(+,-)	82.58
AYEL01091585.1:16554-16793(+,-)	84.27
AYEL01092117.1:1964-2414(+,-)	73.39
AYEL01080851.1:17930-18159(+,-)	79.19
AYEL01063132.1:3874-4159(+,-)	74.74
AYEL01064706.1:10847-11066(+,-)	72.56
AYEL01089195.1:44183-44416(+,-)	74.16
AYEL01067982.1:17302-17487(+)	59.80
AYEL01067530.1:6628-7082(+,-)	77.84
AYEL01085817.1:27148-27369(+,-)	62.42
AYEL01085984.1:10333-10548(+,-)	74.53
AYEL01091804.1:57202-57678(+,-)	70.21
AYEL01086768.1:11131-11356(+,-)	78.44
AYEL01090241.1:2287-2519(+,-)	66.87
AYEL01058167.1:1192-1390(+,-)	67.17
AYEL01082282.1:11189-11423(+,-)	59.30
AYEL01081904.1:15254-15487(+,-)	80.61
AYEL01079906.1:3462-3656(+,-)	74.85
AYEL01069472.1:38160-38381(+,-)	74.53
AYEL01078729.1:43438-43649(+,-)	82.82
AYEL01079557.1:3838-4063(+,-)	81.98
AYEL01087894.1:49595-49825(+,-)	70.65
AYEL01091103.1:20245-20553(+,-)	76.97
AYEL01084721.1:142811-143048(+,-)	84.27
AYEL01080542.1:1202-1397(+)	64.71
AYEL01089964.1:13014-13232(+,-)	65.62
AYEL01065711.1:3355-3593(+,-)	67.97
AYEL01068984.1:0-220(+,-)	83.80
AYEL01085421.1:56561-56766(+,-)	74.17
AYEL01087939.1:44830-45053(+,-)	78.90
AYEL01076692.1:9146-9384(+,-)	71.55
AYEL01038438.1:50290-50504(+,-)	83.65
AYEL01056757.1:2735-2960(+,-)	75.16
AYEL01072552.1:2735-2955(+,-)	66.67
AYEL01076025.1:28623-28867(+,-)	69.27
AYEL01089099.1:25123-25359(+,-)	78.65
AYEL01091087.1:5110-5478(+,-)	79.17
AYEL01087241.1:32940-33165(+,-)	78.44
AYEL01066008.1:12132-12372(+,-)	73.82
AYEL01062949.1:24923-25163(+,-)	73.68
AYEL01082083.1:8273-8600(+)	76.72
AYEL01071140.1:23036-23329(+,-)	81.12
AYEL01085808.1:14020-14265(+,-)	85.31
AYEL01076671.1:58392-58634(+,-)	74.47
AYEL01078411.1:35702-35943(+,-)	72.37
AYEL01005012.1:1212-1426(+,-)	83.65
AYEL01087521.1:31233-31468(+,-)	56.44
AYEL01066004.1:1941-2147(+,-)	65.49
AYEL01072373.1:32318-32504(+)	60.71
AYEL01085776.1:63634-63841(+,-)	70.86
AYEL01083679.1:20527-20759(+,-)	75.42
AYEL01024123.1:30246-30602(+,-)	84.28
AYEL01070533.1:5023-5304(+,-)	82.49
AYEL01077726.1:2172-2386(+,-)	83.65
AYEL01065996.1:47836-48085(+,-)	84.27
AYEL01081942.1:3465-3702(+,-)	73.48
AYEL01074138.1:25619-25859(+,-)	74.25
AYEL01073553.1:71503-71695(+,-)	66.48
AYEL01042453.1:22429-22575(-)	75.18
AYEL01063166.1:56409-56625(+,-)	71.43
AYEL01051376.1:14596-14817(+,-)	81.03
AYEL01001540.1:0-255(+,-)	72.25
AYEL01060706.1:3663-3892(+,-)	80.57
AYEL01082770.1:32592-32831(+,-)	78.89
AYEL01079602.1:8028-8272(+,-)	70.83
AYEL01088801.1:5944-6161(-)	65.84
AYEL01028043.1:7135-7343(+,-)	64.20
AYEL01083161.1:78164-78459(+,-)	79.91
AYEL01040614.1:10039-10266(+,-)	77.53
AYEL01058655.1:23033-23277(+,-)	75.95
AYEL01080744.1:35833-36056(+,-)	63.64
AYEL01073786.1:147618-147842(+,-)	64.03
AYEL01023318.1:18095-18350(+,-)	76.61
AYEL01086836.1:10252-10499(+,-)	72.10
AYEL01079863.1:6108-6383(+,-)	86.14
AYEL01089023.1:6248-6463(+,-)	64.09
AYEL01074193.1:157635-157875(+,-)	74.68
AYEL01090060.1:9253-9483(+,-)	75.79
AYEL01071058.1:5217-5435(+,-)	63.30
AYEL01091879.1:88703-88941(+,-)	84.18
AYEL01043468.1:21019-21211(+,-)	72.15
AYEL01071130.1:14598-14929(+,-)	83.77
AYEL01046876.1:689-1003(+,-)	79.21
AYEL01065866.1:5412-5638(+,-)	70.21
AYEL01071375.1:23225-23432(+,-)	71.03
AYEL01089087.1:16545-16785(+,-)	72.53
AYEL01075981.1:9348-9593(+,-)	75.00
AYEL01085999.1:10181-10419(+,-)	69.47
AYEL01078995.1:38854-39083(+,-)	82.42
AYEL01073061.1:5442-5656(+,-)	68.10
AYEL01090446.1:15550-15907(+,-)	81.82
AYEL01092397.1:3549-3784(+,-)	72.73
AYEL01048389.1:95-308(+,-)	76.73
AYEL01087771.1:61423-61658(+,-)	81.82
AYEL01091236.1:6082-6326(+,-)	81.46
AYEL01070847.1:23148-23352(+,-)	55.39
AYEL01086182.1:28226-28466(+,-)	69.40
AYEL01084652.1:5898-6134(+,-)	81.92
AYEL01056357.1:39251-39493(+,-)	74.38
AYEL01058258.1:53420-53696(+,-)	84.69
AYEL01090287.1:1819-2150(+,-)	81.25
AYEL01080625.1:31261-31478(+,-)	64.17
AYEL01089095.1:2452-2683(+,-)	77.33
AYEL01072110.1:3182-3459(+,-)	78.91
AYEL01092338.1:6605-6803(-)	66.67
AYEL01082081.1:139458-139700(+,-)	74.12
AYEL01047930.1:19299-19498(+)	68.25
AYEL01085199.1:1574-1799(+,-)	66.88
AYEL01062196.1:12747-12987(+,-)	76.00
AYEL01083917.1:22064-22512(+,-)	80.11
AYEL01081080.1:50946-51174(+,-)	78.36
AYEL01073932.1:57148-57383(+,-)	77.34
AYEL01087723.1:75046-75310(+,-)	80.23
AYEL01091504.1:78294-78534(+,-)	75.54
AYEL01068057.1:34213-34462(+,-)	83.21
AYEL01061506.1:16662-16897(+,-)	72.63
AYEL01072980.1:34140-34332(-)	60.89
AYEL01066060.1:32180-32377(+,-)	62.18
AYEL01080726.1:352-589(+,-)	82.58
AYEL01082842.1:9441-9671(+,-)	65.61
AYEL01058057.1:8272-8498(+,-)	71.26
AYEL01079893.1:33737-34026(+,-)	82.19
AYEL01085735.1:37590-37869(+,-)	76.60
AYEL01065859.1:3163-3392(+,-)	74.64
AYEL01016309.1:13084-13382(+,-)	81.03
AYEL01079283.1:7951-8201(+,-)	73.28
AYEL01049033.1:59055-59261(+,-)	61.40
AYEL01090838.1:11052-11259(+,-)	62.58
AYEL01060833.1:920-1120(+,-)	64.12
AYEL01085331.1:16239-16467(+,-)	69.90
AYEL01023136.1:12375-12582(+,-)	73.91
AYEL01089292.1:26436-26655(+,-)	79.50
AYEL01053541.1:15516-15840(+,-)	82.12
AYEL01018549.1:11727-11929(+,-)	65.00
AYEL01062181.1:14867-15091(+,-)	67.89
AYEL01070017.1:70992-71223(+,-)	66.67
AYEL01088878.1:14435-14675(+,-)	73.39
AYEL01091805.1:116508-116928(+,-)	67.06
AYEL01078879.1:1449-1688(+,-)	80.90
AYEL01061994.1:954-1240(+,-)	60.00
AYEL01067767.1:22549-22779(+,-)	66.11
AYEL01070135.1:4655-4875(+,-)	66.20
AYEL01073135.1:14036-14341(+,-)	72.11
AYEL01085776.1:58271-58472(+,-)	75.82
AYEL01069299.1:10256-10626(+,-)	80.23
AYEL01084433.1:48356-48639(+,-)	78.77
AYEL01058885.1:32116-32336(+,-)	71.52
AYEL01074421.1:1981-2223(+,-)	65.22
AYEL01043307.1:27816-28010(-)	81.12
AYEL01061727.1:38051-38289(+,-)	73.28
AYEL01077677.1:90135-90363(+,-)	62.01
AYEL01071229.1:2275-2492(+,-)	84.76
AYEL01066618.1:14085-14325(+,-)	80.00
AYEL01060880.1:44221-44459(+,-)	62.69
AYEL01090684.1:1619-1838(+,-)	67.96
AYEL01012098.1:2205-2445(+,-)	72.53
AYEL01071158.1:35148-35426(+,-)	83.20
AYEL01090700.1:59376-59618(+,-)	71.06
AYEL01083339.1:5046-5247(+,-)	69.44
AYEL01067091.1:17422-17658(+,-)	82.49
AYEL01086781.1:10337-10579(+,-)	74.04
AYEL01076178.1:25924-26146(+,-)	76.61
AYEL01052250.1:303-545(+,-)	75.57
AYEL01090700.1:60090-60332(+,-)	79.13
AYEL01090093.1:27699-27912(+,-)	63.00
AYEL01066512.1:6826-7021(+,-)	74.44
AYEL01081667.1:7050-7287(+,-)	73.82
AYEL01039419.1:158-395(+,-)	82.68
AYEL01077268.1:35015-35233(+,-)	61.90
AYEL01089252.1:34900-35132(+,-)	69.78
AYEL01067370.1:31341-31568(+,-)	79.00
AYEL01065569.1:2024-2259(+,-)	76.36
AYEL01073088.1:8204-8437(+)	62.58
AYEL01060196.1:7295-7531(+,-)	79.78
AYEL01059050.1:19042-19282(+,-)	73.39
AYEL01070112.1:29768-29991(+,-)	70.59
AYEL01090840.1:33044-33315(+,-)	84.09
AYEL01051373.1:15727-15988(+,-)	77.60
AYEL01009277.1:5202-5459(+,-)	79.78
AYEL01069924.1:8586-8836(+,-)	75.53
AYEL01048073.1:14716-14962(+,-)	78.33
AYEL01052470.1:46859-47077(+,-)	79.87
AYEL01067609.1:965-1198(+,-)	69.57
AYEL01046575.1:11749-11963(+,-)	83.65
AYEL01088693.1:16997-17241(+,-)	65.67
AYEL01061756.1:24472-24698(+,-)	76.97
AYEL01079412.1:13777-13988(+,-)	70.15
AYEL01080170.1:32010-32209(+,-)	76.19
AYEL01071633.1:12424-12653(+,-)	80.52
AYEL01075700.1:1810-2014(+,-)	65.56
AYEL01073270.1:2454-2679(-)	61.25
AYEL01069589.1:11285-11587(+,-)	76.61
AYEL01055579.1:10567-10789(+,-)	68.63
AYEL01075940.1:7373-7610(+,-)	80.23
AYEL01072140.1:85883-86090(+,-)	70.95
AYEL01073701.1:70863-71074(+,-)	84.85
AYEL01061289.1:40734-40949(+,-)	80.00
AYEL01092365.1:18718-18954(+,-)	73.36
AYEL01085020.1:99055-99249(+,-)	78.36
AYEL01073767.1:23443-23658(+,-)	73.42
AYEL01031198.1:23909-24148(+,-)	69.83
AYEL01084317.1:11663-11883(+,-)	74.15
AYEL01081359.1:32271-32539(+,-)	74.17
AYEL01052837.1:10408-10636(+,-)	80.36
AYEL01076189.1:59021-59257(+,-)	73.78
AYEL01069720.1:2949-3233(+,-)	71.00
AYEL01087982.1:55391-55593(-)	63.74
AYEL01079818.1:21440-21649(+,-)	73.72
AYEL01075994.1:20024-20307(+,-)	83.43
AYEL01070250.1:80731-81083(+,-)	84.27
AYEL01087404.1:10968-11208(+,-)	73.39
AYEL01076493.1:2662-2922(+,-)	77.53
AYEL01075540.1:63063-63282(+,-)	68.20
AYEL01060374.1:17875-18114(+,-)	70.69
AYEL01089128.1:8896-9118(+,-)	84.35
AYEL01081463.1:11048-11277(+,-)	74.32
AYEL01081604.1:29424-29647(+,-)	74.59
AYEL01064897.1:41658-41899(+,-)	73.28
AYEL01085547.1:7823-8032(+,-)	75.63
AYEL01091162.1:9231-9471(+,-)	83.24
AYEL01055540.1:11941-12159(+,-)	66.98
AYEL01089466.1:43072-43309(+,-)	78.21
AYEL01090287.1:25184-25413(+,-)	84.71
AYEL01079790.1:1901-2090(+,-)	75.38
AYEL01080572.1:86697-86924(+,-)	83.80
AYEL01069800.1:2431-2664(+,-)	83.04
AYEL01057694.1:41265-41510(+,-)	73.84
AYEL01069948.1:19024-19264(+,-)	74.25
AYEL01081947.1:121831-122064(+,-)	72.89
AYEL01079617.1:20608-20846(+,-)	77.09
AYEL01090787.1:156295-156535(+,-)	74.25
AYEL01080985.1:18797-19002(+,-)	76.03
AYEL01073822.1:83252-83490(+,-)	70.00
AYEL01070701.1:26312-26538(+)	66.86
AYEL01083170.1:5759-5998(+,-)	83.71
AYEL01089450.1:523-711(+,-)	73.53
AYEL01067995.1:1879-2111(+,-)	69.28
AYEL01056399.1:3603-3802(+,-)	72.19
AYEL01065477.1:3672-3906(+,-)	80.75
AYEL01082534.1:22602-22848(+,-)	79.88
AYEL01091754.1:66764-66958(-)	84.30
AYEL01078432.1:8962-9197(+,-)	75.45
AYEL01087267.1:6497-6713(+,-)	84.76
AYEL01058724.1:28184-28426(+,-)	72.77
AYEL01069820.1:2706-2899(+,-)	68.72
AYEL01088159.1:46023-46253(+,-)	77.38
AYEL01084092.1:41119-41361(+,-)	74.04
AYEL01066870.1:4529-4726(+,-)	83.43
AYEL01085633.1:39823-40063(+,-)	80.45
AYEL01085769.1:11870-12125(+,-)	81.60
AYEL01078135.1:96199-96400(+,-)	87.18
AYEL01070523.1:23992-24231(+,-)	80.90
AYEL01088481.1:14648-14863(+,-)	61.31
AYEL01012477.1:4182-4426(+,-)	66.09
AYEL01010598.1:326-573(-)	64.91
AYEL01079941.1:18464-18702(+,-)	82.58
AYEL01009544.1:11192-11609(+,-)	69.83
AYEL01070149.1:12271-12493(+,-)	76.88
AYEL01080147.1:5723-5917(+,-)	78.65
AYEL01060882.1:6027-6260(+,-)	78.53
AYEL01065987.1:12629-12867(+,-)	61.29
AYEL01067547.1:2427-2660(+,-)	59.39
AYEL01060772.1:1255-1597(+,-)	84.56
AYEL01072850.1:13458-13830(+,-)	78.57
AYEL01089947.1:6942-7352(+,-)	72.37
AYEL01049473.1:26201-26424(+,-)	81.71
AYEL01058856.1:591-893(+,-)	74.45
AYEL01083833.1:40435-40664(+,-)	68.79
AYEL01074813.1:15314-15502(+,-)	65.92
AYEL01089564.1:4215-4452(+,-)	67.83
AYEL01072816.1:1051-1269(+,-)	81.66
AYEL01049855.1:4929-5143(+,-)	66.27
AYEL01071595.1:532-834(+,-)	72.34
AYEL01089912.1:2341-2582(+,-)	83.24
AYEL01071894.1:73957-74164(+,-)	68.52
AYEL01084230.1:27004-27243(+,-)	81.36
AYEL01090950.1:11601-11815(+,-)	65.91
AYEL01073468.1:60019-60236(+,-)	65.61
AYEL01048895.1:400-820(+,-)	82.71
AYEL01082661.1:8125-8355(+,-)	69.44
AYEL01090504.1:52202-52424(+,-)	65.36
AYEL01088813.1:212765-212997(+,-)	74.21
AYEL01080251.1:3832-4043(+,-)	80.34
AYEL01038438.1:21058-21297(+,-)	80.45
AYEL01073931.1:15087-15351(+,-)	72.92
AYEL01058279.1:302-618(+,-)	80.68
AYEL01071753.1:118739-118946(+,-)	66.67
AYEL01040602.1:8576-8815(+,-)	78.74
AYEL01089040.1:35922-36154(+,-)	62.41
AYEL01087567.1:21690-21900(+,-)	69.78
AYEL01085548.1:4239-4467(+,-)	71.02
AYEL01071921.1:7205-7435(+,-)	80.92
AYEL01091446.1:52307-52529(+,-)	84.27
AYEL01034615.1:1510-1741(+,-)	74.46
AYEL01075668.1:57326-57568(+,-)	74.89
AYEL01034012.1:475-715(+,-)	84.36
AYEL01089944.1:2569-2804(+,-)	81.56
AYEL01083112.1:14286-14693(+,-)	80.79
AYEL01055720.1:18817-19012(+,-)	81.66
AYEL01084075.1:5276-5498(+,-)	84.24
AYEL01066696.1:15523-15733(+,-)	70.49
AYEL01048858.1:31289-31523(+,-)	79.33
AYEL01084840.1:1834-2078(+,-)	67.24
AYEL01067091.1:22940-23178(+,-)	60.18
AYEL01091754.1:67017-67231(+,-)	83.65
AYEL01085682.1:7869-8077(+,-)	73.77
AYEL01088739.1:7176-7403(+,-)	79.19
AYEL01082374.1:996-1225(+,-)	71.17
AYEL01066705.1:20134-20343(+,-)	72.73
AYEL01084786.1:16858-17094(+,-)	65.82
AYEL01073127.1:106261-106488(+,-)	84.00
AYEL01087802.1:2202-2420(+,-)	75.47
AYEL01085421.1:24547-24784(+,-)	73.11
AYEL01012479.1:4967-5179(+,-)	68.31
AYEL01087923.1:31242-31465(+,-)	67.23
AYEL01077661.1:527-754(+,-)	72.78
AYEL01072092.1:66952-67184(+,-)	77.42
AYEL01049437.1:1124-1377(+,-)	79.89
AYEL01039381.1:67114-67341(+,-)	81.66
AYEL01090971.1:48913-49194(+,-)	85.44
AYEL01087316.1:18132-18372(+,-)	83.24
AYEL01047506.1:25153-25359(+,-)	71.18
AYEL01067728.1:7645-7882(+,-)	77.27
AYEL01067844.1:19316-19556(+,-)	75.98
AYEL01076451.1:29133-29358(+,-)	78.33
AYEL01077053.1:17134-17379(+,-)	74.47
AYEL01083439.1:93132-93357(+,-)	67.52
AYEL01076966.1:4168-4372(+,-)	80.47
AYEL01076867.1:19028-19227(-)	67.69
AYEL01090186.1:23253-23491(+,-)	80.34
AYEL01049595.1:3652-3883(+,-)	69.32
AYEL01080575.1:49777-50039(+,-)	68.42
AYEL01013087.1:19977-20303(+,-)	76.82
AYEL01082390.1:13429-13666(+,-)	80.59
AYEL01082622.1:39448-39691(+,-)	75.42
AYEL01070700.1:57622-57861(+,-)	75.00
AYEL01084639.1:1360-1595(+,-)	74.07
AYEL01062593.1:1413-1629(+,-)	73.17
AYEL01085562.1:43870-44081(+,-)	71.28
AYEL01065780.1:18959-19193(+,-)	81.82
AYEL01072453.1:27059-27384(+,-)	83.65
AYEL01075005.1:12642-12955(+)	77.86
AYEL01057630.1:39079-39281(+,-)	70.87
AYEL01031809.1:116612-116851(+,-)	83.24
AYEL01090334.1:41268-41515(+,-)	78.49
AYEL01072168.1:36828-37066(+,-)	73.16
AYEL01087218.1:9423-9653(+,-)	66.29
AYEL01072973.1:14972-15185(+,-)	71.36
AYEL01079367.1:37369-37593(+,-)	79.88
AYEL01090750.1:27131-27371(+,-)	81.56
AYEL01082321.1:41953-42193(+,-)	68.86
AYEL01056134.1:883-1120(+,-)	79.78
AYEL01015477.1:28570-28810(+,-)	79.33
AYEL01065554.1:20168-20408(+,-)	72.53
AYEL01076140.1:26250-26477(+,-)	80.43
AYEL01086377.1:20243-20493(+,-)	67.80
AYEL01056319.1:16818-17049(+,-)	81.58
AYEL01079027.1:22497-22710(+,-)	85.92
AYEL01085078.1:4456-4684(+,-)	66.89
AYEL01072510.1:3639-3844(+,-)	64.06
AYEL01078607.1:13153-13393(+,-)	74.25
AYEL01060764.1:22644-22869(+,-)	80.00
AYEL01067108.1:35175-35491(+,-)	84.56
AYEL01087630.1:11075-11309(+,-)	83.33
AYEL01016916.1:16130-16446(+,-)	79.82
AYEL01070390.1:81247-81485(+,-)	75.00
AYEL01072397.1:7565-7768(-)	76.38
AYEL01047824.1:94053-94330(+,-)	73.23
AYEL01071474.1:15226-15419(+)	63.89
AYEL01072294.1:29150-29385(+,-)	80.71
AYEL01068633.1:50298-50733(+,-)	81.14
AYEL01062536.1:13957-14170(+,-)	78.82
AYEL01070677.1:48307-48514(+,-)	71.58
AYEL01053989.1:10599-10837(+,-)	83.24
AYEL01070797.1:4921-5156(+,-)	66.67
AYEL01058616.1:25075-25323(+,-)	72.41
AYEL01040577.1:38738-38952(+,-)	57.01
AYEL01051787.1:4995-5266(+,-)	75.61
AYEL01065854.1:4788-5068(+,-)	75.46
AYEL01090090.1:4296-4500(-)	64.52
AYEL01004095.1:537-769(+,-)	69.14
AYEL01049127.1:12118-12310(+)	86.61
AYEL01070345.1:7227-7467(+,-)	72.53
AYEL01073931.1:3579-3789(+,-)	67.28
AYEL01067658.1:12343-12582(+,-)	69.89
AYEL01063270.1:75-359(+,-)	86.43
AYEL01091281.1:147715-147954(+,-)	83.80
AYEL01076974.1:15356-15589(+,-)	59.55
AYEL01058031.1:43480-43714(+,-)	70.48
AYEL01084572.1:16741-16974(+,-)	84.30
AYEL01079499.1:48356-48596(+,-)	70.87
AYEL01085999.1:9336-9579(+,-)	74.25
AYEL01071764.1:10309-10527(+,-)	77.97
AYEL01085449.1:33910-34100(-)	63.28
AYEL01061602.1:6921-7143(+,-)	66.87
AYEL01085651.1:1966-2189(+,-)	68.83
AYEL01083307.1:7824-8032(+,-)	70.83
AYEL01066103.1:86121-86334(+,-)	68.29
AYEL01032849.1:12487-12717(+,-)	84.15
AYEL01091247.1:1425-1666(+,-)	71.12
AYEL01007559.1:48447-48673(+,-)	75.00
AYEL01066534.1:21650-21849(+,-)	73.42
AYEL01091992.1:4179-4393(+,-)	78.95
AYEL01090507.1:26506-26738(+,-)	81.61
AYEL01072620.1:8744-8935(+,-)	81.61
AYEL01080855.1:31014-31246(+,-)	61.88
AYEL01087591.1:52656-52880(+,-)	77.39
AYEL01085480.1:6276-6505(+,-)	85.44
AYEL01068636.1:75185-75406(+,-)	77.73
AYEL01049770.1:13613-13874(+,-)	74.86
AYEL01040566.1:11313-11572(+,-)	73.76
AYEL01045732.1:47808-48047(+,-)	77.65
AYEL01082081.1:145254-145489(+,-)	80.23
AYEL01075004.1:8669-8906(+,-)	66.52
AYEL01016304.1:1870-2103(+,-)	81.76
AYEL01028130.1:13805-14042(+,-)	77.65
AYEL01071923.1:108443-108662(+,-)	78.75
AYEL01081734.1:35451-35684(+,-)	86.86
AYEL01074887.1:35354-35569(+,-)	79.90
AYEL01001994.1:332-600(+,-)	65.85
AYEL01079987.1:17276-17575(+,-)	81.01
AYEL01079035.1:82556-82796(+,-)	70.69
AYEL01060934.1:182116-182350(+,-)	74.55
AYEL01066490.1:47466-47694(+,-)	77.12
AYEL01056899.1:9435-9689(+,-)	75.78
AYEL01076594.1:44704-44948(+,-)	71.73
AYEL01070486.1:14595-14816(+)	64.84
AYEL01084321.1:6942-7146(+,-)	64.90
AYEL01081134.1:12774-13078(+,-)	73.78
AYEL01085179.1:22006-22244(+,-)	80.45
AYEL01084234.1:382-701(+,-)	83.93
AYEL01084201.1:175011-175250(+,-)	63.24
AYEL01086616.1:4729-5034(+,-)	77.89
AYEL01078201.1:156822-157056(+,-)	84.30
AYEL01086400.1:80012-80246(+,-)	63.23
AYEL01089087.1:4907-5169(+,-)	85.40
AYEL01045727.1:20450-20676(+,-)	71.57
AYEL01068664.1:2344-2579(+,-)	73.25
AYEL01060935.1:86612-86898(+,-)	83.33
AYEL01084163.1:13605-13833(+,-)	74.21
AYEL01088389.1:54977-55436(+,-)	81.68
AYEL01067158.1:1207-1447(+,-)	83.80
AYEL01068792.1:1578-1783(+,-)	75.00
AYEL01072161.1:12958-13495(+,-)	79.29
AYEL01085131.1:64842-65076(+,-)	83.05
AYEL01078772.1:40557-40796(+,-)	85.39
AYEL01038194.1:1039-1264(+,-)	72.09
AYEL01038865.1:3435-3695(+,-)	76.00
AYEL01091638.1:31592-31866(+,-)	81.93
AYEL01086141.1:49832-50094(+,-)	80.34
AYEL01076828.1:3727-3941(+,-)	83.65
AYEL01077588.1:8285-8525(+,-)	75.11
AYEL01081215.1:38233-38465(+,-)	70.35
AYEL01082881.1:6215-6421(+,-)	75.84
AYEL01091096.1:45696-45893(+,-)	68.42
AYEL01070753.1:32112-32321(+)	70.83
AYEL01047930.1:17886-18120(+,-)	79.52
AYEL01089216.1:56463-56731(+,-)	71.74
AYEL01087529.1:31534-31772(+,-)	80.00
AYEL01056264.1:3487-3724(+,-)	78.09
AYEL01090511.1:6523-6841(+,-)	79.82
AYEL01060525.1:229-451(+,-)	72.08
AYEL01079970.1:40578-40808(+,-)	73.42
AYEL01081250.1:55724-55928(+,-)	73.96
AYEL01080916.1:705-943(+,-)	70.48
AYEL01069332.1:30565-30795(+,-)	68.86
AYEL01089789.1:33925-34162(+,-)	65.54
AYEL01042200.1:2660-2901(+,-)	73.50
AYEL01084543.1:12213-12469(+,-)	71.55
AYEL01089008.1:1986-2321(+,-)	66.95
AYEL01065693.1:38768-39033(+,-)	64.89
AYEL01010633.1:120-364(+,-)	83.33
AYEL01015853.1:8339-8528(-)	83.72
AYEL01080741.1:78493-78931(+,-)	83.52
AYEL01030541.1:2469-2666(+,-)	71.75
AYEL01069057.1:58208-58415(+,-)	73.10
AYEL01080853.1:1372-1612(+,-)	74.68
AYEL01086381.1:1447-1692(+,-)	73.84
AYEL01073851.1:59444-59678(+,-)	71.02
AYEL01075081.1:3070-3353(+,-)	82.12
AYEL01086527.1:32608-32811(-)	76.38
AYEL01086600.1:5790-6129(+,-)	84.75
AYEL01087193.1:37779-37980(+,-)	85.22
AYEL01015060.1:113509-113808(+,-)	76.47
AYEL01088853.1:51922-52127(+,-)	83.95
AYEL01009280.1:33-241(+,-)	79.41
AYEL01062154.1:903-1122(+,-)	77.97
AYEL01021396.1:19277-19525(+,-)	67.38
AYEL01052151.1:342-606(+,-)	84.43
AYEL01054822.1:20557-20781(+,-)	65.16
AYEL01067761.1:47109-47348(+,-)	72.84
AYEL01080970.1:86242-86477(+,-)	65.91
AYEL01081521.1:23309-23530(+,-)	63.52
AYEL01089899.1:118848-119095(+,-)	84.96
AYEL01059974.1:30209-30402(+,-)	64.86
AYEL01060613.1:17932-18162(+,-)	73.66
AYEL01091638.1:21532-21766(+,-)	85.47
AYEL01058061.1:3832-4062(+,-)	81.66
AYEL01080235.1:33632-33869(+,-)	81.01
AYEL01062609.1:10543-10772(+,-)	69.06
AYEL01032575.1:6744-7027(+,-)	72.88
AYEL01053885.1:2674-2916(+,-)	71.06
AYEL01084092.1:43244-43482(+,-)	81.82
AYEL01073477.1:18727-18964(+,-)	73.74
AYEL01087339.1:44529-44765(+,-)	76.19
AYEL01092397.1:4405-4630(+,-)	79.33
AYEL01077255.1:38272-38483(+,-)	70.00
AYEL01063730.1:78534-78740(+,-)	83.33
AYEL01080997.1:33660-33900(+,-)	78.77
AYEL01021623.1:7021-7262(+,-)	70.94
AYEL01050762.1:3069-3305(+,-)	69.00
AYEL01064596.1:15174-15398(+,-)	81.07
AYEL01060865.1:4885-5124(+,-)	81.07
AYEL01088412.1:11990-12210(+,-)	70.06
AYEL01087622.1:75693-75927(+,-)	79.19
AYEL01071966.1:7471-7674(+,-)	63.76
AYEL01090442.1:72875-73096(-)	83.24
AYEL01061171.1:4569-4814(+,-)	72.57
AYEL01062804.1:196-402(+)	66.67
AYEL01068026.1:9889-10114(+,-)	60.57
AYEL01052080.1:2133-2377(+,-)	74.58
AYEL01089579.1:70050-70281(+,-)	64.32
AYEL01059044.1:1808-2050(+,-)	67.81
AYEL01049848.1:873-1180(-)	85.71
AYEL01077255.1:987-1194(+,-)	69.66
AYEL01085435.1:12011-12239(+,-)	74.42
AYEL01079071.1:14428-14627(+,-)	72.28
AYEL01092358.1:177-411(+,-)	80.11
AYEL01064705.1:31276-31740(+,-)	73.28
AYEL01029408.1:51387-51626(+,-)	82.68
AYEL01079061.1:632-864(+,-)	68.79
AYEL01048075.1:26176-26413(+,-)	81.56
AYEL01083849.1:3564-3780(+,-)	70.27
AYEL01074956.1:28665-28923(+,-)	70.79
AYEL01091891.1:12300-12540(+,-)	85.88
AYEL01058965.1:134051-134286(+,-)	63.00
AYEL01036909.1:6299-6523(+,-)	65.50
AYEL01054472.1:14061-14253(+,-)	74.19
AYEL01075022.1:11806-12104(+,-)	78.90
AYEL01073193.1:38122-38342(+,-)	79.11
AYEL01073766.1:13682-14058(+,-)	74.74
AYEL01085765.1:122577-122817(+,-)	73.39
AYEL01036365.1:100294-100537(+,-)	79.10
AYEL01012496.1:16682-16924(+,-)	74.04
AYEL01079499.1:50152-50360(+,-)	71.03
AYEL01083245.1:13025-13218(+,-)	81.32
AYEL01072222.1:13551-13795(+,-)	70.89
AYEL01069945.1:24821-25150(+,-)	74.57
AYEL01075986.1:11656-11850(-)	84.30
AYEL01071137.1:14838-15067(+,-)	71.56
AYEL01070374.1:16570-16724(+)	77.70
AYEL01053822.1:7673-7906(+,-)	74.71
AYEL01066316.1:11771-12115(+,-)	80.90
AYEL01088294.1:54695-54895(-)	61.40
AYEL01081044.1:112352-112565(+,-)	69.16
AYEL01060831.1:16479-16784(+,-)	75.26
AYEL01027296.1:53330-53543(+,-)	74.83
AYEL01075540.1:84622-84853(+,-)	61.71
AYEL01075400.1:17852-18055(-)	76.38
AYEL01061351.1:275-555(+,-)	84.48
AYEL01090762.1:106896-107141(+,-)	75.00
AYEL01058576.1:24329-24571(+,-)	67.74
AYEL01084048.1:16728-17260(+,-)	73.18
AYEL01088399.1:1922-2146(+,-)	74.85
AYEL01059274.1:1177-1387(+,-)	71.69
AYEL01070452.1:3744-3981(+,-)	69.23
AYEL01073777.1:3155-3395(+,-)	73.45
AYEL01076616.1:11117-11331(+,-)	80.25
AYEL01084987.1:6197-6548(+,-)	60.47
AYEL01034098.1:18061-18284(+,-)	63.01
AYEL01089249.1:126773-126976(-)	76.38
AYEL01064267.1:12524-12779(+,-)	62.79
AYEL01010281.1:1823-2058(+,-)	72.25
AYEL01069708.1:20670-20906(+,-)	76.00
AYEL01070112.1:66899-67125(+,-)	72.87
AYEL01065587.1:29887-30124(+,-)	71.74
AYEL01043471.1:3073-3315(+,-)	74.36
AYEL01078796.1:50000-50246(+,-)	72.48
AYEL01071363.1:2575-2814(+,-)	68.26
AYEL01070087.1:11261-11491(+,-)	73.91
AYEL01069861.1:19945-20148(-)	76.38
AYEL01086223.1:11843-12312(+,-)	80.45
AYEL01086724.1:12176-12371(+,-)	69.49
AYEL01091245.1:30809-31037(+,-)	82.18
AYEL01070700.1:56782-57196(+,-)	80.85
AYEL01057189.1:2128-2407(+,-)	77.22
AYEL01072092.1:64698-64935(+,-)	70.48
AYEL01066733.1:3949-4182(+,-)	70.83
AYEL01060042.1:36500-36729(+,-)	82.58
AYEL01019940.1:14303-14554(+,-)	75.70
AYEL01090490.1:84260-84458(+,-)	68.67
AYEL01081434.1:12695-12948(+,-)	71.55
AYEL01084092.1:48041-48400(+)	84.67
AYEL01084386.1:77565-77803(+,-)	78.21
AYEL01087225.1:26051-26283(+,-)	71.11
AYEL01068310.1:20435-20654(+,-)	67.20
AYEL01080432.1:24878-25111(+,-)	75.36
AYEL01074104.1:74304-74514(+,-)	70.30
AYEL01054713.1:25335-25532(+,-)	77.60
AYEL01060196.1:5947-6180(+,-)	70.39
AYEL01086107.1:8015-8255(+,-)	69.30
AYEL01058289.1:13323-13536(+,-)	75.25
AYEL01069996.1:21132-21332(+,-)	76.79
AYEL01064247.1:998-1237(+,-)	79.21
AYEL01091675.1:72895-73135(+,-)	74.25
AYEL01068581.1:12665-12972(+,-)	83.80
AYEL01041563.1:2540-2737(+,-)	66.39
AYEL01064094.1:1930-2169(+,-)	82.12
AYEL01080168.1:8206-8443(+,-)	81.61
AYEL01082786.1:45298-45536(+,-)	72.69
AYEL01054684.1:1-219(+,-)	70.29
AYEL01067399.1:633-835(+,-)	83.33
AYEL01089466.1:68336-68626(+,-)	84.09
AYEL01072395.1:16233-16443(+,-)	73.39
AYEL01080331.1:546-740(+,-)	79.23
AYEL01087521.1:29005-29249(+,-)	75.11
AYEL01091367.1:27123-27321(+,-)	69.23
AYEL01076375.1:35826-36085(+,-)	62.07
AYEL01022961.1:8632-8866(+,-)	72.41
AYEL01077988.1:1548-1789(+,-)	71.67
AYEL01072170.1:10342-10582(+,-)	69.96
AYEL01065497.1:36951-37192(+,-)	72.20
AYEL01073130.1:5384-5631(+,-)	82.68
AYEL01086693.1:64324-64661(+,-)	73.75
AYEL01073606.1:89210-89414(+,-)	66.37
AYEL01090764.1:0-224(+,-)	81.98
AYEL01067170.1:7614-7832(+,-)	68.75
AYEL01055948.1:4519-4747(+,-)	67.12
AYEL01060934.1:156107-156350(+,-)	80.46
AYEL01089912.1:1987-2223(+,-)	70.00
AYEL01089158.1:15342-15582(+,-)	72.96
AYEL01086210.1:0-187(-)	83.24
AYEL01074008.1:29121-29705(+,-)	74.12
AYEL01088053.1:8570-8810(+,-)	77.42
AYEL01047093.1:14544-14747(+,-)	72.60
AYEL01060355.1:18-288(+,-)	75.86
AYEL01070686.1:1066-1311(+,-)	74.68
AYEL01052761.1:7862-8144(+,-)	81.25
AYEL01083864.1:4297-4525(+,-)	63.64
AYEL01063187.1:15445-15696(+,-)	68.63
AYEL01067834.1:11543-11804(+,-)	79.78
AYEL01076476.1:21630-21864(+,-)	61.33
AYEL01087650.1:16898-17176(+,-)	72.29
AYEL01069424.1:33194-33430(+,-)	68.51
AYEL01042678.1:417-777(+,-)	79.62
AYEL01074352.1:7081-7278(+,-)	74.07
AYEL01081904.1:19966-20197(+,-)	82.02
AYEL01085181.1:11865-12060(+)	66.67
AYEL01069202.1:30141-30378(+,-)	72.61
AYEL01070567.1:508-743(+,-)	69.54
AYEL01084260.1:3098-3475(+,-)	78.22
AYEL01089996.1:2695-2908(+,-)	79.25
AYEL01062204.1:29556-29789(+,-)	80.46
AYEL01060415.1:23760-23973(+,-)	75.86
AYEL01063214.1:20976-21216(+,-)	67.88
AYEL01051940.1:22116-22356(+,-)	76.62
AYEL01072177.1:33531-33773(+,-)	74.47
AYEL01076974.1:14323-14529(+,-)	70.92
AYEL01070195.1:16130-16514(+,-)	72.77
AYEL01048916.1:30994-31254(+,-)	84.62
AYEL01060342.1:15508-15701(+)	75.00
AYEL01079793.1:5094-5285(+)	66.67
AYEL01063984.1:20207-20444(+,-)	78.88
AYEL01073135.1:63266-63659(+,-)	79.55
AYEL01069777.1:6295-6520(+,-)	73.21
AYEL01073693.1:8194-8418(+,-)	80.91
AYEL01070345.1:6524-6804(+,-)	75.13
AYEL01074353.1:1039-1279(+,-)	74.25
AYEL01084899.1:18721-18960(+,-)	85.39
AYEL01092363.1:1069-1377(+,-)	78.11
AYEL01088667.1:61277-61513(+,-)	81.63
AYEL01078199.1:44798-45034(+,-)	83.52
AYEL01078628.1:27826-28060(+,-)	84.21
AYEL01069821.1:69579-69879(+,-)	74.44
AYEL01086693.1:65331-65572(+,-)	79.31
AYEL01090254.1:32208-32433(+,-)	78.11
AYEL01092140.1:18202-18438(+,-)	74.67
AYEL01066862.1:0-237(+,-)	74.68
AYEL01077661.1:2879-3121(+,-)	81.56
AYEL01077476.1:13881-14119(+,-)	84.83
AYEL01056718.1:7712-7952(+,-)	75.11
AYEL01060099.1:2070-2298(+,-)	78.77
AYEL01074530.1:31063-31423(+,-)	82.72
AYEL01075629.1:20893-21286(+,-)	81.13
AYEL01081951.1:10488-10735(+,-)	78.31
AYEL01086030.1:225951-226163(+,-)	69.32
AYEL01090090.1:3157-3474(+,-)	78.29
AYEL01091347.1:87243-87478(+,-)	84.62
AYEL01084654.1:7020-7222(+)	84.27
AYEL01065412.1:11916-12153(+,-)	70.12
AYEL01087438.1:26454-26688(+,-)	77.34
AYEL01079720.1:28313-28696(+,-)	80.52
AYEL01053707.1:14472-14710(+,-)	71.43
AYEL01070738.1:16422-16687(+,-)	83.83
AYEL01086086.1:7423-7614(+)	78.45
AYEL01059702.1:31530-31724(-)	84.30
AYEL01063530.1:1812-2052(+,-)	82.12
AYEL01047623.1:9090-9534(+,-)	76.82
AYEL01074035.1:49196-49426(+,-)	57.96
AYEL01092033.1:2696-2896(+,-)	79.19
AYEL01084163.1:14303-14504(+,-)	82.02
AYEL01086278.1:11875-12153(+,-)	71.76
AYEL01024617.1:2447-2683(+,-)	74.56
AYEL01086049.1:8727-9171(+,-)	58.45
AYEL01076013.1:23778-24003(+,-)	69.46
AYEL01067836.1:20854-21042(-)	74.40
AYEL01060046.1:1808-2040(+,-)	78.16
AYEL01052319.1:36909-37119(+,-)	69.59
AYEL01078039.1:91075-91363(+,-)	76.26
AYEL01086282.1:1278-1522(+,-)	71.49
AYEL01072103.1:21250-21488(+,-)	67.33
AYEL01090988.1:2595-2874(+,-)	69.38
AYEL01064761.1:3941-4189(+,-)	75.95
AYEL01082341.1:16443-16719(+,-)	81.03
AYEL01068729.1:1618-1820(+,-)	69.23
AYEL01065383.1:3633-3869(+,-)	72.10
AYEL01030503.1:5419-5753(+,-)	71.74
AYEL01089394.1:75477-75713(+,-)	83.15
AYEL01067000.1:11965-12395(+,-)	74.25
AYEL01071587.1:29583-29985(+,-)	74.03
AYEL01040581.1:1651-1888(+,-)	68.00
AYEL01087537.1:76137-76374(+,-)	72.63
AYEL01076256.1:13029-13269(+,-)	75.11
AYEL01088399.1:2742-2981(+,-)	83.24
AYEL01051761.1:2965-3204(+,-)	82.49
AYEL01066574.1:41276-41536(+,-)	84.62
AYEL01030585.1:10751-11061(+,-)	75.93
AYEL01072818.1:21957-22228(+,-)	79.43
AYEL01089753.1:63697-63933(+,-)	76.97
AYEL01031770.1:11290-11503(+,-)	67.44
AYEL01079317.1:19553-19777(+,-)	65.66
AYEL01067529.1:22825-23074(+,-)	76.24
AYEL01090350.1:5043-5269(+,-)	75.86
AYEL01062928.1:18034-18255(+,-)	72.37
AYEL01074570.1:171758-171994(+,-)	81.82
AYEL01081520.1:25911-26151(+,-)	71.67
AYEL01071357.1:50308-50545(+,-)	71.98
AYEL01082950.1:28679-28888(+,-)	86.67
AYEL01062195.1:34582-34790(+,-)	80.00
AYEL01086766.1:88411-88616(+,-)	67.14
AYEL01088941.1:7234-7474(+,-)	84.92
AYEL01084181.1:31240-31469(+,-)	83.80
AYEL01091256.1:26275-26505(+,-)	81.82
AYEL01014267.1:10066-10300(+,-)	67.61
AYEL01027573.1:29633-29865(+,-)	71.17
AYEL01073710.1:9424-9662(+,-)	80.47
AYEL01091630.1:40815-41054(+,-)	73.68
AYEL01044425.1:45368-45571(+)	74.00
AYEL01086926.1:67061-67296(+,-)	84.12
AYEL01024705.1:1129-1358(+,-)	73.68
AYEL01059723.1:25425-25692(+,-)	80.79
AYEL01082218.1:1838-2087(+,-)	82.87
AYEL01047931.1:17226-17464(+,-)	71.00
AYEL01085117.1:10989-11218(+,-)	62.38
AYEL01065182.1:20229-20463(+,-)	67.21
AYEL01076244.1:41731-41971(+,-)	74.68
AYEL01059630.1:2412-2642(+,-)	82.84
AYEL01088039.1:45231-45484(+,-)	72.41
AYEL01088728.1:75552-75794(+,-)	74.04
AYEL01091642.1:1594-1831(+,-)	83.75
AYEL01088098.1:2660-2900(+,-)	74.68
AYEL01056281.1:11821-12056(+,-)	63.19
AYEL01080010.1:5860-6091(+,-)	76.22
AYEL01080027.1:17722-17965(+,-)	87.08
AYEL01074493.1:56581-56765(-)	70.89
AYEL01087897.1:41385-41588(+,-)	73.73
AYEL01058677.1:841-1042(+,-)	75.89
AYEL01057719.1:17899-18137(+,-)	78.89
AYEL01059412.1:11022-11211(+,-)	77.55
AYEL01067750.1:2111-2419(+,-)	81.55
AYEL01077960.1:14456-14679(+,-)	81.21
AYEL01080236.1:47369-47575(-)	71.68
AYEL01072640.1:39215-39440(+,-)	80.72
AYEL01085587.1:59914-60153(+,-)	68.97
AYEL01008148.1:169-400(+,-)	81.07
AYEL01085076.1:4212-4537(+,-)	77.78
AYEL01065044.1:26928-27301(+,-)	74.25
AYEL01066022.1:13707-13947(+,-)	69.60
AYEL01084273.1:90105-90307(+)	59.06
AYEL01059302.1:889-1101(+,-)	84.33
AYEL01062155.1:11382-11697(+,-)	87.79
AYEL01076704.1:18299-18513(+,-)	83.65
AYEL01085306.1:1029-1265(+,-)	82.94
AYEL01071784.1:75834-76063(+,-)	80.90
AYEL01084659.1:30693-30906(+,-)	70.59
AYEL01091887.1:17706-17982(+,-)	81.71
AYEL01087736.1:46567-46798(+,-)	71.18
AYEL01068652.1:11778-12016(+,-)	81.82
AYEL01081377.1:15201-15439(+,-)	75.71
AYEL01068657.1:10254-10477(+,-)	84.11
AYEL01065441.1:11106-11331(+,-)	59.46
AYEL01006436.1:1230-1451(+,-)	75.98
AYEL01081904.1:3849-4088(+,-)	81.01
AYEL01084797.1:23822-24058(+,-)	78.70
AYEL01080924.1:5446-5693(+,-)	69.51
AYEL01078452.1:2128-2361(+,-)	77.02
AYEL01077400.1:85382-85621(+,-)	82.12
AYEL01080257.1:33737-33930(+,-)	83.80
AYEL01086031.1:17376-17585(+,-)	66.67
AYEL01064408.1:70562-70774(+,-)	65.50
AYEL01076569.1:18549-18749(+,-)	66.86
AYEL01081830.1:17087-17321(+,-)	70.29
AYEL01059304.1:3626-3863(+,-)	85.39
AYEL01013779.1:10663-10883(+,-)	66.38
AYEL01060935.1:85857-86131(+,-)	73.21
AYEL01072161.1:47039-47239(+,-)	65.68
AYEL01084048.1:3141-3326(+)	83.82
AYEL01064282.1:15455-15670(+,-)	84.09
AYEL01082096.1:63730-63962(+,-)	66.43
AYEL01087036.1:40024-40256(+,-)	69.43
AYEL01086781.1:11091-11323(+,-)	73.64
AYEL01054419.1:66591-66852(+,-)	77.22
AYEL01082909.1:35073-35285(+,-)	69.44
AYEL01080260.1:1268-1506(+,-)	82.68
AYEL01071575.1:6956-7198(+,-)	74.04
AYEL01079460.1:24963-25203(+,-)	75.69
AYEL01075304.1:11123-11347(+,-)	72.15
AYEL01086391.1:2181-2412(+,-)	70.41
AYEL01051481.1:12545-12739(-)	74.70
AYEL01090665.1:15171-15388(+,-)	59.52
AYEL01088448.1:27667-27874(+,-)	81.56
AYEL01073632.1:25539-25745(+)	73.38
AYEL01088448.1:25844-26070(+,-)	73.99
AYEL01060450.1:47433-47642(+,-)	83.97
AYEL01080500.1:205752-205969(+,-)	73.44
AYEL01091905.1:20633-20868(+,-)	60.62
AYEL01054494.1:122222-122489(+,-)	78.21
AYEL01047916.1:9539-9753(+,-)	64.67
AYEL01066366.1:17751-18058(+,-)	86.51
AYEL01088352.1:67748-67988(+,-)	73.82
AYEL01083287.1:9518-9739(+,-)	84.92
AYEL01025968.1:65708-65951(+,-)	63.00
AYEL01063830.1:8712-8933(+,-)	83.75
AYEL01084695.1:10356-10562(+,-)	66.45
AYEL01051195.1:36266-36454(+,-)	74.58
AYEL01072997.1:5907-6146(+,-)	58.30
AYEL01085876.1:88794-89034(+,-)	75.11
AYEL01061576.1:47278-47516(+,-)	76.19
AYEL01084634.1:26090-26392(+,-)	83.65
AYEL01074204.1:6955-7161(+,-)	72.00
AYEL01020082.1:47477-47714(+,-)	79.66
AYEL01088270.1:29866-30106(+,-)	74.25
AYEL01045335.1:5973-6201(+,-)	66.67
AYEL01068655.1:23945-24189(+,-)	74.68
AYEL01081353.1:5336-5575(+,-)	71.12
AYEL01076410.1:65322-65571(+,-)	83.44
AYEL01078252.1:12519-12753(+,-)	79.43
AYEL01090156.1:11472-11676(+,-)	69.57
AYEL01044746.1:17243-17478(+,-)	65.20
AYEL01072297.1:30124-30424(+,-)	83.11
AYEL01077391.1:26405-26619(+,-)	83.65
AYEL01091628.1:27984-28212(+,-)	72.63
AYEL01012098.1:3970-4206(+,-)	80.34
AYEL01071179.1:129623-129845(+,-)	80.86
AYEL01051380.1:45489-45727(+,-)	77.51
AYEL01074788.1:3163-3393(+,-)	69.12
AYEL01069436.1:17686-17919(+,-)	70.18
AYEL01087014.1:410-636(+,-)	80.12
AYEL01058470.1:14824-15355(+,-)	69.65
AYEL01083873.1:1176-1405(+,-)	67.61
AYEL01032277.1:180-419(+,-)	69.40
AYEL01059140.1:66738-66970(+,-)	66.82
AYEL01084422.1:110533-110828(+,-)	77.52
AYEL01077088.1:18027-18240(+,-)	74.29
AYEL01062095.1:27553-27758(+,-)	79.46
AYEL01070629.1:8385-8596(+,-)	73.45
AYEL01076741.1:443-675(+,-)	81.18
AYEL01081767.1:7284-7496(+,-)	64.60
AYEL01090648.1:35554-35788(+,-)	75.63
AYEL01027573.1:23886-24120(+,-)	85.22
AYEL01050349.1:29100-29332(+,-)	83.24
AYEL01066809.1:5937-6164(+,-)	79.76
AYEL01084287.1:29155-29393(+,-)	82.58
AYEL01084110.1:6864-7105(+,-)	71.04
AYEL01089169.1:68048-68298(+,-)	84.27
AYEL01055926.1:21172-21404(+,-)	81.50
AYEL01086117.1:16323-16652(+,-)	77.78
AYEL01080735.1:27853-28154(+,-)	63.68
AYEL01049071.1:3763-4003(+,-)	76.28
AYEL01087043.1:15688-15892(+,-)	77.53
AYEL01068785.1:11629-11826(+,-)	80.00
AYEL01091107.1:51787-52004(+,-)	74.19
AYEL01079170.1:22983-23302(+,-)	82.58
AYEL01071310.1:24208-24447(+,-)	75.00
AYEL01070533.1:4583-4885(+,-)	82.02
AYEL01089600.1:8102-8323(+,-)	74.38
AYEL01027072.1:6980-7225(+,-)	70.78
AYEL01059672.1:8030-8258(+,-)	82.08
AYEL01055579.1:8516-8742(+,-)	81.43
AYEL01080405.1:12937-13251(+,-)	80.23
AYEL01074851.1:17916-18153(+,-)	77.65
AYEL01044146.1:857-1097(+,-)	68.82
AYEL01064531.1:80352-80586(+,-)	80.34
AYEL01079722.1:7157-7516(+,-)	72.47
AYEL01067101.1:1196-1436(+,-)	73.82
AYEL01085748.1:2758-3001(+,-)	65.95
AYEL01046933.1:132-362(+,-)	79.64
AYEL01053245.1:5862-6075(+,-)	69.41
AYEL01058674.1:7165-7409(+,-)	69.49
AYEL01063835.1:16926-17148(+,-)	61.93
AYEL01042633.1:162-356(+,-)	67.96
AYEL01064388.1:22196-22440(+,-)	73.42
AYEL01084636.1:3015-3236(+,-)	71.54
AYEL01092382.1:15347-15614(+,-)	76.14
AYEL01090696.1:65456-65771(+,-)	79.10
AYEL01057167.1:39254-39488(+,-)	82.95
AYEL01070425.1:7140-7345(-)	67.19
AYEL01086032.1:50838-51085(+,-)	72.41
AYEL01077612.1:77068-77349(+,-)	74.03
AYEL01042426.1:7209-7419(+,-)	82.49
AYEL01056473.1:14961-15201(+,-)	74.68
AYEL01045386.1:9040-9276(+,-)	78.98
AYEL01065407.1:28356-28601(+,-)	73.83
AYEL01084868.1:92718-92991(+,-)	70.71
AYEL01054472.1:24155-24395(+,-)	83.15
AYEL01073907.1:7511-7714(+,-)	81.55
AYEL01072165.1:37283-37494(+,-)	66.18
AYEL01081020.1:82859-83079(+,-)	69.64
AYEL01073792.1:102201-102582(+,-)	88.64
AYEL01076333.1:28819-29041(+,-)	71.20
AYEL01068733.1:28431-28728(+,-)	69.11
AYEL01070255.1:22872-23093(+,-)	80.98
AYEL01069155.1:25536-25775(+,-)	75.00
AYEL01082586.1:28188-28464(+,-)	79.80
AYEL01061670.1:46765-46987(+,-)	74.74
AYEL01076288.1:53706-53895(+,-)	72.31
AYEL01082194.1:283473-283681(+,-)	71.82
AYEL01046659.1:2992-3225(+,-)	74.78
AYEL01039067.1:440-661(+,-)	60.83
AYEL01075159.1:6732-6950(+,-)	79.27
AYEL01090513.1:33257-33482(+,-)	81.01
AYEL01032196.1:71916-72125(+,-)	81.29
AYEL01054149.1:2762-2971(+,-)	75.12
AYEL01081649.1:9614-9849(+,-)	67.58
AYEL01085620.1:7942-8174(+,-)	76.69
AYEL01052762.1:57350-57591(+,-)	72.10
AYEL01083096.1:54280-54507(+,-)	83.24
AYEL01067027.1:13794-14039(+,-)	72.96
AYEL01090143.1:1598-1839(+,-)	73.50
AYEL01072964.1:33354-33606(+,-)	70.39
AYEL01072158.1:2914-3167(+,-)	72.56
AYEL01074506.1:22172-22403(+,-)	81.40
AYEL01069319.1:12280-12495(+,-)	75.60
AYEL01085181.1:43668-44070(+,-)	81.10
AYEL01057324.1:48286-48534(+,-)	82.12
AYEL01082601.1:6220-6451(+,-)	71.30
AYEL01076708.1:47189-47411(+,-)	68.13
AYEL01058808.1:19505-19715(+,-)	81.01
AYEL01052061.1:20061-20254(+,-)	70.99
AYEL01063598.1:219-528(+,-)	80.66
AYEL01082081.1:114961-115246(+,-)	80.49
AYEL01092379.1:15784-16020(+,-)	80.00
AYEL01061402.1:50385-50640(-)	68.10
AYEL01076704.1:20107-20302(+,-)	84.42
AYEL01076918.1:25618-25852(+,-)	75.14
AYEL01059064.1:10323-10534(+,-)	85.29
AYEL01058777.1:32523-32797(+,-)	74.07
AYEL01072590.1:43585-43821(+,-)	80.45
AYEL01055926.1:26963-27166(+,-)	82.49
AYEL01078372.1:29650-30053(+,-)	72.07
AYEL01037777.1:46939-47145(+,-)	67.88
AYEL01084409.1:104571-104813(+,-)	74.79
AYEL01088831.1:5223-5416(+,-)	69.57
AYEL01075816.1:40980-41165(-)	84.00
AYEL01054419.1:67353-67593(+,-)	79.10
AYEL01091508.1:14816-15057(+,-)	78.65
AYEL01090137.1:1975-2214(+,-)	84.27
AYEL01069310.1:16027-16231(+,-)	63.64
AYEL01080357.1:30077-30345(+,-)	66.83
AYEL01062732.1:36528-36723(+,-)	82.82
AYEL01056898.1:21244-21482(+,-)	78.21
AYEL01064345.1:3449-3784(+,-)	78.23
AYEL01076784.1:14686-14904(+,-)	71.09
AYEL01091732.1:10577-10908(+,-)	78.77
AYEL01073438.1:14893-15124(+,-)	78.49
AYEL01068214.1:2297-2526(+,-)	82.74
AYEL01075448.1:50189-50409(+,-)	68.79
AYEL01061194.1:15745-16089(+,-)	73.60
AYEL01074352.1:10464-10873(+,-)	81.25
AYEL01055504.1:3781-4052(+,-)	68.75
AYEL01075477.1:3890-4125(+,-)	76.57
AYEL01088993.1:19271-19509(+,-)	85.39
AYEL01065652.1:27730-27990(+,-)	70.19
AYEL01053797.1:4227-4473(+,-)	72.53
AYEL01080236.1:17168-17406(+,-)	71.00
AYEL01045732.1:67037-67275(+,-)	83.24
AYEL01087428.1:9228-9423(+,-)	66.35
AYEL01083922.1:9402-9642(+,-)	72.84
AYEL01034531.1:21898-22137(+,-)	74.14
AYEL01091382.1:8551-8915(+,-)	71.82
AYEL01052992.1:1337-1577(+,-)	74.68
AYEL01088041.1:4748-4984(+,-)	66.85
AYEL01061981.1:17636-17864(+,-)	82.27
AYEL01072161.1:14558-14750(+,-)	68.93
AYEL01060046.1:5017-5479(+,-)	74.03
AYEL01057711.1:2547-2740(+)	66.86
AYEL01063705.1:28759-29093(+,-)	66.49
AYEL01065677.1:34482-34681(+,-)	71.79
AYEL01048787.1:3178-3467(+,-)	85.71
AYEL01086278.1:83831-84037(+,-)	68.75
AYEL01088963.1:2680-2875(+,-)	64.62
AYEL01077404.1:85438-85678(+,-)	59.74
AYEL01089875.1:48471-48687(+,-)	72.50
AYEL01044266.1:1002-1224(+,-)	67.68
AYEL01012531.1:14777-15005(+,-)	65.07
AYEL01061249.1:4306-4539(+,-)	74.42
AYEL01057716.1:54928-55349(+,-)	85.60
AYEL01073140.1:47352-47580(+,-)	70.59
AYEL01071753.1:104341-104702(+,-)	79.41
AYEL01084142.1:8623-8838(+,-)	71.82
AYEL01083482.1:2455-2750(+,-)	77.22
AYEL01063763.1:459-701(+,-)	77.65
AYEL01061691.1:39676-39921(+,-)	75.32
AYEL01084973.1:202631-202849(+,-)	74.21
AYEL01013742.1:18506-18728(+,-)	75.58
AYEL01062592.1:17237-17463(+,-)	66.67
AYEL01074967.1:2726-2946(+,-)	82.74
AYEL01089195.1:49344-49578(+,-)	74.42
AYEL01086051.1:13611-13843(+,-)	84.12
AYEL01067499.1:77175-77402(+,-)	64.20
AYEL01073625.1:4669-4954(+,-)	84.14
AYEL01068447.1:78592-78864(+,-)	76.97
AYEL01077920.1:3151-3351(+,-)	57.65
AYEL01088285.1:27172-27405(+,-)	74.71
AYEL01081040.1:4199-4439(+,-)	63.53
AYEL01087036.1:36018-36263(+,-)	63.58
AYEL01021621.1:25057-25268(+,-)	71.56
AYEL01075514.1:20606-20807(+,-)	74.66
AYEL01084179.1:48373-48606(+,-)	78.57
AYEL01046377.1:24773-25014(+,-)	82.12
AYEL01090511.1:7282-7502(+,-)	80.12
AYEL01073766.1:10061-10358(+,-)	77.38
AYEL01065182.1:30964-31224(+,-)	71.28
AYEL01062677.1:29397-29618(+,-)	77.39
AYEL01074731.1:1025-1264(+,-)	82.68
AYEL01065838.1:10466-10670(+,-)	76.11
AYEL01053845.1:28269-28509(+,-)	73.82
AYEL01087733.1:27218-27455(+,-)	63.64
AYEL01052757.1:19697-19927(+,-)	62.82
AYEL01075114.1:12296-12535(+,-)	82.58
AYEL01076012.1:1166-1411(+,-)	66.48
AYEL01080220.1:36280-36506(+,-)	79.89
AYEL01082891.1:1258-1485(+,-)	71.26
AYEL01061043.1:17762-18060(+,-)	78.49
AYEL01053704.1:21237-21720(+,-)	84.27
AYEL01065212.1:76271-76510(+,-)	65.52
AYEL01084167.1:101382-101695(+,-)	84.83
AYEL01076346.1:712-1173(+,-)	73.31
AYEL01070603.1:19314-19555(+,-)	84.92
AYEL01086704.1:75055-75295(+,-)	84.27
AYEL01058647.1:18228-18470(+,-)	74.47
AYEL01089777.1:14730-14952(+,-)	74.58
AYEL01084510.1:57994-58227(+,-)	65.69
AYEL01084275.1:25110-25325(+,-)	66.67
AYEL01068920.1:135936-136129(+,-)	82.32
AYEL01080405.1:13481-13720(+,-)	74.71
AYEL01040567.1:44552-44781(+,-)	76.51
AYEL01072876.1:36758-36948(+,-)	77.71
AYEL01069375.1:18870-19120(+,-)	81.60
AYEL01072092.1:64058-64407(+,-)	75.80
AYEL01076611.1:10896-11138(+,-)	72.96
AYEL01087206.1:4529-4740(+)	63.83
AYEL01069785.1:55711-55981(+,-)	84.47
AYEL01084002.1:24688-24917(+,-)	74.66
AYEL01088328.1:47518-47756(+,-)	73.37
AYEL01090972.1:23988-24223(+,-)	69.49
AYEL01076806.1:126883-127122(+,-)	82.39
AYEL01047775.1:1939-2385(+,-)	89.47
AYEL01042388.1:248-485(+,-)	68.70
AYEL01065230.1:7751-8220(+,-)	80.70
AYEL01054544.1:10998-11197(+,-)	71.35
AYEL01060934.1:154665-155081(+,-)	78.67
AYEL01040566.1:33105-33342(+,-)	72.41
AYEL01090288.1:120-309(-)	88.73
AYEL01088678.1:42667-42903(+,-)	82.12
AYEL01076316.1:653-844(+)	80.17
AYEL01087751.1:17411-17648(+,-)	74.16
AYEL01070553.1:11783-11978(+,-)	80.30
AYEL01065368.1:4639-4860(+,-)	82.42
AYEL01077311.1:177375-177614(+,-)	76.67
AYEL01086927.1:12915-13155(+,-)	79.89
AYEL01034344.1:1531-1760(+,-)	67.03
AYEL01089170.1:8768-8964(+,-)	78.46
AYEL01063888.1:1482-1723(+,-)	70.93
AYEL01088079.1:16502-16725(+,-)	77.94
AYEL01075558.1:21575-21788(+,-)	70.49
AYEL01055855.1:6688-6903(+,-)	62.29
AYEL01059444.1:72845-73055(+,-)	74.12
AYEL01078965.1:17362-17725(+,-)	70.06
AYEL01085622.1:12919-13164(+,-)	71.24
AYEL01065170.1:2720-2959(+,-)	74.57
AYEL01072555.1:29136-29383(+,-)	59.56
AYEL01091570.1:1425-1667(+,-)	74.89
AYEL01078039.1:6251-6610(+,-)	70.61
AYEL01016002.1:11616-11856(+,-)	74.68
AYEL01047989.1:37320-37542(+,-)	72.45
AYEL01072789.1:29348-29747(+,-)	76.96
AYEL01065925.1:12346-12559(+,-)	73.05
AYEL01087122.1:29365-29574(+,-)	77.71
AYEL01073787.1:25330-25577(+,-)	68.48
AYEL01076496.1:5593-5809(+,-)	81.01
AYEL01069224.1:57801-58042(+,-)	71.35
AYEL01083480.1:80497-80782(+,-)	74.07
AYEL01078916.1:152107-152333(+,-)	72.89
AYEL01060484.1:11137-11371(+,-)	84.00
AYEL01041940.1:55437-55656(+,-)	72.11
AYEL01073138.1:700-940(+,-)	71.24
AYEL01084910.1:14982-15210(+,-)	78.41
AYEL01089158.1:10175-10413(+,-)	79.78
AYEL01072789.1:32573-32776(+,-)	70.70
AYEL01076079.1:15117-15352(+,-)	61.01
AYEL01010132.1:1205-1514(+,-)	77.17
AYEL01060784.1:11683-11890(+,-)	75.00
AYEL01072068.1:5861-6166(+,-)	65.88
AYEL01045777.1:8335-8531(+,-)	77.09
AYEL01067653.1:15534-15773(+,-)	82.22
AYEL01059175.1:1778-1972(+,-)	86.86
AYEL01085447.1:11404-11614(+,-)	58.72
AYEL01066094.1:12821-13062(+,-)	81.46
AYEL01074951.1:40449-40693(+,-)	73.84
AYEL01080658.1:10604-10810(+,-)	70.73
AYEL01087307.1:2073-2297(+,-)	71.88
AYEL01088448.1:25304-25545(+,-)	67.52
AYEL01079912.1:13227-13431(-)	70.87
AYEL01062146.1:10490-10724(+,-)	74.71
AYEL01086357.1:35382-35594(+,-)	58.43
AYEL01091482.1:9270-9502(+,-)	80.92
AYEL01072497.1:44726-45122(+,-)	76.00
AYEL01069861.1:1880-2082(+,-)	79.89
AYEL01090509.1:11647-12054(+,-)	64.44
AYEL01058289.1:15854-16059(+,-)	86.14
AYEL01073549.1:8958-9191(+,-)	68.97
AYEL01075993.1:25370-25869(+,-)	86.44
AYEL01079345.1:2492-2732(+,-)	65.66
AYEL01056526.1:4030-4255(+,-)	74.80
AYEL01067811.1:18361-18600(+,-)	79.78
AYEL01074782.1:74718-74941(+,-)	75.33
AYEL01084673.1:14676-14904(+,-)	67.87
AYEL01065228.1:7298-7601(+,-)	73.82
AYEL01025828.1:1035-1277(+,-)	73.62
AYEL01019789.1:15513-15955(+,-)	73.56
AYEL01062678.1:46707-47084(+,-)	76.78
AYEL01071685.1:34918-35112(+,-)	68.14
AYEL01081540.1:25553-25824(+,-)	75.68
AYEL01089155.1:2313-2528(+,-)	82.35
AYEL01067499.1:57762-57983(+,-)	65.91
AYEL01032673.1:309-517(+,-)	83.24
AYEL01090737.1:4994-5184(+,-)	66.10
AYEL01023912.1:858-1088(+,-)	61.14
AYEL01077893.1:7319-7578(+,-)	78.77
AYEL01072402.1:34817-35062(+,-)	74.68
AYEL01090763.1:14807-15036(+,-)	74.85
AYEL01055122.1:1223-1460(+,-)	66.67
AYEL01091421.1:36204-36443(+,-)	86.03
AYEL01015685.1:102466-102814(+,-)	80.00
AYEL01076577.1:435-651(+,-)	70.19
AYEL01091062.1:121592-121809(+,-)	74.25
AYEL01084178.1:10138-10489(+,-)	73.06
AYEL01091828.1:27489-27689(+,-)	67.86
AYEL01030017.1:131-456(+,-)	81.66
AYEL01044798.1:13654-13883(+,-)	66.01
AYEL01053085.1:11814-12049(+,-)	71.10
AYEL01088053.1:10906-11133(+,-)	81.76
AYEL01008051.1:28263-28503(+,-)	83.80
AYEL01084107.1:42280-42497(+,-)	66.49
AYEL01091815.1:710-949(+,-)	79.56
AYEL01073762.1:8483-8722(+,-)	75.69
AYEL01057946.1:37899-38141(+,-)	74.89
AYEL01069457.1:4658-4906(+,-)	74.89
AYEL01082305.1:18511-18813(+,-)	78.33
AYEL01048205.1:917-1176(+,-)	65.52
AYEL01085059.1:4377-4573(+,-)	64.33
AYEL01087122.1:21188-21392(+,-)	62.33
AYEL01080005.1:5509-5710(+,-)	62.70
AYEL01091624.1:5909-6254(+,-)	73.95
AYEL01025074.1:999-1223(+,-)	77.44
AYEL01066696.1:16450-16677(+,-)	71.19
AYEL01018551.1:12003-12237(+,-)	65.84
AYEL01066294.1:38845-39059(+,-)	83.65
AYEL01090475.1:58570-58767(+,-)	76.47
AYEL01070800.1:43487-43778(+,-)	82.44
AYEL01060325.1:8861-9162(+,-)	83.33
AYEL01038773.1:12243-12473(+,-)	78.53
AYEL01088079.1:17024-17247(+,-)	83.80
AYEL01088620.1:38446-38679(+,-)	73.01
AYEL01072081.1:593-837(+,-)	69.66
AYEL01053288.1:20279-20517(+,-)	70.13
AYEL01072850.1:33726-33951(+,-)	68.47
AYEL01082995.1:12019-12271(+,-)	77.78
AYEL01035585.1:19711-19929(+,-)	65.35
AYEL01080468.1:29527-29874(+,-)	74.70
AYEL01078552.1:16426-16709(+,-)	80.54
AYEL01085769.1:10254-10573(+,-)	76.17
AYEL01084663.1:46477-46747(+,-)	82.32
AYEL01073643.1:1073-1283(+,-)	68.47
AYEL01076881.1:18802-19030(+,-)	70.00
AYEL01087733.1:25856-26084(+,-)	72.51
AYEL01082079.1:8521-8761(+,-)	74.25
AYEL01065464.1:275-509(+,-)	72.96
AYEL01042453.1:23937-24176(+,-)	71.55
AYEL01048161.1:1659-1875(+,-)	79.52
AYEL01068659.1:59389-59623(+,-)	70.80
AYEL01052757.1:20768-20995(+,-)	67.68
AYEL01091673.1:63291-63566(+,-)	80.19
AYEL01032159.1:1335-1557(+,-)	81.82
AYEL01029288.1:58725-58949(+,-)	72.34
AYEL01058662.1:2294-2556(+,-)	75.56
AYEL01072453.1:16729-17117(+,-)	77.97
AYEL01085448.1:5461-5697(+,-)	80.90
AYEL01065412.1:10853-11119(+,-)	70.44
AYEL01086473.1:41555-41792(+,-)	81.46
AYEL01084379.1:6538-6735(-)	66.20
AYEL01034098.1:24101-24344(+,-)	69.79
AYEL01043478.1:51142-51355(+,-)	70.56
AYEL01062769.1:5451-5689(+,-)	77.09
AYEL01067000.1:12429-12683(+,-)	59.82
AYEL01050882.1:3493-3733(+,-)	70.69
AYEL01063403.1:66630-67035(+,-)	78.85
AYEL01087218.1:1289-1582(+,-)	76.71
AYEL01073360.1:58836-59038(+,-)	83.10
AYEL01062223.1:16244-16536(+,-)	74.74
AYEL01059952.1:8301-8612(+,-)	73.28
AYEL01087186.1:1751-1968(+)	61.38
AYEL01073477.1:17312-17539(+,-)	76.61
AYEL01076767.1:24787-25007(+,-)	68.27
AYEL01058949.1:120-341(+,-)	89.47
AYEL01080045.1:15135-15341(+,-)	87.30
AYEL01087126.1:7674-7890(+,-)	73.03
AYEL01072280.1:3150-3374(+,-)	82.76
AYEL01065708.1:35128-35359(+,-)	80.23
AYEL01040566.1:100835-101053(+,-)	69.52
AYEL01049337.1:21539-21775(+,-)	71.18
AYEL01075040.1:5581-5776(+,-)	73.11
AYEL01070576.1:75266-75488(+,-)	69.19
AYEL01080739.1:68037-68285(+,-)	75.74
AYEL01068095.1:12502-12717(+,-)	86.45
AYEL01089249.1:109132-109372(+,-)	73.73
AYEL01081813.1:53860-54165(+,-)	81.56
AYEL01082889.1:2452-2703(+,-)	66.05
AYEL01067827.1:82821-83015(-)	59.03
AYEL01080612.1:30110-30343(+,-)	69.75
AYEL01069159.1:36242-36446(+,-)	70.39
AYEL01073710.1:6969-7207(+,-)	77.40
AYEL01076557.1:62084-62326(+,-)	74.57
AYEL01049780.1:665-905(+,-)	83.43
AYEL01049931.1:43113-43337(+,-)	78.57
AYEL01085934.1:30449-30671(+,-)	75.47
AYEL01081080.1:52747-52971(+,-)	72.35
AYEL01072329.1:40962-41198(+,-)	63.58
AYEL01089793.1:2111-2351(+,-)	73.39
AYEL01081762.1:8542-8781(+,-)	84.83
AYEL01075387.1:19616-19808(+,-)	67.23
AYEL01068544.1:4145-4393(+,-)	75.74
AYEL01078021.1:62718-62934(+,-)	77.00
AYEL01066072.1:8148-8292(+)	72.32
AYEL01081046.1:70279-70516(+,-)	83.15
AYEL01064055.1:133737-133971(+,-)	74.89
AYEL01089095.1:7230-7459(+,-)	74.53
AYEL01028697.1:23587-23840(+,-)	71.20
AYEL01076934.1:46756-46997(+,-)	70.95
AYEL01082537.1:29-251(+,-)	83.72
AYEL01064856.1:893-1110(+,-)	68.10
AYEL01075657.1:15116-15338(+,-)	84.36
AYEL01085935.1:11872-12094(+,-)	72.07
AYEL01082747.1:75589-75803(+,-)	58.49
AYEL01081937.1:4853-5091(+,-)	64.47
AYEL01067135.1:40198-40407(+,-)	68.18
AYEL01070485.1:7183-7427(+,-)	71.35
AYEL01074558.1:27563-27781(+,-)	82.94
AYEL01082295.1:32272-32542(+,-)	77.33
AYEL01064816.1:29268-29503(+,-)	79.43
AYEL01078397.1:47083-47327(+,-)	73.84
AYEL01080971.1:5377-5607(+,-)	74.44
AYEL01083522.1:6982-7219(+,-)	82.56
AYEL01087175.1:1542-1777(+,-)	73.33
AYEL01027573.1:26828-27070(+,-)	82.68
AYEL01062557.1:2751-3124(+,-)	66.14
AYEL01090709.1:16234-16467(+,-)	71.68
AYEL01070810.1:1815-2048(+,-)	65.20
AYEL01051980.1:11203-11434(+,-)	68.86
AYEL01081177.1:33991-34229(+,-)	70.69
AYEL01074572.1:47774-48006(+,-)	69.78
AYEL01074943.1:7010-7255(+,-)	74.68
AYEL01054696.1:6452-6717(+,-)	71.91
AYEL01081532.1:59537-59777(+,-)	72.96
AYEL01071505.1:12630-12843(-)	72.85
AYEL01090168.1:118031-118265(+,-)	77.01
AYEL01087094.1:29927-30123(+,-)	74.49
AYEL01077642.1:7800-7997(+,-)	62.11
AYEL01087879.1:3280-3494(+,-)	82.02
AYEL01063827.1:20908-21148(+,-)	73.39
AYEL01091836.1:62027-62265(+,-)	72.81
AYEL01071829.1:1851-2068(+,-)	65.78
AYEL01077699.1:6754-6955(+,-)	84.97
AYEL01078916.1:117433-117648(+,-)	70.83
AYEL01059864.1:1368-1603(+,-)	69.49
AYEL01052376.1:52283-52515(+,-)	73.78
AYEL01071033.1:13392-13605(+,-)	79.49
AYEL01064003.1:97955-98190(+,-)	72.17
AYEL01079414.1:10654-10879(+,-)	65.00
AYEL01035585.1:18963-19150(-)	79.66
AYEL01058617.1:587-833(+,-)	74.68
AYEL01072066.1:1013-1283(+,-)	82.44
AYEL01075039.1:173930-174202(+,-)	69.61
AYEL01058213.1:19616-19842(+,-)	78.40
AYEL01076252.1:60650-60888(+,-)	79.21
AYEL01086284.1:15016-15257(+,-)	74.03
AYEL01084275.1:50407-50650(+,-)	84.44
AYEL01076042.1:2360-2600(+,-)	86.03
AYEL01039911.1:25287-25529(+,-)	74.68
AYEL01083806.1:16874-17209(+,-)	75.62
AYEL01088966.1:35837-36027(+,-)	84.02
AYEL01087245.1:149823-150068(+,-)	73.84
AYEL01079575.1:34641-34881(+,-)	83.72
AYEL01058427.1:173-407(+,-)	83.04
AYEL01066971.1:6057-6355(+,-)	77.56
AYEL01071345.1:27830-28063(+,-)	79.31
AYEL01080477.1:36508-36710(+,-)	82.12
AYEL01085016.1:72653-72883(+,-)	69.07
AYEL01081721.1:13453-13693(+,-)	73.68
AYEL01065003.1:28496-28732(+,-)	80.34
AYEL01087137.1:88-325(+)	76.00
AYEL01085562.1:42776-43016(+,-)	72.10
AYEL01079172.1:15675-15869(+,-)	64.62
AYEL01078484.1:50010-50268(+,-)	64.43
AYEL01078360.1:7045-7268(+,-)	72.68
AYEL01084209.1:12724-12955(+,-)	71.69
AYEL01055640.1:35635-35858(+,-)	72.68
AYEL01075416.1:81848-82056(+,-)	64.71
AYEL01073488.1:24694-24923(+,-)	75.00
AYEL01092171.1:47306-47510(+,-)	80.45
AYEL01081445.1:29623-29827(+,-)	73.33
AYEL01075159.1:104997-105284(+,-)	73.66
AYEL01089998.1:15557-15794(+,-)	69.74
AYEL01060195.1:22392-22628(+,-)	81.46
AYEL01076003.1:96273-96514(+,-)	82.68
AYEL01074361.1:20970-21220(+,-)	80.34
AYEL01081762.1:11941-12143(+,-)	68.42
AYEL01083093.1:29412-29645(+,-)	60.35
AYEL01067490.1:356-578(+,-)	81.67
AYEL01051850.1:13799-14042(+,-)	66.38
AYEL01066491.1:6320-6550(+,-)	75.29
AYEL01053638.1:3085-3275(+,-)	80.92
AYEL01070023.1:137020-137265(+,-)	69.83
AYEL01066293.1:750-1036(+,-)	78.47
AYEL01080911.1:8129-8363(+,-)	74.23
AYEL01057828.1:1120-1371(+,-)	75.29
AYEL01083480.1:78088-78331(+,-)	67.11
AYEL01089571.1:2791-3020(+,-)	60.00
AYEL01076638.1:41339-41561(+,-)	73.71
AYEL01071365.1:73882-74113(+,-)	81.60
AYEL01083851.1:38433-38671(+,-)	76.47
AYEL01062076.1:9340-9610(+,-)	85.83
AYEL01085826.1:87977-88174(+,-)	68.09
AYEL01073598.1:41811-42022(+,-)	67.00
AYEL01030541.1:16088-16288(+,-)	58.29
AYEL01047977.1:61067-61272(+,-)	69.89
AYEL01088014.1:8094-8359(+,-)	82.86
AYEL01067135.1:39537-40024(+,-)	73.28
AYEL01088293.1:10067-10310(+,-)	71.19
AYEL01072789.1:28926-29167(+,-)	74.68
AYEL01089856.1:88068-88305(+,-)	62.67
AYEL01065197.1:8645-8833(+,-)	76.34
AYEL01022259.1:6778-7013(+,-)	69.60
AYEL01076710.1:8698-9130(+,-)	86.67
AYEL01067791.1:13008-13240(+,-)	74.03
AYEL01079457.1:6409-6647(+,-)	72.73
AYEL01044840.1:22977-23195(+,-)	69.15
AYEL01073594.1:55212-55453(+,-)	67.38
AYEL01058963.1:2568-3031(+,-)	79.66
AYEL01090334.1:17935-18173(+,-)	79.33
AYEL01062174.1:20458-20656(+,-)	78.77
AYEL01085883.1:3088-3283(+,-)	61.22
AYEL01049209.1:51027-51236(+,-)	69.54
AYEL01086317.1:62586-62831(+,-)	69.46
AYEL01060486.1:6074-6313(+,-)	80.84
AYEL01088928.1:56985-57266(+,-)	81.40
AYEL01088946.1:30438-30622(+,-)	66.96
AYEL01040328.1:615-807(+)	70.07
AYEL01070016.1:7151-7388(+,-)	70.61
AYEL01070255.1:4843-5042(+,-)	64.16
AYEL01092177.1:18085-18284(+,-)	67.78
AYEL01053288.1:17914-18146(+,-)	80.00
AYEL01067511.1:2865-3102(+,-)	73.82
AYEL01071179.1:129914-130152(+,-)	66.81
AYEL01084573.1:87233-87451(+,-)	64.29
AYEL01091310.1:37102-37391(+,-)	75.34
AYEL01058078.1:405-644(+,-)	84.36
AYEL01058619.1:2795-3040(+,-)	75.11
AYEL01061249.1:3572-3805(+,-)	73.84
AYEL01060196.1:5744-5946(+,-)	72.61
AYEL01074292.1:18535-18771(+,-)	78.77
AYEL01070149.1:14884-15126(+,-)	83.24
AYEL01078252.1:4554-4792(+,-)	81.22
AYEL01075512.1:17133-17374(+,-)	75.29
AYEL01071214.1:40025-40248(+,-)	74.32
AYEL01035344.1:0-227(+,-)	74.18
AYEL01013777.1:58193-58401(+,-)	73.68
AYEL01091426.1:13058-13354(+,-)	73.33
AYEL01074493.1:86885-87112(+,-)	84.71
AYEL01048856.1:446-663(+,-)	64.67
AYEL01056592.1:603-842(+,-)	84.83
AYEL01091533.1:7438-7672(+,-)	82.49
AYEL01049445.1:25164-25438(+,-)	89.29
AYEL01052592.1:92270-92511(+,-)	82.68
AYEL01089363.1:48906-49132(+,-)	69.66
AYEL01052979.1:136943-137167(+,-)	65.28
AYEL01019276.1:207-444(+,-)	69.91
AYEL01092279.1:41020-41258(+,-)	78.86
AYEL01065373.1:32919-33181(+,-)	73.37
AYEL01084099.1:542-778(+,-)	58.15
AYEL01052366.1:38517-38933(+,-)	64.17
AYEL01089343.1:34047-34516(+,-)	80.70
AYEL01078010.1:20341-20549(+,-)	86.05
AYEL01087559.1:2541-2806(+,-)	66.45
AYEL01014199.1:163479-163719(+,-)	75.11
AYEL01080895.1:24162-24413(+,-)	83.54
AYEL01080695.1:9940-10169(+,-)	68.79
AYEL01062531.1:17870-18135(+,-)	72.04
AYEL01089066.1:8929-9137(+,-)	80.71
AYEL01060584.1:55154-55374(+,-)	73.99
AYEL01053313.1:4954-5192(+,-)	73.59
AYEL01090162.1:6797-7032(+,-)	73.19
AYEL01064121.1:6984-7179(+)	80.59
AYEL01071085.1:36941-37173(+,-)	72.57
AYEL01076565.1:2385-2678(+,-)	83.80
AYEL01070138.1:33388-33618(+,-)	82.78
AYEL01054695.1:40432-40627(+,-)	79.89
AYEL01088728.1:22568-22799(+,-)	71.51
AYEL01068986.1:35807-36055(+,-)	68.44
AYEL01022127.1:8934-9143(+,-)	67.09
AYEL01077862.1:4761-5032(-)	81.07
AYEL01069781.1:14588-14804(+,-)	72.88
AYEL01078206.1:56619-56886(+,-)	87.50
AYEL01092236.1:57752-57970(+,-)	65.49
AYEL01025603.1:7156-7360(+,-)	67.97
AYEL01063067.1:6585-6825(+,-)	77.91
AYEL01028964.1:35627-35925(+,-)	74.73
AYEL01086852.1:38100-38361(+,-)	78.67
AYEL01032196.1:72294-72511(+,-)	77.49
AYEL01029899.1:920-1199(+,-)	81.65
AYEL01076077.1:58489-58855(+,-)	72.94
AYEL01082944.1:10907-11130(+,-)	75.76
AYEL01070762.1:72699-72939(+,-)	72.53
AYEL01087687.1:1352-1583(+,-)	76.27
AYEL01082193.1:26822-27062(+,-)	73.82
AYEL01071006.1:138429-138855(+,-)	78.77
AYEL01086434.1:43890-44179(+,-)	81.01
AYEL01056932.1:962-1201(+,-)	72.78
AYEL01065404.1:2852-3064(+,-)	75.98
AYEL01072357.1:32304-32503(+,-)	80.00
AYEL01038801.1:41939-42173(+,-)	66.67
AYEL01061965.1:71734-71973(+,-)	77.53
AYEL01053781.1:28856-29067(+,-)	80.79
AYEL01058483.1:413-700(+,-)	77.49
AYEL01041785.1:7887-8101(+)	70.41
AYEL01016310.1:17193-17437(+,-)	68.83
AYEL01091871.1:30457-30694(+,-)	76.32
AYEL01091738.1:11268-11508(+,-)	83.24
AYEL01066265.1:58082-58396(+,-)	81.82
AYEL01056067.1:6304-6548(+,-)	72.34
AYEL01077150.1:13219-13441(+,-)	77.05
AYEL01088459.1:25440-25663(+,-)	79.50
AYEL01082118.1:23954-24185(+,-)	67.10
AYEL01022533.1:34097-34336(+,-)	75.88
AYEL01032840.1:75182-75413(+,-)	69.18
AYEL01083301.1:5342-5558(+,-)	68.35
AYEL01068871.1:76769-76997(+,-)	68.67
AYEL01085888.1:19592-19815(+,-)	65.28
AYEL01060615.1:26688-26905(+,-)	62.50
AYEL01080503.1:28738-28983(+,-)	69.36
AYEL01089684.1:7942-8135(+,-)	74.16
AYEL01091095.1:1857-2195(+,-)	78.77
AYEL01065286.1:2721-2967(+,-)	80.79
AYEL01082529.1:1064-1301(+,-)	78.40
AYEL01021107.1:12276-12517(+,-)	74.25
AYEL01087785.1:19331-19558(+,-)	68.39
AYEL01066144.1:6773-7096(+,-)	74.14
AYEL01088474.1:18366-18588(+,-)	78.71
AYEL01049934.1:670-911(+,-)	82.68
AYEL01070023.1:22260-22500(+,-)	79.77
AYEL01076743.1:8249-8541(+,-)	76.71
AYEL01069454.1:56695-56937(+,-)	73.62
AYEL01081979.1:2998-3299(+,-)	72.17
AYEL01079448.1:11983-12274(+,-)	78.97
AYEL01060336.1:12711-12945(+,-)	80.45
AYEL01079140.1:16415-16671(+,-)	63.44
AYEL01060147.1:6609-6842(+,-)	65.90
AYEL01058683.1:36894-37191(+,-)	82.86
AYEL01060615.1:12916-13149(+,-)	70.22
AYEL01067905.1:36087-36325(+,-)	65.22
AYEL01076189.1:67061-67395(+,-)	83.84
AYEL01081563.1:46920-47131(+,-)	75.40
AYEL01085501.1:11957-12201(+,-)	73.00
AYEL01078975.1:11773-11975(+)	62.03
AYEL01074887.1:24759-24981(+,-)	70.29
AYEL01091558.1:4539-4766(+,-)	79.80
AYEL01073787.1:27009-27250(+,-)	82.39
AYEL01053642.1:29215-29455(+,-)	74.68
AYEL01088047.1:26860-27114(+,-)	70.24
AYEL01087924.1:13733-13952(+,-)	76.97
AYEL01079160.1:30542-30782(+,-)	71.98
AYEL01067638.1:8858-9084(+,-)	73.39
AYEL01077071.1:1778-1996(+,-)	70.00
AYEL01068407.1:395-627(+,-)	77.38
AYEL01079144.1:1504-1742(+,-)	80.79
AYEL01070836.1:34332-34592(+,-)	83.93
AYEL01053258.1:3611-3813(+,-)	84.36
AYEL01087899.1:10152-10370(+,-)	78.89
AYEL01089246.1:16467-16682(+,-)	75.63
AYEL01089592.1:3200-3428(+,-)	66.23
AYEL01051114.1:9182-9418(+,-)	76.97
AYEL01047927.1:4633-4870(+,-)	70.00
AYEL01060195.1:15570-15815(+,-)	73.00
AYEL01013048.1:902-1181(+,-)	80.39
AYEL01068363.1:8646-9034(+,-)	75.11
AYEL01062561.1:3044-3273(+,-)	80.84
AYEL01052480.1:8394-8844(+,-)	74.09
AYEL01069785.1:40611-40851(+,-)	83.71
AYEL01080739.1:12120-12365(+,-)	75.32
AYEL01068628.1:6263-6505(+,-)	74.04
AYEL01085876.1:32937-33169(+,-)	79.89
AYEL01074991.1:5342-5582(+,-)	73.39
AYEL01090070.1:43431-43632(+,-)	74.25
AYEL01072085.1:5970-6202(+,-)	80.17
AYEL01029913.1:6683-6925(+,-)	74.47
AYEL01078275.1:7947-8219(+,-)	75.39
AYEL01075537.1:3680-3896(+,-)	65.79
AYEL01090908.1:5930-6184(+,-)	77.46
AYEL01051557.1:32819-33024(+,-)	68.49
AYEL01075809.1:3701-3920(+,-)	71.76
AYEL01012532.1:29401-29813(+,-)	74.84
AYEL01091535.1:19010-19243(+,-)	73.84
AYEL01074926.1:9569-9852(+,-)	79.44
AYEL01076495.1:16844-17071(+,-)	57.50
AYEL01068702.1:3722-3941(+,-)	65.43
AYEL01084201.1:13262-13490(+,-)	75.00
AYEL01075562.1:3654-3885(+,-)	67.29
AYEL01077982.1:9951-10170(+,-)	69.83
AYEL01036146.1:22006-22220(+,-)	83.65
AYEL01027979.1:20000-20281(-)	90.77
AYEL01051231.1:33440-33826(+,-)	73.23
AYEL01064055.1:132569-132795(+,-)	75.58
AYEL01084665.1:38052-38293(+,-)	72.65
AYEL01052561.1:2052-2408(+,-)	73.53
AYEL01070902.1:41856-42095(+,-)	71.55
AYEL01086141.1:50926-51156(+,-)	78.48
AYEL01083458.1:390-630(+,-)	73.82
AYEL01046575.1:14066-14306(+,-)	82.12
AYEL01071056.1:2680-2918(+,-)	82.12
AYEL01040275.1:12570-12802(+,-)	81.56
AYEL01072739.1:13148-13350(+,-)	80.90
AYEL01059421.1:15190-15429(+,-)	74.57
AYEL01080850.1:59747-59978(+,-)	70.00
AYEL01064602.1:9347-9565(+,-)	73.39
AYEL01091875.1:76074-76269(+,-)	67.28
AYEL01066550.1:59674-59954(+,-)	80.66
AYEL01084721.1:123649-123887(+,-)	67.09
AYEL01082938.1:53265-53506(+,-)	72.77
AYEL01078729.1:79576-79816(+,-)	86.03
AYEL01025955.1:40193-40406(+,-)	67.12
AYEL01089047.1:35907-36133(+,-)	73.17
AYEL01068180.1:33813-34001(-)	82.20
AYEL01087644.1:16650-16848(+,-)	76.06
AYEL01087622.1:88781-89017(+,-)	80.81
AYEL01086174.1:27427-27689(+,-)	70.43
AYEL01060816.1:9736-9974(+,-)	71.00
AYEL01083375.1:10251-10495(+,-)	72.10
AYEL01053720.1:24508-24753(+,-)	74.68
AYEL01018510.1:83-308(+,-)	67.43
AYEL01090290.1:33181-33387(+,-)	75.29
AYEL01071753.1:103893-104325(+,-)	72.53
AYEL01076954.1:68815-69034(+,-)	74.85
AYEL01064856.1:2656-2900(+,-)	74.44
AYEL01047840.1:2828-3069(+,-)	77.53
AYEL01072770.1:19728-19967(+,-)	83.24
AYEL01067847.1:10118-10376(+,-)	77.60
AYEL01085769.1:12385-12692(+,-)	76.88
AYEL01074833.1:20958-21199(+,-)	72.65
AYEL01081830.1:16656-16870(+,-)	80.36
AYEL01073012.1:1312-1550(+,-)	82.42
AYEL01067290.1:33765-33971(+,-)	85.93
AYEL01086564.1:30109-30299(+)	57.14
AYEL01087793.1:23418-23613(+,-)	71.43
AYEL01031809.1:121025-121301(+,-)	71.53
AYEL01058746.1:7551-7791(+,-)	65.95
AYEL01044805.1:2960-3194(+,-)	69.60
AYEL01088792.1:3279-3515(+,-)	81.56
AYEL01069849.1:8546-8735(+,-)	75.93
AYEL01043833.1:14322-14562(+,-)	75.11
AYEL01088889.1:163486-163727(+,-)	67.14
AYEL01072482.1:57781-58020(+,-)	72.41
AYEL01060097.1:0-237(+,-)	71.19
AYEL01036790.1:48375-48603(+,-)	77.84
AYEL01084275.1:34851-35138(+,-)	75.26
AYEL01069464.1:10339-10576(+,-)	72.46
AYEL01068659.1:7996-8230(+,-)	73.91
AYEL01079333.1:64950-65291(+,-)	80.23
AYEL01077038.1:977-1217(+,-)	73.82
AYEL01052476.1:0-284(+,-)	76.19
AYEL01067905.1:46298-46536(+,-)	79.33
AYEL01066910.1:2736-3040(+,-)	80.98
AYEL01066386.1:36039-36273(+,-)	77.40
AYEL01083494.1:55970-56197(+,-)	86.57
AYEL01057234.1:16241-16461(+,-)	77.48
AYEL01075029.1:43618-43849(+,-)	80.90
AYEL01045629.1:4523-4719(+)	67.11
AYEL01080504.1:99372-99591(+,-)	67.22
AYEL01059702.1:32005-32200(+)	88.24
AYEL01047411.1:14368-14596(+,-)	80.81
AYEL01032674.1:2646-2883(+,-)	85.31
AYEL01083119.1:4738-5043(+,-)	70.69
AYEL01069658.1:6662-6898(+,-)	83.24
AYEL01070368.1:43760-44028(+,-)	69.47
AYEL01040417.1:1102-1337(+,-)	63.35
AYEL01065031.1:5060-5296(+,-)	73.71
AYEL01090971.1:47971-48189(+,-)	79.89
AYEL01092407.1:26010-26242(+,-)	79.49
AYEL01082975.1:18187-18504(+,-)	86.29
AYEL01011114.1:26300-26539(+,-)	72.84
AYEL01030852.1:17649-17864(+,-)	74.40
AYEL01091347.1:67447-67687(+,-)	72.78
AYEL01085612.1:143780-144010(+,-)	77.83
AYEL01062773.1:9306-9495(+)	67.63
AYEL01062769.1:26701-26938(+,-)	74.86
AYEL01066724.1:44086-44305(+,-)	72.11
AYEL01039265.1:9491-9732(+,-)	79.01
AYEL01078443.1:68070-68289(+,-)	80.34
AYEL01089419.1:5211-5438(+,-)	61.97
AYEL01078069.1:8251-8438(+)	56.20
AYEL01049229.1:2045-2282(+,-)	75.28
AYEL01080065.1:13643-13885(+,-)	75.74
AYEL01088089.1:32580-32820(+,-)	73.39
AYEL01075384.1:4677-4952(+,-)	80.90
AYEL01071469.1:6513-6730(-)	84.46
AYEL01032570.1:7383-7828(+,-)	79.78
AYEL01075680.1:12790-13028(+,-)	76.40
AYEL01069062.1:113256-113477(+,-)	84.71
AYEL01057715.1:6091-6347(+,-)	62.28
AYEL01061259.1:1310-1555(+,-)	71.94
AYEL01037246.1:8377-8592(+,-)	82.20
AYEL01090468.1:12509-12744(+,-)	81.29
AYEL01082444.1:1339-1639(+,-)	75.23
AYEL01067718.1:337-655(+,-)	85.93
AYEL01084177.1:8073-8283(+,-)	71.28
AYEL01078638.1:1499-1739(+,-)	73.39
AYEL01085421.1:25691-25933(+,-)	80.66
AYEL01038417.1:25518-25753(+,-)	73.23
AYEL01088166.1:19596-19818(+,-)	66.67
AYEL01048781.1:5834-6057(+,-)	76.82
AYEL01088813.1:13947-14186(+,-)	69.83
AYEL01084570.1:33413-33610(+)	76.72
AYEL01013777.1:2691-2924(+,-)	79.55
AYEL01044725.1:422-865(+,-)	75.46
AYEL01081043.1:14492-14730(+,-)	71.43
AYEL01078594.1:30035-30255(+,-)	72.66
AYEL01060340.1:121083-121375(+,-)	77.09
AYEL01087516.1:41055-41293(+,-)	67.10
AYEL01029919.1:4628-4842(+,-)	83.65
AYEL01051563.1:4987-5269(+,-)	81.82
AYEL01047486.1:1155-1444(+,-)	82.21
AYEL01072503.1:31349-31577(+,-)	65.32
AYEL01057911.1:1276-1494(+,-)	74.85
AYEL01076911.1:26198-26420(+,-)	76.07
AYEL01078443.1:84390-84630(+,-)	72.96
AYEL01022535.1:1475-1714(+,-)	75.86
AYEL01090696.1:44990-45227(+,-)	74.86
AYEL01075159.1:21628-21858(+,-)	66.82
AYEL01085197.1:85293-85496(+,-)	71.86
AYEL01059397.1:39658-39854(+,-)	59.12
AYEL01075388.1:33578-33814(+,-)	72.96
AYEL01063499.1:8901-9155(+,-)	73.02
AYEL01015642.1:37458-37694(+,-)	71.81
AYEL01080573.1:32042-32265(+,-)	62.04
AYEL01039380.1:23873-24112(+,-)	82.02
AYEL01090490.1:85852-86050(+,-)	68.24
AYEL01086538.1:56394-56657(+,-)	85.05
AYEL01075540.1:83167-83401(+,-)	82.66
AYEL01091887.1:74568-74814(+,-)	74.26
AYEL01080820.1:17446-17682(+,-)	82.49
AYEL01079624.1:3254-3560(+,-)	71.59
AYEL01070576.1:79032-79272(+,-)	77.97
AYEL01089394.1:79286-79531(+,-)	74.65
AYEL01066179.1:2788-3022(+,-)	75.29
AYEL01078885.1:5770-6007(+,-)	83.15
AYEL01071416.1:2296-2727(+,-)	84.52
AYEL01061359.1:7002-7220(+,-)	59.82
AYEL01040527.1:330-532(+,-)	82.32
AYEL01072736.1:4791-4981(+,-)	72.53
AYEL01081372.1:32041-32298(+,-)	72.25
AYEL01088344.1:44025-44253(+,-)	76.36
AYEL01057102.1:3963-4202(+,-)	79.78
AYEL01085077.1:646-928(+,-)	78.26
AYEL01067491.1:86039-86273(+,-)	60.99
AYEL01075533.1:19081-19322(+,-)	73.91
AYEL01079624.1:3807-4033(+,-)	68.75
AYEL01072483.1:46625-46821(+)	75.86
AYEL01071329.1:34601-34841(+,-)	70.82
AYEL01084661.1:1062-1276(+,-)	83.65
AYEL01070788.1:2260-2498(+,-)	82.12
AYEL01085047.1:76310-76549(+,-)	72.41
AYEL01052710.1:9319-9559(+,-)	74.68
AYEL01064256.1:2966-3174(+,-)	72.33
AYEL01090047.1:4379-4619(+,-)	73.82
AYEL01088579.1:16703-16890(-)	58.56
AYEL01070511.1:966-1327(+,-)	75.13
AYEL01079846.1:3078-3293(+,-)	66.01
AYEL01075269.1:34527-34760(+,-)	67.24
AYEL01068849.1:14957-15197(+,-)	79.10
AYEL01089592.1:6071-6280(+,-)	60.73
AYEL01083841.1:5952-6204(+,-)	74.68
AYEL01060324.1:4495-4826(+,-)	69.72
AYEL01084260.1:2569-3024(+,-)	65.00
AYEL01091252.1:21600-21836(+,-)	84.09
AYEL01066855.1:26065-26377(+,-)	72.12
AYEL01053102.1:4267-4510(+,-)	73.82
AYEL01081740.1:10059-10290(+,-)	66.67
AYEL01034348.1:17387-17588(+,-)	88.33
AYEL01087035.1:116-354(+,-)	72.84
AYEL01076488.1:56843-57151(+,-)	82.64
AYEL01084673.1:1439-1649(+,-)	85.51
AYEL01049927.1:23674-23898(+,-)	69.75
AYEL01055670.1:10892-11124(+,-)	67.86
AYEL01066864.1:135531-135766(+,-)	75.66
AYEL01084092.1:46205-46438(+,-)	70.80
AYEL01083513.1:12500-12735(+,-)	71.01
AYEL01049575.1:10645-10865(+,-)	67.09
AYEL01037970.1:3649-4000(+,-)	84.29
AYEL01069733.1:26208-26445(+,-)	83.14
AYEL01083875.1:11891-12130(+,-)	72.41
AYEL01069917.1:52827-53061(+,-)	70.95
AYEL01076196.1:19204-19442(+,-)	72.73
AYEL01089853.1:10878-11128(+,-)	67.82
AYEL01087244.1:23587-23812(+,-)	72.63
AYEL01089840.1:8212-8454(+,-)	65.71
AYEL01062949.1:26604-26842(+,-)	83.53
AYEL01070253.1:57572-57779(+)	79.70
AYEL01053781.1:9299-9512(+,-)	82.12
AYEL01085620.1:8752-8984(+,-)	74.52
AYEL01074466.1:24203-24426(+,-)	81.03
AYEL01060631.1:15423-15662(+,-)	80.45
AYEL01084672.1:85864-86078(+,-)	83.02
AYEL01038416.1:19488-19716(+,-)	68.92
AYEL01076930.1:10658-10868(-)	74.22
AYEL01085906.1:8421-8658(+,-)	75.84
AYEL01091638.1:5814-6037(+,-)	80.90
AYEL01091477.1:59721-59950(+,-)	76.10
AYEL01090739.1:9915-10150(+,-)	82.68
AYEL01059301.1:9572-9811(+,-)	82.12
AYEL01091095.1:12464-12697(+,-)	81.56
AYEL01091815.1:1340-1627(-)	80.36
AYEL01090954.1:28284-28615(+,-)	80.00
AYEL01064451.1:5869-6108(+,-)	74.14
AYEL01087639.1:60085-60299(+,-)	69.62
AYEL01051280.1:1135-1363(+,-)	79.64
AYEL01070687.1:20013-20245(+,-)	69.03
AYEL01055793.1:13300-13533(+,-)	57.00
AYEL01082203.1:47540-47881(+,-)	81.82
AYEL01075923.1:13809-14063(+,-)	77.18
AYEL01063403.1:74128-74368(+,-)	73.39
AYEL01086473.1:40732-40977(+,-)	75.11
AYEL01085421.1:98745-98934(+)	83.14
AYEL01082303.1:23758-24241(+,-)	74.16
AYEL01013742.1:23731-23965(+,-)	73.74
AYEL01023136.1:15479-15721(+,-)	73.19
AYEL01066512.1:4012-4252(+,-)	71.24
AYEL01061360.1:37667-37909(+,-)	73.19
AYEL01084444.1:52376-52591(+,-)	84.09
AYEL01073582.1:134483-134722(+,-)	72.84
AYEL01087537.1:166497-166717(+,-)	70.49
AYEL01078055.1:44958-45156(+,-)	74.39
AYEL01072007.1:5316-5548(+,-)	70.99
AYEL01085889.1:34341-34540(+,-)	65.19
AYEL01082848.1:14648-14841(+)	66.28
AYEL01061641.1:2475-2738(+,-)	73.12
AYEL01088216.1:37256-37503(+,-)	67.39
AYEL01065779.1:12183-12487(+,-)	83.54
AYEL01077002.1:9498-9739(+,-)	70.18
AYEL01050973.1:85-279(-)	83.11
AYEL01082285.1:52416-52653(+,-)	74.50
AYEL01036788.1:0-237(+,-)	75.11
AYEL01076705.1:15687-15919(+,-)	71.97
AYEL01069128.1:6386-6601(+,-)	64.42
AYEL01049998.1:30073-30302(+,-)	68.98
AYEL01071764.1:82732-82944(+,-)	82.58
AYEL01077175.1:16975-17208(+,-)	79.53
AYEL01076244.1:5617-5857(+,-)	72.96
AYEL01064053.1:23019-23204(+)	69.57
AYEL01027296.1:109805-110040(+,-)	70.31
AYEL01069801.1:78058-78286(+,-)	82.58
AYEL01064480.1:19537-19728(-)	63.33
AYEL01079558.1:8256-8450(+,-)	77.64
AYEL01069758.1:4539-4821(+,-)	72.93
AYEL01051075.1:1158-1359(+,-)	66.04
AYEL01079393.1:5013-5238(+,-)	72.73
AYEL01080012.1:39598-39831(+,-)	76.16
AYEL01084280.1:2089-2284(+,-)	73.96
AYEL01017063.1:152-362(+,-)	83.43
AYEL01081904.1:20829-21064(+,-)	80.99
AYEL01091277.1:139878-140164(+,-)	86.43
AYEL01061602.1:3522-3747(+,-)	82.66
AYEL01067658.1:12021-12259(+,-)	77.06
AYEL01053367.1:23289-23502(+,-)	80.14
AYEL01066366.1:19585-19822(+,-)	79.21
AYEL01066504.1:8509-8814(+,-)	71.82
AYEL01089078.1:47770-48057(+,-)	80.45
AYEL01083355.1:23894-24136(+,-)	83.72
AYEL01014267.1:11746-11985(+,-)	83.80
AYEL01072178.1:47059-47317(+,-)	82.21
AYEL01090639.1:9805-10086(+,-)	84.09
AYEL01084388.1:55081-55406(+,-)	78.44
AYEL01068669.1:23263-23482(+,-)	78.09
AYEL01090594.1:18936-19141(+,-)	69.59
AYEL01019188.1:4252-4564(+,-)	73.82
AYEL01084197.1:172077-172317(+,-)	80.34
AYEL01086527.1:35048-35245(+,-)	84.80
AYEL01034570.1:13905-14143(+,-)	71.86
AYEL01078101.1:22716-23005(+,-)	75.31
AYEL01090557.1:6965-7305(+,-)	81.56
AYEL01084704.1:44744-44980(+,-)	72.81
AYEL01072682.1:575-838(+,-)	77.95
AYEL01092379.1:24976-25212(+,-)	73.45
AYEL01070635.1:3102-3326(+,-)	66.67
AYEL01083069.1:74159-74370(+,-)	69.38
AYEL01049828.1:11674-11972(+,-)	78.49
AYEL01090971.1:54956-55196(+,-)	86.03
AYEL01080529.1:21222-21482(+,-)	70.27
AYEL01052762.1:69132-69453(+,-)	80.12
AYEL01072515.1:20579-20813(+,-)	59.05
AYEL01065640.1:56554-56792(+,-)	73.16
AYEL01089399.1:53283-53516(+,-)	81.46
AYEL01065051.1:33748-34044(+,-)	77.52
AYEL01069708.1:34213-34412(+,-)	65.88
AYEL01057694.1:40325-40555(+,-)	59.79
AYEL01068198.1:1679-2111(+,-)	78.79
AYEL01074335.1:4727-4956(+,-)	72.60
AYEL01088640.1:40110-40411(+,-)	85.89
AYEL01091364.1:7175-7402(+,-)	82.95
AYEL01083887.1:18044-18279(+,-)	68.57
AYEL01053643.1:6913-7113(+,-)	78.92
AYEL01084814.1:51997-52236(+,-)	66.38
AYEL01086000.1:30719-30916(-)	65.91
AYEL01072103.1:25271-25690(+,-)	76.00
AYEL01091423.1:16200-16440(+,-)	74.25
AYEL01079802.1:19570-19777(+,-)	61.22
AYEL01091170.1:16080-16314(+,-)	70.86
AYEL01089460.1:14722-15002(+,-)	80.68
AYEL01076979.1:127335-127557(+,-)	67.63
AYEL01024307.1:8549-8752(-)	76.38
AYEL01013742.1:6479-6734(+,-)	77.06
AYEL01059864.1:3250-3477(+,-)	76.83
AYEL01020856.1:30428-30671(+,-)	84.83
AYEL01077533.1:11844-12083(+,-)	71.30
AYEL01073994.1:8651-8890(+,-)	72.41
AYEL01073598.1:17935-18172(+,-)	67.98
AYEL01049867.1:16042-16268(+,-)	71.68
AYEL01066440.1:45243-45483(+,-)	67.69
AYEL01088153.1:3796-4075(+,-)	84.36
AYEL01086365.1:1613-1946(+,-)	77.78
AYEL01083371.1:43812-44036(+,-)	77.51
AYEL01067047.1:27312-27550(+,-)	81.01
AYEL01087366.1:4704-4943(+,-)	67.86
AYEL01085820.1:33550-33801(+,-)	86.36
AYEL01085765.1:115106-115342(+,-)	63.72
AYEL01078665.1:10357-10597(+,-)	67.98
AYEL01061082.1:18365-18573(+,-)	72.78
AYEL01070971.1:157-498(+,-)	77.71
AYEL01044484.1:8723-8955(+,-)	80.92
AYEL01078250.1:14376-14616(+,-)	73.82
AYEL01057796.1:12735-13245(+,-)	82.12
AYEL01061853.1:6568-6802(+,-)	81.61
AYEL01066756.1:2350-2559(+)	63.10
AYEL01074280.1:3899-4585(+,-)	72.34
AYEL01053352.1:2368-2905(+,-)	72.65
AYEL01078552.1:47917-48156(+,-)	80.90
AYEL01081501.1:25164-25432(+,-)	72.73
AYEL01083204.1:12012-12254(+,-)	70.82
AYEL01087806.1:19807-20043(+,-)	81.46
AYEL01082445.1:32437-32686(+,-)	78.32
AYEL01091092.1:14086-14287(+,-)	66.49
AYEL01059268.1:32753-32968(+,-)	66.83
AYEL01052762.1:51510-51812(+,-)	77.06
AYEL01021441.1:4998-5262(+,-)	78.45
AYEL01087771.1:54124-54358(+,-)	73.86
AYEL01091849.1:11925-12284(+,-)	74.03
AYEL01068920.1:39929-40144(+,-)	68.83
AYEL01069772.1:17776-18060(+,-)	84.09
AYEL01037210.1:12792-13032(+,-)	73.39
AYEL01039388.1:6529-6745(+,-)	81.56
AYEL01067102.1:25636-25835(+,-)	76.53
AYEL01071361.1:37554-37790(+,-)	73.99
AYEL01074431.1:2314-2520(+,-)	59.80
AYEL01088233.1:68023-68253(+,-)	64.63
AYEL01058254.1:4049-4278(+,-)	82.58
AYEL01047977.1:29494-29726(+,-)	71.75
AYEL01073492.1:50931-51169(+,-)	73.59
AYEL01081250.1:55455-55680(+,-)	81.40
AYEL01078098.1:22701-22977(+,-)	75.86
AYEL01084310.1:1306-1543(+,-)	72.93
AYEL01068181.1:3590-3830(+,-)	66.10
AYEL01059838.1:12214-12450(+,-)	81.25
AYEL01010411.1:1703-1929(+,-)	82.29
AYEL01084868.1:67627-67910(+,-)	78.34
AYEL01074801.1:21778-22015(+,-)	69.36
AYEL01051690.1:2882-3098(+,-)	74.74
AYEL01081201.1:28180-28439(+,-)	65.69
AYEL01062921.1:13502-13741(+,-)	83.53
AYEL01048567.1:4717-5010(+,-)	76.50
AYEL01083204.1:12787-13031(+,-)	73.84
AYEL01087835.1:64152-64379(+,-)	83.24
AYEL01027367.1:81720-81949(+,-)	82.84
AYEL01088608.1:20973-21213(+,-)	78.45
AYEL01069639.1:7823-8032(+,-)	84.66
AYEL01080393.1:72051-72338(+,-)	74.88
AYEL01069766.1:1109-1299(-)	84.00
AYEL01087972.1:7871-8105(+,-)	72.78
AYEL01059778.1:20061-20260(+,-)	73.56
AYEL01068625.1:9556-9801(+,-)	74.85
AYEL01077559.1:28322-28541(+,-)	70.44
AYEL01057132.1:1814-2236(+,-)	85.00
AYEL01066265.1:74181-74380(+,-)	66.87
AYEL01065678.1:7240-7446(+,-)	83.33
AYEL01064063.1:4501-4742(+,-)	77.84
AYEL01078616.1:77619-77902(+,-)	76.36
AYEL01089326.1:4657-4890(+,-)	78.86
AYEL01027685.1:635-865(+,-)	83.91
AYEL01073803.1:10889-11126(+,-)	75.71
AYEL01073860.1:10924-11159(+,-)	79.89
AYEL01067905.1:38089-38454(+,-)	74.38
AYEL01082531.1:36929-37168(+,-)	82.02
AYEL01026496.1:3767-4088(+,-)	76.19
AYEL01067381.1:1624-1809(-)	74.16
AYEL01085657.1:32649-32851(+,-)	79.41
AYEL01062795.1:2480-2717(+,-)	80.56
AYEL01063705.1:45427-45668(+,-)	80.11
AYEL01053300.1:14622-14846(+,-)	80.23
AYEL01065986.1:13361-13585(+,-)	80.52
AYEL01077196.1:1113-1331(+,-)	68.99
AYEL01071350.1:133026-133255(+,-)	71.05
AYEL01075352.1:3650-3888(+,-)	74.57
AYEL01072168.1:38566-38805(+,-)	72.84
AYEL01062876.1:4916-5249(+,-)	78.79
AYEL01090162.1:12916-13275(+,-)	80.90
AYEL01085929.1:27058-27297(+,-)	70.69
AYEL01074068.1:34678-35036(+,-)	82.40
AYEL01061319.1:379-807(+,-)	80.84
AYEL01085179.1:21314-21554(+,-)	81.01
AYEL01074043.1:170129-170317(+,-)	76.54
AYEL01066597.1:9801-9997(+,-)	67.74
AYEL01091566.1:14637-14848(+,-)	70.08
AYEL01085501.1:12232-12475(+,-)	74.26
AYEL01071333.1:10026-10231(+,-)	60.44
AYEL01013639.1:20067-20268(+,-)	79.59
AYEL01067083.1:4757-4990(+,-)	72.53
AYEL01063295.1:44974-45212(+,-)	84.83
AYEL01079246.1:57805-58038(+,-)	72.44
AYEL01089158.1:18199-18415(+,-)	74.40
AYEL01090840.1:32468-32708(+,-)	72.32
AYEL01090172.1:46705-47000(+,-)	87.20
AYEL01090293.1:12479-12697(+,-)	69.19
AYEL01061316.1:5663-5897(+,-)	56.36
AYEL01067897.1:27353-27592(+,-)	68.24
AYEL01091011.1:12761-12967(+)	67.78
AYEL01064913.1:31348-31586(+,-)	78.33
AYEL01082931.1:4005-4241(+,-)	67.42
AYEL01084868.1:127772-127957(+)	80.90
AYEL01080893.1:601-796(+,-)	76.50
AYEL01081738.1:147170-147477(+,-)	74.14
AYEL01061959.1:0-237(+,-)	74.35
AYEL01077982.1:12567-12712(+)	79.38
AYEL01091638.1:17467-17695(+,-)	69.02
AYEL01064663.1:33548-33872(+,-)	80.00
AYEL01053966.1:4422-4650(+,-)	72.09
AYEL01088807.1:44598-44834(+,-)	74.86
AYEL01075700.1:49024-49256(+,-)	83.04
AYEL01077268.1:13555-13750(+,-)	80.45
AYEL01058078.1:1935-2163(+,-)	87.95
AYEL01086296.1:17433-17700(+,-)	81.82
AYEL01082495.1:4831-5160(+,-)	77.03
AYEL01072009.1:4151-4382(+,-)	64.75
AYEL01062745.1:3220-3454(+,-)	68.16
AYEL01057996.1:56914-57137(+,-)	73.17
AYEL01016025.1:13122-13328(+,-)	63.12
AYEL01091201.1:1610-1837(+,-)	70.06
AYEL01019413.1:15863-16086(+,-)	69.77
AYEL01017317.1:8953-9156(-)	76.38
AYEL01076410.1:82955-83179(+,-)	84.15
AYEL01013639.1:19815-20052(+,-)	71.82
AYEL01043329.1:5116-5425(+,-)	72.73
AYEL01034451.1:2652-3177(+,-)	76.02
AYEL01087193.1:35038-35303(+,-)	75.86
AYEL01084845.1:73257-73482(+,-)	81.82
AYEL01064576.1:97233-97736(+,-)	77.78
AYEL01090827.1:50799-51103(+,-)	84.02
AYEL01065757.1:6869-7089(+,-)	72.22
AYEL01079044.1:2351-2692(+,-)	81.01
AYEL01060486.1:10206-10443(+,-)	79.21
AYEL01064133.1:22827-23060(+,-)	76.16
AYEL01088352.1:71082-71296(+,-)	83.65
AYEL01076330.1:6575-6847(+,-)	79.03
AYEL01091686.1:24594-24808(+,-)	83.65
AYEL01089158.1:16116-16333(+,-)	70.81
AYEL01038194.1:1394-1619(+,-)	72.09
AYEL01080839.1:6179-6462(+,-)	80.57
AYEL01091189.1:119706-119959(+,-)	75.11
AYEL01087622.1:15306-15557(+,-)	68.72
AYEL01069063.1:4411-4613(+,-)	71.21
AYEL01075287.1:8595-8875(+,-)	82.35
AYEL01086538.1:41839-42199(+,-)	79.78
AYEL01034744.1:20582-20800(+,-)	69.64
AYEL01061867.1:8806-9045(+,-)	71.98
AYEL01081371.1:123440-123735(+,-)	71.04
AYEL01071709.1:211-414(+,-)	76.53
AYEL01061789.1:9199-9417(+,-)	75.35
AYEL01073873.1:8692-8921(+,-)	60.62
AYEL01084047.1:23293-23527(+,-)	78.67
AYEL01073549.1:12289-12697(+,-)	73.39
AYEL01091347.1:55486-55716(+,-)	77.46
AYEL01081459.1:15443-15672(+,-)	66.87
AYEL01079065.1:20658-20886(+)	56.63
AYEL01069140.1:37162-37389(+,-)	69.23
AYEL01064386.1:32302-32495(+)	82.69
AYEL01090260.1:21683-21884(+,-)	79.17
AYEL01077311.1:40747-40944(+,-)	68.18
AYEL01052612.1:11537-11745(+,-)	73.45
AYEL01081722.1:29014-29260(+,-)	73.21
AYEL01068402.1:37186-37407(+,-)	79.75
AYEL01017852.1:85356-85571(+,-)	66.67
AYEL01077572.1:25629-25820(+,-)	71.54
AYEL01074138.1:52317-52555(+,-)	83.62
AYEL01089466.1:15245-15465(+,-)	83.05
AYEL01053420.1:61346-61589(+,-)	80.13
AYEL01062109.1:40732-40982(+,-)	75.95
AYEL01027718.1:45622-45922(+,-)	77.22
AYEL01085073.1:8093-8331(+,-)	82.95
AYEL01064266.1:2811-3027(+,-)	74.40
AYEL01083387.1:46370-46643(+,-)	73.37
AYEL01078738.1:42650-42872(+,-)	82.29
AYEL01063529.1:49060-49315(+,-)	66.53
AYEL01091563.1:18432-18637(+,-)	65.82
AYEL01061880.1:25991-26298(+,-)	85.07
AYEL01047319.1:3230-3469(+,-)	84.39
AYEL01082485.1:1262-1501(+,-)	79.89
AYEL01087098.1:13965-14360(+,-)	74.07
AYEL01075159.1:3711-3989(+,-)	81.74
AYEL01077009.1:47325-47543(+)	83.44
AYEL01067127.1:7674-7918(+,-)	66.52
AYEL01085584.1:117479-117715(+,-)	79.10
AYEL01057069.1:1867-2105(+,-)	66.67
AYEL01027979.1:19660-19857(+,-)	80.17
AYEL01064337.1:12030-12284(+,-)	76.92
AYEL01047824.1:6583-6814(+,-)	79.84
AYEL01079582.1:79349-79586(+,-)	69.26
AYEL01080448.1:10100-10325(+,-)	84.57
AYEL01086169.1:36726-36965(+,-)	65.52
AYEL01087391.1:9953-10175(+,-)	75.28
AYEL01089998.1:18517-18798(+,-)	73.36
AYEL01088814.1:10317-10605(+,-)	77.35
AYEL01060053.1:3567-3806(+,-)	83.64
AYEL01083462.1:14861-15088(+,-)	70.64
AYEL01071229.1:1411-1676(-)	76.56
AYEL01072758.1:1317-1624(+,-)	82.04
AYEL01080433.1:3853-4080(+,-)	80.68
AYEL01073710.1:9101-9374(+,-)	72.32
AYEL01071333.1:19246-19473(+,-)	73.97
AYEL01079180.1:61291-61544(+,-)	72.41
AYEL01061260.1:20702-20936(+,-)	74.86
AYEL01053421.1:106193-106400(+,-)	65.43
AYEL01032228.1:18270-18508(+,-)	83.05
AYEL01076869.1:12875-13115(+,-)	71.24
AYEL01074982.1:2635-2919(+,-)	82.12
AYEL01088019.1:23691-23877(-)	75.62
AYEL01037252.1:23877-24116(+,-)	71.98
AYEL01085332.1:6958-7175(+,-)	69.62
AYEL01033893.1:12810-13013(+,-)	69.23
AYEL01066624.1:4756-4980(+,-)	61.49
AYEL01045393.1:15582-15777(+)	68.00
AYEL01079366.1:24357-24597(+,-)	74.25
AYEL01085314.1:0-215(+,-)	82.08
AYEL01034909.1:9793-10003(+,-)	60.25
AYEL01088514.1:54294-54515(+,-)	70.19
AYEL01047471.1:33840-34219(+,-)	82.95
AYEL01092314.1:52044-52279(+,-)	73.68
AYEL01075986.1:9872-10093(+,-)	75.49
AYEL01057996.1:45532-45762(+,-)	80.39
AYEL01090301.1:3926-4148(+,-)	72.28
AYEL01064030.1:18010-18238(+,-)	71.68
AYEL01065694.1:3171-3409(+,-)	74.03
AYEL01057563.1:24903-25387(+,-)	61.02
AYEL01077987.1:32012-32238(+,-)	71.83
AYEL01088678.1:46777-47017(+,-)	81.56
AYEL01056166.1:414-639(+,-)	75.82
AYEL01070453.1:19209-19401(+,-)	68.71
AYEL01088851.1:9683-9914(+,-)	75.57
AYEL01058197.1:5523-5717(+,-)	83.15
AYEL01040565.1:62536-62752(+,-)	70.08
AYEL01066157.1:14463-14701(+,-)	72.07
AYEL01076994.1:5152-5355(+,-)	74.74
AYEL01008373.1:291-526(+,-)	70.79
AYEL01003861.1:1436-1671(+,-)	72.33
AYEL01085750.1:26135-26342(+,-)	68.21
AYEL01089706.1:3122-3336(+,-)	78.26
AYEL01062746.1:5467-5660(+,-)	63.51
AYEL01080499.1:23167-23410(+,-)	75.72
AYEL01074728.1:31749-31989(+,-)	72.34
AYEL01068369.1:2390-2619(+,-)	69.66
AYEL01089249.1:84375-84574(+,-)	80.36
AYEL01078039.1:101263-101502(+,-)	85.88
AYEL01065986.1:12479-12699(+,-)	76.33
AYEL01057132.1:2936-3136(+,-)	72.34
AYEL01065882.1:47763-47998(+,-)	68.99
AYEL01087399.1:14508-14720(+,-)	63.51
AYEL01081495.1:19581-19865(+,-)	72.96
AYEL01053690.1:30954-31184(+,-)	74.58
AYEL01071147.1:12194-12432(+,-)	81.71
AYEL01091805.1:40398-40687(+,-)	77.21
AYEL01027979.1:30032-30309(+,-)	82.68
AYEL01081700.1:48803-49004(+,-)	59.64
AYEL01054363.1:4211-4357(+)	75.57
AYEL01041304.1:451-689(+,-)	65.65
AYEL01086032.1:61860-62067(+,-)	77.36
AYEL01074043.1:152928-153147(+,-)	64.42
AYEL01051819.1:5574-5798(+,-)	67.06
AYEL01088388.1:72559-72786(+,-)	73.64
AYEL01042806.1:25323-25556(+,-)	65.12
AYEL01079814.1:35480-35719(-)	83.69
AYEL01064240.1:62525-62719(-)	70.91
AYEL01076206.1:4249-4536(+,-)	67.86
AYEL01076828.1:3299-3597(+,-)	74.61
AYEL01089339.1:5066-5305(+,-)	74.14
AYEL01074068.1:105318-105543(+,-)	77.85
AYEL01039971.1:700-973(+,-)	77.78
AYEL01087494.1:31089-31329(+,-)	83.80
AYEL01065694.1:24325-24559(+,-)	61.50
AYEL01085020.1:97522-97746(+,-)	67.58
AYEL01070432.1:7076-7310(+,-)	82.86
AYEL01078696.1:5308-5545(+,-)	60.70
AYEL01061082.1:27046-27280(+,-)	78.29
AYEL01081359.1:35168-35411(+,-)	78.33
AYEL01062561.1:35870-36085(+,-)	73.12
AYEL01048114.1:2009-2237(+,-)	74.70
AYEL01067102.1:10355-10676(+,-)	83.15
AYEL01079902.1:1209-1432(+,-)	69.46
AYEL01091572.1:47-248(+,-)	76.19
AYEL01061395.1:5376-5581(+,-)	67.61
AYEL01032576.1:4995-5181(-)	65.50
AYEL01078403.1:25588-25825(+,-)	85.63
AYEL01077828.1:69-313(+,-)	66.81
AYEL01053428.1:18995-19234(+,-)	81.56
AYEL01091691.1:16270-16506(+)	66.23
AYEL01084922.1:7741-7974(+,-)	79.78
AYEL01085850.1:16427-16665(+,-)	76.10
AYEL01022423.1:96380-96759(+,-)	79.80
AYEL01091954.1:2600-2985(+,-)	74.29
AYEL01090504.1:54938-55276(+,-)	70.51
AYEL01049777.1:15826-16185(+,-)	74.03
AYEL01077660.1:42440-42676(+,-)	82.05
AYEL01073598.1:37700-37914(+,-)	76.47
AYEL01081384.1:10268-10507(+,-)	72.53
AYEL01033503.1:22-261(+,-)	78.77
AYEL01081863.1:3898-4104(+,-)	70.80
AYEL01079693.1:37369-37607(+,-)	78.09
AYEL01086673.1:13924-14146(+,-)	70.76
AYEL01081466.1:15076-15296(+,-)	70.62
AYEL01067900.1:50345-50584(+,-)	72.73
AYEL01087546.1:15529-15762(+,-)	65.00
AYEL01065778.1:26954-27245(+,-)	79.47
AYEL01077893.1:16617-16856(+,-)	81.01
AYEL01084234.1:48707-48951(+,-)	84.27
AYEL01064942.1:46681-46889(+,-)	83.91
AYEL01087686.1:2526-2773(+,-)	74.04
AYEL01051850.1:285580-285793(+,-)	61.31
AYEL01035089.1:65-292(+,-)	65.58
AYEL01015642.1:33075-33315(+,-)	84.36
AYEL01084335.1:5410-5648(+,-)	72.73
AYEL01068729.1:10489-10736(+,-)	73.49
AYEL01063815.1:8106-8389(+,-)	73.15
AYEL01064622.1:3127-3616(+,-)	75.22
AYEL01081635.1:8379-8606(+,-)	69.91
AYEL01076431.1:31448-31677(+,-)	68.29
AYEL01054960.1:24006-24251(+,-)	73.00
AYEL01082414.1:4823-5062(+,-)	83.24
AYEL01091340.1:220822-221034(+,-)	74.32
AYEL01065559.1:34769-35009(+,-)	73.39
AYEL01078871.1:423-643(+)	64.71
AYEL01052837.1:8460-8696(+,-)	78.52
AYEL01069940.1:2566-2818(+,-)	68.53
AYEL01070533.1:5798-6072(+,-)	73.89
AYEL01065374.1:69559-69793(+,-)	73.39
AYEL01064547.1:14077-14317(+,-)	81.03
AYEL01087193.1:37996-38233(+,-)	79.21
AYEL01056357.1:39928-40165(+,-)	65.50
AYEL01066861.1:1904-2234(+,-)	79.19
AYEL01088799.1:25551-25773(+,-)	80.46
AYEL01086182.1:46973-47170(+)	82.39
AYEL01089953.1:6230-6425(+,-)	65.22
AYEL01049471.1:140424-140625(+,-)	76.11
AYEL01062728.1:2185-2486(+,-)	74.34
AYEL01069785.1:42815-43020(+,-)	79.17
AYEL01069278.1:9521-9721(-)	61.90
AYEL01078083.1:69810-70050(+,-)	72.53
AYEL01065884.1:32750-32987(+,-)	81.73
AYEL01080497.1:3734-3931(+,-)	80.17
AYEL01076012.1:4430-4678(+,-)	75.95
AYEL01015680.1:116715-116944(+,-)	72.94
AYEL01035939.1:5402-5643(+,-)	66.67
AYEL01065228.1:925-1128(+,-)	75.54
AYEL01042342.1:1465-1703(+,-)	78.21
AYEL01036655.1:1244-1477(+,-)	70.80
AYEL01026679.1:43881-44119(+,-)	74.57
AYEL01071684.1:30793-31208(+,-)	74.86
AYEL01027224.1:196-518(+,-)	82.72
AYEL01067507.1:2379-2615(+,-)	66.37
AYEL01061245.1:407-647(+,-)	76.79
AYEL01048391.1:8369-8592(+,-)	76.02
AYEL01091804.1:36038-36276(+,-)	81.46
AYEL01085179.1:22837-23154(+,-)	82.99
AYEL01039461.1:8917-9179(+,-)	66.10
AYEL01053845.1:26511-26739(+,-)	71.43
AYEL01047927.1:2392-2631(+,-)	73.82
AYEL01079707.1:7074-7293(+,-)	68.29
AYEL01065242.1:17264-17497(+,-)	80.98
AYEL01063259.1:13988-14185(+,-)	78.77
AYEL01072161.1:47457-47706(+,-)	66.19
AYEL01073717.1:23453-23683(+,-)	75.92
AYEL01071267.1:3751-3991(+,-)	67.67
AYEL01084972.1:13690-13888(+,-)	68.42
AYEL01071562.1:25650-25888(+,-)	67.94
AYEL01076003.1:66527-66758(+,-)	68.49
AYEL01073093.1:14071-14290(+,-)	62.62
AYEL01089516.1:5898-6138(+,-)	75.11
AYEL01077775.1:37695-37935(+,-)	71.93
AYEL01016398.1:0-229(+,-)	58.85
AYEL01081025.1:119545-119804(+,-)	71.60
AYEL01058818.1:15205-15420(+,-)	80.25
AYEL01081137.1:6268-6460(-)	81.37
AYEL01070971.1:3841-4080(+,-)	71.55
AYEL01047977.1:79426-79639(+,-)	67.29
AYEL01071592.1:5150-5406(+,-)	73.60
AYEL01074612.1:1785-2013(+,-)	76.44
AYEL01088249.1:71844-72202(+,-)	79.65
AYEL01059222.1:3147-3390(+,-)	72.47
AYEL01086267.1:17866-18087(+,-)	73.33
AYEL01085181.1:15672-15903(+,-)	70.18
AYEL01070519.1:3953-4159(+,-)	86.81
AYEL01071160.1:25037-25271(+,-)	66.27
AYEL01089457.1:7940-8143(+,-)	82.84
AYEL01078080.1:71666-71878(+,-)	68.42
AYEL01050858.1:1457-1694(+,-)	79.89
AYEL01088812.1:38302-38526(+,-)	75.23
AYEL01080007.1:35788-36054(+,-)	83.33
AYEL01076807.1:5774-6014(+,-)	74.43
AYEL01075804.1:927-1183(+,-)	78.57
AYEL01091566.1:5914-6171(+,-)	75.93
AYEL01067973.1:19585-19779(+,-)	72.32
AYEL01039592.1:32067-32278(+,-)	75.82
AYEL01078275.1:7270-7509(+,-)	75.28
AYEL01077723.1:12978-13222(+,-)	75.00
AYEL01025358.1:7165-7397(+,-)	58.62
AYEL01056319.1:31717-32068(+,-)	81.82
AYEL01039889.1:98726-98919(+,-)	66.04
AYEL01083163.1:40460-40698(+,-)	71.86
AYEL01078540.1:2006-2203(+,-)	80.17
AYEL01072253.1:16854-17093(+,-)	82.12
AYEL01059064.1:9508-9748(+,-)	74.68
AYEL01092353.1:4637-4933(+,-)	86.03
AYEL01060411.1:49532-49750(+,-)	70.35
AYEL01038166.1:17966-18169(+,-)	64.49
AYEL01074306.1:14862-15060(+,-)	78.90
AYEL01054634.1:41405-41603(+,-)	69.54
AYEL01083679.1:134562-134751(+,-)	75.38
AYEL01065634.1:135278-135479(+,-)	72.15
AYEL01072557.1:15348-15586(+,-)	80.34
AYEL01066739.1:28417-28656(+,-)	82.02
AYEL01090156.1:20521-20822(+,-)	73.58
AYEL01086602.1:20518-20760(+,-)	83.80
AYEL01057831.1:43565-43781(+,-)	73.00
AYEL01079923.1:59226-59417(-)	84.44
AYEL01083176.1:1981-2219(+,-)	86.59
AYEL01034971.1:41803-42044(+,-)	74.36
AYEL01058661.1:18372-18604(+,-)	75.98
AYEL01069639.1:7078-7311(+,-)	74.57
AYEL01075227.1:47327-47566(+,-)	78.98
AYEL01047367.1:0-238(+,-)	72.77
AYEL01014663.1:10146-10354(+,-)	69.70
AYEL01090877.1:72957-73144(-)	70.76
AYEL01081696.1:24654-24948(+,-)	72.22
AYEL01082020.1:12881-13125(+,-)	75.45
AYEL01073374.1:41587-41789(+,-)	83.94
AYEL01074873.1:5514-5740(+,-)	61.54
AYEL01076764.1:53063-53303(+,-)	75.11
AYEL01034478.1:18424-18662(+,-)	61.50
AYEL01073739.1:10266-10498(+,-)	75.14
AYEL01070847.1:30626-30917(+,-)	66.22
AYEL01087802.1:25148-25345(+,-)	73.65
AYEL01028561.1:20416-20625(+,-)	74.31
AYEL01073638.1:40950-41148(+,-)	72.73
AYEL01082431.1:14576-14763(-)	82.17
AYEL01070204.1:8886-9123(+,-)	72.73
AYEL01087848.1:19162-19364(+,-)	65.79
AYEL01080535.1:4872-5105(+,-)	67.76
AYEL01065158.1:179609-179842(+,-)	74.70
AYEL01068633.1:51422-51788(+,-)	73.63
AYEL01073787.1:25640-25860(+,-)	66.38
AYEL01054363.1:662-907(+,-)	80.11
AYEL01075377.1:47988-48236(+,-)	65.62
AYEL01056700.1:20810-21028(-)	62.64
AYEL01035724.1:17842-18067(+,-)	69.23
AYEL01021204.1:893-1115(+,-)	73.36
AYEL01052348.1:4910-5136(+,-)	62.35
AYEL01078827.1:1113-1350(+,-)	66.83
AYEL01087427.1:55133-55334(+,-)	81.98
AYEL01078993.1:7788-8027(+,-)	74.47
AYEL01090096.1:14367-14606(+,-)	69.74
AYEL01085768.1:6117-6355(+,-)	72.73
AYEL01044075.1:3159-3397(+,-)	85.39
AYEL01080476.1:11172-11560(+,-)	77.37
AYEL01069175.1:21390-21612(+,-)	67.91
AYEL01087192.1:16120-16358(+,-)	82.76
AYEL01079283.1:8336-8573(+,-)	70.87
AYEL01059470.1:5268-5588(+,-)	69.27
AYEL01091340.1:225510-225728(+,-)	68.47
AYEL01092383.1:76385-76617(+,-)	79.77
AYEL01083875.1:11202-11438(+,-)	71.12
AYEL01057447.1:10174-10492(+,-)	86.23
AYEL01089249.1:122255-122596(+,-)	77.99
AYEL01088221.1:2290-2526(+,-)	72.25
AYEL01084178.1:10934-11331(+,-)	82.49
AYEL01057323.1:6315-6561(+,-)	74.53
AYEL01089497.1:220-438(+,-)	75.16
AYEL01089361.1:10559-10760(+,-)	78.57
AYEL01085397.1:15375-15592(+,-)	68.59
AYEL01028964.1:5568-5798(+,-)	74.07
AYEL01075993.1:25040-25261(+,-)	76.86
AYEL01089195.1:50779-51031(+,-)	70.99
AYEL01058786.1:13993-14186(+,-)	84.80
AYEL01064134.1:14126-14366(+,-)	83.62
AYEL01087391.1:9201-9453(+,-)	83.85
AYEL01050632.1:659-866(+,-)	80.65
AYEL01080595.1:8187-8429(+,-)	84.27
AYEL01084638.1:17559-17798(+,-)	69.83
AYEL01007198.1:1021-1253(+,-)	83.80
AYEL01072739.1:15688-15913(+,-)	84.36
AYEL01084653.1:51788-52017(+,-)	60.45
AYEL01053102.1:7913-8148(+,-)	69.60
AYEL01082442.1:6550-6779(+,-)	74.74
AYEL01021622.1:23574-23809(+,-)	82.02
AYEL01088849.1:12480-12721(+,-)	72.65
AYEL01078380.1:19924-20169(+,-)	79.11
AYEL01069027.1:86-275(+,-)	86.99
AYEL01092171.1:11736-11975(+,-)	70.69
AYEL01083836.1:40968-41195(+,-)	73.81
AYEL01066232.1:61936-62120(-)	71.15
AYEL01069057.1:60972-61192(+,-)	86.21
AYEL01062857.1:6819-7058(+,-)	79.21
AYEL01068354.1:6315-6528(+,-)	77.78
AYEL01089216.1:17496-17802(+,-)	77.11
AYEL01079343.1:2092-2334(+,-)	74.89
AYEL01089746.1:1434-1662(+,-)	75.56
AYEL01021836.1:4426-4617(+)	68.52
AYEL01086527.1:127225-127444(+)	63.00
AYEL01090490.1:76226-76468(+,-)	74.89
AYEL01083962.1:4684-4909(+,-)	72.15
AYEL01049777.1:15510-15727(+,-)	81.03
AYEL01078074.1:11633-11837(+,-)	64.12
AYEL01080634.1:10610-10831(+,-)	71.34
AYEL01076934.1:127287-127817(+,-)	73.72
AYEL01058969.1:5984-6204(+,-)	70.15
AYEL01078485.1:3364-3582(+,-)	83.23
AYEL01091367.1:45734-45984(+,-)	72.77
AYEL01071944.1:47402-47615(+,-)	75.38
AYEL01011966.1:6287-6519(+,-)	83.82
AYEL01091125.1:4140-4364(+,-)	82.12
AYEL01070101.1:14957-15196(+,-)	80.45
AYEL01046989.1:89-491(+,-)	72.88
AYEL01039597.1:16599-16831(+,-)	83.04
AYEL01044405.1:1408-1650(+,-)	82.68
AYEL01084158.1:46607-46847(+,-)	65.95
AYEL01071514.1:36576-36812(+,-)	70.87
AYEL01077817.1:107046-107265(+,-)	66.29
AYEL01043468.1:21364-21676(+,-)	71.01
AYEL01060537.1:6039-6236(+)	76.72
AYEL01089890.1:54510-54751(+,-)	75.98
AYEL01081951.1:6547-6772(+,-)	74.43
AYEL01076288.1:53190-53426(+,-)	72.78
AYEL01088330.1:20674-20885(+,-)	78.65
AYEL01061853.1:7023-7263(+,-)	72.10
AYEL01076282.1:53048-53281(+,-)	64.67
AYEL01088563.1:23119-23347(+,-)	60.09
AYEL01089576.1:2433-2763(+,-)	80.00
AYEL01055640.1:33651-33883(+,-)	85.29
AYEL01065044.1:27837-28080(+,-)	76.44
AYEL01072297.1:54390-54606(+,-)	70.35
AYEL01064063.1:4199-4430(+,-)	68.87
AYEL01079463.1:32598-33020(+,-)	82.02
AYEL01026679.1:36646-36861(+,-)	69.14
AYEL01084145.1:9361-9553(+,-)	66.67
AYEL01090186.1:22814-23061(+,-)	70.93
AYEL01079159.1:8115-8417(+,-)	71.66
AYEL01081880.1:6582-6787(+,-)	59.49
AYEL01084158.1:60758-61037(+,-)	78.35
AYEL01055854.1:9972-10173(+,-)	76.70
AYEL01071898.1:38167-38400(+,-)	77.59
AYEL01040828.1:9721-10355(+,-)	73.59
AYEL01074283.1:84601-84818(+,-)	75.84
AYEL01038197.1:704-1089(+,-)	80.84
AYEL01075946.1:43258-43604(+,-)	75.66
AYEL01065732.1:9255-9550(+,-)	83.83
AYEL01028036.1:2158-2392(+,-)	68.51
AYEL01066265.1:60239-60455(+,-)	74.29
AYEL01055125.1:30336-30748(+,-)	74.40
AYEL01084848.1:21203-21393(+,-)	82.58
AYEL01090206.1:37916-38157(+,-)	69.16
AYEL01074284.1:81925-82144(+,-)	63.43
AYEL01004814.1:570-767(+,-)	78.16
AYEL01060196.1:18540-18736(+,-)	80.37
AYEL01065228.1:1789-2022(+,-)	68.44
AYEL01053901.1:1758-1990(+,-)	83.14
AYEL01071861.1:2961-3154(+,-)	62.21
AYEL01066891.1:11937-12151(+,-)	83.65
AYEL01084863.1:22527-22760(+,-)	68.14
AYEL01085358.1:25196-25420(+,-)	57.46
AYEL01088193.1:44026-44222(+)	67.88
AYEL01060074.1:12447-12677(+,-)	63.38
AYEL01069442.1:3335-3787(+,-)	79.21
AYEL01090162.1:18183-18404(+,-)	67.24
AYEL01032567.1:9276-9569(+,-)	85.50
AYEL01058451.1:25229-25433(+)	91.89
AYEL01065441.1:12697-12908(+,-)	68.97
AYEL01062308.1:14095-14292(+,-)	72.39
AYEL01089123.1:5791-6035(+,-)	74.26
AYEL01049158.1:33588-33879(+,-)	74.54
AYEL01083835.1:20147-20368(+,-)	83.44
AYEL01077888.1:7696-7980(+,-)	64.67
AYEL01084850.1:104208-104440(+,-)	78.49
AYEL01083782.1:9561-9901(+,-)	73.45
AYEL01053883.1:15471-15707(+,-)	75.57
AYEL01044396.1:1216-1418(+,-)	63.93
AYEL01033428.1:25057-25378(+,-)	77.07
AYEL01060628.1:20769-20983(+,-)	70.76
AYEL01086575.1:11627-11865(+,-)	82.86
AYEL01073440.1:56323-56568(+,-)	73.49
AYEL01090008.1:19683-19961(+,-)	72.53
AYEL01089599.1:4574-4820(+,-)	75.42
AYEL01091804.1:17961-18177(+,-)	72.60
AYEL01073981.1:25311-25547(+,-)	73.49
AYEL01076481.1:10443-10658(+,-)	74.72
AYEL01083466.1:8222-8453(+,-)	83.15
AYEL01085022.1:810-1052(+,-)	74.04
AYEL01073326.1:31484-31703(+,-)	70.13
AYEL01044843.1:1695-2003(+,-)	78.61
AYEL01052480.1:7501-7737(+,-)	69.66
AYEL01078099.1:3092-3319(+,-)	82.35
AYEL01090977.1:32087-32310(-)	64.29
AYEL01072458.1:2182-2412(+,-)	86.03
AYEL01059952.1:11572-12030(+,-)	81.01
AYEL01089169.1:61875-62096(+,-)	72.37
AYEL01085260.1:810-1033(+,-)	79.66
AYEL01051303.1:51867-52084(+,-)	79.75
AYEL01089480.1:45284-45528(+,-)	72.63
AYEL01069487.1:44034-44271(+,-)	74.29
AYEL01077225.1:5188-5435(+,-)	73.39
AYEL01064267.1:26909-27389(+,-)	82.12
AYEL01086673.1:21549-21770(+,-)	73.16
AYEL01050286.1:45903-46183(+,-)	87.86
AYEL01075939.1:25222-25453(+,-)	73.99
AYEL01083302.1:2280-2520(+,-)	72.53
AYEL01081294.1:5142-5354(+,-)	71.75
AYEL01045160.1:112268-112491(+,-)	81.10
AYEL01078315.1:7028-7263(+,-)	69.54
AYEL01090907.1:8410-8645(+,-)	71.49
AYEL01023219.1:2473-2724(+,-)	70.56
AYEL01059952.1:21394-21630(+,-)	80.25
AYEL01081273.1:26647-26849(-)	62.37
AYEL01059268.1:20933-21169(+,-)	80.23
AYEL01083118.1:7220-7673(+,-)	74.47
AYEL01049016.1:284-579(+,-)	74.72
AYEL01032840.1:29541-29838(+,-)	87.41
AYEL01029919.1:10290-10484(+,-)	84.69
AYEL01088413.1:1132-1359(+,-)	84.88
AYEL01016001.1:25416-25632(+,-)	68.10
AYEL01080492.1:7930-8155(+,-)	69.09
AYEL01076050.1:5561-5747(+)	83.05
AYEL01065228.1:9674-9877(+,-)	66.01
AYEL01056284.1:2013-2236(+,-)	63.08
AYEL01065913.1:18196-18408(+,-)	78.70
AYEL01068076.1:22152-22366(+,-)	66.67
AYEL01076673.1:5608-5793(-)	78.86
AYEL01060044.1:2440-2747(+,-)	77.00
AYEL01080833.1:6696-6928(+,-)	63.87
AYEL01075116.1:10072-10286(+,-)	78.48
AYEL01081396.1:9041-9234(+,-)	78.70
AYEL01074276.1:6753-7114(+,-)	73.97
AYEL01081106.1:36143-36375(+,-)	81.46
AYEL01027718.1:46860-47099(+,-)	83.80
AYEL01062924.1:33211-33665(+,-)	70.76
AYEL01019789.1:16744-16984(+,-)	72.10
AYEL01074801.1:22657-22932(+,-)	79.44
AYEL01051223.1:10724-10963(+,-)	74.57
AYEL01064655.1:10984-11432(+,-)	82.89
AYEL01057548.1:638-880(+,-)	72.77
AYEL01072055.1:16866-17109(+,-)	85.31
AYEL01073766.1:9044-9402(+,-)	80.84
AYEL01070576.1:77295-77531(+,-)	80.00
AYEL01080911.1:11657-11896(+,-)	80.00
AYEL01059115.1:14926-15165(+,-)	65.66
AYEL01080394.1:9127-9329(+,-)	74.63
AYEL01077677.1:64057-64264(+,-)	74.62
AYEL01043679.1:66529-66772(+,-)	82.12
AYEL01090476.1:21939-22179(+,-)	78.95
AYEL01065158.1:129844-130084(+,-)	73.82
AYEL01063586.1:11475-11710(+,-)	77.84
AYEL01074153.1:4339-4582(+,-)	83.15
AYEL01057143.1:80-316(+,-)	81.98
AYEL01090093.1:23917-24134(+,-)	77.65
AYEL01078443.1:6664-6902(+,-)	84.36
AYEL01084935.1:4070-4308(+,-)	83.71
AYEL01074016.1:50236-50472(+,-)	79.78
AYEL01070519.1:5715-5955(+,-)	84.92
AYEL01081353.1:5011-5259(+,-)	76.40
AYEL01060930.1:27458-27735(+,-)	67.26
AYEL01088844.1:677-920(+,-)	70.00
AYEL01055074.1:15109-15344(+,-)	68.86
AYEL01091420.1:20936-21146(+,-)	76.26
AYEL01090878.1:9304-9548(+,-)	69.83
AYEL01076764.1:52703-52984(+,-)	78.20
AYEL01085421.1:96035-96321(+,-)	78.80
AYEL01077056.1:7053-7292(+,-)	74.57
AYEL01083691.1:180845-181083(+)	66.67
AYEL01076615.1:1636-1887(+,-)	63.58
AYEL01089958.1:52331-52586(+,-)	79.66
AYEL01066232.1:48575-48785(+,-)	72.26
AYEL01065681.1:28490-28724(+,-)	69.23
AYEL01068996.1:11661-11869(+,-)	78.20
AYEL01091513.1:10574-10802(+,-)	81.40
AYEL01087495.1:10800-11045(+,-)	82.61
AYEL01089099.1:18598-18825(+,-)	64.10
AYEL01091758.1:66165-66364(+,-)	72.47
AYEL01026679.1:44209-44416(+,-)	73.18
AYEL01069653.1:27468-27696(+,-)	67.12
AYEL01064235.1:23824-24034(+,-)	64.58
AYEL01047557.1:4230-4472(+,-)	76.67
AYEL01062151.1:4378-4618(+,-)	79.43
AYEL01027296.1:131021-131256(+,-)	59.21
AYEL01067827.1:89863-90098(+,-)	83.15
AYEL01045160.1:19793-20021(+,-)	70.67
AYEL01072175.1:20631-20824(+,-)	83.24
AYEL01015060.1:116033-116309(+,-)	72.48
AYEL01066060.1:41223-41465(+)	73.97
AYEL01090753.1:56478-56715(+,-)	71.74
AYEL01092376.1:73036-73250(+,-)	73.33
AYEL01092186.1:28887-29123(+,-)	71.93
AYEL01077825.1:84229-84457(+,-)	82.29
AYEL01085623.1:16724-16947(+,-)	62.21
AYEL01068949.1:867-1090(+,-)	74.36
AYEL01085911.1:7875-8120(+,-)	73.00
AYEL01082327.1:9827-10063(+,-)	69.40
AYEL01007240.1:1-203(+,-)	69.90
AYEL01048735.1:21665-21883(-)	64.15
AYEL01069454.1:49989-50193(+,-)	71.07
AYEL01067290.1:31773-32092(+,-)	77.65
AYEL01091221.1:28848-29077(+,-)	71.62
AYEL01065452.1:1712-1944(+,-)	81.40
AYEL01038235.1:75757-76081(+,-)	81.36
AYEL01068750.1:11577-11773(+,-)	64.58
AYEL01077225.1:4785-5025(+,-)	73.82
AYEL01060934.1:153211-153410(+,-)	74.55
AYEL01086473.1:16503-16740(+,-)	77.40
AYEL01091754.1:83011-83340(+,-)	71.56
AYEL01079971.1:20460-20708(+,-)	71.67
AYEL01052348.1:5478-5764(+,-)	75.82
AYEL01019418.1:85141-85446(+,-)	80.57
AYEL01058951.1:6611-6843(+,-)	77.44
AYEL01072397.1:6840-7043(-)	76.38
AYEL01087756.1:5841-6074(+,-)	77.46
AYEL01071764.1:68324-68550(+,-)	83.91
AYEL01077787.1:1694-1988(+,-)	75.25
AYEL01070893.1:13508-13752(+,-)	72.67
AYEL01052970.1:30484-30723(+,-)	69.83
AYEL01070848.1:21305-21511(+,-)	65.85
AYEL01060196.1:16085-16449(+,-)	75.44
AYEL01034594.1:466-704(+,-)	84.27
AYEL01070843.1:5876-6295(+,-)	72.87
AYEL01032201.1:22423-22672(+,-)	71.01
AYEL01074363.1:44650-44870(+,-)	82.12
AYEL01061455.1:11304-11586(+,-)	82.39
AYEL01070017.1:97283-97567(+,-)	82.02
AYEL01073739.1:3539-3768(+,-)	73.36
AYEL01026555.1:1288-1590(+,-)	69.23
AYEL01046079.1:5001-5236(+,-)	75.29
AYEL01036752.1:8643-8880(+,-)	74.68
AYEL01069263.1:21946-22207(+,-)	83.89
AYEL01070776.1:18922-19109(+)	70.00
AYEL01007566.1:3810-4328(+,-)	74.03
AYEL01079130.1:2662-2911(+,-)	73.81
AYEL01091538.1:44827-45095(+,-)	82.86
AYEL01079035.1:82812-83048(+,-)	76.14
AYEL01073338.1:7254-7504(+,-)	75.69
AYEL01030541.1:4769-5015(+,-)	80.11
AYEL01075309.1:2139-2365(+,-)	72.62
AYEL01091301.1:79024-79235(+,-)	69.05
AYEL01084526.1:17648-17875(+,-)	74.84
AYEL01081086.1:7133-7347(+,-)	70.24
AYEL01077893.1:19356-19556(+,-)	71.43
AYEL01028561.1:11804-12042(+,-)	70.79
AYEL01064094.1:15432-15635(-)	76.38
AYEL01079711.1:6920-7259(+,-)	71.30
AYEL01027719.1:45416-45632(+,-)	75.42
AYEL01047623.1:1046-1285(+,-)	74.14
AYEL01070498.1:10411-10639(+,-)	78.61
AYEL01060157.1:7088-7285(+,-)	73.12
AYEL01063107.1:64591-64823(+,-)	73.56
AYEL01073263.1:2723-3017(+,-)	76.71
AYEL01064761.1:8309-8513(+,-)	94.06
AYEL01044841.1:9484-9734(+,-)	68.79
AYEL01068587.1:74819-75059(+,-)	74.25
AYEL01082904.1:4818-5038(+,-)	63.51
AYEL01081215.1:38946-39148(+,-)	64.91
AYEL01091277.1:123623-123838(+,-)	71.07
AYEL01080948.1:25761-26006(+,-)	75.57
AYEL01019412.1:866-1056(+,-)	76.69
AYEL01091755.1:7144-7386(+,-)	73.62
AYEL01082394.1:7458-7698(+,-)	83.80
AYEL01050970.1:37867-38144(+,-)	78.04
AYEL01087840.1:6071-6288(-)	64.08
AYEL01071158.1:30376-30613(+,-)	64.97
AYEL01034545.1:22949-23165(+,-)	77.65
AYEL01072092.1:67872-68175(+,-)	72.29
AYEL01087426.1:11725-12061(+,-)	71.05
AYEL01054695.1:40144-40340(+)	75.86
AYEL01088879.1:31642-31949(+,-)	77.97
AYEL01071038.1:8532-8770(+,-)	59.09
AYEL01067811.1:19087-19323(+,-)	73.75
AYEL01091957.1:18729-18968(+,-)	68.10
AYEL01083437.1:32893-33137(+,-)	78.77
AYEL01081947.1:25809-26009(+,-)	75.64
AYEL01047051.1:6587-6812(+,-)	66.67
AYEL01016915.1:6804-7167(+,-)	81.58
AYEL01084670.1:27784-28006(+,-)	60.62
AYEL01017524.1:19000-19201(+,-)	68.04
AYEL01091138.1:25533-25848(+,-)	71.43
AYEL01086498.1:108595-108963(+,-)	70.82
AYEL01046464.1:472-717(+,-)	65.52
AYEL01065737.1:28096-28320(+,-)	60.71
AYEL01083801.1:65554-65779(+,-)	75.00
AYEL01071088.1:30413-30651(+,-)	62.17
AYEL01088195.1:23789-24008(-)	68.33
AYEL01075628.1:61657-61868(+,-)	69.23
AYEL01055905.1:1830-2056(+,-)	75.46
AYEL01081892.1:18115-18354(+,-)	83.05
AYEL01068625.1:56290-56484(+,-)	75.60
AYEL01061542.1:7834-8073(+,-)	78.09
AYEL01057508.1:18517-18752(+,-)	79.78
AYEL01078118.1:10347-10579(+,-)	80.12
AYEL01081929.1:3097-3352(+,-)	76.02
AYEL01066360.1:19146-19386(+,-)	83.80
AYEL01081037.1:16528-16740(+,-)	79.89
AYEL01069956.1:21615-21852(+,-)	70.00
AYEL01090509.1:33326-33559(+,-)	83.80
AYEL01080144.1:50920-51152(+,-)	74.52
AYEL01065685.1:14231-14436(+,-)	67.69
AYEL01085332.1:9754-9982(+,-)	69.90
AYEL01064003.1:106250-106476(+,-)	62.96
AYEL01056898.1:18799-19017(+,-)	72.67
AYEL01090869.1:26799-27040(+,-)	67.10
AYEL01088402.1:38025-38469(+,-)	78.45
AYEL01060063.1:3516-3760(+,-)	83.71
AYEL01060237.1:3466-3709(+,-)	65.80
AYEL01069240.1:8808-9034(+,-)	75.28
AYEL01081787.1:73282-73527(+,-)	81.92
AYEL01078995.1:36227-36465(+,-)	80.79
AYEL01056657.1:130-340(+,-)	66.33
AYEL01069956.1:26370-26595(+,-)	74.65
AYEL01083641.1:54907-55223(+,-)	79.53
AYEL01051376.1:524-799(+,-)	77.56
AYEL01071837.1:10725-10951(+,-)	82.66
AYEL01071575.1:18713-18942(+,-)	80.68
AYEL01059889.1:53651-53894(+,-)	70.13
AYEL01089890.1:3211-3439(+,-)	76.33
AYEL01073869.1:45471-45697(+,-)	65.79
AYEL01086704.1:24871-25108(+,-)	68.60
AYEL01055264.1:26338-26611(+,-)	72.17
AYEL01066178.1:65591-65815(+,-)	68.97
AYEL01074051.1:50328-50721(+,-)	76.11
AYEL01089875.1:3624-3864(+,-)	83.80
AYEL01083528.1:23014-23254(+,-)	72.41
AYEL01062155.1:6200-6445(+,-)	70.59
AYEL01068463.1:54360-54574(+,-)	84.12
AYEL01087441.1:17370-17586(+,-)	77.55
AYEL01058746.1:6220-6426(+)	82.56
AYEL01076764.1:52471-52701(+,-)	70.69
AYEL01045013.1:31393-31618(+,-)	84.68
AYEL01076410.1:64998-65236(+,-)	85.96
AYEL01081992.1:25741-26072(+,-)	81.92
AYEL01049158.1:28063-28272(+,-)	74.86
AYEL01083475.1:10748-10985(+,-)	67.86
AYEL01083555.1:12420-12654(+,-)	72.25
AYEL01065906.1:44840-45078(+,-)	71.93
AYEL01081561.1:47412-47621(+,-)	81.56
AYEL01050581.1:52-241(+)	84.39
AYEL01051592.1:1898-2110(+,-)	74.63
AYEL01075234.1:21981-22306(+,-)	83.65
AYEL01020082.1:36645-36844(+,-)	71.15
AYEL01069239.1:1973-2186(+,-)	73.78
AYEL01088128.1:20065-20290(+,-)	83.73
AYEL01083847.1:11698-11918(+,-)	78.21
AYEL01088380.1:6239-6478(+,-)	79.78
AYEL01089273.1:12118-12360(+,-)	72.77
AYEL01079185.1:2433-2663(+,-)	74.89
AYEL01087265.1:3255-3491(+,-)	84.09
AYEL01050885.1:44163-44391(+,-)	70.45
AYEL01091833.1:9188-9390(+,-)	73.15
AYEL01059341.1:18195-18409(+,-)	83.65
AYEL01074321.1:15419-15662(+,-)	73.31
AYEL01077602.1:20862-21104(+,-)	77.40
AYEL01082431.1:12371-12592(+,-)	69.07
AYEL01082838.1:69448-69738(+,-)	84.18
AYEL01071539.1:5447-5654(+,-)	72.66
AYEL01075183.1:21591-21826(+,-)	80.11
AYEL01090287.1:24079-24317(+,-)	70.65
AYEL01074778.1:8216-8443(+,-)	82.94
AYEL01090475.1:58318-58558(+,-)	74.25
AYEL01090254.1:36559-36771(+,-)	68.29
AYEL01083864.1:12377-12589(+,-)	65.33
AYEL01061287.1:23737-23922(-)	72.51
AYEL01086138.1:11821-12064(+,-)	67.43
AYEL01063692.1:21916-22141(+,-)	74.10
AYEL01082191.1:11539-11765(+,-)	84.05
AYEL01091754.1:74498-74711(+,-)	70.30
AYEL01065757.1:9432-9640(+,-)	67.92
AYEL01039592.1:25073-25278(+,-)	66.29
AYEL01056272.1:109810-110003(-)	64.37
AYEL01070847.1:27825-28143(+,-)	83.24
AYEL01082669.1:46345-46555(+,-)	81.36
AYEL01050527.1:31262-31496(+,-)	71.43
AYEL01088309.1:17139-17355(+,-)	72.14
AYEL01051996.1:8340-8628(+,-)	74.65
AYEL01091007.1:73709-73904(+,-)	66.67
AYEL01085319.1:6760-6995(+,-)	79.43
AYEL01034251.1:478-718(+,-)	72.10
AYEL01074070.1:33836-34037(-)	66.67
AYEL01065517.1:9481-9697(+,-)	68.46
AYEL01017064.1:3562-3902(+,-)	76.54
AYEL01084774.1:74473-74738(+,-)	79.49
AYEL01084259.1:8766-9087(+,-)	71.61
AYEL01085888.1:57786-58111(+,-)	83.65
AYEL01078383.1:5594-5834(+,-)	85.47
AYEL01060132.1:28831-29015(-)	65.58
AYEL01074188.1:3056-3254(+,-)	74.63
AYEL01075467.1:50351-50580(+,-)	68.92
AYEL01072891.1:24527-24812(+,-)	81.56
AYEL01070576.1:58848-59130(+,-)	81.25
AYEL01086546.1:17254-17495(+,-)	65.22
AYEL01082605.1:17549-17801(+,-)	65.41
AYEL01085581.1:68488-68722(+,-)	72.05
AYEL01078431.1:93002-93211(+,-)	79.31
AYEL01062561.1:12996-13217(+,-)	70.16
AYEL01072325.1:1872-2092(+,-)	73.53
AYEL01084634.1:24661-24855(-)	84.30
AYEL01058279.1:1865-2134(+,-)	76.67
AYEL01078685.1:28438-28683(+,-)	82.39
AYEL01072467.1:728-918(+,-)	83.98
AYEL01066958.1:14688-14922(+,-)	71.97
AYEL01036024.1:25246-25443(+,-)	68.89
AYEL01078405.1:23770-23958(-)	81.76
AYEL01068234.1:10686-10924(+,-)	82.58
AYEL01070250.1:94425-94645(+,-)	74.39
AYEL01082814.1:628-847(+,-)	82.64
AYEL01074496.1:44472-44713(+,-)	74.68
AYEL01081614.1:8201-8391(+,-)	65.14
AYEL01079678.1:9586-9800(+,-)	77.03
AYEL01080513.1:12071-12311(+,-)	82.68
AYEL01091535.1:21179-21373(+)	67.25
AYEL01060158.1:50827-51060(+,-)	84.28
AYEL01090698.1:4038-4268(+,-)	74.89
AYEL01058118.1:34884-35120(+,-)	81.36
AYEL01020217.1:440-679(+,-)	74.14
AYEL01078418.1:3112-3350(+,-)	72.69
AYEL01071241.1:4213-4458(+,-)	70.89
AYEL01076013.1:30958-31153(+,-)	71.13
AYEL01062098.1:5395-5647(+,-)	70.72
AYEL01089369.1:23742-23972(+,-)	65.29
AYEL01080578.1:2964-3314(+,-)	82.29
AYEL01072640.1:11761-12048(+,-)	80.34
AYEL01072902.1:407-640(+,-)	74.85
AYEL01083576.1:4563-4761(+,-)	70.48
AYEL01061890.1:21356-21596(+,-)	75.54
AYEL01077506.1:294-509(+,-)	82.14
AYEL01051042.1:9679-9962(+,-)	75.11
AYEL01052492.1:36388-36600(+,-)	62.43
AYEL01068200.1:9559-9798(+,-)	79.10
AYEL01047931.1:16911-17210(+,-)	77.17
AYEL01088970.1:664-901(+,-)	72.99
AYEL01028818.1:12616-12891(+,-)	76.67
AYEL01074875.1:1278-1506(+,-)	84.57
AYEL01084747.1:33412-33657(+,-)	70.46
AYEL01070799.1:4701-4937(+,-)	71.49
AYEL01080158.1:47288-47481(+,-)	82.68
AYEL01033857.1:2019-2287(+,-)	70.39
AYEL01078211.1:57614-57851(+,-)	75.42
AYEL01068541.1:39611-39821(+)	67.31
AYEL01066342.1:8587-8819(+,-)	67.73
AYEL01070382.1:56671-56862(+)	75.00
AYEL01061890.1:25004-25204(+,-)	75.21
AYEL01077967.1:5789-6030(+,-)	75.74
AYEL01089941.1:12507-12725(+,-)	73.08
AYEL01067526.1:17064-17315(+,-)	79.88
AYEL01075105.1:38102-38315(+,-)	71.51
AYEL01089850.1:4105-4345(+,-)	75.60
AYEL01086853.1:37371-37767(+,-)	75.28
AYEL01089492.1:9646-9855(+,-)	69.33
AYEL01047927.1:8678-8969(+,-)	78.70
AYEL01088243.1:16763-17065(+,-)	70.89
AYEL01084661.1:310-644(+,-)	73.77
AYEL01045732.1:52385-52743(+,-)	76.74
AYEL01072503.1:31596-31872(+,-)	83.22
AYEL01072697.1:19222-19601(+,-)	76.69
AYEL01090670.1:12959-13180(+,-)	80.11
AYEL01020697.1:14363-14577(+)	62.75
AYEL01021622.1:7182-7409(+,-)	81.03
AYEL01077825.1:90338-90598(+,-)	83.15
AYEL01089288.1:17374-17621(+,-)	75.14
AYEL01061921.1:29773-30087(+,-)	83.23
AYEL01086415.1:14889-15124(+,-)	72.89
AYEL01070762.1:74593-74820(+,-)	83.43
AYEL01056473.1:4217-4411(+,-)	64.29
AYEL01063598.1:1331-1631(+,-)	81.03
AYEL01072397.1:7177-7391(+,-)	83.65
AYEL01059618.1:1632-1871(+,-)	79.89
AYEL01087290.1:24304-24538(+,-)	72.57
AYEL01065182.1:18606-19044(+,-)	79.45
AYEL01083289.1:70117-70414(+,-)	82.86
AYEL01075589.1:10682-10926(+,-)	73.00
AYEL01057510.1:1557-1797(+,-)	72.96
AYEL01066864.1:138541-138778(+,-)	76.40
AYEL01091541.1:7752-7989(+,-)	77.78
AYEL01089249.1:9065-9307(+,-)	75.32
AYEL01031798.1:2034-2271(+,-)	83.05
AYEL01046659.1:25391-25631(+,-)	81.01
AYEL01072410.1:4222-4410(+,-)	74.30
AYEL01081085.1:10069-10305(+,-)	80.00
AYEL01084120.1:13575-13812(+,-)	71.86
AYEL01051252.1:1889-2132(+,-)	69.30
AYEL01077009.1:53369-53601(+,-)	80.00
AYEL01080220.1:38535-38772(+,-)	83.24
AYEL01074333.1:27183-27500(+,-)	75.58
AYEL01082582.1:30943-31168(+,-)	79.22
AYEL01088774.1:4342-4578(+,-)	64.64
AYEL01064319.1:11677-11916(+,-)	75.55
AYEL01087219.1:31487-31678(+,-)	60.47
AYEL01036146.1:22344-22547(-)	76.38
AYEL01078492.1:26813-27031(+,-)	70.69
AYEL01079026.1:7333-7535(+,-)	73.53
AYEL01083460.1:71609-71847(+,-)	83.71
AYEL01077036.1:19647-19851(+,-)	67.03
AYEL01064134.1:20030-20256(+,-)	77.40
AYEL01053422.1:15582-15810(+,-)	75.00
AYEL01069318.1:10584-10792(+,-)	71.93
AYEL01029996.1:595-813(+,-)	76.54
AYEL01076009.1:143-383(+,-)	83.24
AYEL01058458.1:42249-42450(+,-)	81.56
AYEL01089675.1:31384-31611(+,-)	81.66
AYEL01082933.1:57202-57415(+,-)	63.95
AYEL01072860.1:7834-8064(+,-)	61.47
AYEL01049126.1:9231-9457(+,-)	81.67
AYEL01065678.1:2939-3180(+,-)	73.93
AYEL01091274.1:16187-16479(+,-)	76.26
AYEL01065623.1:61729-61951(+,-)	78.53
AYEL01067553.1:5005-5272(+,-)	83.33
AYEL01075541.1:27936-28176(+,-)	76.54
AYEL01087993.1:5479-5679(+,-)	75.18
AYEL01063202.1:5218-5454(+,-)	78.53
AYEL01087644.1:430-663(+,-)	82.76
AYEL01065841.1:30055-30276(+,-)	65.66
AYEL01069242.1:13158-13465(+,-)	83.17
AYEL01082989.1:4621-4839(+,-)	69.35
AYEL01054135.1:7571-7790(+,-)	76.26
AYEL01075369.1:110738-110955(+,-)	71.76
AYEL01073952.1:5474-5707(+)	63.64
AYEL01080005.1:4992-5207(+,-)	72.38
AYEL01072943.1:1481-1721(+,-)	64.96
AYEL01071744.1:503-945(+,-)	70.26
AYEL01091093.1:373-602(+,-)	78.45
AYEL01066781.1:11250-11504(+,-)	75.00
AYEL01081084.1:15428-15820(+,-)	71.15
AYEL01064526.1:0-212(+,-)	65.37
AYEL01079226.1:51950-52267(+,-)	80.92
AYEL01074282.1:31616-31856(+,-)	79.33
AYEL01079095.1:52880-53092(+,-)	64.50
AYEL01089195.1:48951-49185(+,-)	63.27
AYEL01074837.1:6621-6861(+,-)	66.95
AYEL01039608.1:4081-4491(+,-)	72.37
AYEL01088039.1:46155-46353(+,-)	73.30
AYEL01064617.1:73209-73435(+,-)	67.98
AYEL01078245.1:13970-14204(+,-)	71.74
AYEL01076395.1:5781-6017(+,-)	75.65
AYEL01063722.1:24773-24963(+)	73.21
AYEL01087858.1:125206-125451(+,-)	74.68
AYEL01070169.1:11327-11566(+,-)	71.98
AYEL01051198.1:669-901(+,-)	74.18
AYEL01047185.1:23940-24184(+,-)	65.73
AYEL01050675.1:2146-2375(+,-)	71.25
AYEL01045049.1:5570-5808(+,-)	74.03
AYEL01069063.1:9454-9670(+,-)	64.10
AYEL01069426.1:44085-44311(+,-)	66.67
AYEL01088514.1:27600-27814(+,-)	83.73
AYEL01076973.1:25751-25979(+,-)	85.53
AYEL01083000.1:17849-18209(+,-)	76.11
AYEL01085911.1:24094-24315(+,-)	70.53
AYEL01089078.1:54703-54896(+,-)	71.52
AYEL01069246.1:8119-8358(+,-)	72.84
AYEL01069556.1:27095-27316(+,-)	66.67
AYEL01084649.1:13568-13805(+,-)	80.68
AYEL01084423.1:6325-6519(+,-)	72.83
AYEL01087030.1:8646-8837(-)	59.29
AYEL01086396.1:26547-26775(+,-)	84.40
AYEL01076191.1:55632-55846(+,-)	73.58
AYEL01074875.1:1880-2085(+,-)	75.00
AYEL01056485.1:4038-4278(+,-)	74.68
AYEL01085722.1:9177-9417(+,-)	83.24
AYEL01091572.1:8130-8352(+,-)	75.81
AYEL01078811.1:4376-4592(+)	75.00
AYEL01082568.1:1576-1775(+,-)	78.26
AYEL01083482.1:1416-1644(+,-)	77.40
AYEL01052970.1:29915-30129(+,-)	62.99
AYEL01066872.1:30423-30660(+,-)	63.47
AYEL01079846.1:6873-7122(+,-)	79.43
AYEL01056248.1:27936-28172(+,-)	72.05
AYEL01057104.1:73988-74228(+,-)	77.27
AYEL01014198.1:11390-11616(+,-)	70.25
AYEL01015477.1:21036-21265(+,-)	68.92
AYEL01090302.1:60713-60946(+,-)	84.92
AYEL01078457.1:9632-9866(+,-)	68.69
AYEL01059702.1:31140-31344(+,-)	80.63
AYEL01092382.1:131-330(+,-)	76.57
AYEL01083585.1:4069-4258(+)	81.92
AYEL01025817.1:55971-56159(+,-)	66.67
AYEL01091914.1:29899-30109(+,-)	58.38
AYEL01082931.1:3771-4000(+,-)	72.22
AYEL01088289.1:46168-46376(+,-)	72.39
AYEL01072643.1:70021-70256(+,-)	80.35
AYEL01023990.1:4166-4359(+)	67.44
AYEL01065455.1:17556-17790(+,-)	77.59
AYEL01079038.1:4552-4838(+,-)	82.02
AYEL01047083.1:66507-66746(+,-)	86.11
AYEL01083375.1:7507-7727(+,-)	81.74
AYEL01074951.1:27309-27691(+,-)	80.56
AYEL01057710.1:2676-2886(+,-)	82.12
AYEL01083283.1:69970-70196(+,-)	82.84
AYEL01059930.1:11943-12180(+,-)	79.66
AYEL01039454.1:4830-5113(+,-)	82.91
AYEL01077805.1:14689-15110(+,-)	82.12
AYEL01087674.1:6313-6553(+,-)	70.39
AYEL01085262.1:10655-10890(+,-)	69.36
AYEL01081134.1:13427-13630(-)	76.38
AYEL01077504.1:30098-30282(-)	77.84
AYEL01070898.1:22641-22881(+,-)	73.39
AYEL01073932.1:59062-59271(+,-)	71.88
AYEL01092365.1:15846-16091(+,-)	62.50
AYEL01081426.1:9231-9486(+,-)	84.36
AYEL01051040.1:31520-31734(+,-)	83.65
AYEL01009429.1:5689-6115(+,-)	71.81
AYEL01050527.1:5998-6234(+,-)	79.66
AYEL01091560.1:8017-8384(+,-)	81.66
AYEL01059723.1:143968-144183(+,-)	81.56
AYEL01079392.1:11260-11498(+,-)	78.53
AYEL01068827.1:20032-20242(+,-)	70.80
AYEL01084543.1:10303-10633(+,-)	80.87
AYEL01048861.1:5375-5622(+,-)	70.04
AYEL01051211.1:26959-27197(+,-)	82.02
AYEL01019789.1:15223-15434(-)	58.90
AYEL01073251.1:1609-1825(+,-)	65.57
AYEL01064606.1:540-762(+,-)	70.48
AYEL01089395.1:44475-44671(+,-)	68.89
AYEL01088551.1:17330-17566(+,-)	75.71
AYEL01086799.1:0-189(+,-)	78.57
AYEL01071350.1:117230-117435(+,-)	67.88
AYEL01061835.1:3879-4117(+,-)	72.96
AYEL01016304.1:14412-14611(+,-)	76.34
AYEL01047764.1:44381-44745(+,-)	75.28
AYEL01074285.1:52077-52320(+,-)	73.74
AYEL01024390.1:6087-6324(+,-)	81.25
AYEL01073994.1:8895-9332(+,-)	73.04
AYEL01077071.1:1228-1463(+,-)	83.14
AYEL01084111.1:10589-10931(+,-)	82.19
AYEL01082445.1:9949-10248(+,-)	76.04
AYEL01086203.1:34206-34443(+,-)	80.79
AYEL01090367.1:156-398(+,-)	85.47
AYEL01073194.1:829-1050(+,-)	69.23
AYEL01077673.1:68492-68727(+,-)	62.15
AYEL01063816.1:40564-40767(-)	76.38
AYEL01081641.1:84817-85008(+,-)	75.95
AYEL01087264.1:24720-24953(+,-)	70.37
AYEL01047185.1:10714-11007(+,-)	91.13
AYEL01061655.1:40719-40959(+,-)	74.68
AYEL01085776.1:55694-56024(+,-)	84.76
AYEL01090008.1:39114-39363(+,-)	75.27
AYEL01083520.1:1799-2041(+,-)	83.43
AYEL01070865.1:63120-63357(+,-)	65.85
AYEL01091167.1:62493-62731(+,-)	82.02
AYEL01079108.1:518-727(+)	69.23
AYEL01063024.1:882-1129(+,-)	73.93
AYEL01078995.1:32527-32858(+,-)	83.33
AYEL01082297.1:1559-1879(+,-)	70.00
AYEL01077376.1:15789-15993(+,-)	73.45
AYEL01082989.1:4873-5109(+,-)	70.54
AYEL01091746.1:37118-37356(+,-)	80.34
AYEL01073598.1:40202-40411(+,-)	72.46
AYEL01068184.1:331-568(+,-)	71.74
AYEL01056414.1:14190-14428(+,-)	76.02
AYEL01088660.1:849-1089(+,-)	78.65
AYEL01075698.1:1207-1443(+,-)	80.45
AYEL01084273.1:88616-88824(+,-)	60.69
AYEL01090963.1:50860-51099(+,-)	74.68
AYEL01089312.1:7943-8332(+,-)	69.31
AYEL01084863.1:86924-87152(+,-)	71.19
AYEL01065035.1:6895-7134(+,-)	73.28
AYEL01088633.1:21337-21571(+,-)	72.94
AYEL01025357.1:20969-21180(+,-)	73.49
AYEL01085093.1:67433-67682(+,-)	78.01
AYEL01071212.1:23378-23618(+,-)	86.59
AYEL01088768.1:31668-31914(+,-)	65.09
AYEL01091564.1:3017-3268(+,-)	64.97
AYEL01080997.1:24110-24342(+,-)	84.27
AYEL01060492.1:660-919(+,-)	76.69
AYEL01043958.1:11157-11385(+,-)	68.60
AYEL01047931.1:18241-18562(+,-)	74.58
AYEL01069465.1:40528-40767(+,-)	81.01
AYEL01092090.1:21694-21935(+,-)	74.57
AYEL01086663.1:57084-57283(+,-)	69.94
AYEL01065822.1:58299-58535(+,-)	68.54
AYEL01052980.1:970-1208(+,-)	80.34
AYEL01072688.1:451-685(+,-)	67.11
AYEL01071212.1:27964-28202(+,-)	82.22
AYEL01064407.1:48297-48522(-)	70.83
AYEL01072851.1:28635-28826(+,-)	81.61
AYEL01070066.1:5518-5743(+,-)	69.59
AYEL01074068.1:89074-89306(+,-)	68.71
AYEL01085978.1:11957-12196(+,-)	78.09
AYEL01091240.1:50042-50281(+,-)	71.43
AYEL01074774.1:16317-16623(+,-)	70.39
AYEL01066360.1:37861-38164(+,-)	68.52
AYEL01087609.1:11919-12119(+,-)	78.21
AYEL01055264.1:25735-25988(+,-)	67.81
AYEL01077801.1:4323-4555(+,-)	71.26
AYEL01085623.1:6690-6948(+,-)	72.67
AYEL01013396.1:6188-6663(+,-)	81.67
AYEL01084263.1:13717-13934(+,-)	78.00
AYEL01068625.1:25774-26016(+,-)	78.65
AYEL01055844.1:43323-43661(+,-)	82.56
AYEL01072564.1:18515-18803(+,-)	78.08
AYEL01031257.1:67201-67542(+,-)	71.61
AYEL01080929.1:45159-45398(+,-)	75.28
AYEL01091244.1:7808-8047(+,-)	82.02
AYEL01082863.1:31019-31300(+,-)	72.61
AYEL01071140.1:22774-23021(+,-)	88.79
AYEL01069917.1:31892-32131(+,-)	77.65
AYEL01076673.1:3396-3608(+,-)	78.95
AYEL01060646.1:4841-5081(+,-)	72.10
AYEL01064576.1:96874-97067(+,-)	64.75
AYEL01015530.1:15868-16081(+,-)	60.85
AYEL01083576.1:994-1234(+,-)	73.26
AYEL01063142.1:2151-2390(+,-)	72.57
AYEL01086673.1:14893-15111(+,-)	73.86
AYEL01090763.1:17161-17371(+,-)	81.44
AYEL01085068.1:53494-53722(+,-)	65.91
AYEL01072338.1:67207-67590(+,-)	80.73
AYEL01054719.1:1759-1997(+,-)	83.71
AYEL01084736.1:35196-35430(+,-)	74.25
AYEL01076762.1:3490-3703(+,-)	66.34
AYEL01069240.1:1837-2101(+,-)	81.11
AYEL01054713.1:24866-25108(+,-)	73.62
AYEL01062266.1:57670-57977(+,-)	79.23
AYEL01081082.1:4783-5044(+,-)	82.43
AYEL01088098.1:6072-6358(+,-)	74.26
AYEL01031874.1:42022-42259(+,-)	79.21
AYEL01031112.1:51-293(+,-)	66.67
AYEL01077960.1:11556-11794(+,-)	79.10
AYEL01085057.1:118666-118958(+,-)	77.65
AYEL01031809.1:119223-119436(+,-)	71.09
AYEL01084944.1:9832-10023(+,-)	76.24
AYEL01049864.1:18032-18317(+,-)	76.50
AYEL01088024.1:33013-33253(+,-)	85.45
AYEL01081753.1:28411-28739(+,-)	78.65
AYEL01078492.1:45878-46132(+,-)	79.55
AYEL01081904.1:17162-17402(+,-)	73.39
AYEL01061641.1:3065-3280(+,-)	77.07
AYEL01058289.1:7964-8186(+,-)	80.77
AYEL01076547.1:372-611(+,-)	73.39
AYEL01076256.1:10221-10452(+,-)	70.00
AYEL01085620.1:7327-7581(+,-)	82.12
AYEL01065785.1:7482-7720(+,-)	74.46
AYEL01090717.1:30084-30326(+,-)	82.68
AYEL01071500.1:70496-70715(+,-)	68.39
AYEL01085838.1:36452-36691(+,-)	83.89
AYEL01089179.1:15333-15563(+,-)	75.14
AYEL01083240.1:48961-49206(+,-)	73.42
AYEL01051243.1:10144-10359(+,-)	69.01
AYEL01075159.1:4000-4214(+,-)	83.65
AYEL01084468.1:16039-16255(+,-)	59.86
AYEL01078642.1:7330-7543(+,-)	76.88
AYEL01084965.1:45914-46149(+,-)	79.10
AYEL01077277.1:11780-12018(+,-)	73.71
AYEL01087939.1:1401-1595(+,-)	81.94
AYEL01067781.1:10732-10932(+,-)	66.91
AYEL01080892.1:48954-49226(+,-)	82.17
AYEL01038166.1:59321-59549(+,-)	80.34
AYEL01080012.1:96050-96288(+,-)	84.27
AYEL01083595.1:60406-60632(+,-)	85.47
AYEL01071165.1:62809-63050(+,-)	73.59
AYEL01057102.1:5189-5418(+,-)	71.93
AYEL01080818.1:12372-12595(-)	80.10
AYEL01073598.1:42353-42565(+,-)	70.19
AYEL01057896.1:2134-2373(+,-)	75.00
AYEL01065132.1:476-762(+,-)	75.00
AYEL01078443.1:65898-66137(+,-)	77.09
AYEL01090172.1:47427-47650(+,-)	68.98
AYEL01070250.1:81895-82160(+,-)	82.86
AYEL01085794.1:876-1124(+,-)	71.67
AYEL01089365.1:26337-26586(+,-)	77.27
AYEL01077942.1:3515-3734(+,-)	82.68
AYEL01087467.1:55185-55640(+,-)	82.86
AYEL01068980.1:62810-63047(+,-)	73.86
AYEL01060099.1:2606-2844(+,-)	83.71
AYEL01035585.1:17441-17657(+,-)	79.55
AYEL01079139.1:7783-8023(-)	80.92
AYEL01063499.1:6325-6531(+,-)	73.86
AYEL01090639.1:101039-101356(+,-)	73.39
AYEL01091316.1:82866-83082(+,-)	73.55
AYEL01091483.1:418-649(+,-)	68.54
AYEL01080762.1:49143-49354(+,-)	78.26
AYEL01066130.1:106695-106929(+,-)	65.88
AYEL01054960.1:33886-34100(+,-)	83.65
AYEL01065429.1:3444-3682(+,-)	71.00
AYEL01079491.1:21260-21507(+,-)	75.42
AYEL01056466.1:11110-11352(+,-)	70.64
AYEL01058379.1:83496-83730(+,-)	82.25
AYEL01086400.1:9086-9318(+,-)	77.50
AYEL01084874.1:137996-138298(+,-)	79.55
AYEL01059063.1:9905-10194(+,-)	72.44
AYEL01020852.1:13084-13310(+,-)	78.21
AYEL01068453.1:96779-97011(+,-)	81.87
AYEL01089916.1:30739-30981(+,-)	81.01
AYEL01078818.1:31025-31270(+,-)	81.77
AYEL01078067.1:34552-34827(+,-)	74.32
AYEL01053105.1:56889-57126(+,-)	82.49
AYEL01071333.1:30356-30629(+,-)	81.46
AYEL01045728.1:23090-23326(+,-)	67.25
AYEL01055704.1:29914-30156(+,-)	72.34
AYEL01055670.1:11126-11342(+,-)	68.97
AYEL01049229.1:1497-1716(+,-)	67.47
AYEL01073929.1:5312-5601(+,-)	77.17
AYEL01060030.1:14618-14856(+,-)	84.83
AYEL01076481.1:11637-11835(+,-)	80.50
AYEL01085868.1:8113-8334(+,-)	67.47
AYEL01077398.1:10356-10569(+,-)	79.21
AYEL01079767.1:10305-10522(+,-)	80.90
AYEL01079502.1:34964-35164(+,-)	79.27
AYEL01064472.1:77622-78072(+,-)	74.04
AYEL01063829.1:46161-46353(+,-)	92.93
AYEL01074352.1:9587-9790(-)	76.38
AYEL01076189.1:66713-67050(+,-)	81.46
AYEL01074887.1:35002-35339(+,-)	85.40
AYEL01072036.1:113073-113264(-)	64.20
AYEL01072515.1:18484-18719(+,-)	55.61
AYEL01057030.1:885-1127(+,-)	78.62
AYEL01072402.1:33658-33869(+,-)	83.12
AYEL01085319.1:45289-45527(+,-)	83.71
AYEL01066137.1:20263-20468(+,-)	58.82
AYEL01088692.1:16486-16721(+,-)	81.40
AYEL01049022.1:6920-7131(+,-)	64.44
AYEL01079003.1:30460-30768(+,-)	76.70
AYEL01077504.1:40688-40911(+,-)	60.74
AYEL01086414.1:112189-112519(+,-)	83.19
AYEL01081950.1:18159-18525(+,-)	70.39
AYEL01060490.1:523-765(+,-)	72.22
AYEL01053352.1:429-664(+,-)	80.79
AYEL01079628.1:24053-24291(+,-)	82.49
AYEL01073333.1:1100-1394(+,-)	75.45
AYEL01050286.1:2188-2402(+,-)	58.59
AYEL01084529.1:16931-17166(+,-)	71.68
AYEL01084555.1:1826-2051(+,-)	74.58
AYEL01017511.1:354-629(+,-)	76.88
AYEL01079930.1:18152-18352(+,-)	76.58
AYEL01091704.1:74755-74986(+,-)	68.00
AYEL01061958.1:1353-1593(+,-)	86.03
AYEL01085750.1:25364-25599(+,-)	67.84
AYEL01065126.1:11446-11681(+,-)	81.61
AYEL01091567.1:2817-3054(+,-)	79.21
AYEL01089361.1:1559-1796(+,-)	69.57
AYEL01028927.1:4723-4940(+,-)	83.91
AYEL01069638.1:23505-23705(+,-)	60.19
AYEL01088242.1:17837-18078(+,-)	77.53
AYEL01085251.1:8302-8492(+,-)	82.46
AYEL01083920.1:5174-5388(+,-)	82.04
AYEL01087967.1:15948-16273(+,-)	68.35
AYEL01092379.1:7732-7966(+,-)	72.25
AYEL01069813.1:11794-12025(+,-)	84.44
AYEL01039631.1:534-842(+,-)	69.77
AYEL01080974.1:6368-6629(+,-)	72.34
AYEL01067546.1:35635-36047(+,-)	81.46
AYEL01073035.1:10477-10677(+,-)	75.13
AYEL01076316.1:72819-73040(+,-)	60.24
AYEL01087879.1:3513-3749(+,-)	74.07
AYEL01072902.1:155-397(+,-)	74.14
AYEL01045282.1:72952-73165(+,-)	82.68
AYEL01049033.1:124334-124574(+,-)	78.29
AYEL01076593.1:10302-10499(+)	68.00
AYEL01057628.1:6753-6993(+,-)	73.39
AYEL01069685.1:30240-30480(+,-)	79.21
AYEL01029408.1:25692-25930(+,-)	81.77
AYEL01063932.1:96173-96393(-)	72.44
AYEL01090002.1:10685-10920(+,-)	69.47
AYEL01069603.1:29206-29531(+,-)	69.20
AYEL01027980.1:12972-13213(+,-)	74.68
AYEL01068121.1:2592-2832(+,-)	72.96
AYEL01077734.1:13076-13312(+,-)	82.39
AYEL01090509.1:2936-3128(-)	84.09
AYEL01040563.1:98551-98879(+,-)	74.86
AYEL01064876.1:1652-1858(+,-)	58.28
AYEL01087674.1:30926-31165(+,-)	73.71
AYEL01088721.1:13314-13553(+,-)	72.17
AYEL01083452.1:6113-6354(+,-)	70.26
AYEL01089419.1:12311-12572(+,-)	78.81
AYEL01067847.1:10988-11179(-)	64.81
AYEL01089634.1:9266-9504(+,-)	82.66
AYEL01082970.1:54668-54901(+,-)	82.08
AYEL01022128.1:21858-22043(+)	83.12
AYEL01066749.1:14730-14978(+,-)	69.11
AYEL01075938.1:99876-100142(+,-)	73.26
AYEL01070832.1:2352-2594(+,-)	74.89
AYEL01080940.1:6927-7156(+,-)	66.45
AYEL01063904.1:67135-67366(+,-)	73.23
AYEL01053014.1:2095-2326(+,-)	79.52
AYEL01066315.1:41474-41714(+,-)	74.68
AYEL01058612.1:13929-14176(+,-)	79.12
AYEL01091686.1:23502-23736(+,-)	77.78
AYEL01087802.1:1875-2116(+,-)	73.39
AYEL01065492.1:31320-31618(+,-)	77.50
AYEL01087238.1:477-707(+,-)	65.70
AYEL01048861.1:3269-3510(+,-)	70.15
AYEL01082075.1:7245-7486(+,-)	83.33
AYEL01073407.1:831-1026(-)	78.15
AYEL01045282.1:72205-72404(+,-)	74.12
AYEL01048075.1:29796-30040(+,-)	82.86
AYEL01076677.1:21273-21479(+,-)	68.04
AYEL01083516.1:97356-97588(+,-)	70.11
AYEL01065161.1:11856-12088(+,-)	75.44
AYEL01050805.1:11029-11275(+,-)	77.65
AYEL01048163.1:2593-2837(+,-)	75.53
AYEL01073088.1:11107-11347(+,-)	74.25
AYEL01077967.1:4058-4256(+,-)	75.88
AYEL01077332.1:17224-17463(+,-)	72.41
AYEL01081826.1:14514-14748(+,-)	79.10
AYEL01066008.1:3972-4204(+,-)	77.50
AYEL01042547.1:34585-34817(+,-)	84.80
AYEL01090670.1:13802-14030(+,-)	80.37
AYEL01074333.1:30016-30207(+,-)	84.21
AYEL01071024.1:6983-7223(+,-)	63.74
AYEL01055726.1:25425-25645(+,-)	68.71
AYEL01084510.1:57438-57672(+,-)	74.86
AYEL01069354.1:9807-10024(+,-)	70.39
AYEL01051656.1:548-766(+,-)	69.23
AYEL01081807.1:23800-24037(+,-)	75.42
AYEL01074390.1:56350-56589(+,-)	73.28
AYEL01055791.1:8911-9156(+,-)	73.84
AYEL01075113.1:52009-52248(+,-)	82.68
AYEL01068843.1:2398-2802(+,-)	73.30
AYEL01074560.1:7902-8142(+,-)	74.25
AYEL01075776.1:4869-5109(+,-)	82.58
AYEL01054427.1:93438-93664(+,-)	68.99
AYEL01043282.1:7026-7245(+,-)	65.41
AYEL01077915.1:36717-36943(+,-)	74.12
AYEL01053548.1:23672-23912(+,-)	78.65
AYEL01077138.1:80878-81064(-)	80.57
AYEL01047949.1:9912-10156(+,-)	55.30
AYEL01045879.1:1601-1840(+,-)	71.55
AYEL01015197.1:3929-4210(+,-)	79.07
AYEL01079459.1:16849-17065(+,-)	71.91
AYEL01007657.1:7652-7870(+,-)	75.31
AYEL01086704.1:63977-64237(+,-)	80.15
AYEL01079929.1:61487-61780(+,-)	78.45
AYEL01087319.1:538-768(+,-)	78.09
AYEL01074641.1:1864-2091(+,-)	82.12
AYEL01064547.1:14882-15121(+,-)	71.55
AYEL01015480.1:9027-9219(+,-)	80.68
AYEL01071899.1:33417-33655(+,-)	81.36
AYEL01091255.1:18955-19244(+,-)	77.09
AYEL01084874.1:64497-64733(+,-)	70.26
AYEL01069956.1:23242-23445(-)	76.38
AYEL01048647.1:28182-28428(+,-)	74.68
AYEL01071813.1:9102-9318(+,-)	81.10
AYEL01057069.1:83234-83474(+,-)	72.10
AYEL01066235.1:5537-6023(+,-)	68.40
AYEL01088323.1:16202-16440(+,-)	80.35
AYEL01013779.1:26429-26716(+,-)	81.01
AYEL01079096.1:7562-7997(+,-)	69.87
AYEL01081048.1:7652-7849(+,-)	85.71
AYEL01086377.1:23100-23325(+,-)	75.71
AYEL01023992.1:14982-15214(+,-)	71.79
AYEL01081501.1:29154-29386(+,-)	80.23
AYEL01088514.1:24833-25070(+,-)	82.58
AYEL01077225.1:4035-4268(+,-)	81.93
AYEL01071277.1:9267-9505(+,-)	79.60
AYEL01089179.1:16370-16661(+,-)	67.44
AYEL01080395.1:42776-43053(+,-)	73.14
AYEL01030248.1:1312-1540(+,-)	61.65
AYEL01081396.1:12830-13058(+,-)	76.57
AYEL01038481.1:5-200(+,-)	67.69
AYEL01076677.1:20955-21197(+,-)	72.34
AYEL01092239.1:10611-10833(+)	65.55
AYEL01083396.1:8544-8745(-)	79.47
AYEL01078173.1:9235-9471(+,-)	85.80
AYEL01090906.1:1738-1966(+,-)	80.90
AYEL01080492.1:21148-21353(+,-)	71.76
AYEL01064337.1:4523-4745(+,-)	73.60
AYEL01058057.1:46122-46317(+)	73.28
AYEL01060615.1:11479-11774(+,-)	80.37
AYEL01043685.1:6327-6530(-)	76.38
AYEL01079001.1:9209-9442(+,-)	82.58
AYEL01045016.1:3311-3520(+,-)	80.00
AYEL01089916.1:7323-7568(+,-)	73.84
AYEL01091611.1:69661-70042(+,-)	75.24
AYEL01079959.1:7930-8148(+,-)	72.85
AYEL01038161.1:0-231(-)	65.83
AYEL01075803.1:504-760(+,-)	78.57
AYEL01065729.1:5929-6162(+,-)	77.84
AYEL01040671.1:1048-1344(+,-)	85.81
AYEL01086600.1:3712-4112(+,-)	66.37
AYEL01061130.1:40527-40766(+,-)	75.00
AYEL01063539.1:641-881(+,-)	70.39
AYEL01064002.1:19199-19412(+)	66.47
AYEL01052762.1:53966-54160(+,-)	88.37
AYEL01054499.1:18996-19321(+,-)	77.09
AYEL01064254.1:8448-8664(+,-)	82.68
AYEL01083472.1:10951-11181(+,-)	68.12
AYEL01085401.1:92425-92776(+,-)	73.71
AYEL01079970.1:36894-37134(+,-)	81.46
AYEL01053129.1:2466-2666(+)	64.23
AYEL01066739.1:29095-29351(+,-)	74.03
AYEL01079286.1:4389-4604(+,-)	72.93
AYEL01057610.1:74527-74767(+,-)	62.39
AYEL01086317.1:15351-15575(+,-)	71.57
AYEL01051214.1:71238-71450(+,-)	70.59
AYEL01071539.1:5860-6099(+,-)	73.71
AYEL01064834.1:7419-7615(-)	74.67
AYEL01060457.1:44763-45003(+,-)	80.45
AYEL01055329.1:16830-17055(+,-)	82.86
AYEL01081788.1:69602-69842(+,-)	75.54
AYEL01084527.1:65804-66004(+,-)	62.35
AYEL01082261.1:93529-93769(+,-)	68.70
AYEL01076099.1:33395-33634(+,-)	71.98
AYEL01067750.1:1392-1619(+,-)	74.57
AYEL01072103.1:18476-18751(+,-)	66.88
AYEL01080694.1:38954-39195(+,-)	75.42
AYEL01087525.1:9426-9673(+,-)	80.60
AYEL01089646.1:6814-7045(+,-)	58.97
AYEL01086227.1:3830-4070(+,-)	73.04
AYEL01071212.1:1415-1669(+,-)	70.00
AYEL01065792.1:15430-15670(+,-)	81.56
AYEL01041916.1:4981-5352(+,-)	75.14
AYEL01087606.1:3370-3581(+,-)	65.98
AYEL01089571.1:53718-53937(-)	59.62
AYEL01059702.1:26215-26457(+,-)	57.92
AYEL01087311.1:12424-12643(+,-)	72.17
AYEL01055013.1:12634-13132(+,-)	73.39
AYEL01081885.1:26615-26826(+,-)	83.91
AYEL01081294.1:66089-66289(+,-)	69.79
AYEL01070519.1:4499-4730(+,-)	61.43
AYEL01072336.1:19590-19829(+,-)	75.21
AYEL01083001.1:13973-14213(+,-)	72.10
AYEL01071644.1:13886-14114(+,-)	66.86
AYEL01052761.1:8899-9137(+,-)	74.44
AYEL01046526.1:1872-2110(+,-)	79.29
AYEL01074530.1:26238-26464(+,-)	73.45
AYEL01075428.1:159457-159958(+,-)	73.25
AYEL01066872.1:31399-31620(+,-)	70.16
AYEL01079008.1:1584-1786(+,-)	73.91
AYEL01084119.1:3559-3793(+,-)	74.01
AYEL01082452.1:8454-8659(+,-)	69.34
AYEL01090111.1:2285-2528(+,-)	72.53
AYEL01076348.1:4281-4505(+,-)	82.95
AYEL01022961.1:13732-13965(+,-)	75.44
AYEL01074068.1:79108-79347(+,-)	85.47
AYEL01091066.1:13492-13978(+,-)	73.50
AYEL01046893.1:14435-14661(+,-)	75.61
AYEL01048878.1:173-413(+,-)	81.92
AYEL01075941.1:47425-47706(+,-)	78.16
AYEL01079343.1:3008-3248(+,-)	81.56
AYEL01049024.1:4071-4305(+,-)	78.86
AYEL01083039.1:10295-10530(+,-)	78.98
AYEL01015934.1:35345-35723(+,-)	78.33
AYEL01055904.1:6720-7077(+,-)	82.05
AYEL01079226.1:31154-31373(+,-)	75.31
AYEL01055013.1:5565-5800(+,-)	84.57
AYEL01089662.1:40208-40434(+,-)	77.27
AYEL01034570.1:13642-13880(+,-)	80.45
AYEL01076488.1:77484-77719(+,-)	70.41
AYEL01075451.1:13-254(+,-)	84.38
AYEL01081781.1:25955-26192(+,-)	82.12
AYEL01085016.1:87353-87572(+,-)	79.31
AYEL01085181.1:16369-16837(+,-)	77.63
AYEL01074175.1:7914-8152(+,-)	84.09
AYEL01086768.1:10373-10582(+,-)	76.47
AYEL01084238.1:27193-27428(+,-)	76.00
AYEL01088853.1:51687-51896(+,-)	85.19
AYEL01083161.1:77828-78067(+,-)	70.69
AYEL01075159.1:92715-92927(+,-)	71.27
AYEL01091007.1:2246-2481(+,-)	75.14
AYEL01092343.1:16544-16771(+,-)	81.29
AYEL01085789.1:33610-33852(+,-)	74.04
AYEL01079412.1:14398-14621(+,-)	76.50
AYEL01055631.1:25798-26035(+,-)	84.27
AYEL01051451.1:7053-7290(+,-)	83.24
AYEL01013396.1:10229-10467(+,-)	68.21
AYEL01063422.1:2999-3238(+,-)	77.71
AYEL01063173.1:26885-27126(+,-)	82.68
AYEL01032840.1:27675-27897(+,-)	74.39
AYEL01089343.1:65365-65609(+,-)	63.25
AYEL01080834.1:12038-12228(+,-)	75.16
AYEL01084951.1:7299-7734(+,-)	83.15
AYEL01087103.1:23115-23430(+,-)	72.95
AYEL01067263.1:82-303(+,-)	75.47
AYEL01089503.1:19132-19372(+,-)	72.53
AYEL01085024.1:8910-9157(+,-)	68.71
AYEL01080993.1:41327-41630(+,-)	86.73
AYEL01069471.1:37910-38141(+,-)	77.69
AYEL01071693.1:93887-94112(+,-)	78.53
AYEL01082398.1:28349-28550(+)	68.63
AYEL01079893.1:113475-113710(+,-)	78.41
AYEL01063985.1:16454-16686(+,-)	66.67
AYEL01055485.1:34723-34943(+,-)	67.53
AYEL01070349.1:22736-22996(+,-)	79.51
AYEL01079132.1:65114-65516(+,-)	84.92
AYEL01065091.1:12066-12301(+,-)	73.25
AYEL01025149.1:0-216(+,-)	79.75
AYEL01040590.1:18404-18643(+,-)	71.00
AYEL01073501.1:29263-29498(+,-)	84.75
AYEL01070523.1:5681-5884(+)	72.22
AYEL01080762.1:51083-51395(+,-)	81.76
AYEL01076137.1:29542-29781(+,-)	74.85
AYEL01082053.1:45791-46026(+,-)	79.10
AYEL01077150.1:20534-20820(+,-)	77.63
AYEL01085088.1:1319-1539(+,-)	75.16
AYEL01089040.1:7683-7921(+,-)	74.72
AYEL01076448.1:44310-44537(+,-)	77.97
AYEL01033564.1:969-1208(+,-)	80.45
AYEL01036909.1:2443-2672(+,-)	67.63
AYEL01076463.1:183-523(+,-)	81.01
AYEL01085197.1:84506-84839(+,-)	88.60
AYEL01049127.1:12425-12665(+,-)	79.21
AYEL01085226.1:102619-102829(+,-)	65.85
AYEL01034545.1:21985-22219(+,-)	61.19
AYEL01030254.1:22947-23175(-)	77.07
AYEL01091337.1:29072-29282(+,-)	67.02
AYEL01072980.1:37608-37840(+,-)	75.72
AYEL01055643.1:105950-106178(+,-)	61.98
AYEL01087122.1:2624-2865(+,-)	77.65
AYEL01070210.1:24129-24369(+,-)	69.83
AYEL01035924.1:7024-7178(-)	83.70
AYEL01072668.1:39908-40174(+,-)	71.03
AYEL01057548.1:119-363(+,-)	63.36
AYEL01090352.1:11644-11871(+,-)	76.38
AYEL01089674.1:81-318(+,-)	77.59
AYEL01057226.1:2035-2276(+,-)	82.12
AYEL01090649.1:9272-9507(+,-)	78.34
AYEL01091571.1:4428-4680(+,-)	74.89
AYEL01079915.1:12878-13029(+)	83.51
AYEL01084218.1:31808-32064(+,-)	71.24
AYEL01090254.1:39447-39691(+,-)	80.49
AYEL01078536.1:39849-40045(+,-)	81.01
AYEL01039380.1:22933-23127(+,-)	82.02
AYEL01080851.1:7328-7568(+,-)	74.86
AYEL01056455.1:14289-14524(+,-)	80.79
AYEL01053797.1:1732-1970(+,-)	71.00
AYEL01081687.1:7650-7878(+,-)	69.32
AYEL01067491.1:67507-67747(+,-)	74.68
AYEL01067187.1:9425-9646(+,-)	68.18
AYEL01076743.1:13272-13512(+,-)	73.39
AYEL01080118.1:43194-43456(+,-)	76.61
AYEL01032853.1:14006-14216(+,-)	64.60
AYEL01082445.1:36155-36369(+,-)	83.65
AYEL01087869.1:2766-3005(+,-)	73.71
AYEL01068920.1:41073-41384(+,-)	82.08
AYEL01090972.1:108325-108556(+,-)	76.61
AYEL01090273.1:39353-39574(+,-)	68.16
AYEL01070448.1:2710-2908(+,-)	72.99
AYEL01062801.1:27537-27723(+)	82.79
AYEL01050674.1:61916-62161(+,-)	78.98
AYEL01087813.1:5249-5720(+,-)	75.55
AYEL01075701.1:697-936(+,-)	73.58
AYEL01021622.1:12885-13249(+,-)	82.02
AYEL01081827.1:8796-9023(+,-)	69.75
AYEL01087058.1:448-666(+,-)	79.78
AYEL01061232.1:3391-3733(+,-)	72.73
AYEL01091883.1:119-359(+,-)	74.25
AYEL01081035.1:48522-48736(+,-)	83.65
AYEL01085454.1:113263-113482(+,-)	81.03
AYEL01057977.1:39448-39743(+,-)	74.42
AYEL01070135.1:2321-2557(+,-)	73.91
AYEL01064029.1:6921-7162(+,-)	66.38
AYEL01090280.1:2702-2900(+,-)	83.24
AYEL01065212.1:75814-76053(+,-)	70.67
AYEL01070290.1:5931-6207(+,-)	81.55
AYEL01080167.1:42734-42946(-)	63.64
AYEL01082838.1:108309-108525(+,-)	73.08
AYEL01084347.1:1265-1657(+,-)	79.89
AYEL01084280.1:2378-2620(+,-)	74.04
AYEL01067819.1:5150-5367(+,-)	81.56
AYEL01065407.1:28637-28829(+,-)	78.83
AYEL01052360.1:13229-13453(+,-)	82.91
AYEL01086473.1:42306-42536(+,-)	59.36
AYEL01071214.1:42822-43234(+,-)	65.79
AYEL01077175.1:17312-17506(-)	84.30
AYEL01054419.1:64219-64455(+,-)	83.71
AYEL01065526.1:21054-21261(+,-)	67.65
AYEL01086317.1:15785-16024(+,-)	71.19
AYEL01049931.1:57767-57963(+,-)	64.23
AYEL01070090.1:4255-4508(+,-)	75.40
AYEL01073035.1:9482-9694(+,-)	67.74
AYEL01065242.1:146266-146727(+,-)	73.86
AYEL01082840.1:52390-52622(+,-)	64.60
AYEL01087900.1:43812-44046(+,-)	69.54
AYEL01084571.1:11296-11511(+,-)	69.70
AYEL01034685.1:20666-20900(+,-)	80.00
AYEL01072175.1:14102-14332(+,-)	72.97
AYEL01073555.1:20074-20300(+,-)	78.16
AYEL01073860.1:11737-11977(+,-)	73.39
AYEL01074590.1:7099-7442(+,-)	83.09
AYEL01084673.1:18814-19037(+,-)	65.57
AYEL01086427.1:43662-43901(+,-)	73.59
AYEL01080259.1:29048-29289(+,-)	71.37
AYEL01082023.1:4872-5126(+,-)	82.02
AYEL01073734.1:4576-4797(+,-)	62.67
AYEL01090445.1:38014-38214(+,-)	75.43
AYEL01073638.1:42112-42336(+,-)	66.67
AYEL01080860.1:16126-16364(+,-)	67.53
AYEL01070175.1:34034-34231(-)	60.33
AYEL01091367.1:94641-94852(+,-)	61.17
AYEL01088369.1:49872-50081(+,-)	73.27
AYEL01051042.1:66638-66886(+,-)	69.23
AYEL01040566.1:32159-32377(+,-)	78.71
AYEL01077241.1:40199-40429(+,-)	67.65
AYEL01065230.1:25894-26188(+,-)	71.19
AYEL01066009.1:179210-179438(+,-)	62.13
AYEL01082517.1:34931-35198(+,-)	71.43
AYEL01059930.1:17688-17907(+,-)	75.82
AYEL01089916.1:28721-28931(+,-)	66.67
AYEL01068834.1:7642-8204(+,-)	82.73
AYEL01087793.1:28976-29189(+,-)	80.92
AYEL01029785.1:241-480(+,-)	67.37
AYEL01090096.1:12922-13149(+,-)	81.55
AYEL01072140.1:86392-86619(+,-)	75.86
AYEL01087676.1:7563-7773(+,-)	63.77
AYEL01070609.1:31620-31989(+,-)	72.20
AYEL01079909.1:67516-67847(+,-)	80.90
AYEL01087618.1:66162-66387(+,-)	69.70
AYEL01063638.1:29159-29394(+,-)	78.66
AYEL01081927.1:123555-123788(+,-)	69.28
AYEL01090129.1:0-226(+,-)	75.35
AYEL01047435.1:11980-12181(+,-)	73.85
AYEL01091446.1:49463-49703(+,-)	83.24
AYEL01073235.1:10816-11005(-)	79.17
AYEL01089183.1:17048-17233(+)	82.50
AYEL01012496.1:17491-17709(+,-)	75.57
AYEL01070550.1:55645-55868(+,-)	75.00
AYEL01019363.1:3389-3578(+)	60.00
AYEL01030952.1:18118-18361(+,-)	76.97
AYEL01051716.1:35502-35759(+,-)	62.50
AYEL01073846.1:4717-4956(+,-)	70.22
AYEL01077625.1:17856-18093(+,-)	64.35
AYEL01088311.1:8454-8680(+,-)	65.37
AYEL01071626.1:5720-5952(+,-)	74.30
AYEL01082988.1:40992-41213(+,-)	76.30
AYEL01071006.1:132366-132564(+,-)	76.54
AYEL01090168.1:33493-33726(+,-)	75.22
AYEL01086093.1:68082-68306(+,-)	82.63
AYEL01090593.1:6367-6594(+,-)	83.15
AYEL01063740.1:21243-21482(+,-)	72.84
AYEL01086671.1:91201-91393(+,-)	74.77
AYEL01082425.1:13503-13736(+,-)	68.14
AYEL01055539.1:0-201(+,-)	73.63
AYEL01071856.1:16506-16746(+,-)	83.24
AYEL01068028.1:9104-9330(+,-)	75.00
AYEL01081294.1:33250-33489(+,-)	80.57
AYEL01071761.1:12781-13021(+,-)	76.30
AYEL01083917.1:43874-44117(+,-)	73.50
AYEL01087924.1:19247-19437(+)	71.68
AYEL01078055.1:43154-43394(+,-)	74.25
AYEL01054832.1:28541-28764(+,-)	81.99
AYEL01052722.1:6400-6630(+,-)	65.32
AYEL01090963.1:50190-50428(+,-)	72.73
AYEL01068659.1:57774-58019(+,-)	75.11
AYEL01064820.1:1321-1548(+,-)	83.44
AYEL01085538.1:4321-4513(+,-)	69.94
AYEL01066931.1:45543-45773(+,-)	68.60
AYEL01057629.1:35682-35919(+,-)	67.55
AYEL01069016.1:36369-36706(+,-)	77.01
AYEL01056355.1:11391-11605(+,-)	86.39
AYEL01091252.1:23914-24288(+,-)	72.10
AYEL01075581.1:5268-5607(+,-)	71.59
AYEL01080065.1:30569-30811(+,-)	75.00
AYEL01083410.1:15064-15306(+,-)	67.69
AYEL01073862.1:5868-6107(+,-)	74.58
AYEL01090468.1:13853-14081(+,-)	69.77
AYEL01061724.1:17613-17857(+,-)	74.68
AYEL01080041.1:96150-96381(+,-)	75.95
AYEL01089288.1:11494-11734(+,-)	75.11
AYEL01090064.1:8653-8885(+,-)	73.45
AYEL01084373.1:14524-14756(+,-)	72.50
AYEL01040577.1:13819-14016(+,-)	65.38
AYEL01083350.1:25649-26047(+,-)	84.27
AYEL01074789.1:26713-26939(+,-)	73.49
AYEL01082169.1:13656-13886(+,-)	80.90
AYEL01071468.1:34404-34605(+)	81.03
AYEL01074249.1:88787-88979(+)	75.34
AYEL01078845.1:22186-22433(+,-)	73.39
AYEL01076960.1:37344-37536(+,-)	79.65
AYEL01067973.1:43807-44252(+,-)	68.47
AYEL01020538.1:31348-31568(+,-)	74.77
AYEL01067182.1:27894-28120(+,-)	61.54
AYEL01073858.1:38586-38927(+,-)	81.56
AYEL01028964.1:8685-8929(+,-)	74.14
AYEL01052970.1:28348-28580(+,-)	59.15
AYEL01087333.1:32888-33088(+,-)	69.28
AYEL01086854.1:137075-137279(+,-)	71.96
AYEL01071844.1:63263-63611(+,-)	72.40
AYEL01072478.1:15140-15378(+,-)	70.93
AYEL01034478.1:18756-18994(+,-)	72.22
AYEL01070101.1:13609-13840(+,-)	82.84
AYEL01089941.1:12832-13081(+,-)	82.49
AYEL01073867.1:1251-1489(+,-)	79.33
AYEL01076244.1:36105-36323(+,-)	66.67
AYEL01083096.1:59897-60097(+,-)	82.39
AYEL01076636.1:12739-12963(+,-)	83.93
AYEL01080865.1:25740-25928(+,-)	82.02
AYEL01091654.1:25637-25843(+,-)	68.09
AYEL01084163.1:17876-18072(+,-)	77.00
AYEL01083491.1:10514-10889(+)	80.00
AYEL01070138.1:35051-35301(+,-)	72.03
AYEL01062868.1:294-534(+,-)	80.66
AYEL01035465.1:1609-1837(+,-)	66.97
AYEL01061890.1:27444-27666(+,-)	71.64
AYEL01074266.1:31842-32156(+,-)	74.39
AYEL01077402.1:24086-24334(+,-)	80.24
AYEL01086317.1:64131-64339(+,-)	83.33
AYEL01079582.1:75265-75505(+,-)	74.25
AYEL01077224.1:10108-10338(+,-)	77.19
AYEL01076974.1:16461-16676(+,-)	75.12
AYEL01046539.1:5924-6163(+,-)	68.97
AYEL01074276.1:8904-9143(+,-)	70.26
AYEL01056272.1:3344-3574(+,-)	64.41
AYEL01080694.1:55828-56124(+,-)	84.21
AYEL01077300.1:29115-29319(+,-)	74.74
AYEL01038801.1:44397-44610(+,-)	67.90
AYEL01057869.1:24271-24492(+,-)	69.44
AYEL01070700.1:58308-58548(+,-)	83.24
AYEL01071112.1:13865-14105(+,-)	74.25
AYEL01020851.1:20756-20980(+,-)	85.39
AYEL01031797.1:31491-31730(+,-)	64.75
AYEL01060196.1:18750-19028(+,-)	72.73
AYEL01079769.1:1329-1597(+,-)	71.08
AYEL01063241.1:8122-8434(+,-)	79.65
AYEL01086080.1:6037-6281(+,-)	75.14
AYEL01087036.1:35541-35780(+,-)	81.01
AYEL01090545.1:22805-23030(+,-)	72.63
AYEL01077695.1:44275-44489(+,-)	71.21
AYEL01062452.1:18840-19064(+,-)	69.88
AYEL01079993.1:34790-35026(+,-)	69.59
AYEL01067837.1:5238-5475(+,-)	79.89
AYEL01081751.1:756-1090(+,-)	80.00
AYEL01072036.1:39724-39967(+,-)	78.09
AYEL01079988.1:19974-20212(+,-)	70.56
AYEL01089763.1:7226-7445(+,-)	68.18
AYEL01081563.1:38867-39056(+,-)	70.95
AYEL01037345.1:27063-27342(+,-)	74.03
AYEL01084868.1:108770-109022(+,-)	77.59
AYEL01080744.1:30643-30875(+,-)	81.56
AYEL01077296.1:36231-36457(+,-)	70.10
AYEL01036024.1:29745-30022(+,-)	84.62
AYEL01089585.1:16246-16500(+,-)	73.56
AYEL01085464.1:64603-64843(+,-)	74.25
AYEL01061987.1:22167-22402(+,-)	75.78
AYEL01087498.1:3210-3457(+,-)	72.15
AYEL01090541.1:74861-75073(+,-)	69.28
AYEL01085141.1:17791-18017(+,-)	83.03
AYEL01082985.1:49502-49701(+)	79.44
AYEL01076077.1:44778-45014(+,-)	72.93
AYEL01081606.1:54889-55115(+,-)	74.04
AYEL01074104.1:82113-82353(+,-)	79.17
AYEL01084987.1:4152-4624(+,-)	69.10
AYEL01083481.1:43428-43645(+,-)	82.10
AYEL01091190.1:1028-1305(+,-)	90.43
AYEL01061514.1:605-814(+,-)	80.41
AYEL01072106.1:67679-67874(+)	85.71
AYEL01085305.1:47430-47777(+,-)	81.01
AYEL01083856.1:115340-115612(+,-)	61.68
AYEL01090885.1:42195-42432(+,-)	78.41
AYEL01081251.1:8656-8893(+,-)	72.93
AYEL01087973.1:14447-14839(+,-)	79.89
AYEL01083330.1:3357-3586(+,-)	67.87
AYEL01062532.1:8218-8527(+,-)	85.31
AYEL01081807.1:24230-24446(+,-)	57.87
AYEL01086178.1:11843-12113(+,-)	84.02
AYEL01072797.1:40006-40241(+,-)	73.68
AYEL01060253.1:11074-11305(+,-)	68.36
AYEL01070274.1:6400-6614(+,-)	71.51
AYEL01073727.1:66790-67014(+,-)	59.78
AYEL01077925.1:3400-3642(+,-)	63.64
AYEL01073746.1:35905-36202(+,-)	74.89
AYEL01025968.1:64922-65118(+,-)	75.25
AYEL01090490.1:77845-78056(+,-)	73.45
AYEL01063197.1:32377-32588(+,-)	83.85
AYEL01091256.1:27551-27788(+,-)	81.92
AYEL01056774.1:6189-6428(+,-)	68.28
AYEL01080958.1:38987-39281(+,-)	71.78
AYEL01084201.1:23665-23890(+,-)	80.00
AYEL01075116.1:9788-10005(+,-)	81.01
AYEL01089288.1:15661-15903(+,-)	72.34
AYEL01069223.1:13541-13775(+,-)	83.91
AYEL01081181.1:1541-1751(+,-)	66.89
AYEL01079928.1:138805-139213(+,-)	80.68
AYEL01089453.1:29163-29393(+,-)	80.90
AYEL01081068.1:11689-11925(+,-)	67.92
AYEL01085311.1:19943-20154(+,-)	69.61
AYEL01030936.1:16226-16454(+,-)	75.84
AYEL01074993.1:12031-12272(+,-)	69.53
AYEL01089230.1:20008-20237(+,-)	80.56
AYEL01082703.1:50479-50719(+,-)	76.97
AYEL01085083.1:2546-2783(+,-)	81.82
AYEL01073906.1:1271-1568(+,-)	76.53
AYEL01066063.1:43533-43745(+,-)	85.09
AYEL01079139.1:7218-7460(+,-)	73.62
AYEL01066551.1:105296-105608(+,-)	80.00
AYEL01086717.1:11377-11617(+,-)	73.71
AYEL01065987.1:9070-9335(+,-)	73.48
AYEL01012532.1:29931-30232(+,-)	86.73
AYEL01088471.1:122768-123064(+,-)	74.54
AYEL01063638.1:30145-30357(+,-)	67.43
AYEL01087934.1:29700-29966(+,-)	88.79
AYEL01071562.1:26526-26766(+,-)	71.24
AYEL01078218.1:31518-31892(+,-)	83.20
AYEL01080291.1:24040-24278(+,-)	74.18
AYEL01086693.1:63982-64146(+)	75.97
AYEL01077752.1:12602-12838(+,-)	71.35
AYEL01073141.1:76449-76682(+,-)	74.19
AYEL01073894.1:54126-54369(+,-)	82.94
AYEL01029534.1:5295-5535(+,-)	73.39
AYEL01091478.1:3551-3776(+,-)	75.45
AYEL01076370.1:10048-10280(+,-)	71.51
AYEL01090287.1:17989-18223(+,-)	74.55
AYEL01072045.1:74598-74881(+,-)	77.09
AYEL01078380.1:10782-11011(+,-)	72.35
AYEL01049571.1:41835-42165(+,-)	79.66
AYEL01063655.1:16354-16584(+,-)	79.55
AYEL01078536.1:40175-40378(+,-)	83.52
AYEL01077138.1:79144-79355(+,-)	71.61
AYEL01043206.1:385-582(+)	81.29
AYEL01087193.1:35901-36212(+,-)	82.30
AYEL01073555.1:6758-7108(+,-)	66.98
AYEL01080535.1:5107-5338(+,-)	81.33
AYEL01075219.1:9302-9537(+,-)	76.33
AYEL01074138.1:33334-33552(+,-)	82.12
AYEL01089220.1:80331-80568(+,-)	76.67
AYEL01007657.1:6293-6537(+,-)	75.11
AYEL01087825.1:5396-5634(+,-)	69.32
AYEL01090825.1:12777-13014(+,-)	76.97
AYEL01037777.1:43592-43809(+,-)	70.05
AYEL01070289.1:1292-1503(+,-)	74.03
AYEL01076849.1:695-984(+,-)	68.51
AYEL01081947.1:162910-163575(+,-)	82.25
AYEL01084710.1:17587-17846(+,-)	67.90
AYEL01079499.1:49620-49838(+,-)	75.29
AYEL01057031.1:14906-15134(+,-)	82.58
AYEL01048341.1:161-389(+,-)	80.00
AYEL01078082.1:93642-93873(+,-)	76.70
AYEL01085506.1:16434-16673(+,-)	83.15
AYEL01071665.1:3226-3445(-)	69.86
AYEL01091630.1:19329-19556(+,-)	73.08
AYEL01045160.1:17495-17726(+,-)	74.46
AYEL01068653.1:23704-23930(-)	76.38
AYEL01084542.1:28387-28674(+,-)	76.26
AYEL01087193.1:6027-6274(+,-)	74.36
AYEL01085973.1:403-630(+,-)	77.84
AYEL01058786.1:11742-12097(+,-)	73.33
AYEL01082408.1:14956-15174(+,-)	69.64
AYEL01060883.1:38388-38650(+,-)	75.00
AYEL01053269.1:2197-2436(+,-)	84.83
AYEL01067905.1:35838-36079(+,-)	81.77
AYEL01075863.1:66715-66912(+,-)	71.35
AYEL01066037.1:5412-5629(+,-)	70.45
AYEL01067460.1:898-1182(+,-)	81.34
AYEL01081768.1:16040-16275(+,-)	72.25
AYEL01088287.1:43387-43788(+,-)	68.28
AYEL01079226.1:17904-18142(+,-)	79.10
AYEL01077588.1:8551-8983(+,-)	71.24
AYEL01026552.1:11716-11959(+,-)	72.77
AYEL01078098.1:19138-19383(+,-)	84.92
AYEL01073477.1:17755-17981(+,-)	77.27
AYEL01052212.1:1854-2094(+,-)	74.68
AYEL01080820.1:3421-3639(+,-)	72.73
AYEL01075327.1:2796-3017(+,-)	81.95
AYEL01057418.1:20617-20828(+,-)	63.04
AYEL01086030.1:4348-4681(+,-)	81.97
AYEL01084718.1:35861-36098(+,-)	72.57
AYEL01065477.1:3435-3652(+,-)	74.34
AYEL01080408.1:20318-20552(+,-)	71.75
AYEL01077695.1:52344-52610(+,-)	82.33
AYEL01037298.1:47957-48197(+,-)	73.82
AYEL01029143.1:2012-2222(+,-)	76.88
AYEL01075105.1:66950-67190(+,-)	83.80
AYEL01088193.1:47839-48129(+,-)	73.39
AYEL01087760.1:37056-37286(+,-)	74.67
AYEL01059771.1:11545-11742(+,-)	79.78
AYEL01052624.1:3810-4010(+,-)	67.54
AYEL01042693.1:53500-53700(+,-)	65.76
AYEL01076410.1:35406-35643(+,-)	75.15
AYEL01062781.1:1388-1584(+,-)	82.86
AYEL01084438.1:39935-40138(+)	73.42
AYEL01016523.1:0-227(+,-)	76.19
AYEL01081813.1:22215-22443(+,-)	78.95
AYEL01080286.1:740-1040(+,-)	80.79
AYEL01068802.1:51212-51463(+,-)	67.59
AYEL01075039.1:176362-176599(+,-)	70.80
AYEL01070323.1:69350-69536(+)	83.24
AYEL01089187.1:24328-24531(-)	76.38
AYEL01059739.1:104165-104354(+)	60.95
AYEL01083455.1:12182-12442(+,-)	76.67
AYEL01078547.1:2928-3173(+,-)	73.39
AYEL01074068.1:87535-87771(+,-)	71.43
AYEL01081048.1:2411-2653(+,-)	74.10
AYEL01077300.1:29792-30032(+,-)	74.25
AYEL01080837.1:28109-28346(+,-)	80.92
AYEL01072152.1:51256-51488(+,-)	79.87
AYEL01031577.1:39-361(+,-)	81.05
AYEL01060450.1:50114-50356(+,-)	74.47
AYEL01076966.1:11522-11766(+,-)	87.15
AYEL01089138.1:12376-12571(+,-)	69.77
AYEL01078226.1:44911-45139(+,-)	72.73
AYEL01085723.1:2113-2329(+,-)	80.35
AYEL01038841.1:12260-12501(+,-)	80.34
AYEL01076069.1:19889-20102(+,-)	66.88
AYEL01090737.1:5874-6155(+,-)	74.25
AYEL01070742.1:29184-29425(+,-)	80.00
AYEL01082268.1:1434-1672(+,-)	74.04
AYEL01060322.1:51988-52426(+,-)	71.35
AYEL01084973.1:63014-63273(+,-)	87.07
AYEL01086051.1:24833-25065(+,-)	72.83
AYEL01087934.1:40466-40697(+,-)	64.29
AYEL01068733.1:55737-55981(+,-)	74.79
AYEL01043685.1:7110-7349(+,-)	73.28
AYEL01046747.1:31025-31347(+,-)	81.00
AYEL01069402.1:42151-42342(+,-)	63.69
AYEL01084813.1:7198-7447(+,-)	73.50
AYEL01047917.1:11309-11579(+,-)	70.07
AYEL01058683.1:37293-37572(+,-)	75.78
AYEL01076098.1:7760-7983(+,-)	77.03
AYEL01065587.1:70334-70574(+,-)	80.98
AYEL01075700.1:25738-25955(+,-)	82.08
AYEL01045198.1:258-462(+,-)	84.09
AYEL01069678.1:7892-8038(+)	82.72
AYEL01046530.1:7948-8197(+,-)	72.22
AYEL01083835.1:16238-16481(+,-)	74.56
AYEL01038801.1:3962-4186(+,-)	83.91
AYEL01069309.1:2165-2387(+,-)	65.62
AYEL01090287.1:17376-17612(+,-)	78.41
AYEL01061219.1:6939-7177(+,-)	82.12
AYEL01065182.1:53508-53748(+,-)	80.34
AYEL01071416.1:5951-6163(+,-)	77.66
AYEL01050042.1:15632-15837(+,-)	69.15
AYEL01065230.1:27289-27531(+,-)	79.82
AYEL01074283.1:6587-6819(+,-)	72.16
AYEL01081344.1:3749-3987(+,-)	73.13
AYEL01083946.1:17402-17672(+,-)	74.87
AYEL01087147.1:21240-21464(+,-)	77.98
AYEL01084275.1:50971-51207(+,-)	84.09
AYEL01068453.1:98549-98783(-)	72.22
AYEL01064942.1:49019-49242(+,-)	65.73
AYEL01071066.1:85911-86105(+,-)	72.94
AYEL01070448.1:17259-17545(+,-)	66.42
AYEL01062337.1:4943-5147(+,-)	62.65
AYEL01060883.1:27455-27693(+,-)	80.34
AYEL01040830.1:8369-8705(+,-)	75.29
AYEL01085697.1:8072-8273(+,-)	79.10
AYEL01046747.1:83086-83705(+,-)	81.46
AYEL01079956.1:22564-22796(+,-)	71.62
AYEL01022292.1:1844-2086(+,-)	73.03
AYEL01046021.1:7254-7540(+,-)	87.50
AYEL01070069.1:11000-11293(+,-)	71.67
AYEL01090588.1:13707-13919(+,-)	68.02
AYEL01036718.1:2867-3085(+,-)	64.13
AYEL01046656.1:57686-57941(+,-)	83.24
AYEL01065733.1:11221-11463(+,-)	61.02
AYEL01059864.1:4334-4555(+,-)	71.88
AYEL01069418.1:27707-27893(-)	82.76
AYEL01091891.1:72236-72446(+,-)	72.57
AYEL01056778.1:29112-29341(+,-)	84.71
AYEL01089432.1:36089-36326(+,-)	58.99
AYEL01045728.1:32936-33175(+,-)	69.83
AYEL01089331.1:5990-6231(+,-)	73.48
AYEL01083458.1:1438-1678(+,-)	74.68
AYEL01068415.1:68398-68639(+,-)	66.38
AYEL01074347.1:50805-51028(+,-)	71.43
AYEL01091538.1:43784-43999(+,-)	68.39
AYEL01069454.1:73589-73860(+,-)	78.38
AYEL01030936.1:16470-16679(+,-)	65.87
AYEL01064101.1:23104-23338(+,-)	74.29
AYEL01063368.1:515-760(+,-)	73.49
AYEL01089480.1:93736-94080(+,-)	76.32
AYEL01019413.1:5403-5643(+,-)	72.53
AYEL01065133.1:2179-2412(+,-)	83.24
AYEL01089047.1:34292-34513(+,-)	66.86
AYEL01079557.1:1068-1376(+,-)	73.45
AYEL01055720.1:44193-44427(+,-)	65.64
AYEL01084678.1:37756-37995(+,-)	83.43
AYEL01083617.1:2784-3007(+,-)	83.24
AYEL01082457.1:32786-33441(+,-)	72.12
AYEL01081325.1:3088-3328(+,-)	69.42
AYEL01088066.1:2327-2562(+,-)	69.37
AYEL01017485.1:0-276(+,-)	75.24
AYEL01074824.1:16846-17079(+,-)	67.52
AYEL01020088.1:10297-10548(+,-)	72.68
AYEL01066259.1:1850-2086(+,-)	81.60
AYEL01086179.1:59352-59586(+,-)	74.77
AYEL01066864.1:136601-136859(+,-)	68.97
AYEL01062746.1:6199-6413(+,-)	69.08
AYEL01071965.1:7972-8203(+,-)	71.30
AYEL01061239.1:79508-79784(+,-)	72.29
AYEL01080835.1:19613-19828(+,-)	82.18
AYEL01063816.1:40238-40479(+,-)	81.25
AYEL01063214.1:8138-8339(+)	68.18
AYEL01065540.1:24125-24439(+,-)	73.12
AYEL01088323.1:19489-19693(+,-)	70.10
AYEL01066008.1:3048-3354(+,-)	81.56
AYEL01060357.1:61334-61628(+,-)	81.36
AYEL01080571.1:3015-3335(+,-)	79.89
AYEL01072515.1:18126-18364(+,-)	82.02
AYEL01077720.1:8783-9007(+,-)	71.73
AYEL01060100.1:4342-4552(+,-)	84.36
AYEL01085331.1:15570-15799(+,-)	64.41
AYEL01074239.1:8030-8270(+,-)	72.53
AYEL01023992.1:15228-15454(+,-)	71.54
AYEL01084122.1:14596-14835(+,-)	69.83
AYEL01076743.1:8693-8936(+,-)	75.00
AYEL01066360.1:16731-16991(+,-)	69.64
AYEL01088019.1:45407-45649(+,-)	71.91
AYEL01084738.1:21037-21244(+,-)	60.61
AYEL01067171.1:28305-28543(+,-)	83.80
AYEL01050888.1:100875-101098(+,-)	82.54
AYEL01027748.1:3332-3574(+,-)	74.89
AYEL01072590.1:44045-44264(+,-)	80.59
AYEL01041304.1:118-417(+,-)	81.76
AYEL01023847.1:7044-7275(+,-)	76.44
AYEL01068659.1:43977-44259(+,-)	87.50
AYEL01082091.1:52526-52746(+,-)	80.62
AYEL01088739.1:10470-10788(+,-)	82.88
AYEL01015022.1:74-312(+,-)	77.65
AYEL01090957.1:49453-49750(+,-)	81.46
AYEL01072887.1:27396-27637(+,-)	79.89
AYEL01073878.1:2126-2354(+,-)	68.26
AYEL01068463.1:51522-51718(+,-)	75.16
AYEL01057093.1:1469-1747(+)	69.00
AYEL01041326.1:1040-1281(+,-)	61.23
AYEL01082751.1:10388-10607(+,-)	76.19
AYEL01063427.1:31836-32054(+,-)	63.40
AYEL01079149.1:8589-8803(+,-)	75.69
AYEL01092062.1:14176-14462(+,-)	77.50
AYEL01066624.1:13637-13860(+,-)	62.62
AYEL01059398.1:5558-6081(+,-)	82.84
AYEL01070589.1:55285-55720(+,-)	68.90
AYEL01061340.1:15709-15946(+,-)	82.02
AYEL01063005.1:690-936(+,-)	86.02
AYEL01088415.1:892-1104(+,-)	82.39
AYEL01073506.1:8306-8516(+,-)	60.23
AYEL01053781.1:56331-56530(-)	77.22
AYEL01070647.1:21494-21718(+,-)	77.67
AYEL01088685.1:9942-10329(+,-)	83.24
AYEL01053105.1:57257-57459(+,-)	73.65
AYEL01084201.1:23963-24203(+,-)	73.71
AYEL01064055.1:194601-194835(+,-)	74.14
AYEL01088330.1:22621-22849(+,-)	82.22
AYEL01034053.1:1002-1274(+,-)	83.24
AYEL01078802.1:30600-30819(+,-)	75.58
AYEL01071603.1:10720-10905(+)	85.31
AYEL01065573.1:24653-24858(+)	69.57
AYEL01037295.1:15300-15512(+,-)	60.87
AYEL01051682.1:6369-6594(+,-)	83.14
AYEL01060196.1:20298-20524(+,-)	73.25
AYEL01055525.1:504-742(+,-)	75.28
AYEL01087626.1:36482-36701(+,-)	79.88
AYEL01081547.1:8198-8401(-)	76.38
AYEL01086766.1:89615-90205(+,-)	82.61
AYEL01066328.1:88200-88442(+,-)	73.62
AYEL01089093.1:77795-78032(+,-)	85.80
AYEL01082778.1:25823-26037(+,-)	68.45
AYEL01078443.1:70552-70770(+)	80.69
AYEL01082082.1:45316-45556(+,-)	80.34
AYEL01061890.1:18915-19132(+,-)	63.64
AYEL01089087.1:36647-36858(+,-)	69.74
AYEL01080571.1:3825-4040(+,-)	72.89
AYEL01085494.1:64104-64320(+,-)	84.28
AYEL01087687.1:27073-27267(+,-)	67.44
AYEL01045535.1:1197-1435(+,-)	82.02
AYEL01076465.1:33165-33385(+,-)	71.98
AYEL01074104.1:437-648(+,-)	64.44
AYEL01086184.1:4811-5050(+,-)	82.68
AYEL01069750.1:81302-81501(+,-)	68.83
AYEL01081477.1:24300-24687(+,-)	81.01
AYEL01069534.1:10965-11180(-)	81.99
AYEL01071921.1:7497-7734(+,-)	83.71
AYEL01079069.1:4294-4521(+,-)	74.44
AYEL01086560.1:28290-28671(+,-)	83.55
AYEL01008617.1:362-599(+,-)	67.11
AYEL01075354.1:74019-74351(+,-)	75.84
AYEL01061626.1:5897-6093(+)	68.00
AYEL01090504.1:48191-48421(+,-)	61.64
AYEL01077152.1:26877-27113(+,-)	65.94
AYEL01084840.1:4159-4388(+,-)	76.80
AYEL01050791.1:31232-31417(+)	83.47
AYEL01070692.1:66657-66904(+,-)	68.83
AYEL01080992.1:21584-21809(+,-)	63.38
AYEL01045917.1:36702-36921(+,-)	85.47
AYEL01072068.1:7084-7324(+,-)	69.53
AYEL01087702.1:17966-18345(+,-)	67.57
AYEL01082711.1:5196-5675(+,-)	73.82
AYEL01070418.1:17470-17728(+,-)	69.93
AYEL01090757.1:60391-60622(+,-)	73.68
AYEL01086673.1:27354-27593(+,-)	67.54
AYEL01062928.1:17015-17223(+,-)	71.53
AYEL01080575.1:37610-37857(+,-)	67.95
AYEL01078686.1:16337-16573(+,-)	78.53
AYEL01087936.1:83882-84118(+,-)	65.20
AYEL01082889.1:1435-1654(+,-)	71.07
AYEL01088024.1:41763-41996(+,-)	82.46
AYEL01081753.1:29793-30017(+,-)	75.97
AYEL01061756.1:19170-19406(+,-)	71.59
AYEL01076930.1:11744-12034(+,-)	69.59
AYEL01079059.1:1254-1720(+,-)	61.14
AYEL01075214.1:49610-49841(+,-)	83.15
AYEL01079902.1:10311-10551(+,-)	63.28
AYEL01048245.1:140-366(+,-)	79.38
AYEL01072485.1:194-393(+,-)	83.11
AYEL01064094.1:17581-17799(+,-)	82.12
AYEL01069084.1:42740-42957(+,-)	80.35
AYEL01081045.1:37525-37764(+,-)	72.25
AYEL01058470.1:34359-34598(+,-)	83.52
AYEL01087676.1:1243-1479(+,-)	69.75
AYEL01053259.1:17062-17390(+,-)	84.71
AYEL01075435.1:33402-33668(+,-)	83.54
AYEL01059285.1:31765-32000(+,-)	57.40
AYEL01054827.1:48873-49133(+,-)	62.79
AYEL01075327.1:3649-3872(+)	65.82
AYEL01026594.1:31852-32142(+,-)	76.30
AYEL01066626.1:1138-1348(+,-)	66.67
AYEL01071619.1:27424-27661(+,-)	82.02
AYEL01036752.1:9341-9631(+,-)	82.71
AYEL01064972.1:47377-47590(+,-)	75.42
AYEL01089016.1:7067-7304(+,-)	80.00
AYEL01052233.1:616-843(+,-)	72.97
AYEL01056966.1:16228-16452(+)	60.71
AYEL01051482.1:218-440(+,-)	71.54
AYEL01078189.1:63249-63444(-)	75.00
AYEL01070880.1:24063-24255(-)	75.52
AYEL01067827.1:88862-89089(+,-)	69.59
AYEL01082084.1:25151-25366(+,-)	76.40
AYEL01075664.1:28881-29098(+,-)	78.57
AYEL01061562.1:81719-81940(+,-)	65.79
AYEL01053861.1:265-552(+,-)	74.19
AYEL01067553.1:67909-68119(+,-)	63.72
AYEL01075214.1:48612-48852(+,-)	74.68
AYEL01040566.1:32644-32869(+,-)	80.83
AYEL01071603.1:36924-37166(+,-)	79.55
AYEL01072395.1:18844-19077(-)	56.44
AYEL01086344.1:2008-2258(+,-)	73.82
AYEL01089216.1:143702-143938(+,-)	80.22
AYEL01063439.1:24557-24787(+,-)	81.66
AYEL01091871.1:64712-65041(+,-)	82.32
AYEL01066920.1:54-286(+,-)	78.33
AYEL01091560.1:7644-7878(+,-)	69.88
AYEL01077661.1:15744-15944(+)	61.70
AYEL01022938.1:9421-9634(+,-)	82.26
AYEL01076490.1:665-901(+,-)	81.46
AYEL01090794.1:5618-5804(+)	64.23
AYEL01091137.1:73784-74134(+,-)	74.68
AYEL01059625.1:35620-35918(+,-)	86.39
AYEL01069282.1:26583-26822(+,-)	74.25
AYEL01075102.1:7144-7377(+,-)	68.12
AYEL01046115.1:31884-32220(+,-)	73.41
AYEL01073443.1:4006-4248(+,-)	65.22
AYEL01060682.1:33402-33617(+,-)	71.63
AYEL01073402.1:20250-20536(+,-)	77.35
AYEL01091513.1:13274-13531(+,-)	62.65
AYEL01067761.1:14976-15168(+,-)	81.40
AYEL01090350.1:4773-4985(+,-)	64.68
AYEL01060324.1:3481-3690(+,-)	68.00
AYEL01090254.1:31972-32196(+,-)	68.64
AYEL01067703.1:22284-22522(+,-)	78.65
AYEL01087894.1:12858-13158(+,-)	77.02
AYEL01058614.1:17322-17567(+,-)	78.65
AYEL01066015.1:9398-9717(+,-)	79.21
AYEL01067395.1:19387-19603(+,-)	67.61
AYEL01077066.1:22762-23041(+,-)	83.49
AYEL01071102.1:75824-76016(+,-)	78.67
AYEL01054695.1:47118-47364(+,-)	71.69
AYEL01062156.1:20149-20393(+,-)	72.65
AYEL01074138.1:27115-27353(+,-)	71.00
AYEL01084197.1:64605-64839(+,-)	72.77
AYEL01091347.1:86760-86991(+,-)	83.24
AYEL01069318.1:445-668(+,-)	82.86
AYEL01083536.1:2311-2535(+,-)	69.09
AYEL01066574.1:282384-282652(+,-)	74.30
AYEL01080130.1:29440-29679(+,-)	72.41
AYEL01027711.1:1463-1678(+,-)	78.09
AYEL01068142.1:5701-5930(+,-)	66.67
AYEL01080445.1:25117-25344(+,-)	66.00
AYEL01092374.1:14065-14330(+,-)	79.72
AYEL01088674.1:14738-14971(+,-)	73.04
AYEL01089181.1:4567-4803(+,-)	80.46
AYEL01088399.1:1224-1463(+,-)	81.56
AYEL01077649.1:26340-26561(+,-)	65.12
AYEL01084650.1:53237-53450(+,-)	68.81
AYEL01080845.1:2290-2531(+,-)	73.82
AYEL01091914.1:36585-36829(+,-)	73.73
AYEL01062819.1:7924-8127(+,-)	69.61
AYEL01080394.1:72097-72346(+,-)	82.78
AYEL01083021.1:1398-1649(+,-)	64.78
AYEL01057509.1:19694-19886(+)	84.76
AYEL01022127.1:5140-5382(+,-)	82.68
AYEL01042426.1:14383-14575(+,-)	60.71
AYEL01072860.1:7064-7315(+,-)	65.85
AYEL01051941.1:5138-5375(+,-)	68.24
AYEL01029284.1:133762-134025(+,-)	72.22
AYEL01034681.1:39145-39517(+,-)	79.10
AYEL01060457.1:93678-93922(+,-)	82.68
AYEL01076589.1:22529-22729(+,-)	70.49
AYEL01064400.1:37319-37623(+,-)	85.03
AYEL01069965.1:48420-48717(+,-)	82.86
AYEL01076507.1:64993-65230(+,-)	67.39
AYEL01067743.1:6400-6585(+)	82.14
AYEL01048649.1:35613-35841(+,-)	74.76
AYEL01077215.1:10052-10287(+,-)	72.81
AYEL01081153.1:10097-10413(+,-)	69.50
AYEL01082697.1:1558-1786(+,-)	76.67
AYEL01066497.1:2056-2264(+,-)	77.78
AYEL01058258.1:51249-51483(+,-)	85.55
AYEL01075276.1:26729-26957(+,-)	71.72
AYEL01085464.1:93694-93919(+,-)	72.89
AYEL01056797.1:27910-28104(+,-)	64.38
AYEL01086078.1:1872-2115(+,-)	67.06
AYEL01088128.1:18277-18800(+,-)	73.84
AYEL01069830.1:19655-19869(+,-)	68.45
AYEL01078209.1:17419-17723(+,-)	88.46
AYEL01062030.1:10983-11220(+,-)	83.91
AYEL01079364.1:61808-62042(+,-)	69.88
AYEL01058469.1:16679-16887(-)	77.08
AYEL01079707.1:7659-8128(+,-)	73.00
AYEL01090114.1:5376-5772(+,-)	75.00
AYEL01059285.1:15549-15739(+,-)	82.12
AYEL01062267.1:25361-25568(+,-)	72.16
AYEL01086441.1:63625-63854(+,-)	67.87
AYEL01037777.1:47148-47388(+,-)	75.11
AYEL01056156.1:10723-11136(+,-)	73.72
AYEL01058060.1:14982-15212(+,-)	78.29
AYEL01073869.1:4374-4577(+,-)	79.55
AYEL01081733.1:3532-3770(+,-)	84.36
AYEL01091635.1:14544-14826(+,-)	71.49
AYEL01056224.1:5252-5490(+,-)	71.74
AYEL01088157.1:20886-21089(+,-)	69.44
AYEL01087366.1:1284-1595(+,-)	75.81
AYEL01071421.1:63778-63992(+,-)	70.37
AYEL01049998.1:48395-48638(+,-)	67.97
AYEL01071160.1:23620-23862(+,-)	74.47
AYEL01081473.1:17753-17989(+,-)	59.19
AYEL01078181.1:7347-7586(+,-)	70.26
AYEL01061614.1:6021-6260(+,-)	69.01
AYEL01073208.1:711-947(+,-)	85.96
AYEL01055137.1:31420-31706(+,-)	67.26
AYEL01067214.1:29359-29587(+,-)	65.96
AYEL01064425.1:27073-27302(+,-)	79.88
AYEL01047824.1:7202-7426(+,-)	73.27
AYEL01074572.1:41630-41857(+,-)	75.34
AYEL01060859.1:30102-30327(+,-)	79.77
AYEL01044841.1:5490-5708(+,-)	79.66
AYEL01076646.1:5800-6001(+,-)	73.86
AYEL01084273.1:69036-69249(+,-)	67.54
AYEL01075946.1:2240-2474(+,-)	67.61
AYEL01037210.1:13533-13857(+,-)	71.83
AYEL01084158.1:19225-19426(+,-)	71.83
AYEL01058939.1:3046-3344(+,-)	73.18
AYEL01052623.1:11399-11732(+,-)	84.34
AYEL01074068.1:53486-53713(+,-)	67.98
AYEL01084747.1:32618-32935(+,-)	80.98
AYEL01072455.1:8324-8511(+)	81.33
AYEL01061359.1:14979-15278(+,-)	72.13
AYEL01046540.1:3721-3960(+,-)	79.78
AYEL01060098.1:3997-4363(+,-)	80.46
AYEL01085769.1:2406-2645(+,-)	71.98
AYEL01076091.1:1515-1738(+,-)	61.11
AYEL01087522.1:34485-34703(+,-)	61.67
AYEL01092029.1:8026-8265(+,-)	73.71
AYEL01058988.1:51600-51839(+,-)	81.46
AYEL01058062.1:24983-25223(+,-)	74.25
AYEL01089249.1:127813-128044(+,-)	73.66
AYEL01092139.1:4784-5025(+,-)	81.01
AYEL01072468.1:2153-2345(+,-)	86.59
AYEL01084542.1:27893-28134(+,-)	76.97
AYEL01076589.1:19198-19487(+,-)	77.98
AYEL01067161.1:58818-59046(+,-)	80.23
AYEL01070162.1:3382-3580(+,-)	68.09
AYEL01089237.1:8511-8718(+,-)	82.58
AYEL01074333.1:112082-112317(+,-)	81.36
AYEL01081279.1:13800-14040(+,-)	78.21
AYEL01072510.1:6993-7233(+,-)	71.00
AYEL01078233.1:18326-18598(+,-)	83.01
AYEL01089890.1:32133-32343(+,-)	64.56
AYEL01044148.1:33294-33530(+,-)	75.58
AYEL01049819.1:17784-18024(+,-)	72.41
AYEL01048194.1:4145-4341(+,-)	67.74
AYEL01088685.1:5126-5366(+,-)	80.66
AYEL01079463.1:28968-29193(+,-)	81.29
AYEL01086673.1:26374-26678(+,-)	82.68
AYEL01059702.1:35118-35356(+,-)	83.80
AYEL01080997.1:28168-28408(+,-)	83.24
AYEL01027574.1:7507-7869(+,-)	78.85
AYEL01091348.1:11574-11894(+,-)	77.39
AYEL01039613.1:21326-21541(+,-)	84.71
AYEL01073796.1:13278-13523(+,-)	65.03
AYEL01083995.1:10935-11170(+,-)	71.24
AYEL01091230.1:31296-31495(+,-)	79.80
AYEL01070520.1:34340-34556(+,-)	67.16
AYEL01083289.1:62004-62254(+,-)	66.13
AYEL01090846.1:9492-9818(+,-)	73.73
AYEL01043675.1:28862-29090(+,-)	74.29
AYEL01091805.1:64781-65001(+,-)	73.80
AYEL01091166.1:8071-8312(+,-)	73.39
AYEL01069891.1:2808-3066(+,-)	62.83
AYEL01087252.1:2234-2498(+,-)	67.46
AYEL01063541.1:21014-21259(+,-)	80.56
AYEL01060196.1:15737-15976(+,-)	78.21
AYEL01092070.1:247-519(+,-)	77.16
AYEL01070134.1:20520-20821(+,-)	82.83
AYEL01059966.1:393-625(+,-)	70.32
AYEL01071284.1:27403-27734(+,-)	78.67
AYEL01073553.1:68758-68993(+,-)	65.40
AYEL01088195.1:31687-31926(+,-)	60.17
AYEL01060628.1:21230-21463(+,-)	74.43
AYEL01087820.1:23351-23590(+,-)	76.02
AYEL01072503.1:31006-31289(+,-)	74.19
AYEL01085480.1:8446-8784(+,-)	75.60
AYEL01079459.1:99456-99695(+,-)	69.40
AYEL01049741.1:3678-3896(+,-)	65.24
AYEL01084371.1:2185-2431(+,-)	84.38
AYEL01088261.1:88388-88627(+,-)	81.56
AYEL01078275.1:9252-9446(+,-)	81.37
AYEL01091275.1:35135-35380(+,-)	71.51
AYEL01090927.1:12400-12628(+,-)	72.82
AYEL01091564.1:1172-1396(+,-)	83.64
AYEL01057628.1:18918-19182(+,-)	84.18
AYEL01078884.1:9840-10072(+,-)	69.20
AYEL01087033.1:12837-13069(+,-)	82.58
AYEL01073319.1:5846-6331(+,-)	75.80
AYEL01079769.1:9776-9977(+,-)	68.35
AYEL01071160.1:16038-16297(+,-)	71.59
AYEL01066467.1:21577-21813(+,-)	71.37
AYEL01058920.1:3678-3879(+,-)	64.97
AYEL01067186.1:3137-3403(+,-)	70.82
AYEL01088728.1:94068-94552(+,-)	79.19
AYEL01089789.1:25932-26125(+,-)	67.84
AYEL01011114.1:26052-26238(+)	82.58
AYEL01069941.1:45089-45276(+)	83.24
AYEL01073135.1:44995-45327(+,-)	83.93
AYEL01074710.1:292-580(+,-)	79.07
AYEL01072041.1:13712-13936(+,-)	59.36
AYEL01072351.1:39623-39840(+,-)	79.78
AYEL01073577.1:10840-11078(+,-)	84.83
AYEL01089466.1:68037-68266(+,-)	81.92
AYEL01064412.1:1360-1574(+,-)	73.23
AYEL01060073.1:753-965(+,-)	71.05
AYEL01063406.1:15484-15723(+,-)	81.92
AYEL01021112.1:2400-2626(+,-)	67.57
AYEL01091672.1:35950-36167(+,-)	79.27
AYEL01090260.1:63862-64081(+,-)	65.79
AYEL01072453.1:24280-24486(+,-)	80.53
AYEL01069320.1:10201-10456(+,-)	66.33
AYEL01049473.1:29474-29695(+,-)	76.02
AYEL01078539.1:36058-36251(+)	71.43
AYEL01088474.1:1630-1869(+,-)	80.90
AYEL01057789.1:8001-8214(+,-)	74.23
AYEL01069602.1:27349-27595(+,-)	72.88
AYEL01053287.1:1514-1740(+,-)	75.44
AYEL01086498.1:111446-111682(+,-)	58.03
AYEL01038417.1:687-901(+,-)	68.59
AYEL01066265.1:57819-58063(+,-)	78.26
AYEL01008051.1:7276-7520(+,-)	64.22
AYEL01074035.1:47293-47530(+,-)	83.24
AYEL01077893.1:4766-4963(+,-)	80.17
AYEL01078840.1:5909-6136(+,-)	73.89
AYEL01072497.1:40978-41174(+,-)	72.25
AYEL01018097.1:839-1076(+,-)	75.69
AYEL01089457.1:8429-8665(+,-)	85.21
AYEL01069813.1:2451-2730(+,-)	75.00
AYEL01063790.1:59529-59877(+,-)	70.54
AYEL01088543.1:24081-24307(+,-)	68.48
AYEL01072992.1:145223-145462(+,-)	83.93
AYEL01084158.1:59640-59916(+,-)	82.27
AYEL01074956.1:27214-27410(+,-)	63.11
AYEL01077424.1:412-649(+,-)	59.47
AYEL01065764.1:138004-138229(+,-)	72.15
AYEL01029654.1:3467-3705(+,-)	79.21
AYEL01028355.1:26741-26969(+,-)	79.88
AYEL01080783.1:5221-5437(+,-)	82.68
AYEL01054183.1:7119-7354(+,-)	70.18
AYEL01048161.1:1353-1593(+,-)	80.56
AYEL01035585.1:24441-24648(+,-)	77.10
AYEL01072980.1:50628-50869(+,-)	70.43
AYEL01073701.1:35897-36137(+,-)	73.39
AYEL01085954.1:45885-46186(+,-)	81.56
AYEL01090762.1:2827-3222(+,-)	72.96
AYEL01081563.1:38543-38783(+,-)	82.12
AYEL01069133.1:4059-4299(+,-)	74.25
AYEL01084868.1:129089-129307(+,-)	84.92
AYEL01071056.1:3953-4139(-)	82.12
AYEL01088013.1:7667-7894(+,-)	81.14
AYEL01082887.1:15503-15727(+,-)	70.81
AYEL01085725.1:1793-2009(+,-)	80.35
AYEL01031874.1:76307-76546(+,-)	72.41
AYEL01076392.1:5497-5735(+,-)	73.16
AYEL01083555.1:12119-12355(+,-)	79.33
AYEL01053260.1:284-509(+,-)	81.36
AYEL01087264.1:21956-22195(+,-)	80.00
AYEL01037263.1:10847-11087(+,-)	73.82
AYEL01067696.1:57014-57254(+,-)	74.36
AYEL01073505.1:2667-2878(+,-)	71.08
AYEL01042011.1:44800-45178(+,-)	82.74
AYEL01054634.1:91425-91663(+,-)	73.59
AYEL01075668.1:57056-57313(+,-)	66.52
AYEL01085274.1:3787-4068(+,-)	80.47
AYEL01069174.1:28750-28968(+,-)	78.43
AYEL01063638.1:32665-32899(+,-)	86.96
AYEL01083371.1:44614-44864(+,-)	76.92
AYEL01039549.1:37894-38137(+,-)	78.09
AYEL01084856.1:53615-53856(+,-)	76.80
AYEL01071575.1:16771-17011(+,-)	66.10
AYEL01073135.1:58777-58997(+,-)	64.09
AYEL01073735.1:21878-22116(+,-)	71.91
AYEL01089249.1:125896-126099(-)	76.38
AYEL01084677.1:44631-44865(+,-)	80.35
AYEL01091805.1:22087-22311(+,-)	79.64
AYEL01086414.1:114173-114412(+,-)	83.62
AYEL01073869.1:43994-44217(+,-)	67.55
AYEL01086360.1:77830-78215(+,-)	76.42
AYEL01085786.1:101967-102209(+,-)	75.86
AYEL01063263.1:30791-31005(+,-)	83.65
AYEL01047817.1:10562-10772(+,-)	87.16
AYEL01072178.1:45827-46059(+,-)	82.66
AYEL01068506.1:24583-24825(+,-)	74.47
AYEL01087281.1:63008-63347(+,-)	83.15
AYEL01074138.1:19991-20209(+,-)	87.16
AYEL01002448.1:169-397(+,-)	83.93
AYEL01065750.1:4957-5325(+,-)	82.10
AYEL01071160.1:21861-22062(+,-)	76.34
AYEL01076244.1:11563-11842(+,-)	83.98
AYEL01089859.1:30343-30562(+,-)	71.92
AYEL01078952.1:17318-17546(+,-)	66.48
AYEL01077038.1:2437-2626(+,-)	80.34
AYEL01088788.1:19134-19354(+,-)	77.46
AYEL01075480.1:19382-19621(+,-)	70.04
AYEL01075946.1:10348-10697(+,-)	80.28
AYEL01065133.1:1311-1530(+,-)	66.15
AYEL01042906.1:63-292(+,-)	70.76
AYEL01044425.1:44314-44549(+,-)	60.96
AYEL01083224.1:55346-55586(+,-)	77.08
AYEL01036485.1:3405-3644(+,-)	79.44
AYEL01059439.1:225-457(+,-)	76.59
AYEL01084926.1:21008-21317(+,-)	79.89
AYEL01060551.1:7836-8058(+,-)	73.78
AYEL01075448.1:27376-27614(+,-)	79.21
AYEL01013742.1:15243-15466(+,-)	79.19
AYEL01055586.1:71697-71937(+,-)	74.25
AYEL01058012.1:27155-27351(-)	60.48
AYEL01075946.1:6665-6897(+,-)	74.74
AYEL01061727.1:37625-37854(+,-)	79.55
AYEL01079860.1:77686-77961(+,-)	69.71
AYEL01068496.1:70938-71175(+,-)	93.07
AYEL01071675.1:28908-29132(+,-)	73.21
AYEL01075232.1:5534-5728(-)	84.30
AYEL01062576.1:26717-27192(+,-)	73.93
AYEL01047198.1:7343-7553(-)	66.36
AYEL01085464.1:90825-91064(+,-)	79.33
AYEL01085421.1:1660-1984(+,-)	86.27
AYEL01045020.1:206-396(+,-)	82.39
AYEL01063405.1:252-495(+,-)	83.05
AYEL01034451.1:3231-3471(+,-)	73.39
AYEL01055619.1:9467-9693(+,-)	82.95
AYEL01084497.1:18902-19111(+,-)	72.37
AYEL01042765.1:640-870(+,-)	77.14
AYEL01059471.1:24954-25188(+,-)	82.68
AYEL01049038.1:2520-2800(+,-)	85.42
AYEL01089613.1:13897-14203(+,-)	70.82
AYEL01089187.1:23352-23551(+,-)	79.47
AYEL01085020.1:96448-96822(+,-)	68.66
AYEL01055526.1:4194-4486(+,-)	81.65
AYEL01019800.1:118081-118295(+,-)	67.39
AYEL01084721.1:10039-10335(+,-)	85.42
AYEL01086398.1:2028-2254(+,-)	73.45
AYEL01089078.1:58313-58509(+,-)	85.21
AYEL01090762.1:122282-122511(+,-)	77.65
AYEL01016253.1:384-637(+,-)	67.25
AYEL01064340.1:93610-93848(+,-)	79.89
AYEL01050765.1:5887-6127(+,-)	81.46
AYEL01076219.1:33274-33503(+,-)	84.39
AYEL01079602.1:3368-3605(+,-)	72.61
AYEL01076118.1:4808-5037(-)	74.16
AYEL01070229.1:657-897(+,-)	75.11
AYEL01047930.1:21048-21327(+,-)	80.68
AYEL01075039.1:173439-173636(+,-)	73.56
AYEL01061514.1:20287-20623(+,-)	68.68
AYEL01069050.1:54378-54614(+,-)	84.75
AYEL01071514.1:20580-20853(+,-)	74.16
AYEL01040357.1:413-653(+,-)	74.25
AYEL01084209.1:18794-19024(+,-)	80.90
AYEL01064126.1:3876-4109(+,-)	83.80
AYEL01035647.1:25456-25789(+,-)	77.42
AYEL01077695.1:45300-45765(+,-)	86.08
AYEL01075105.1:70683-70920(+,-)	71.52
AYEL01030952.1:16992-17235(+,-)	78.09
AYEL01057151.1:25845-26196(+,-)	77.53
AYEL01070548.1:64499-64741(+,-)	72.07
AYEL01076881.1:20509-20939(+,-)	77.53
AYEL01091882.1:38039-38350(+,-)	69.59
AYEL01047418.1:8470-8706(+,-)	71.18
AYEL01049020.1:2152-2393(+,-)	63.37
AYEL01041914.1:7637-7858(+,-)	79.55
AYEL01079456.1:7552-7771(+,-)	71.14
AYEL01007663.1:0-189(+,-)	73.63
AYEL01034909.1:12772-13010(+,-)	85.19
AYEL01052693.1:10028-10253(+,-)	84.76
AYEL01066067.1:1575-2108(+,-)	74.03
AYEL01074859.1:17794-18033(+,-)	84.92
AYEL01053856.1:15920-16114(-)	63.74
AYEL01091918.1:26630-26859(+,-)	70.40
AYEL01090926.1:17374-17609(+,-)	81.56
AYEL01079990.1:1226-1581(+,-)	74.68
AYEL01027220.1:319-654(+,-)	78.45
AYEL01082726.1:1185-1430(+,-)	70.39
AYEL01077677.1:61928-62153(+,-)	76.77
AYEL01081655.1:3575-3815(+,-)	72.96
AYEL01073594.1:4297-4516(+,-)	75.83
AYEL01019789.1:18961-19206(+,-)	74.68
AYEL01085318.1:20949-21378(+,-)	72.46
AYEL01068758.1:3569-3807(+,-)	75.14
AYEL01065158.1:152890-153125(+,-)	76.56
AYEL01085490.1:28197-28421(+,-)	75.14
AYEL01074353.1:2398-2638(+,-)	86.03
AYEL01077794.1:60674-60912(+,-)	74.16
AYEL01083893.1:64721-64973(+,-)	72.38
AYEL01088323.1:15164-15402(+,-)	71.43
AYEL01073374.1:38835-39057(+,-)	78.71
AYEL01068442.1:29701-29984(+,-)	77.25
AYEL01091350.1:34284-34472(+,-)	75.42
AYEL01088269.1:33796-34079(+,-)	74.65
AYEL01022259.1:8512-8734(+,-)	81.76
AYEL01034100.1:12-435(+,-)	83.44
AYEL01088844.1:14878-15218(+,-)	71.60
AYEL01081473.1:7168-7363(+,-)	84.92
AYEL01078335.1:1706-1934(+,-)	73.41
AYEL01018549.1:13756-14000(+,-)	75.28
AYEL01063738.1:843-1081(+,-)	71.86
AYEL01067547.1:4170-4466(+,-)	71.98
AYEL01082318.1:69631-69839(+,-)	71.18
AYEL01067290.1:31524-31751(+,-)	80.92
AYEL01090021.1:13829-14067(+,-)	79.43
AYEL01065917.1:17194-17574(+,-)	83.24
AYEL01070644.1:33465-33696(+,-)	78.95
AYEL01087793.1:30303-30525(+,-)	63.06
AYEL01055741.1:37214-37451(+,-)	67.56
AYEL01064806.1:13486-13739(+,-)	80.13
AYEL01025951.1:31683-31920(+,-)	73.48
AYEL01089343.1:33256-33556(+,-)	81.03
AYEL01036365.1:101085-101291(+,-)	73.79
AYEL01076421.1:44602-44831(+,-)	69.91
AYEL01066415.1:452-680(+,-)	83.83
AYEL01020082.1:44868-45107(+,-)	83.80
AYEL01069428.1:2919-3201(+,-)	84.38
AYEL01069299.1:9601-9822(+,-)	76.70
AYEL01075436.1:28475-28667(-)	86.03
AYEL01089158.1:16652-16887(+,-)	81.82
AYEL01047609.1:106-317(+,-)	70.06
AYEL01066574.1:270918-271157(+,-)	75.00
AYEL01077721.1:3959-4174(+,-)	74.16
AYEL01069128.1:6737-6950(+,-)	74.05
AYEL01056151.1:7225-7413(+)	73.76
AYEL01078594.1:30832-31075(+,-)	75.00
AYEL01064571.1:11322-11562(+,-)	65.35
AYEL01086537.1:33363-33566(+,-)	78.86
AYEL01070198.1:3991-4231(+,-)	74.25
AYEL01077088.1:17643-17853(+,-)	82.11
AYEL01075552.1:337-633(+,-)	78.08
AYEL01078069.1:51406-51649(+,-)	70.00
AYEL01014956.1:6746-6968(+,-)	72.55
AYEL01055776.1:126811-127050(+,-)	79.33
AYEL01084634.1:26790-27008(+,-)	81.03
AYEL01083481.1:18707-18921(+,-)	81.37
AYEL01077176.1:15573-15811(+,-)	70.56
AYEL01078005.1:4542-4778(+,-)	75.43
AYEL01016915.1:4280-4522(+,-)	73.62
AYEL01066093.1:22391-22595(-)	71.52
AYEL01071141.1:19601-19843(+,-)	67.83
AYEL01065853.1:12396-12635(+,-)	81.56
AYEL01068653.1:24286-24481(+)	88.24
AYEL01056485.1:2007-2204(+,-)	80.17
AYEL01074279.1:3850-4090(+,-)	75.11
AYEL01058287.1:14169-14432(+,-)	71.43
AYEL01077612.1:54272-54483(+,-)	71.13
AYEL01073524.1:8700-9043(+,-)	65.82
AYEL01079058.1:33254-33458(+,-)	68.66
AYEL01081907.1:1687-1907(+,-)	78.81
AYEL01077001.1:38518-38878(+,-)	75.49
AYEL01086642.1:6763-6970(+,-)	75.61
AYEL01085318.1:23003-23228(+,-)	71.22
AYEL01064989.1:25944-26181(+,-)	72.41
AYEL01086465.1:42273-42499(+,-)	82.12
AYEL01090940.1:53008-53248(+,-)	71.12
AYEL01079376.1:3799-4120(+,-)	82.94
AYEL01065678.1:16964-17158(+)	61.32
AYEL01059769.1:412-661(+,-)	64.60
AYEL01082332.1:26933-27172(+,-)	83.15
AYEL01071365.1:71703-71940(+,-)	84.09
AYEL01070695.1:969-1207(+,-)	81.92
AYEL01072595.1:11216-11401(+)	64.85
AYEL01062197.1:4346-4570(+,-)	71.30
AYEL01082875.1:9794-9982(+,-)	75.42
AYEL01079933.1:253-493(+,-)	75.54
AYEL01090752.1:8329-8568(+,-)	79.89
AYEL01060488.1:3893-4113(+,-)	79.38
AYEL01080085.1:11210-11425(+,-)	70.12
AYEL01073367.1:31648-31874(+,-)	78.79
AYEL01074885.1:10244-10479(+,-)	70.18
AYEL01076529.1:15013-15251(+,-)	68.40
AYEL01075440.1:20080-20309(+,-)	64.71
AYEL01090371.1:21929-22128(+,-)	67.48
AYEL01089698.1:4529-4759(+,-)	73.06
AYEL01089675.1:24997-25211(-)	67.47
AYEL01072170.1:10676-10916(+,-)	69.96
AYEL01078222.1:7612-7849(+,-)	74.03
AYEL01074951.1:27016-27253(+,-)	67.39
AYEL01049033.1:115137-115336(+,-)	61.29
AYEL01085776.1:53171-53536(+,-)	81.55
AYEL01048075.1:13271-13513(+,-)	74.58
AYEL01034368.1:1082-1318(+,-)	81.92
AYEL01079624.1:4630-4873(+,-)	75.76
AYEL01076992.1:134391-134632(+,-)	67.09
AYEL01061249.1:18898-19171(+,-)	83.33
AYEL01037174.1:21938-22175(+,-)	83.71
AYEL01025955.1:18412-18627(+,-)	69.23
AYEL01084107.1:46362-46602(+,-)	74.68
AYEL01064282.1:8788-9136(+,-)	77.93
AYEL01082909.1:165578-165809(+,-)	76.88
AYEL01064475.1:1020-1233(+,-)	67.57
AYEL01069063.1:6173-6365(+,-)	69.70
AYEL01067040.1:70660-70897(+,-)	72.78
AYEL01069428.1:22670-22962(+,-)	82.12
AYEL01055418.1:2933-3953(+,-)	66.56
AYEL01081153.1:92667-92889(+,-)	61.93
AYEL01069815.1:20729-20961(+,-)	73.36
AYEL01070469.1:6609-6849(+,-)	67.11
AYEL01064461.1:284-748(+,-)	83.98
AYEL01078670.1:43196-43471(+,-)	77.53
AYEL01070681.1:1583-1828(+,-)	74.26
AYEL01057407.1:17839-18082(+,-)	75.54
AYEL01086396.1:26781-27032(+,-)	73.80
AYEL01054425.1:7534-7786(+,-)	77.78
AYEL01070295.1:34142-34366(+,-)	66.36
AYEL01056459.1:7234-7453(+,-)	83.33
AYEL01082521.1:42700-42936(+,-)	64.96
AYEL01082398.1:23486-23694(+,-)	69.28
AYEL01085335.1:4905-5142(+,-)	81.01
AYEL01084672.1:78748-78988(+,-)	73.82
AYEL01058847.1:1930-2156(+,-)	82.02
AYEL01057933.1:26329-26571(+,-)	83.80
AYEL01046600.1:20270-20503(+,-)	67.40
AYEL01017450.1:606-936(+,-)	84.30
AYEL01079007.1:73705-73940(+,-)	83.33
AYEL01072108.1:3234-3473(+,-)	71.98
AYEL01058703.1:4709-4943(+,-)	70.93
AYEL01060615.1:12513-12902(+,-)	62.27
AYEL01079108.1:1837-2077(+,-)	84.36
AYEL01083453.1:53842-54060(+,-)	76.32
AYEL01062678.1:47540-47762(+,-)	77.05
AYEL01073091.1:1147-1371(+,-)	73.65
AYEL01080646.1:45982-46399(+,-)	80.11
AYEL01025965.1:16-245(+,-)	71.43
AYEL01074068.1:88096-88332(+,-)	70.86
AYEL01072167.1:22677-22944(+)	71.88
AYEL01073594.1:32686-32931(+,-)	74.26
AYEL01090301.1:3195-3430(+,-)	70.18
AYEL01025827.1:12213-12450(+,-)	72.88
AYEL01088087.1:25469-25714(+,-)	73.19
AYEL01050180.1:20014-20211(+,-)	70.25
AYEL01088812.1:42895-43107(+,-)	77.08
AYEL01090020.1:30960-31183(+,-)	67.68
AYEL01036879.1:1977-2219(+,-)	74.89
AYEL01082419.1:19307-19551(+,-)	64.94
AYEL01066440.1:14470-14690(+,-)	71.23
AYEL01083886.1:29481-29713(+,-)	70.44
AYEL01083848.1:12996-13221(+,-)	77.58
AYEL01088321.1:15780-16025(+,-)	78.09
AYEL01052475.1:5082-5350(+,-)	82.86
AYEL01052009.1:4667-4887(+,-)	81.21
AYEL01073869.1:21933-22150(+,-)	75.00
AYEL01091815.1:13141-13380(+,-)	81.01
AYEL01081346.1:8267-8491(+,-)	75.16
AYEL01091921.1:14515-14722(+,-)	74.07
AYEL01030020.1:585-974(+,-)	70.77
AYEL01075278.1:2089-2328(+,-)	83.24
AYEL01061360.1:34231-34429(+,-)	58.29
AYEL01068871.1:70567-70780(+,-)	67.61
AYEL01082126.1:13138-13355(+,-)	71.76
AYEL01069159.1:39907-40204(+,-)	71.60
AYEL01091200.1:23192-23417(+,-)	74.37
AYEL01068180.1:22448-22671(+,-)	81.82
AYEL01078452.1:2459-2699(+,-)	84.36
AYEL01051541.1:19373-19595(+,-)	70.73
AYEL01063817.1:3425-3634(+,-)	73.28
AYEL01081722.1:19771-20001(+,-)	72.02
AYEL01070359.1:9431-9670(+,-)	81.46
AYEL01068816.1:9646-9963(+,-)	76.14
AYEL01044725.1:1411-1627(+,-)	79.21
AYEL01071314.1:18932-19168(+,-)	83.15
AYEL01053102.1:7573-7834(+,-)	81.90
AYEL01076077.1:43937-44238(+,-)	89.76
AYEL01079846.1:5819-6605(+,-)	82.02
AYEL01086364.1:57961-58155(-)	63.13
AYEL01053428.1:20606-20850(+,-)	81.46
AYEL01089282.1:10386-10626(+,-)	81.56
AYEL01045647.1:33686-33872(+)	83.24
AYEL01085126.1:7348-7576(+,-)	72.61
AYEL01087030.1:18588-18805(+,-)	71.10
AYEL01073505.1:77533-77735(+)	61.22
AYEL01085598.1:14319-14558(+,-)	81.98
AYEL01089158.1:23070-23286(+,-)	65.38
AYEL01069322.1:19440-19684(+,-)	79.56
AYEL01077837.1:22167-22505(+,-)	79.62
AYEL01055005.1:9066-9292(+,-)	68.15
AYEL01074496.1:44268-44469(+,-)	75.74
AYEL01082574.1:27241-27470(+,-)	69.86
AYEL01078083.1:24845-25084(+,-)	82.58
AYEL01083352.1:16742-16984(+,-)	66.86
AYEL01061386.1:957-1163(+,-)	79.66
AYEL01061648.1:5914-6154(+,-)	79.89
AYEL01092239.1:18763-18988(+,-)	72.00
AYEL01021621.1:14734-14947(+,-)	71.83
AYEL01053320.1:4499-4743(+,-)	81.01
AYEL01074194.1:60889-61129(+,-)	73.82
AYEL01076379.1:45274-45511(+,-)	81.46
AYEL01084450.1:35652-35852(+)	76.42
AYEL01073822.1:77146-77558(+,-)	63.03
AYEL01056383.1:59029-59243(+,-)	83.65
AYEL01065694.1:33373-33595(+,-)	62.56
AYEL01065827.1:4849-5075(+,-)	81.66
AYEL01075581.1:2627-2849(+,-)	80.36
AYEL01069830.1:21282-21475(+,-)	70.06
AYEL01078143.1:19824-20041(+,-)	57.94
AYEL01068983.1:16877-17083(+,-)	79.78
AYEL01083847.1:11029-11265(+,-)	80.90
AYEL01079257.1:65357-65596(+,-)	85.47
AYEL01084868.1:93394-93668(+,-)	70.71
AYEL01069375.1:20731-20956(+,-)	80.72
AYEL01083029.1:37058-37291(+,-)	73.01
AYEL01019895.1:26367-26588(+,-)	68.28
AYEL01082942.1:17865-18121(+,-)	72.08
AYEL01054697.1:4116-4337(+,-)	78.43
AYEL01083679.1:133879-134100(+,-)	64.39
AYEL01081201.1:19949-20351(+,-)	74.34
AYEL01076196.1:17877-18117(+,-)	72.53
AYEL01078383.1:13230-13441(+,-)	68.53
AYEL01069813.1:1291-1523(+,-)	74.86
AYEL01069240.1:10515-10750(+,-)	73.01
AYEL01086799.1:44136-44359(+,-)	64.38
AYEL01065230.1:10276-10482(+,-)	78.89
AYEL01061892.1:34765-35000(+,-)	72.84
AYEL01060030.1:16357-16565(+,-)	62.67
AYEL01088055.1:46648-46888(+,-)	74.68
AYEL01073953.1:2205-2454(+,-)	65.82
AYEL01074307.1:2324-2541(+,-)	69.70
AYEL01086720.1:120978-121184(+,-)	64.29
AYEL01080527.1:9643-9883(+,-)	73.39
AYEL01060879.1:78626-78866(+,-)	76.27
AYEL01071893.1:28292-28532(+,-)	83.24
AYEL01066777.1:72375-72612(+,-)	82.02
AYEL01083539.1:10659-10878(+,-)	67.52
AYEL01085406.1:7249-7482(+,-)	80.00
AYEL01086919.1:59083-59323(+,-)	84.36
AYEL01085044.1:47762-47998(+,-)	70.31
AYEL01083312.1:2913-3157(+,-)	66.99
AYEL01056424.1:3382-3626(+,-)	72.22
AYEL01084008.1:6621-6846(+,-)	81.70
AYEL01040566.1:35439-35642(-)	76.38
AYEL01072329.1:33928-34136(+,-)	72.32
AYEL01067789.1:16877-17108(+,-)	69.54
AYEL01076105.1:61041-61263(+,-)	83.95
AYEL01087377.1:74586-74828(+,-)	69.00
AYEL01069685.1:11225-11496(+,-)	79.43
AYEL01087193.1:36813-37051(+,-)	79.89
AYEL01060196.1:19469-19772(+)	79.65
AYEL01077967.1:4904-5156(+,-)	64.42
AYEL01091087.1:3446-3689(+,-)	66.67
AYEL01079769.1:9090-9320(+,-)	80.36
AYEL01009440.1:6221-6425(+,-)	71.91
AYEL01084454.1:2904-3138(+,-)	69.09
AYEL01085983.1:14661-14896(+,-)	73.17
AYEL01065091.1:14377-14617(+,-)	70.18
AYEL01067154.1:14629-14900(+,-)	75.38
AYEL01053152.1:22294-22526(+,-)	70.11
AYEL01033927.1:1111-1327(+)	72.94
AYEL01091236.1:6566-6801(+,-)	74.79
AYEL01084814.1:103875-104150(+,-)	82.73
AYEL01063427.1:35340-35547(+,-)	70.83
AYEL01021622.1:6077-6323(+,-)	67.05
AYEL01089670.1:35544-35784(+,-)	82.35
AYEL01091720.1:28230-28463(+,-)	73.17
AYEL01010715.1:24292-24682(+,-)	69.03
AYEL01075214.1:49323-49532(+,-)	65.14
AYEL01055243.1:1293-1679(+,-)	85.71
AYEL01073470.1:25445-25696(+,-)	80.00
AYEL01085260.1:1386-1697(+,-)	84.02
AYEL01069166.1:169337-169564(+,-)	83.93
AYEL01089195.1:275573-275796(+,-)	62.07
AYEL01080713.1:64486-64723(+,-)	81.92
AYEL01067703.1:36430-36666(+,-)	72.35
AYEL01080315.1:16986-17225(+,-)	79.10
AYEL01055619.1:15496-15727(+,-)	67.88
AYEL01062973.1:7056-7282(+,-)	80.75
AYEL01065582.1:1806-2110(+,-)	72.84
AYEL01084146.1:10396-10619(+,-)	81.46
AYEL01078839.1:6754-6986(+,-)	65.37
AYEL01047926.1:16524-16768(+,-)	71.05
AYEL01060627.1:8612-8846(+,-)	67.80
AYEL01089259.1:19878-20134(-)	75.78
AYEL01081312.1:8831-9070(+,-)	73.28
AYEL01057612.1:30736-30973(+,-)	82.02
AYEL01073203.1:698-897(+,-)	63.92
AYEL01077380.1:7618-7820(+,-)	61.06
AYEL01071787.1:62228-62660(+,-)	80.00
AYEL01085977.1:17633-17827(+,-)	76.69
AYEL01064365.1:25501-25739(+,-)	69.35
AYEL01030254.1:23472-23676(+,-)	80.56
AYEL01085112.1:17326-17529(+,-)	77.14
AYEL01007440.1:84967-85204(+,-)	81.46
AYEL01017125.1:177-382(+,-)	75.00
AYEL01068057.1:21888-22119(+,-)	82.22
AYEL01091508.1:14279-14507(+,-)	71.49
AYEL01080258.1:3247-3553(+,-)	75.80
AYEL01070069.1:8575-8815(+,-)	83.80
AYEL01063513.1:20321-20540(+,-)	82.03
AYEL01087999.1:24533-24806(+,-)	75.25
AYEL01078384.1:3398-3697(+,-)	79.33
AYEL01071158.1:30685-30890(+,-)	69.83
AYEL01087255.1:20510-20781(+,-)	70.31
AYEL01069639.1:12940-13179(+,-)	75.00
AYEL01083428.1:77649-77874(+,-)	68.66
AYEL01091882.1:107360-107597(+,-)	74.01
AYEL01084591.1:4810-5053(+,-)	74.58
AYEL01075601.1:9357-9545(+,-)	80.79
AYEL01065588.1:13521-13771(+,-)	70.93
AYEL01091407.1:11774-11974(+,-)	73.60
AYEL01089127.1:568-780(+,-)	64.13
AYEL01030722.1:17733-18030(+,-)	82.86
AYEL01089502.1:23897-24130(+,-)	78.41
AYEL01068496.1:15980-16307(+,-)	64.60
AYEL01088055.1:47291-47577(+,-)	74.42
AYEL01063581.1:1076-1315(+,-)	73.31
AYEL01076215.1:106556-106970(+,-)	81.58
AYEL01029284.1:51885-52089(+)	70.49
AYEL01048564.1:34974-35188(+,-)	72.84
AYEL01085257.1:22558-22788(+,-)	73.51
AYEL01049471.1:82460-82697(+,-)	73.13
AYEL01083727.1:649-866(+,-)	78.21
AYEL01044471.1:6087-6326(+,-)	73.28
AYEL01083330.1:2763-3002(+,-)	80.34
AYEL01010506.1:0-229(+,-)	67.57
AYEL01087258.1:10510-10952(+,-)	72.80
AYEL01086560.1:28032-28265(+,-)	72.07
AYEL01075733.1:916-1156(+,-)	73.39
AYEL01087494.1:947-1193(+,-)	69.62
AYEL01003368.1:66-277(+,-)	76.83
AYEL01079913.1:23414-23659(+,-)	76.27
AYEL01041795.1:15449-15684(+,-)	75.00
AYEL01032846.1:5846-6058(+,-)	69.18
AYEL01053430.1:32542-32786(+,-)	85.04
AYEL01025870.1:600-791(+,-)	79.51
AYEL01089777.1:10677-10909(+,-)	73.42
AYEL01084355.1:2543-2736(+,-)	78.45
AYEL01074112.1:153-382(+,-)	73.36
AYEL01072503.1:43029-43251(+,-)	68.57
AYEL01064981.1:657-1144(+,-)	74.04
AYEL01072773.1:5351-5571(+,-)	82.76
AYEL01066083.1:12459-12688(+,-)	69.39
AYEL01081947.1:121175-121535(+,-)	72.81
AYEL01064003.1:177865-178102(+,-)	66.96
AYEL01085041.1:44082-44318(+,-)	77.59
AYEL01091706.1:5764-6006(+,-)	75.42
AYEL01067101.1:9066-9364(+,-)	88.52
AYEL01088097.1:11996-12214(+,-)	66.67
AYEL01075214.1:48944-49143(+,-)	70.00
AYEL01069692.1:1605-1843(+,-)	81.29
AYEL01056454.1:65622-65856(+,-)	68.15
AYEL01072866.1:10938-11249(+,-)	87.50
AYEL01020083.1:7893-8123(+,-)	71.62
AYEL01083936.1:1395-1590(+,-)	65.38
AYEL01066931.1:46525-46735(+,-)	78.18
AYEL01088739.1:9732-9969(+,-)	77.84
AYEL01089570.1:34066-34301(+,-)	73.36
AYEL01087494.1:58803-58993(-)	73.48
AYEL01091790.1:23469-23709(+,-)	74.68
AYEL01087899.1:17579-17811(+,-)	82.95
AYEL01089998.1:14200-14434(+,-)	86.25
AYEL01091535.1:24747-24978(+,-)	69.06
AYEL01050885.1:43661-43969(+,-)	78.09
AYEL01036909.1:5793-6023(+,-)	68.60
AYEL01059607.1:2553-2858(+,-)	77.13
AYEL01037293.1:52031-52273(+,-)	75.42
AYEL01051040.1:29230-29504(+,-)	74.88
AYEL01085823.1:11509-11715(+,-)	62.77
AYEL01090613.1:40537-40843(+,-)	83.24
AYEL01055619.1:28659-28959(+,-)	83.04
AYEL01092388.1:16392-16806(+,-)	77.88
AYEL01078209.1:18455-18682(+,-)	80.39
AYEL01088270.1:11487-11723(+,-)	80.11
AYEL01067692.1:13578-13771(-)	78.76
AYEL01056848.1:38260-38494(+,-)	76.27
AYEL01089259.1:16158-16389(+,-)	66.27
AYEL01061586.1:37815-38054(+,-)	61.57
AYEL01084814.1:83153-83393(+,-)	82.68
AYEL01091601.1:16748-17004(+,-)	75.93
AYEL01059835.1:15122-15334(+,-)	64.88
AYEL01079465.1:813-1025(+,-)	72.63
AYEL01080127.1:13742-13971(+,-)	77.06
AYEL01082318.1:70101-70365(+,-)	72.41
AYEL01088967.1:19570-19771(+,-)	74.74
AYEL01081446.1:21266-21499(+,-)	80.39
AYEL01075234.1:25016-25257(+,-)	76.40
AYEL01065031.1:1211-1447(+,-)	72.44
AYEL01089065.1:41949-42220(+,-)	81.98
AYEL01068416.1:10164-10446(+,-)	76.28
AYEL01089361.1:1272-1512(+,-)	69.53
AYEL01012566.1:66129-66358(+,-)	70.11
AYEL01035585.1:18696-18900(+,-)	80.00
AYEL01072173.1:8238-8439(+,-)	73.56
AYEL01084383.1:800-1040(+,-)	74.25
AYEL01082083.1:16599-16802(+,-)	69.68
AYEL01073295.1:19253-19492(+,-)	71.98
AYEL01078952.1:13714-13950(+,-)	61.84
AYEL01081315.1:15132-15372(+,-)	77.78
AYEL01090211.1:36991-37229(+,-)	61.11
AYEL01072338.1:77862-78100(+,-)	76.67
AYEL01077587.1:15884-16122(+,-)	73.59
AYEL01078843.1:5813-6027(+,-)	67.86
AYEL01048778.1:2731-2946(+,-)	73.42
AYEL01055216.1:5885-6124(+,-)	71.28
AYEL01015060.1:120989-121178(+,-)	73.12
AYEL01083617.1:2338-2576(+,-)	79.89
AYEL01061358.1:352-578(+,-)	58.64
AYEL01073871.1:4686-4879(-)	67.52
AYEL01084835.1:32348-32580(+,-)	54.87
AYEL01060144.1:4066-4348(+,-)	79.78
AYEL01070333.1:56366-56628(+,-)	76.35
AYEL01084653.1:90791-91035(+,-)	74.58
AYEL01082465.1:4953-5235(+,-)	79.86
AYEL01076866.1:1576-1816(+,-)	82.25
AYEL01091750.1:14617-14837(+,-)	69.77
AYEL01053367.1:22545-22751(+,-)	82.30
AYEL01041438.1:15700-15960(-)	78.33
AYEL01084118.1:11197-11489(+,-)	75.81
AYEL01059412.1:9181-9507(+,-)	65.03
AYEL01075159.1:93427-93664(+,-)	81.40
AYEL01085365.1:16466-16702(+,-)	71.67
AYEL01071673.1:62595-62820(+,-)	66.82
AYEL01086564.1:12897-13100(-)	76.38
AYEL01082221.1:14151-14387(+,-)	72.49
AYEL01065610.1:39348-39605(+,-)	70.06
AYEL01055805.1:6043-6439(+,-)	72.37
AYEL01091430.1:10694-10921(+,-)	81.92
AYEL01057102.1:2762-2991(+,-)	71.93
AYEL01052720.1:5861-6070(+,-)	64.91
AYEL01073134.1:25200-25425(+,-)	61.36
AYEL01074284.1:77398-77585(-)	73.61
AYEL01080818.1:10504-10739(+,-)	80.34
AYEL01064428.1:20327-20567(+,-)	78.21
AYEL01010787.1:1824-2065(+,-)	75.69
AYEL01077960.1:20349-20631(+,-)	83.71
AYEL01070049.1:3265-3470(+,-)	74.26
AYEL01055904.1:19323-19519(+,-)	83.04
AYEL01070647.1:19941-20165(+,-)	83.80
AYEL01034524.1:18716-18955(+,-)	83.80
AYEL01076594.1:1002-1285(+,-)	72.69
AYEL01062197.1:31-239(+,-)	80.34
AYEL01088788.1:14905-15139(+,-)	85.06
AYEL01075388.1:69538-69777(+,-)	72.41
AYEL01072481.1:28112-28315(+,-)	76.02
AYEL01062444.1:29622-29845(+,-)	81.03
AYEL01072092.1:69436-69725(+,-)	74.42
AYEL01074017.1:47248-47465(+,-)	60.99
AYEL01085181.1:38283-38639(+,-)	80.95
AYEL01070180.1:344-545(+,-)	70.97
AYEL01091638.1:19141-19418(+,-)	74.73
AYEL01062569.1:13544-13827(+,-)	78.80
AYEL01086766.1:66541-66779(+,-)	75.32
AYEL01087428.1:9432-9660(+,-)	77.78
AYEL01071028.1:52608-52805(-)	75.41
AYEL01090750.1:27447-27800(+,-)	85.71
AYEL01019940.1:1645-1876(+,-)	74.69
AYEL01066234.1:210-443(+,-)	90.91
AYEL01069033.1:4076-4306(+,-)	70.93
AYEL01086942.1:25592-25832(+,-)	72.53
AYEL01064347.1:6013-6251(+,-)	71.43
AYEL01062266.1:60245-60479(+,-)	71.37
AYEL01086185.1:35694-35932(+,-)	78.18
AYEL01047184.1:45672-45911(+,-)	77.27
AYEL01067794.1:40425-40657(+,-)	84.88
AYEL01066910.1:3192-3428(+,-)	65.88
AYEL01046548.1:58090-58305(+,-)	73.04
AYEL01035724.1:16963-17188(+,-)	82.76
AYEL01027979.1:15506-15814(+,-)	80.00
AYEL01076866.1:10957-11188(+,-)	69.30
AYEL01057802.1:21295-21537(+,-)	74.04
AYEL01088483.1:40017-40239(+,-)	82.29
AYEL01091828.1:3500-3742(+,-)	74.47
AYEL01038417.1:3786-4022(+,-)	69.00
AYEL01042500.1:4830-5028(+,-)	68.10
AYEL01091602.1:38215-38411(+,-)	67.86
AYEL01080212.1:35796-36036(+,-)	79.33
AYEL01071165.1:4343-4589(+,-)	70.64
AYEL01057932.1:20331-20554(+,-)	69.34
AYEL01087967.1:11286-11526(+,-)	73.39
AYEL01065119.1:952-1190(+,-)	72.61
AYEL01074665.1:26303-26506(+,-)	71.07
AYEL01091340.1:227886-228121(+,-)	82.68
AYEL01088459.1:2549-2794(+,-)	75.22
AYEL01082199.1:10059-10277(+,-)	70.77
AYEL01078380.1:52230-52419(-)	63.64
AYEL01086302.1:4198-4442(+,-)	75.11
AYEL01073226.1:21891-22112(+,-)	82.67
AYEL01057191.1:6545-6759(+,-)	64.71
AYEL01048485.1:50295-50521(+,-)	66.36
AYEL01056792.1:7756-8016(+,-)	77.86
AYEL01066021.1:5428-5672(+,-)	73.00
AYEL01025827.1:10197-10431(+,-)	74.79
AYEL01084543.1:10764-11042(+,-)	73.12
AYEL01084925.1:35503-35770(+,-)	77.92
AYEL01087785.1:13726-14016(+,-)	79.45
AYEL01081561.1:32502-32763(+,-)	77.91
AYEL01038843.1:1394-1644(+,-)	71.20
AYEL01064837.1:5993-6220(+,-)	60.00
AYEL01085320.1:17978-18219(+,-)	75.29
AYEL01061438.1:41685-41924(+,-)	71.35
AYEL01013742.1:10823-11044(+,-)	85.47
AYEL01075687.1:11697-11924(+,-)	73.42
AYEL01076651.1:237-525(+,-)	69.30
AYEL01084878.1:6372-6614(+,-)	74.47
AYEL01065652.1:27151-27393(+,-)	70.28
AYEL01072590.1:43328-43567(+,-)	73.82
AYEL01087147.1:57235-57457(+,-)	58.05
AYEL01068728.1:8804-9007(+,-)	70.21
AYEL01080943.1:933-1161(+,-)	70.37
AYEL01065162.1:16339-16566(+,-)	71.49
AYEL01043402.1:5682-5923(+,-)	73.08
AYEL01089078.1:58003-58312(+,-)	76.36
AYEL01088024.1:34474-34700(+,-)	84.92
AYEL01086372.1:66091-66394(+,-)	81.05
AYEL01067750.1:577-807(+,-)	77.71
AYEL01075104.1:34310-34550(+,-)	69.96
AYEL01087559.1:11985-12219(+,-)	70.87
AYEL01083289.1:71094-71331(+,-)	69.16
AYEL01056272.1:111648-111947(+,-)	82.78
AYEL01091871.1:46898-47237(+,-)	76.86
AYEL01041563.1:2761-3002(+,-)	77.97
AYEL01083661.1:15817-16138(+,-)	85.53
AYEL01065182.1:28254-28490(+,-)	80.45
AYEL01027684.1:2700-2929(+,-)	64.29
AYEL01088967.1:45541-45773(+,-)	73.01
AYEL01076191.1:56384-56598(+,-)	83.73
AYEL01080287.1:17290-17518(+,-)	72.78
AYEL01029819.1:15955-16384(+,-)	82.68
AYEL01091963.1:26392-26671(+,-)	76.52
AYEL01086260.1:20512-20743(+,-)	73.42
AYEL01077707.1:32747-32980(+,-)	71.24
AYEL01044484.1:8005-8244(+,-)	82.68
AYEL01061863.1:28980-29216(+,-)	79.10
AYEL01079185.1:21870-22112(+,-)	77.65
AYEL01073440.1:42694-42915(+,-)	83.85
AYEL01045116.1:65593-65819(+,-)	77.78
AYEL01053641.1:5964-6183(+,-)	70.81
AYEL01077486.1:23639-23837(+,-)	78.29
AYEL01081664.1:1211-1469(+,-)	76.28
AYEL01082786.1:5052-5287(+,-)	81.71
AYEL01088697.1:33931-34171(+,-)	72.96
AYEL01087743.1:54070-54364(-)	69.09
AYEL01071308.1:566-801(+,-)	78.98
AYEL01062265.1:486-631(-)	75.00
AYEL01088843.1:23730-23965(+,-)	71.49
AYEL01032570.1:6335-6541(+,-)	70.00
AYEL01069201.1:3258-3496(+,-)	73.59
AYEL01031257.1:58137-58351(+,-)	81.56
AYEL01084699.1:9668-10056(+,-)	85.23
AYEL01091824.1:55906-56124(+,-)	67.62
AYEL01071917.1:8005-8212(+,-)	84.36
AYEL01084206.1:46411-46613(+,-)	70.91
AYEL01078696.1:29454-29709(+,-)	71.24
AYEL01084701.1:82855-83101(+,-)	74.59
AYEL01047318.1:34-331(+,-)	82.03
AYEL01073869.1:20771-21008(+,-)	70.87
AYEL01068587.1:11054-11247(+)	90.24
AYEL01077385.1:13054-13290(+,-)	76.54
AYEL01085534.1:4877-5097(+,-)	71.05
AYEL01077844.1:20637-20855(+,-)	66.86
AYEL01068871.1:122-357(+,-)	68.26
AYEL01069319.1:13086-13321(+,-)	73.80
AYEL01083633.1:155956-156250(+,-)	77.63
AYEL01083819.1:8956-9185(+,-)	65.41
AYEL01078552.1:14958-15180(+,-)	78.29
AYEL01076658.1:189-423(+,-)	74.01
AYEL01089899.1:116997-117230(+,-)	82.02
AYEL01082043.1:774-1025(+,-)	82.32
AYEL01060833.1:1753-2114(+,-)	81.03
AYEL01083059.1:4006-4227(+,-)	77.39
AYEL01081740.1:19625-19865(+,-)	67.69
AYEL01052970.1:40680-40925(+,-)	73.16
AYEL01065392.1:2025-2236(+,-)	83.77
AYEL01079377.1:31388-31677(+,-)	76.74
AYEL01058862.1:6157-6355(+,-)	74.63
AYEL01030740.1:4846-5083(+,-)	66.67
AYEL01056424.1:4158-4394(+,-)	61.30
AYEL01083222.1:440-668(+,-)	72.15
AYEL01077257.1:4997-5290(+,-)	75.26
AYEL01074572.1:41008-41238(+,-)	69.59
AYEL01082516.1:4826-5071(+,-)	83.24
AYEL01085117.1:26765-26954(+,-)	71.95
AYEL01084398.1:16817-17043(+,-)	68.72
AYEL01085635.1:18440-18683(+,-)	67.97
AYEL01067766.1:10673-10916(+,-)	60.26
AYEL01088328.1:42283-42625(+,-)	75.68
AYEL01082904.1:6983-7228(+,-)	74.26
AYEL01078295.1:2709-2947(+,-)	74.03
AYEL01058975.1:200-440(+,-)	72.53
AYEL01086275.1:28326-28529(+,-)	86.00
AYEL01072483.1:48411-48648(+,-)	73.78
AYEL01047977.1:40045-40246(+,-)	66.15
AYEL01071401.1:33181-33409(+,-)	78.61
AYEL01070858.1:26547-26770(+,-)	81.61
AYEL01063682.1:6174-6408(+,-)	85.06
AYEL01076582.1:30630-30878(+,-)	65.32
AYEL01089476.1:20337-20572(+,-)	73.50
AYEL01086535.1:13035-13247(+,-)	81.01
AYEL01075039.1:176719-176957(+,-)	82.02
AYEL01016310.1:18915-19122(+,-)	73.53
AYEL01077960.1:40996-41224(+,-)	62.63
AYEL01066064.1:997-1246(+,-)	86.21
AYEL01074572.1:42385-42622(+,-)	81.21
AYEL01076594.1:567-756(+,-)	78.05
AYEL01065681.1:28988-29184(+,-)	72.97
AYEL01026811.1:13816-14089(+,-)	81.88
AYEL01084315.1:11407-11659(+,-)	73.75
AYEL01069220.1:5882-6118(+,-)	76.70
AYEL01071314.1:15710-15980(+,-)	80.11
AYEL01058118.1:4833-5151(+,-)	78.07
AYEL01072490.1:4244-4477(+,-)	65.92
AYEL01036636.1:8396-8635(+,-)	74.62
AYEL01084749.1:10618-10858(+,-)	81.01
AYEL01081667.1:3478-3729(+,-)	77.08
AYEL01013151.1:10973-11190(+,-)	63.84
AYEL01086527.1:36613-36837(+,-)	68.99
AYEL01084437.1:8959-9209(+,-)	76.37
AYEL01086845.1:13568-13782(+,-)	75.82
AYEL01056696.1:59759-59982(+,-)	73.11
AYEL01064056.1:10662-11063(-)	84.96
AYEL01070897.1:5845-6242(+,-)	84.94
AYEL01078372.1:17807-18042(+,-)	85.23
AYEL01070692.1:18660-18900(+,-)	73.82
AYEL01074321.1:23785-24003(+,-)	80.25
AYEL01082247.1:47214-47449(+,-)	73.19
AYEL01067813.1:17496-17707(+,-)	72.95
AYEL01073822.1:53782-54021(+,-)	67.04
AYEL01082723.1:58704-58930(+,-)	70.07
AYEL01067335.1:574-797(+,-)	79.41
AYEL01077255.1:12554-12787(+,-)	73.51
AYEL01090692.1:16053-16289(+,-)	81.03
AYEL01075869.1:18433-18696(+)	85.14
AYEL01058779.1:32005-32205(+,-)	77.12
AYEL01045209.1:343-586(+,-)	67.67
AYEL01046748.1:33879-34130(+,-)	79.67
AYEL01074089.1:13370-13610(+,-)	79.33
AYEL01073067.1:9276-9491(+)	62.75
AYEL01086693.1:49234-49483(+,-)	75.25
AYEL01087398.1:5552-5783(+,-)	83.14
AYEL01023308.1:5546-5788(+,-)	74.47
AYEL01054974.1:48370-48601(+,-)	69.14
AYEL01038037.1:6272-6530(+,-)	76.61
AYEL01069636.1:15234-15470(+,-)	71.91
AYEL01074536.1:43211-43449(+,-)	80.53
AYEL01076099.1:8186-8484(+,-)	81.63
AYEL01072103.1:20936-21122(-)	80.23
AYEL01056772.1:24978-25290(+,-)	81.00
AYEL01078209.1:24458-24700(+,-)	82.12
AYEL01047435.1:4501-4737(+,-)	83.24
AYEL01067014.1:387-621(+,-)	71.43
AYEL01083176.1:1476-1704(+,-)	72.48
AYEL01072959.1:29705-29927(+,-)	78.71
AYEL01051941.1:4813-5132(+,-)	70.56
AYEL01074267.1:80-306(+,-)	75.72
AYEL01088544.1:16132-16479(+,-)	78.92
AYEL01052762.1:58725-58915(-)	85.71
AYEL01052958.1:3676-3902(+,-)	68.06
AYEL01050882.1:3104-3339(+,-)	72.32
AYEL01049846.1:7846-8031(-)	77.78
AYEL01057796.1:12502-12716(+,-)	68.97
AYEL01055861.1:41426-41626(+,-)	64.33
AYEL01077701.1:1646-1866(+,-)	71.70
AYEL01086919.1:63172-63410(+,-)	72.29
AYEL01067977.1:70725-71028(+,-)	80.99
AYEL01065446.1:13005-13220(+,-)	77.39
AYEL01068065.1:16679-16923(+,-)	75.98
AYEL01074572.1:40783-40998(+,-)	84.92
AYEL01065970.1:46207-46445(+,-)	80.79
AYEL01060046.1:1494-1731(+,-)	79.78
AYEL01084294.1:6849-7066(+,-)	60.61
AYEL01064972.1:3417-3645(+,-)	70.24
AYEL01078643.1:14696-14944(+,-)	73.19
AYEL01053548.1:13220-13449(+,-)	83.63
AYEL01076105.1:59006-59228(+,-)	71.70
AYEL01090334.1:12028-12260(+,-)	77.11
AYEL01037345.1:23865-24089(+,-)	84.30
AYEL01054132.1:24810-25037(+,-)	79.41
AYEL01084673.1:17874-18170(+,-)	88.79
AYEL01072168.1:30456-30697(+,-)	73.82
AYEL01009583.1:2447-2679(+,-)	74.66
AYEL01078597.1:5393-5613(+,-)	67.86
AYEL01083276.1:28028-28327(+,-)	74.46
AYEL01069511.1:5039-5246(+,-)	76.28
AYEL01018732.1:157-348(+,-)	82.58
AYEL01068057.1:27273-27578(+,-)	82.02
AYEL01087030.1:68423-68653(+,-)	73.53
AYEL01090269.1:77941-78174(+,-)	62.99
AYEL01070147.1:12748-12940(-)	75.19
AYEL01077362.1:7721-7994(+,-)	80.59
AYEL01072091.1:82115-82454(+,-)	73.39
AYEL01047927.1:4998-5225(+,-)	85.29
AYEL01065002.1:86735-86975(+,-)	72.53
AYEL01061788.1:15128-15362(+,-)	74.14
AYEL01070481.1:3153-3420(+,-)	88.89
AYEL01078328.1:1310-1584(+,-)	79.73
AYEL01044471.1:5686-5995(+,-)	71.00
AYEL01090560.1:28459-28758(+,-)	75.26
AYEL01088014.1:9169-9400(-)	75.59
AYEL01060929.1:23143-23370(+,-)	71.69
AYEL01074866.1:10620-10854(+,-)	75.66
AYEL01026724.1:76588-76824(+,-)	79.77
AYEL01079949.1:46422-46744(+,-)	77.14
AYEL01086308.1:33610-33830(+,-)	65.00
AYEL01088685.1:2312-2640(+,-)	70.86
AYEL01077762.1:3776-4074(+,-)	81.03
AYEL01080835.1:1075-1316(+,-)	81.56
AYEL01060065.1:368-605(+,-)	73.57
AYEL01060617.1:2369-2573(+,-)	56.44
AYEL01083996.1:50561-50794(+,-)	66.23
AYEL01076971.1:12711-12947(+,-)	81.71
AYEL01043348.1:2340-2525(-)	64.62
AYEL01088427.1:14341-14804(+,-)	63.64
AYEL01078269.1:11929-12165(+,-)	70.27
AYEL01066808.1:42344-42561(+,-)	79.65
AYEL01059477.1:5789-6029(+,-)	72.10
AYEL01085918.1:39494-39829(+,-)	85.19
AYEL01085550.1:12353-12667(+,-)	70.06
AYEL01092108.1:88-469(+,-)	77.52
AYEL01074536.1:23736-23976(+,-)	70.82
AYEL01045535.1:798-1019(+,-)	62.69
AYEL01047486.1:7540-7734(-)	69.86
AYEL01065230.1:6699-6924(+,-)	75.71
AYEL01007197.1:11913-12126(+,-)	59.21
AYEL01078876.1:122154-122479(+,-)	70.81
AYEL01058379.1:52747-53016(+,-)	85.12
AYEL01055619.1:9889-10129(+,-)	73.39
AYEL01040671.1:76-514(+,-)	81.14
AYEL01078251.1:2876-3407(-)	71.18
AYEL01058470.1:50478-50746(+,-)	82.86
AYEL01069375.1:16287-16583(+,-)	73.85
AYEL01013123.1:34145-34389(+,-)	72.46
AYEL01084701.1:84833-85072(+,-)	70.22
AYEL01046740.1:9889-10154(+,-)	82.86
AYEL01060524.1:1173-1398(+,-)	69.86
AYEL01089911.1:5417-5635(+,-)	78.33
AYEL01071102.1:82063-82314(+,-)	75.11
AYEL01084197.1:112528-112764(+,-)	81.82
AYEL01069402.1:46739-46960(+,-)	75.83
AYEL01064134.1:27906-28168(+,-)	72.88
AYEL01088475.1:69167-69393(+,-)	65.70
AYEL01056517.1:9260-9494(+,-)	80.35
AYEL01077702.1:59211-59435(+,-)	61.86
AYEL01082629.1:29680-29914(+,-)	72.52
AYEL01072695.1:30431-30632(+,-)	72.35
AYEL01016281.1:0-239(+,-)	73.80
AYEL01087791.1:6110-6368(+,-)	75.71
AYEL01081649.1:2992-3227(+,-)	83.71
AYEL01065235.1:237-477(+,-)	72.10
AYEL01036790.1:54020-54479(+,-)	72.84
AYEL01082534.1:11680-11894(+,-)	78.81
AYEL01073978.1:99309-99502(+,-)	83.14
AYEL01026800.1:6418-6635(+,-)	64.56
AYEL01071802.1:11506-11744(+,-)	75.60
AYEL01086616.1:1545-1759(+,-)	75.27
AYEL01066389.1:6414-6651(+,-)	80.34
AYEL01038776.1:11859-12060(+)	58.29
AYEL01067108.1:13121-13376(+,-)	72.27
AYEL01067040.1:68787-69022(+,-)	66.81
AYEL01071854.1:11843-12037(+,-)	75.81
AYEL01084537.1:63469-63761(+,-)	75.79
AYEL01054634.1:91679-91913(+,-)	80.11
AYEL01085480.1:17468-17689(+,-)	68.47
AYEL01091540.1:32700-32950(+,-)	80.34
AYEL01065634.1:61999-62202(+,-)	77.42
AYEL01083693.1:11120-11323(+,-)	83.53
AYEL01074352.1:9906-10124(+,-)	81.03
AYEL01076705.1:36321-36554(+,-)	61.99
AYEL01068092.1:7525-7771(+,-)	79.33
AYEL01073739.1:6116-6305(+)	58.06
AYEL01066908.1:12917-13123(+,-)	69.94
AYEL01052762.1:56262-56529(+,-)	76.06
AYEL01049345.1:87884-88092(+,-)	80.17
AYEL01083695.1:46282-46526(+,-)	80.79
AYEL01080890.1:33923-34213(+,-)	77.88
AYEL01062226.1:21271-21491(+,-)	76.10
AYEL01081294.1:76297-76529(+,-)	83.43
AYEL01075004.1:12378-12761(+,-)	70.39
AYEL01076973.1:25993-26218(+,-)	82.82
AYEL01072178.1:6698-6891(+,-)	84.21
AYEL01077175.1:17903-18106(-)	76.38
AYEL01051373.1:15186-15443(+,-)	76.56
AYEL01064451.1:7245-7472(+,-)	79.37
AYEL01030450.1:99-411(+,-)	75.49
AYEL01073693.1:9479-9684(+,-)	82.76
AYEL01048958.1:19571-19838(+,-)	69.51
AYEL01072503.1:32158-32397(+,-)	70.06
AYEL01024310.1:1609-1850(+,-)	75.76
AYEL01043719.1:1324-1545(+,-)	75.59
AYEL01079457.1:4743-4959(+,-)	68.75
AYEL01064428.1:1886-2095(+,-)	66.98
AYEL01048946.1:10795-10991(+,-)	82.39
AYEL01080571.1:4163-4533(+,-)	74.57
AYEL01091274.1:8082-8341(+,-)	76.61
AYEL01036752.1:9645-9838(+,-)	78.09
AYEL01066570.1:63855-64145(+,-)	71.00
AYEL01087593.1:5491-5719(+,-)	82.68
AYEL01054070.1:142026-142423(+,-)	78.53
AYEL01046575.1:13556-13794(+,-)	83.62
AYEL01087854.1:4286-4527(+,-)	81.11
AYEL01046575.1:13810-14050(+,-)	82.12
AYEL01091827.1:336-613(+,-)	74.04
AYEL01078995.1:33582-33770(+,-)	70.52
AYEL01065685.1:24092-24330(+,-)	70.13
AYEL01078204.1:22920-23161(+,-)	75.11
AYEL01058777.1:31366-31592(+,-)	63.47
AYEL01091109.1:50364-50588(+,-)	70.23
AYEL01080739.1:7355-7593(+,-)	82.12
AYEL01071006.1:41317-41565(+,-)	68.18
AYEL01059421.1:14824-15059(+,-)	79.33
AYEL01071140.1:21318-21555(+,-)	75.00
AYEL01063062.1:3181-3414(+,-)	78.16
AYEL01075159.1:136922-137151(+,-)	82.12
AYEL01063904.1:68383-68616(+,-)	76.15
AYEL01069708.1:32707-33048(+,-)	81.01
AYEL01060243.1:18666-18883(+,-)	76.56
AYEL01086108.1:4992-5221(+,-)	69.54
AYEL01083187.1:23234-23478(+,-)	77.91
AYEL01071066.1:40664-40862(+,-)	64.50
AYEL01077832.1:107319-107530(+,-)	67.01
AYEL01069121.1:14377-14581(+,-)	66.47
AYEL01091467.1:13273-13509(+,-)	78.86
AYEL01071214.1:43728-43969(+,-)	79.89
AYEL01086671.1:52690-52930(+,-)	84.36
AYEL01080315.1:21403-21650(+,-)	70.39
AYEL01077738.1:71243-71477(+,-)	79.88
AYEL01089065.1:42726-42934(+,-)	80.71
AYEL01086380.1:1013-1253(+,-)	67.54
AYEL01074837.1:8139-8460(+,-)	73.13
AYEL01078581.1:59118-59353(+,-)	65.69
AYEL01076505.1:10256-10510(+,-)	69.19
AYEL01075273.1:18911-19315(+,-)	74.21
AYEL01079342.1:38010-38552(+,-)	82.82
AYEL01075451.1:19015-19235(+,-)	68.75
AYEL01071905.1:21584-21805(+,-)	79.25
AYEL01015480.1:14408-14864(+,-)	86.21
AYEL01081546.1:406-715(+,-)	71.12
AYEL01081696.1:26650-26892(+,-)	63.87
AYEL01080777.1:2165-2609(+,-)	77.05
AYEL01071893.1:38201-38510(+,-)	80.70
AYEL01092320.1:37769-38009(+,-)	73.82
AYEL01091303.1:41357-41585(+,-)	81.56
AYEL01056357.1:31248-31488(+,-)	82.68
AYEL01036790.1:40726-41022(+,-)	79.34
AYEL01080725.1:30389-30629(+,-)	73.39
AYEL01044144.1:263-583(+,-)	69.72
AYEL01065028.1:12274-12501(+,-)	81.29
AYEL01048858.1:26313-26515(+,-)	76.88
AYEL01046574.1:55089-55309(+,-)	72.15
AYEL01041914.1:13184-13424(+,-)	83.15
AYEL01071168.1:18117-18335(+,-)	63.80
AYEL01017524.1:8768-8971(+,-)	75.24
AYEL01076718.1:13163-13383(+,-)	82.22
AYEL01081787.1:74857-75157(+,-)	75.82
AYEL01081215.1:220437-220693(+,-)	84.39
AYEL01070302.1:2719-2979(+,-)	74.01
AYEL01087622.1:87602-87827(+,-)	77.78
AYEL01061070.1:13742-13981(+,-)	86.52
AYEL01069110.1:54321-54548(+,-)	82.35
AYEL01056454.1:39942-40158(+,-)	71.59
AYEL01077986.1:53488-53715(+,-)	72.77
AYEL01050580.1:4264-4503(+,-)	72.96
AYEL01059098.1:14393-14595(+,-)	55.98
AYEL01064606.1:17016-17238(+,-)	70.12
AYEL01071358.1:15298-15525(+,-)	82.86
AYEL01044425.1:15919-16159(+,-)	73.82
AYEL01070175.1:35216-35406(+,-)	80.13
AYEL01079887.1:3516-3758(+,-)	74.04
AYEL01036365.1:49030-49267(+,-)	83.24
AYEL01048778.1:12449-12674(+,-)	76.19
AYEL01087218.1:8202-8681(+,-)	82.25
AYEL01087897.1:54951-55191(+,-)	84.36
AYEL01073071.1:432-659(+,-)	81.71
AYEL01084973.1:43833-44058(+,-)	77.02
AYEL01081547.1:8699-8902(-)	76.38
AYEL01042342.1:794-1051(+,-)	71.68
AYEL01056383.1:58161-58446(+,-)	73.53
AYEL01076526.1:97333-97541(+,-)	82.58
AYEL01086933.1:1483-1711(+,-)	67.82
AYEL01031798.1:10767-11051(+,-)	80.90
AYEL01086971.1:28129-28360(+,-)	85.96
AYEL01069778.1:2220-2442(+,-)	68.84
AYEL01090753.1:26608-26830(+,-)	84.42
AYEL01076382.1:31626-31890(+,-)	87.97
AYEL01081782.1:9412-9635(+,-)	67.26
AYEL01055355.1:34005-34192(+)	76.51
AYEL01067750.1:3392-3631(+,-)	82.12
AYEL01077207.1:19093-19293(+,-)	70.59
AYEL01058275.1:14236-14433(+,-)	66.67
AYEL01068065.1:12557-12772(+,-)	75.68
AYEL01078443.1:73567-73807(+,-)	72.96
AYEL01082261.1:140589-140783(+,-)	65.85
AYEL01062197.1:344-499(+)	85.42
AYEL01086414.1:111728-112108(+,-)	73.03
AYEL01069976.1:6769-7052(+,-)	82.12
AYEL01075231.1:37232-37471(+,-)	67.81
AYEL01071500.1:38268-38491(+)	64.08
AYEL01082585.1:55157-55363(+,-)	68.60
AYEL01085524.1:30603-30847(+,-)	67.41
AYEL01067490.1:5993-6200(+,-)	80.99
AYEL01072041.1:14911-15141(+,-)	70.69
AYEL01068750.1:28195-28420(+,-)	79.55
AYEL01081377.1:20083-20326(+,-)	64.50
AYEL01059227.1:32922-33160(+,-)	71.43
AYEL01091107.1:26141-26397(+,-)	75.12
AYEL01054838.1:11916-12153(+,-)	82.68
AYEL01087240.1:30692-30916(+,-)	78.21
AYEL01071192.1:52896-53198(+,-)	74.03
AYEL01060455.1:50143-50387(+,-)	74.68
AYEL01084016.1:5778-6218(+,-)	68.97
AYEL01085402.1:1722-1914(-)	73.15
AYEL01057506.1:33938-34161(+,-)	80.92
AYEL01056838.1:21848-22048(+,-)	74.53
AYEL01082327.1:11146-11626(+,-)	82.02
AYEL01066094.1:14014-14254(+,-)	64.02
AYEL01086620.1:15546-15779(+,-)	62.61
AYEL01086965.1:60705-60920(+,-)	75.42
AYEL01054709.1:6377-6625(+,-)	67.66
AYEL01043479.1:23765-24002(+,-)	77.97
AYEL01069809.1:31219-31444(+,-)	63.10
AYEL01074286.1:4972-5212(+,-)	74.25
AYEL01084763.1:48649-48848(+,-)	77.06
AYEL01078010.1:6665-6905(+,-)	74.25
AYEL01087274.1:12543-12777(+,-)	85.14
AYEL01063791.1:30019-30172(-)	79.78
AYEL01049133.1:62130-62339(+,-)	73.33
AYEL01070481.1:3558-3791(+,-)	86.13
AYEL01087256.1:5318-5554(+,-)	72.93
AYEL01080865.1:24702-24941(+,-)	82.02
AYEL01068349.1:17131-17320(+,-)	78.20
AYEL01082667.1:12050-12289(+,-)	79.05
AYEL01065957.1:1594-1848(+,-)	81.50
AYEL01090628.1:14477-14717(+,-)	73.39
AYEL01075511.1:10398-10635(+,-)	74.57
AYEL01078806.1:7584-7822(+,-)	83.72
AYEL01068733.1:19408-19648(+,-)	84.27
AYEL01069202.1:31517-31751(+,-)	59.64
AYEL01090957.1:47059-47323(+,-)	71.62
AYEL01065517.1:2730-3181(+,-)	72.25
AYEL01085480.1:6028-6248(+,-)	73.97
AYEL01085076.1:3884-4096(+,-)	65.44
AYEL01078659.1:37884-38084(+,-)	68.18
AYEL01074215.1:3496-3697(+,-)	71.93
AYEL01070610.1:9930-10151(+,-)	84.80
AYEL01034687.1:25476-25778(+,-)	71.90
AYEL01088205.1:10390-10606(+,-)	62.22
AYEL01077364.1:5890-6083(-)	71.74
AYEL01090737.1:6667-6936(+,-)	80.72
AYEL01062337.1:7728-7936(+,-)	72.81
AYEL01077014.1:44092-44300(+,-)	64.50
AYEL01081079.1:1121-1365(+,-)	84.83
AYEL01048867.1:10250-10444(+,-)	70.66
AYEL01071132.1:38657-38899(+,-)	84.57
AYEL01078833.1:36198-36553(+,-)	79.64
AYEL01084111.1:11905-12109(+,-)	60.63
AYEL01076050.1:5306-5546(+,-)	73.82
AYEL01069800.1:3934-4165(+,-)	71.97
AYEL01075213.1:6293-6591(+,-)	74.83
AYEL01032855.1:112959-113161(+,-)	69.62
AYEL01091075.1:17889-18290(+,-)	64.13
AYEL01074586.1:66791-67069(+,-)	73.30
AYEL01086575.1:15590-15826(+,-)	72.68
AYEL01066103.1:37715-37930(+,-)	69.23
AYEL01081649.1:7297-7531(+,-)	83.24
AYEL01071688.1:7630-7868(+,-)	83.72
AYEL01070571.1:11512-11697(-)	68.06
AYEL01087402.1:114352-114587(+,-)	70.53
AYEL01080799.1:77221-77420(+,-)	81.36
AYEL01056693.1:1722-1962(+,-)	75.84
AYEL01076235.1:65259-65471(+,-)	71.23
AYEL01074138.1:32781-33020(+,-)	74.12
AYEL01077837.1:9668-9907(+,-)	70.69
AYEL01071944.1:49586-49826(+,-)	73.39
AYEL01084409.1:32694-32912(+,-)	71.43
AYEL01091061.1:8970-9208(+,-)	83.71
AYEL01081201.1:23611-23821(+,-)	78.00
AYEL01057509.1:18808-19035(+,-)	83.93
AYEL01080015.1:77573-77800(+,-)	59.91
AYEL01065541.1:4989-5229(+,-)	81.14
AYEL01088994.1:91866-92106(+,-)	61.82
AYEL01083947.1:90760-90999(+,-)	78.77
AYEL01046382.1:19346-19589(+,-)	64.66
AYEL01074035.1:46893-47274(+,-)	72.96
AYEL01083206.1:30005-30243(+,-)	79.33
AYEL01079112.1:3127-3368(+,-)	77.71
AYEL01089195.1:67060-67300(+,-)	78.33
AYEL01030846.1:23647-23874(+,-)	71.11
AYEL01075214.1:38473-38673(+,-)	84.67
AYEL01077313.1:34509-34918(+,-)	87.77
AYEL01086978.1:28200-28434(+,-)	82.29
AYEL01081267.1:31339-31579(+,-)	84.92
AYEL01077848.1:10005-10229(+,-)	64.44
AYEL01048914.1:52493-52717(+,-)	67.89
AYEL01079343.1:1349-1582(+,-)	83.80
AYEL01070848.1:24739-24969(+,-)	69.18
AYEL01078659.1:68779-69022(+,-)	66.81
AYEL01070023.1:161888-162103(+,-)	75.36
AYEL01086398.1:750-966(+,-)	67.57
AYEL01074382.1:61602-61837(+,-)	80.23
AYEL01080130.1:29031-29273(+,-)	73.62
AYEL01090452.1:64795-65015(+,-)	80.95
AYEL01022252.1:55-287(+,-)	74.69
AYEL01081250.1:53498-53979(+,-)	80.92
AYEL01075507.1:56062-56282(+,-)	67.19
AYEL01091066.1:14042-14235(+,-)	64.34
AYEL01065228.1:7054-7282(+,-)	80.35
AYEL01027573.1:15343-15786(+,-)	71.66
AYEL01085746.1:10582-10821(+,-)	74.57
AYEL01070475.1:2705-2945(+,-)	84.36
AYEL01061395.1:51907-52140(+,-)	70.00
AYEL01062592.1:8198-8450(+,-)	75.00
AYEL01076977.1:1323-1560(+,-)	80.68
AYEL01063586.1:11860-12094(+,-)	80.59
AYEL01062673.1:6527-6751(+,-)	68.33
AYEL01078297.1:31581-31827(+,-)	71.73
AYEL01074333.1:112378-112584(+,-)	74.17
AYEL01089040.1:6862-7082(+,-)	84.81
AYEL01045055.1:13404-13644(+,-)	84.92
AYEL01046730.1:15052-15291(+,-)	65.83
AYEL01072163.1:8170-8413(+,-)	70.74
AYEL01051979.1:16630-16844(+,-)	83.65
AYEL01091556.1:9546-9788(+,-)	78.09
AYEL01091663.1:16400-16620(+,-)	83.72
AYEL01087849.1:6380-6601(+,-)	60.56
AYEL01061414.1:24733-24931(+,-)	66.27
AYEL01020083.1:20548-20759(+,-)	74.85
AYEL01073035.1:84122-84363(+,-)	66.67
AYEL01081360.1:7556-7772(+,-)	72.73
AYEL01079863.1:7385-7896(+,-)	71.29
AYEL01033550.1:3414-3641(+,-)	71.36
AYEL01083522.1:8342-8539(+,-)	72.73
AYEL01091337.1:3712-3924(+,-)	74.43
AYEL01061826.1:112795-113011(+,-)	82.12
AYEL01043961.1:3039-3273(+,-)	74.43
AYEL01081498.1:20083-20292(+,-)	75.95
AYEL01047304.1:8344-8572(+,-)	81.98
AYEL01040577.1:31794-32032(+,-)	81.25
AYEL01063566.1:16730-16949(+,-)	63.48
AYEL01067089.1:2957-3419(+,-)	81.82
AYEL01088151.1:7428-7665(+,-)	63.81
AYEL01064389.1:1013-1217(+,-)	84.36
AYEL01030015.1:2564-2722(+)	82.69
AYEL01086360.1:78737-78975(+,-)	72.46
AYEL01079667.1:17196-17423(+,-)	64.08
AYEL01068493.1:3611-3837(+,-)	84.36
AYEL01076602.1:72-311(+,-)	73.28
AYEL01017063.1:2374-2567(+,-)	62.58
AYEL01086061.1:10899-11131(+,-)	76.83
AYEL01052990.1:30487-30688(-)	58.79
AYEL01072510.1:6696-6919(+,-)	84.36
AYEL01034991.1:51778-52001(+,-)	77.42
AYEL01066966.1:22858-23079(+,-)	74.65
AYEL01064138.1:1513-1748(+,-)	78.98
AYEL01082477.1:12953-13243(+,-)	77.36
AYEL01081546.1:1792-2053(+,-)	82.12
AYEL01089510.1:27196-27424(+,-)	72.09
AYEL01065517.1:8119-8354(+,-)	72.09
AYEL01071158.1:27341-27572(+,-)	80.68
AYEL01070865.1:63377-63608(+,-)	75.28
AYEL01007566.1:2299-2532(+,-)	72.57
AYEL01075401.1:4164-4447(+,-)	80.90
AYEL01072485.1:822-1057(+,-)	72.81
AYEL01069763.1:26121-26352(+,-)	73.60
AYEL01041917.1:7464-7693(+,-)	73.27
AYEL01075253.1:80716-80930(+,-)	83.65
AYEL01058781.1:38008-38243(+,-)	81.71
AYEL01090945.1:15842-16363(+,-)	80.81
AYEL01083520.1:1251-1466(+,-)	71.21
AYEL01039549.1:40776-41009(+,-)	72.97
AYEL01071898.1:26426-26671(+,-)	73.49
AYEL01069643.1:9457-9689(+,-)	81.42
AYEL01081634.1:5519-5743(+,-)	80.72
AYEL01066781.1:26424-26621(+,-)	80.75
AYEL01051803.1:4830-5048(+,-)	81.35
AYEL01076934.1:156691-156933(+,-)	74.04
AYEL01074184.1:5985-6224(+,-)	70.69
AYEL01039592.1:11516-11888(+,-)	71.14
AYEL01060374.1:7953-8167(+,-)	68.45
AYEL01066316.1:8115-8342(+,-)	75.98
AYEL01086275.1:33279-33498(+,-)	80.00
AYEL01064127.1:71761-72004(+,-)	77.65
AYEL01074572.1:27605-27903(+,-)	81.05
AYEL01085622.1:2189-2426(+,-)	82.58
AYEL01006437.1:50765-51011(+,-)	66.52
AYEL01079121.1:21206-21420(+,-)	83.65
AYEL01067235.1:2730-2932(+,-)	73.68
AYEL01077226.1:38576-38773(+,-)	72.03
AYEL01085189.1:5017-5257(+,-)	73.39
AYEL01074283.1:39636-39869(+,-)	71.51
AYEL01006993.1:113-449(+,-)	90.74
AYEL01081251.1:9129-9358(+,-)	80.37
AYEL01075358.1:14470-14693(+,-)	78.41
AYEL01044758.1:27499-27877(+,-)	83.71
AYEL01068981.1:72244-72433(+)	74.63
AYEL01089466.1:134023-134321(+,-)	73.22
AYEL01091754.1:66333-66578(+,-)	73.49
AYEL01084815.1:4464-4703(+,-)	73.71
AYEL01063816.1:36690-36902(+,-)	74.71
AYEL01072186.1:24250-24480(+,-)	72.00
AYEL01065230.1:23939-24178(+,-)	75.00
AYEL01083605.1:2203-2443(+,-)	57.92
AYEL01064705.1:3555-3797(+,-)	71.79
AYEL01085697.1:7826-8070(+,-)	74.89
AYEL01055190.1:7916-8121(-)	63.16
AYEL01057962.1:11397-11754(+,-)	85.34
AYEL01071132.1:39063-39384(+,-)	74.00
AYEL01076544.1:8393-8617(+,-)	64.06
AYEL01091611.1:67974-68192(+,-)	72.61
AYEL01072294.1:25180-25422(+,-)	72.77
AYEL01033130.1:3244-3461(+,-)	79.89
AYEL01074443.1:18102-18330(+,-)	77.22
AYEL01064121.1:20907-21136(+,-)	83.82
AYEL01053421.1:129956-130157(+,-)	75.27
AYEL01050546.1:8672-8959(+,-)	77.48
AYEL01072772.1:27610-27836(+,-)	68.51
AYEL01057711.1:3-242(+,-)	75.00
AYEL01091540.1:32423-32616(+,-)	83.47
AYEL01079058.1:74827-75066(+,-)	80.56
AYEL01085622.1:4658-5200(+,-)	75.54
AYEL01085876.1:86606-86845(+,-)	71.98
AYEL01088001.1:95436-95645(+,-)	78.02
AYEL01042013.1:11533-11727(+,-)	77.40
AYEL01081753.1:27659-27890(+,-)	70.43
AYEL01030541.1:14835-15071(+,-)	71.60
AYEL01060187.1:3835-4079(+,-)	74.79
AYEL01089368.1:50723-50964(+,-)	73.08
AYEL01086284.1:59509-59698(+)	61.61
AYEL01068489.1:43928-44168(+,-)	73.82
AYEL01047817.1:6545-6769(+,-)	82.58
AYEL01091815.1:12394-12602(+,-)	75.86
AYEL01086124.1:4501-4744(+,-)	66.67
AYEL01082374.1:6325-6786(+,-)	74.86
AYEL01052762.1:75360-75593(+,-)	83.33
AYEL01083438.1:73295-73504(+,-)	69.00
AYEL01061082.1:43309-43507(+,-)	74.24
AYEL01090134.1:4809-5044(+,-)	70.29
AYEL01051979.1:24440-24691(+,-)	78.18
AYEL01071944.1:48916-49173(+,-)	77.98
AYEL01087859.1:180213-180519(+,-)	74.74
AYEL01088448.1:31748-31954(+,-)	75.13
AYEL01057105.1:24189-24386(+)	62.86
AYEL01079548.1:4163-4382(+,-)	64.50
AYEL01089466.1:90920-91114(+)	70.06
AYEL01082563.1:18478-18717(+,-)	71.24
AYEL01066695.1:49140-49361(+,-)	66.89
AYEL01082341.1:17650-17955(+,-)	74.03
AYEL01079192.1:419-658(+,-)	75.43
AYEL01074949.1:4247-4457(+,-)	81.36
AYEL01089933.1:23776-23989(+,-)	64.88
AYEL01070576.1:63516-63742(+,-)	84.27
AYEL01076261.1:16311-16705(+,-)	82.12
AYEL01085978.1:24451-24674(+,-)	73.56
AYEL01072773.1:3036-3270(+,-)	73.58
AYEL01087175.1:39737-40034(+,-)	82.86
AYEL01049851.1:8990-9230(+,-)	61.64
AYEL01039324.1:128-421(+,-)	83.33
AYEL01063421.1:32427-32946(+,-)	71.88
AYEL01069434.1:62607-62890(+,-)	76.64
AYEL01082816.1:5158-5578(+,-)	83.80
AYEL01038438.1:50628-50831(-)	76.38
AYEL01025387.1:105-334(+,-)	72.93
AYEL01081324.1:4211-4424(+,-)	71.62
AYEL01081084.1:16075-16289(+,-)	70.83
AYEL01060763.1:41650-41904(+,-)	65.68
AYEL01064913.1:9746-9948(+,-)	67.66
AYEL01076243.1:750-975(+,-)	76.27
AYEL01074005.1:3356-3594(+,-)	67.67
AYEL01077679.1:4078-4330(+,-)	67.65
AYEL01080982.1:13285-13525(+,-)	80.45
AYEL01076906.1:24753-25043(+,-)	79.82
AYEL01079038.1:5594-5789(+,-)	70.32
AYEL01078443.1:67663-67903(+,-)	78.77
AYEL01080892.1:47022-47262(+,-)	71.67
AYEL01070175.1:36904-37112(+,-)	79.88
AYEL01082198.1:9191-9392(+,-)	72.67
AYEL01069978.1:22810-23214(+,-)	72.73
AYEL01076388.1:53539-53771(+,-)	78.14
AYEL01071969.1:9936-10166(+,-)	67.14
AYEL01070112.1:69181-69388(+,-)	64.00
AYEL01086037.1:9896-10115(+,-)	62.50
AYEL01061351.1:1408-1691(+,-)	81.01
AYEL01070368.1:3341-3563(+,-)	60.68
AYEL01071753.1:107354-107645(+,-)	70.44
AYEL01080422.1:54457-54682(+,-)	65.28
AYEL01017316.1:25309-25553(+,-)	71.61
AYEL01072110.1:2418-2617(+,-)	71.93
AYEL01082117.1:4020-4235(+,-)	77.93
AYEL01073574.1:3140-3382(+,-)	75.32
AYEL01084718.1:45375-45598(+,-)	82.18
AYEL01071856.1:44310-44549(+,-)	70.69
AYEL01089890.1:24130-24364(+,-)	76.16
AYEL01084055.1:30977-31382(+,-)	72.57
AYEL01076105.1:17985-18204(+,-)	81.56
AYEL01038772.1:25-213(+,-)	79.78
AYEL01065230.1:26205-26462(+,-)	82.86
AYEL01080844.1:74301-74534(+,-)	69.75
AYEL01058975.1:5919-6121(+,-)	61.31
AYEL01066551.1:101298-101537(+,-)	69.40
AYEL01075351.1:22475-22697(+,-)	65.58
AYEL01071893.1:34751-35084(+,-)	79.41
AYEL01071688.1:4210-4452(+,-)	74.04
AYEL01061789.1:6197-6435(+,-)	71.86
AYEL01060882.1:4890-5132(+,-)	71.35
AYEL01081174.1:19983-20220(+,-)	76.27
AYEL01062881.1:2722-2962(+,-)	86.03
AYEL01091429.1:38447-38669(+,-)	84.62
AYEL01087885.1:8120-8360(+,-)	81.67
AYEL01059688.1:52636-52972(+,-)	72.96
AYEL01087900.1:27803-28225(+,-)	84.09
AYEL01060614.1:24608-24848(+,-)	68.10
AYEL01087779.1:21478-21809(+,-)	81.03
AYEL01083148.1:11966-12202(+,-)	64.63
AYEL01069202.1:28944-29173(+,-)	80.35
AYEL01039432.1:16479-16965(+,-)	85.51
AYEL01057143.1:4905-5269(+,-)	82.29
AYEL01016309.1:12333-12539(+,-)	82.56
AYEL01070198.1:1026-1310(+,-)	77.71
AYEL01063241.1:10193-10399(+,-)	67.57
AYEL01077539.1:13279-13496(+,-)	78.12
AYEL01091138.1:17275-17653(+,-)	82.39
AYEL01078878.1:364-607(+,-)	88.31
AYEL01084850.1:101489-101925(+,-)	69.40
AYEL01058950.1:541-774(+,-)	76.59
AYEL01057933.1:21905-22125(+,-)	79.55
AYEL01083081.1:2794-3061(+,-)	78.00
AYEL01087936.1:68872-69062(-)	57.14
AYEL01066978.1:910-1132(+,-)	66.30
AYEL01066409.1:17900-18138(+,-)	73.59
AYEL01074851.1:14840-15069(+,-)	78.36
AYEL01086602.1:52091-52327(+,-)	71.43
AYEL01071929.1:3594-3853(+,-)	80.34
AYEL01081672.1:20425-20741(+,-)	81.56
AYEL01068489.1:45736-45934(+,-)	77.97
AYEL01077955.1:14509-14734(+,-)	84.92
AYEL01055313.1:4133-4514(+,-)	64.29
AYEL01085998.1:39326-39566(+,-)	74.72
AYEL01089933.1:4962-5180(+,-)	84.38
AYEL01086542.1:6570-6815(+,-)	75.11
AYEL01052837.1:5024-5233(+,-)	74.66
AYEL01052874.1:44786-45008(+,-)	84.62
AYEL01081566.1:28935-29193(+,-)	84.27
AYEL01080053.1:1464-1701(+,-)	80.68
AYEL01083038.1:109625-109854(+,-)	75.00
AYEL01077425.1:12530-12767(+,-)	71.74
AYEL01070163.1:3320-3558(+,-)	84.83
AYEL01049128.1:1246-1543(+,-)	82.29
AYEL01047113.1:26417-26634(+,-)	66.67
AYEL01077878.1:10655-10888(+,-)	76.97
AYEL01071909.1:4026-4265(+,-)	71.91
AYEL01082597.1:26086-26297(+,-)	61.15
AYEL01088025.1:5904-6129(+,-)	77.53
AYEL01084663.1:61708-61933(+,-)	76.74
AYEL01090274.1:17383-17626(+,-)	83.24
AYEL01076807.1:42308-42522(+,-)	70.78
AYEL01078449.1:7834-8070(+,-)	72.25
AYEL01068968.1:11164-11379(+,-)	73.01
AYEL01061553.1:11055-11282(+,-)	83.43
AYEL01076310.1:23031-23269(+,-)	80.23
AYEL01088678.1:46189-46562(+,-)	72.25
AYEL01050056.1:965-1206(+,-)	74.51
AYEL01084701.1:84144-84392(+,-)	78.12
AYEL01066493.1:20299-20528(+,-)	78.03
AYEL01088039.1:129851-130060(+)	55.98
AYEL01057247.1:18003-18224(+,-)	82.82
AYEL01087120.1:50321-50545(+,-)	70.67
AYEL01060927.1:69310-69509(+,-)	60.21
AYEL01079694.1:53469-53708(+,-)	64.75
AYEL01087136.1:2845-3078(+,-)	66.37
AYEL01074778.1:55953-56152(+,-)	69.17
AYEL01080543.1:53079-53292(+,-)	68.45
AYEL01080694.1:39714-39951(+,-)	81.82
AYEL01070739.1:10233-10466(+,-)	82.02
AYEL01089301.1:6400-6641(+,-)	67.49
AYEL01046584.1:57184-57421(+,-)	75.00
AYEL01089091.1:11111-11353(+,-)	76.84
AYEL01057610.1:72116-72320(+,-)	82.00
AYEL01081757.1:80759-81004(+,-)	72.57
AYEL01030356.1:45520-45740(+,-)	65.00
AYEL01081484.1:43664-43890(+,-)	60.44
AYEL01081153.1:11316-11594(+,-)	77.98
AYEL01073035.1:6677-6974(+,-)	82.86
AYEL01087860.1:4191-4571(+,-)	76.42
AYEL01061386.1:1210-1492(+,-)	75.88
AYEL01084575.1:22605-22822(+,-)	76.54
AYEL01079998.1:28515-28715(+)	63.86
AYEL01058707.1:230-462(+,-)	62.73
AYEL01015060.1:114384-114618(+,-)	77.27
AYEL01071333.1:21810-22119(+,-)	82.39
AYEL01068638.1:25674-26005(+,-)	75.48
AYEL01031364.1:61395-61634(+,-)	82.02
AYEL01084868.1:127347-127584(+,-)	80.34
AYEL01072173.1:6320-6778(+,-)	79.89
AYEL01085319.1:9307-9540(+,-)	79.77
AYEL01082942.1:33368-33602(+,-)	75.14
AYEL01031198.1:9773-10061(+,-)	72.58
AYEL01086178.1:13173-13417(+,-)	74.68
AYEL01064094.1:14298-14857(+,-)	67.28
AYEL01039324.1:713-1064(+)	64.29
AYEL01076611.1:24174-24396(+,-)	61.58
AYEL01084731.1:25658-25891(+,-)	73.54
AYEL01064340.1:72988-73326(+,-)	71.58
AYEL01070368.1:40248-40489(+,-)	74.68
AYEL01082035.1:13173-13383(+,-)	85.62
AYEL01084485.1:3747-3979(+,-)	73.66
AYEL01030947.1:28381-28613(+,-)	79.41
AYEL01060510.1:22249-22471(+,-)	63.50
AYEL01065679.1:1315-1521(+,-)	74.31
AYEL01089379.1:36835-37058(+,-)	81.10
AYEL01075950.1:20960-21412(+,-)	79.21
AYEL01065757.1:13000-13214(+,-)	83.65
AYEL01032304.1:10337-10608(+,-)	66.38
AYEL01026724.1:58233-58534(+,-)	81.46
AYEL01073994.1:2712-3175(+,-)	70.69
AYEL01055407.1:103404-103641(+,-)	65.85
AYEL01080468.1:37525-37760(+,-)	72.96
AYEL01077391.1:26627-26822(+)	88.24
AYEL01057132.1:269-496(+,-)	72.69
AYEL01063394.1:88324-88726(+,-)	76.57
AYEL01047725.1:77-322(+,-)	75.65
AYEL01076918.1:31372-31622(+,-)	79.14
AYEL01059702.1:40189-40429(+,-)	80.49
AYEL01092139.1:6464-6706(+,-)	81.56
AYEL01081477.1:28990-29255(+,-)	67.78
AYEL01087342.1:7131-7353(+)	79.86
AYEL01069622.1:6561-6792(+,-)	66.41
AYEL01091479.1:29143-29387(+,-)	73.00
AYEL01086508.1:13082-13322(+,-)	78.21
AYEL01061266.1:587-777(-)	84.09
AYEL01086169.1:4041-4281(+,-)	74.68
AYEL01080571.1:5289-5512(+,-)	65.66
AYEL01085836.1:24312-24925(+,-)	68.78
AYEL01083173.1:6922-7159(+,-)	68.99
AYEL01066463.1:9794-9998(+,-)	81.94
AYEL01081014.1:4024-4266(+,-)	67.62
AYEL01018308.1:127-330(+,-)	75.86
AYEL01065684.1:29025-29344(+,-)	84.62
AYEL01088361.1:1362-1576(+,-)	83.65
AYEL01064789.1:4921-5157(+,-)	80.57
AYEL01069483.1:38902-39144(+,-)	74.89
AYEL01047725.1:2415-2644(+,-)	83.80
AYEL01087898.1:43371-43648(+,-)	83.64
AYEL01067102.1:9134-9364(+,-)	80.19
AYEL01061779.1:2967-3202(+,-)	74.30
AYEL01085148.1:9607-9880(+,-)	85.12
AYEL01061641.1:3283-3588(+,-)	71.61
AYEL01075105.1:37684-37905(+,-)	70.00
AYEL01059301.1:16775-17040(+,-)	75.71
AYEL01020691.1:21052-21275(+,-)	78.33
AYEL01028927.1:3360-3601(+,-)	76.97
AYEL01027469.1:22391-22628(+,-)	79.66
AYEL01081655.1:2075-2298(+,-)	61.40
AYEL01059889.1:26989-27383(+,-)	83.65
AYEL01090490.1:84464-84764(+,-)	75.12
AYEL01082904.1:18433-18628(+,-)	71.70
AYEL01087467.1:54433-54664(+,-)	80.36
AYEL01067459.1:5924-6134(+,-)	80.00
AYEL01085548.1:3148-3388(+,-)	72.10
AYEL01080212.1:36592-36834(+,-)	80.23
AYEL01080865.1:19442-19759(+,-)	70.82
AYEL01074592.1:49428-49664(+,-)	78.04
AYEL01071412.1:42100-42309(+,-)	76.67
AYEL01086051.1:25578-25790(+,-)	69.38
AYEL01062235.1:59495-59728(+,-)	67.26
AYEL01067426.1:18818-19070(+,-)	80.52
AYEL01072175.1:33579-33820(+,-)	67.62
AYEL01090914.1:9212-9446(+,-)	76.23
AYEL01091461.1:21879-22125(+,-)	81.46
AYEL01084110.1:6358-6598(+,-)	73.57
AYEL01011149.1:2659-2917(+,-)	76.61
AYEL01069356.1:19710-19950(+,-)	73.39
AYEL01085251.1:6497-6742(+,-)	61.14
AYEL01066597.1:11381-11651(+,-)	83.03
AYEL01034689.1:3955-4194(+,-)	72.41
AYEL01086117.1:21177-21375(-)	66.67
AYEL01088294.1:142880-143164(+,-)	75.00
AYEL01064428.1:36994-37282(+,-)	74.36
AYEL01071284.1:25984-26212(+,-)	83.80
AYEL01074570.1:28115-28352(+,-)	79.21
AYEL01077348.1:76529-76796(+,-)	67.71
AYEL01051035.1:345-612(+,-)	82.95
AYEL01085467.1:28953-29416(+,-)	83.24
AYEL01086720.1:77331-77548(+,-)	74.07
AYEL01065684.1:5977-6194(-)	59.32
AYEL01083201.1:223-507(+,-)	71.96
AYEL01083723.1:27933-28165(+,-)	67.55
AYEL01084811.1:4122-4370(+,-)	69.30
AYEL01066153.1:16589-16804(+,-)	68.89
AYEL01071447.1:35591-35831(+,-)	85.39
AYEL01064547.1:11749-12025(+,-)	81.03
AYEL01078288.1:52024-52246(+,-)	85.98
AYEL01069932.1:12377-12606(+,-)	70.37
AYEL01065465.1:20879-21115(+,-)	68.51
AYEL01091373.1:13894-14104(+,-)	76.70
AYEL01082211.1:11496-11736(+,-)	73.39
AYEL01085939.1:5118-5351(+,-)	70.62
AYEL01074315.1:1855-2046(+,-)	75.86
AYEL01073397.1:45849-46089(+,-)	73.82
AYEL01032217.1:1019-1243(+,-)	71.34
AYEL01091726.1:6905-7098(+,-)	72.67
AYEL01072054.1:63877-64126(+,-)	67.97
AYEL01052357.1:39417-39645(+,-)	70.99
AYEL01067532.1:146164-146383(+,-)	72.73
AYEL01070744.1:889-1129(+,-)	66.96
AYEL01090593.1:10015-10254(+,-)	73.39
AYEL01026811.1:12730-12929(+,-)	68.32
AYEL01091841.1:8179-8416(+,-)	69.14
AYEL01069771.1:42174-42422(+,-)	83.24
AYEL01065260.1:5032-5272(+,-)	73.39
AYEL01088179.1:2731-2973(+,-)	74.47
AYEL01053659.1:1074-1472(+,-)	76.82
AYEL01068026.1:10130-10351(+,-)	73.46
AYEL01055026.1:529-762(+,-)	68.03
AYEL01028130.1:45981-46221(+,-)	71.76
AYEL01079644.1:54818-55040(+,-)	62.86
AYEL01054006.1:500-721(+,-)	77.53
AYEL01057802.1:23648-23854(+,-)	83.43
AYEL01055620.1:50772-50985(+,-)	78.89
AYEL01076645.1:95944-96180(+,-)	73.41
AYEL01082495.1:478-692(+,-)	83.65
AYEL01091774.1:19096-19312(+,-)	61.21
AYEL01060253.1:25621-25814(+,-)	72.79
AYEL01023334.1:301-518(+,-)	66.67
AYEL01082326.1:5033-5366(+,-)	84.06
AYEL01031798.1:11086-11289(-)	76.38
AYEL01089246.1:16127-16365(+,-)	73.57
AYEL01084201.1:136051-136335(+,-)	84.09
AYEL01038893.1:71010-71237(+,-)	83.05
AYEL01084570.1:33746-33993(+,-)	73.24
AYEL01072064.1:64486-64820(+,-)	84.56
AYEL01068175.1:10215-10441(+,-)	82.25
AYEL01084813.1:5966-6206(+,-)	74.25
AYEL01088609.1:38465-38658(+,-)	81.40
AYEL01072161.1:19640-19875(+,-)	66.67
AYEL01079079.1:2381-2607(+,-)	63.96
AYEL01077760.1:624-862(+,-)	78.77
AYEL01066834.1:8676-8916(+,-)	70.31
AYEL01091202.1:5621-5860(+,-)	81.82
AYEL01079819.1:22150-22391(+,-)	74.25
AYEL01073474.1:22873-23082(+,-)	73.14
AYEL01038741.1:6742-6979(+,-)	81.01
AYEL01085266.1:2351-2589(+,-)	82.58
AYEL01067529.1:25150-25544(+,-)	79.55
AYEL01088323.1:18445-18706(+,-)	62.88
AYEL01075387.1:10208-10414(+,-)	72.27
AYEL01075747.1:12853-13092(+,-)	70.69
AYEL01042804.1:47389-47592(+,-)	79.17
AYEL01067653.1:24335-24554(+,-)	72.17
AYEL01091147.1:875-1109(+,-)	80.92
AYEL01076431.1:16196-16442(+,-)	80.25
AYEL01055926.1:23329-23654(+,-)	76.80
AYEL01061535.1:31059-31266(+,-)	62.50
AYEL01086909.1:16080-16366(+,-)	73.86
AYEL01079932.1:49376-49603(+,-)	84.00
AYEL01086567.1:7719-7947(+,-)	75.56
AYEL01018098.1:1399-1645(+,-)	79.89
AYEL01081641.1:50637-50870(+,-)	65.93
AYEL01004899.1:31-281(+,-)	78.85
AYEL01073005.1:24317-24572(+,-)	72.17
AYEL01074736.1:6626-6957(+,-)	82.10
AYEL01084296.1:5961-6185(+,-)	84.18
AYEL01081068.1:63569-63806(+,-)	72.17
AYEL01070023.1:51268-51551(+,-)	88.41
AYEL01067442.1:30324-30532(+,-)	79.43
AYEL01064051.1:23758-23995(+,-)	68.39
AYEL01091921.1:38382-38624(+,-)	74.04
AYEL01071368.1:11872-12109(+,-)	78.77
AYEL01046659.1:2296-2532(+,-)	74.67
AYEL01091007.1:3920-4116(+,-)	83.65
AYEL01056966.1:15379-15616(+,-)	80.22
AYEL01071893.1:32061-32297(+,-)	80.11
AYEL01084678.1:37150-37381(+,-)	73.21
AYEL01069036.1:18863-19100(+,-)	83.24
AYEL01086693.1:51539-51774(+,-)	82.58
AYEL01024399.1:8295-8582(+,-)	84.73
AYEL01075102.1:6065-6305(+,-)	73.82
AYEL01065028.1:135030-135286(+,-)	82.12
AYEL01054697.1:40328-40544(+,-)	71.60
AYEL01065230.1:28151-28461(+,-)	79.09
AYEL01032567.1:7158-7373(+,-)	71.63
AYEL01074036.1:14967-15446(+,-)	77.31
AYEL01080922.1:3059-3303(+,-)	66.03
AYEL01086693.1:64875-65308(+,-)	74.14
AYEL01079988.1:115187-115523(+,-)	69.19
AYEL01072850.1:29993-30316(+,-)	73.03
AYEL01077300.1:26676-26983(+,-)	82.82
AYEL01089228.1:5090-5288(+,-)	68.42
AYEL01079185.1:3549-3790(+,-)	73.93
AYEL01072091.1:46269-46471(+,-)	79.55
AYEL01034009.1:25367-25677(+,-)	71.93
AYEL01085813.1:34509-34824(+,-)	68.54
AYEL01091895.1:28209-28414(+,-)	70.92
AYEL01091707.1:6939-7179(+,-)	74.68
AYEL01065373.1:31824-32058(+,-)	77.53
AYEL01091091.1:52243-52477(+,-)	76.47
AYEL01065596.1:12250-12488(+,-)	80.45
AYEL01034909.1:39575-39899(+,-)	74.07
AYEL01064116.1:25960-26175(+,-)	78.57
AYEL01060263.1:24157-24399(+,-)	72.15
AYEL01072336.1:18760-18962(+,-)	70.83
AYEL01062569.1:9660-9881(+,-)	81.29
AYEL01084288.1:19107-19347(+,-)	78.09
AYEL01088261.1:50684-50929(+,-)	74.68
AYEL01081677.1:14825-15062(+,-)	56.44
AYEL01072112.1:47286-47521(+,-)	71.18
AYEL01056755.1:8616-8861(+,-)	74.90
AYEL01079393.1:6206-6441(+,-)	71.43
AYEL01090070.1:24921-25146(+,-)	82.63
AYEL01087265.1:101310-101518(+,-)	74.43
AYEL01082838.1:116897-117123(+,-)	83.43
AYEL01054634.1:50973-51403(+,-)	74.57
AYEL01084025.1:3290-3545(+,-)	65.77
AYEL01082167.1:9171-9381(+,-)	69.28
AYEL01067448.1:6546-6757(+,-)	65.22
AYEL01082533.1:88455-88659(+,-)	68.55
AYEL01079170.1:23829-24052(+,-)	74.68
AYEL01088277.1:8420-8658(+,-)	75.00
AYEL01038416.1:6017-6257(+,-)	74.68
AYEL01057400.1:2489-2701(+,-)	65.22
AYEL01034316.1:16020-16247(+,-)	67.88
AYEL01021621.1:2374-2661(+,-)	78.37
AYEL01091676.1:2847-3086(+,-)	83.15
AYEL01062857.1:6233-6653(+,-)	79.87
AYEL01078265.1:21512-21731(+,-)	62.21
AYEL01077319.1:42945-43153(+,-)	72.67
AYEL01059724.1:23933-24162(+,-)	75.44
AYEL01064302.1:52443-52678(+,-)	75.30
AYEL01083410.1:586-828(+,-)	67.69
AYEL01078380.1:11746-11987(+,-)	73.68
AYEL01071865.1:16142-16335(+,-)	78.02
AYEL01091159.1:46571-46785(+,-)	66.30
AYEL01090100.1:17467-17705(+,-)	73.59
AYEL01086616.1:1774-2009(+,-)	83.05
AYEL01057243.1:6638-6907(+,-)	82.98
AYEL01062103.1:3049-3335(+,-)	91.30
AYEL01079596.1:12910-13110(+,-)	83.20
AYEL01071810.1:23424-23706(+,-)	81.25
AYEL01066346.1:185-418(+,-)	83.82
AYEL01081035.1:48185-48388(-)	76.38
AYEL01026284.1:2034-2324(+,-)	84.92
AYEL01083866.1:3435-3659(+,-)	77.56
AYEL01060683.1:35846-36044(+,-)	65.75
AYEL01079100.1:29772-30014(+,-)	82.12
AYEL01086333.1:36679-36967(+,-)	73.43
AYEL01073162.1:55376-55809(+,-)	73.14
AYEL01086322.1:11171-11410(+,-)	80.23
AYEL01075131.1:2008-2245(+,-)	70.43
AYEL01087029.1:4254-4670(+,-)	71.74
AYEL01046575.1:11033-11295(+,-)	79.63
AYEL01074530.1:26754-26993(+,-)	74.89
AYEL01091482.1:8059-8305(+,-)	73.82
AYEL01073326.1:23324-23551(+,-)	71.82
AYEL01012566.1:40041-40380(+,-)	85.37
AYEL01068405.1:5153-5386(+,-)	76.40
AYEL01089855.1:48170-48400(+,-)	82.95
AYEL01060628.1:13508-13699(+)	59.04
AYEL01016908.1:117732-117971(+,-)	63.30
AYEL01053411.1:3295-3523(+,-)	72.29
AYEL01075022.1:18507-18811(+,-)	75.35
AYEL01077394.1:18689-18969(+,-)	82.61
AYEL01062761.1:14245-14484(+,-)	83.24
AYEL01090243.1:11338-11533(+,-)	64.71
AYEL01068920.1:13583-13918(+,-)	67.26
AYEL01063394.1:87569-87919(+,-)	68.95
AYEL01044915.1:6841-7124(+,-)	75.59
AYEL01080958.1:36935-37264(+,-)	82.29
AYEL01061858.1:5436-5676(+,-)	74.68
AYEL01082870.1:75012-75251(+,-)	84.92
AYEL01068929.1:10446-10669(+,-)	72.02
AYEL01070776.1:24828-25026(-)	70.59
AYEL01053215.1:18100-18325(+,-)	69.23
AYEL01092090.1:19131-19358(+,-)	84.02
AYEL01055334.1:40233-40516(+,-)	75.25
AYEL01075138.1:14324-14557(+,-)	72.14
AYEL01066908.1:14-244(+,-)	83.80
AYEL01081325.1:1660-1899(+,-)	66.38
AYEL01085378.1:34132-34346(+,-)	64.95
AYEL01056455.1:14663-14860(+,-)	68.97
AYEL01090255.1:44453-44765(+,-)	85.86
AYEL01050805.1:27641-27846(+,-)	73.16
AYEL01078285.1:26367-26802(-)	79.41
AYEL01073989.1:2597-2816(+,-)	77.65
AYEL01087825.1:26103-26336(+,-)	67.24
AYEL01070608.1:683-926(+,-)	74.45
AYEL01063263.1:29636-29878(+,-)	74.03
AYEL01060716.1:17307-17549(+,-)	79.44
AYEL01083870.1:18936-19195(+,-)	71.81
AYEL01081124.1:25693-25901(+,-)	74.44
AYEL01068447.1:33051-33288(+,-)	82.02
AYEL01022533.1:40232-40419(+)	74.10
AYEL01059082.1:1915-2160(+,-)	75.56
AYEL01061851.1:32010-32200(+,-)	80.00
AYEL01081942.1:2933-3170(+,-)	82.58
AYEL01089844.1:1734-1970(+,-)	68.61
AYEL01001139.1:214-423(+,-)	76.60
AYEL01074153.1:1164-1364(+,-)	70.54
AYEL01079959.1:5524-5734(+,-)	65.32
AYEL01085883.1:2152-2412(-)	71.43
AYEL01086364.1:65345-65585(+,-)	80.45
AYEL01058350.1:1742-1976(+,-)	64.32
AYEL01075910.1:16810-17021(+,-)	78.61
AYEL01059175.1:868-1099(+,-)	75.00
AYEL01082284.1:20881-21122(+,-)	70.82
AYEL01016001.1:14778-15014(+,-)	81.71
AYEL01075981.1:36329-36535(+,-)	67.54
AYEL01080967.1:15525-15670(-)	83.33
AYEL01012568.1:13379-13617(+,-)	75.28
AYEL01011114.1:18933-19197(+,-)	73.76
AYEL01089784.1:1386-1595(+,-)	62.93
AYEL01038603.1:518-807(+)	73.68
AYEL01070206.1:116210-116430(+,-)	67.82
AYEL01088098.1:8396-8718(+,-)	74.25
AYEL01087337.1:53740-53977(+,-)	64.80
AYEL01091624.1:7865-8063(+,-)	82.95
AYEL01025760.1:44192-44444(+,-)	70.52
AYEL01074990.1:512-872(+,-)	83.75
AYEL01069995.1:102298-102541(+,-)	72.73
AYEL01065003.1:38667-38856(+)	76.47
AYEL01077599.1:6311-6551(+,-)	72.53
AYEL01086662.1:1569-1777(+,-)	68.75
AYEL01068802.1:29390-29625(+,-)	79.64
AYEL01089328.1:45571-45796(+,-)	58.21
AYEL01072173.1:6837-7124(+,-)	84.36
AYEL01047196.1:50236-50466(+,-)	71.52
AYEL01060144.1:8172-8407(+,-)	73.41
AYEL01091540.1:30114-30356(+,-)	81.01
AYEL01044752.1:2692-3046(+,-)	74.71
AYEL01079335.1:31557-31797(+,-)	74.25
AYEL01072213.1:7725-7933(+,-)	74.71
AYEL01068504.1:26569-26759(-)	84.96
AYEL01058808.1:20527-20851(+,-)	74.57
AYEL01073931.1:24085-24323(+,-)	81.56
AYEL01056755.1:11109-11321(+,-)	64.71
AYEL01078380.1:59580-59843(+,-)	82.93
AYEL01084946.1:372-609(+,-)	78.53
AYEL01085542.1:88492-88719(+,-)	85.19
AYEL01079971.1:18468-18702(+,-)	82.58
AYEL01071024.1:2265-2703(+,-)	73.08
AYEL01072346.1:3-243(+,-)	83.24
AYEL01067726.1:16886-17096(+,-)	63.38
AYEL01073473.1:43704-44195(+,-)	75.51
AYEL01065158.1:85063-85267(+,-)	65.14
AYEL01068633.1:50896-51135(+,-)	73.18
AYEL01016997.1:212-448(+,-)	79.12
AYEL01074068.1:105981-106217(+,-)	79.10
AYEL01071212.1:22906-23216(+,-)	81.98
AYEL01091088.1:70372-70607(+,-)	80.34
AYEL01091182.1:12313-12554(+,-)	68.29
AYEL01063197.1:27689-27921(+,-)	80.11
AYEL01069658.1:41694-41914(+,-)	64.35
AYEL01081738.1:149686-149926(+,-)	83.24
AYEL01015642.1:34608-34833(+,-)	67.28
AYEL01079657.1:4935-5157(-)	65.83
AYEL01069357.1:316-552(+,-)	73.80
AYEL01084433.1:45113-45335(+,-)	59.35
AYEL01072300.1:5563-5824(+,-)	76.92
AYEL01064304.1:64272-64510(+,-)	83.24
AYEL01084025.1:1980-2268(+,-)	72.54
AYEL01082641.1:77515-77790(+,-)	77.93
AYEL01032383.1:2168-2406(+,-)	82.58
AYEL01086062.1:5042-5263(+,-)	68.69
AYEL01079456.1:2147-2461(+,-)	80.14
AYEL01066294.1:27931-28135(+,-)	77.22
AYEL01048647.1:25851-26130(+,-)	83.49
AYEL01066945.1:34491-34724(+,-)	72.57
AYEL01073851.1:59109-59320(-)	62.34
AYEL01065909.1:9456-9677(+,-)	83.71
AYEL01072920.1:7990-8222(+,-)	70.14
AYEL01081365.1:100091-100286(+,-)	81.33
AYEL01065986.1:14365-14561(+,-)	68.28
AYEL01088023.1:14809-15028(+,-)	67.60
AYEL01063985.1:32457-32712(+,-)	72.14
AYEL01061063.1:26025-26234(+,-)	74.68
AYEL01073102.1:6266-6505(+,-)	82.12
AYEL01091170.1:17407-17685(+,-)	73.12
AYEL01078409.1:25519-25814(+,-)	77.33
AYEL01070402.1:14285-14584(+,-)	67.29
AYEL01055355.1:11561-11796(+,-)	75.71
AYEL01089169.1:66590-66845(+,-)	79.33
AYEL01068169.1:8054-8263(+,-)	70.93
AYEL01084468.1:15823-16009(+)	73.91
AYEL01025881.1:2-219(+,-)	83.14
AYEL01082554.1:56197-56409(+,-)	68.57
AYEL01038992.1:15382-15571(+,-)	74.55
AYEL01088105.1:15933-16172(+,-)	72.73
AYEL01055085.1:23043-23256(+,-)	78.29
AYEL01066869.1:13394-13786(+,-)	85.21
AYEL01067040.1:70356-70589(+,-)	82.29
AYEL01089187.1:24785-24991(+,-)	65.19
AYEL01074194.1:65435-65671(+,-)	83.80
AYEL01084672.1:107202-107409(+,-)	65.12
AYEL01060114.1:664-887(+,-)	78.98
AYEL01085620.1:3161-3400(+,-)	71.67
AYEL01066574.1:271402-271636(+,-)	75.15
AYEL01065569.1:1658-1915(+,-)	73.28
AYEL01038893.1:73674-74147(+,-)	74.79
AYEL01089232.1:14700-14940(+,-)	77.97
AYEL01065757.1:217-455(+,-)	70.13
AYEL01047113.1:34303-34527(+,-)	73.73
AYEL01052970.1:65325-65557(+,-)	80.79
AYEL01029911.1:17492-17760(+,-)	84.72
AYEL01059723.1:144354-144592(+,-)	76.27
AYEL01065478.1:45473-45682(+)	63.93
AYEL01037210.1:39546-39774(+,-)	71.76
AYEL01089414.1:6691-6930(+,-)	82.49
AYEL01067587.1:46073-46287(+,-)	71.10
AYEL01069890.1:24544-24762(+,-)	80.45
AYEL01065682.1:13027-13264(+,-)	78.53
AYEL01084017.1:37416-37660(+,-)	73.84
AYEL01088427.1:15455-15709(+,-)	71.18
AYEL01082563.1:40304-40534(+,-)	63.01
AYEL01078209.1:9502-9733(+,-)	70.06
AYEL01078616.1:75702-75951(+,-)	70.31
AYEL01088695.1:44747-44986(+,-)	69.40
AYEL01075114.1:13822-14213(+,-)	73.02
AYEL01051682.1:9172-9419(+,-)	83.62
AYEL01086036.1:434-652(+,-)	80.34
AYEL01087618.1:153763-153983(-)	62.66
AYEL01064617.1:76338-76587(+,-)	70.04
AYEL01012223.1:42807-43062(+,-)	79.86
AYEL01067264.1:24400-24623(+,-)	77.50
AYEL01063816.1:29689-29967(+,-)	79.34
AYEL01050279.1:37577-37803(+,-)	73.06
AYEL01087346.1:8648-8888(+,-)	83.24
AYEL01082093.1:17063-17302(+,-)	81.11
AYEL01084003.1:6318-6603(+,-)	75.82
AYEL01071911.1:1922-2155(+,-)	78.95
AYEL01062337.1:8418-8627(+,-)	80.45
AYEL01080181.1:5160-5415(+,-)	70.54
AYEL01088352.1:68507-68740(+,-)	78.74
AYEL01089195.1:44575-44809(+,-)	80.57
AYEL01067135.1:39239-39460(+,-)	71.82
AYEL01050885.1:14873-15100(+,-)	80.90
AYEL01066570.1:130182-130426(+,-)	67.80
AYEL01090079.1:24268-24491(+,-)	63.24
AYEL01073338.1:2387-2633(+,-)	73.08
AYEL01081273.1:24117-24311(+)	66.67
AYEL01081702.1:44561-44974(+,-)	78.44
AYEL01084738.1:20563-20984(+,-)	67.89
AYEL01048860.1:2371-2579(+,-)	91.20
AYEL01080085.1:35703-35939(+,-)	82.39
AYEL01079152.1:4363-4615(+,-)	66.97
AYEL01082840.1:47626-47828(+,-)	71.70
AYEL01084386.1:76032-76245(+,-)	73.94
AYEL01045116.1:100190-100408(+,-)	85.99
AYEL01080974.1:28602-28824(+,-)	73.74
AYEL01084818.1:12604-12810(+,-)	80.46
AYEL01083058.1:70376-70612(+,-)	72.81
AYEL01076825.1:40101-40334(+,-)	65.29
AYEL01082009.1:22177-22423(+,-)	83.80
AYEL01072999.1:1951-2164(+,-)	73.27
AYEL01079867.1:23324-23537(+,-)	69.46
AYEL01091666.1:1902-2128(+,-)	65.50
AYEL01086014.1:19963-20180(+,-)	74.74
AYEL01061247.1:19560-19791(+,-)	67.86
AYEL01071582.1:13100-13333(+,-)	66.86
AYEL01088262.1:41480-41699(+,-)	71.23
AYEL01060492.1:2721-2969(+,-)	74.89
AYEL01074813.1:15506-15720(+,-)	67.03
AYEL01062024.1:1959-2179(+,-)	68.95
AYEL01074822.1:10206-10444(+,-)	74.03
AYEL01066696.1:15802-16038(+,-)	82.29
AYEL01046548.1:58483-58734(+,-)	66.96
AYEL01052432.1:6688-6918(+,-)	70.11
AYEL01081361.1:59819-60058(+,-)	71.55
AYEL01084325.1:29184-29419(+,-)	69.59
AYEL01015680.1:56159-56403(+,-)	74.86
AYEL01091382.1:7925-8155(+,-)	79.10
AYEL01077756.1:30014-30245(+,-)	79.78
AYEL01092320.1:38225-38473(+,-)	82.31
AYEL01080911.1:8848-9091(+,-)	74.01
AYEL01072850.1:32460-32691(+,-)	72.07
AYEL01091511.1:15908-16148(+,-)	74.68
AYEL01063886.1:40670-40910(+,-)	73.39
AYEL01071911.1:1531-1716(+)	60.84
AYEL01081365.1:100392-100593(+,-)	81.60
AYEL01070522.1:22577-22800(+,-)	91.11
AYEL01072494.1:84211-84475(+,-)	91.67
AYEL01091654.1:26197-26393(+,-)	71.92
AYEL01092186.1:29205-29394(+,-)	74.30
AYEL01086845.1:13786-14020(+,-)	82.76
AYEL01088359.1:80380-80595(+,-)	70.81
AYEL01079769.1:8820-9021(+,-)	72.73
AYEL01075105.1:68932-69324(+,-)	75.00
AYEL01086937.1:13588-13819(+,-)	77.84
AYEL01068403.1:23380-23622(+,-)	75.57
AYEL01085628.1:1813-2050(+,-)	73.42
AYEL01054695.1:46477-46730(+,-)	76.82
AYEL01086768.1:17811-18041(+,-)	64.08
AYEL01047840.1:1278-1512(+,-)	80.23
AYEL01080744.1:9957-10195(+,-)	75.88
AYEL01013777.1:10265-10571(+,-)	74.87
AYEL01080612.1:31016-31306(+,-)	79.89
AYEL01080150.1:60805-61196(+,-)	74.47
AYEL01076528.1:832-1066(+,-)	74.45
AYEL01087066.1:4531-4743(+,-)	67.09
AYEL01039319.1:210-458(+,-)	73.04
AYEL01060340.1:120495-120708(+,-)	84.27
AYEL01063830.1:23953-24186(+,-)	66.22
AYEL01087346.1:11805-11999(+,-)	81.01
AYEL01088689.1:3565-3771(+,-)	80.00
AYEL01053269.1:4553-4832(+,-)	76.89
AYEL01073375.1:2268-2510(+,-)	71.49
AYEL01074935.1:9647-9880(+,-)	81.01
AYEL01057629.1:34968-35207(+,-)	80.45
AYEL01087050.1:3458-3737(+,-)	73.82
AYEL01031256.1:7593-7841(+,-)	79.07
AYEL01053879.1:21251-21483(+,-)	72.73
AYEL01051341.1:80768-80955(+)	64.81
AYEL01092171.1:16536-16765(+,-)	72.13
AYEL01084627.1:3820-4058(+,-)	75.31
AYEL01065341.1:10138-10376(+,-)	70.87
AYEL01077721.1:7791-7994(-)	76.38
AYEL01042275.1:54-252(+,-)	71.72
AYEL01056913.1:2068-2271(+,-)	66.67
AYEL01078252.1:5556-5787(+,-)	73.75
AYEL01050472.1:82647-82869(+,-)	79.52
AYEL01088265.1:1789-2005(+,-)	80.81
AYEL01048919.1:871-1113(+,-)	83.80
AYEL01074926.1:10520-10762(+,-)	79.12
AYEL01073295.1:19637-19873(+,-)	82.49
AYEL01034771.1:3842-4233(+,-)	73.82
AYEL01083723.1:60440-60625(-)	72.22
AYEL01057167.1:46960-47179(+,-)	64.67
AYEL01088678.1:47033-47338(+,-)	85.47
AYEL01079226.1:11674-11909(+,-)	71.76
AYEL01071894.1:27052-27282(+,-)	68.75
AYEL01079005.1:1361-1606(+,-)	73.03
AYEL01058469.1:16163-16362(+,-)	84.12
AYEL01065528.1:2265-2539(+,-)	76.92
AYEL01063830.1:38799-39050(+,-)	79.78
AYEL01060322.1:48100-48342(+,-)	70.69
AYEL01074873.1:4908-5146(+,-)	74.46
AYEL01072049.1:4980-5385(+,-)	82.49
AYEL01089571.1:51785-52018(+,-)	69.94
AYEL01047977.1:55365-55652(+,-)	80.41
AYEL01070325.1:4257-4480(+,-)	65.15
AYEL01091479.1:51197-51535(+,-)	70.35
AYEL01070049.1:19905-20216(+,-)	85.89
AYEL01081354.1:83505-83743(+,-)	66.81
AYEL01084635.1:13401-13641(+,-)	73.82
AYEL01013777.1:9229-9470(+,-)	68.28
AYEL01071634.1:8629-8862(+,-)	60.45
AYEL01083536.1:1966-2205(+,-)	83.80
AYEL01078052.1:5476-5716(+,-)	58.62
AYEL01082668.1:10207-10445(+,-)	69.70
AYEL01091075.1:17286-17503(+,-)	80.57
AYEL01081770.1:12371-12687(+,-)	83.12
AYEL01055064.1:2291-2512(+,-)	61.29
AYEL01071358.1:16893-17119(+,-)	71.69
AYEL01068653.1:22918-23163(+,-)	73.49
AYEL01072643.1:79348-79585(+,-)	85.14
AYEL01087214.1:51973-52179(+,-)	78.79
AYEL01017527.1:16476-16690(-)	74.55
AYEL01075253.1:80107-80391(+,-)	83.71
AYEL01086501.1:822-1064(+,-)	84.80
AYEL01073011.1:5293-5521(+,-)	69.91
AYEL01063944.1:5448-5662(+,-)	72.00
AYEL01090556.1:14409-14645(+,-)	67.26
AYEL01065367.1:7690-7962(+,-)	86.59
AYEL01052980.1:140-379(+,-)	69.83
AYEL01069457.1:5751-5967(+,-)	64.95
AYEL01065822.1:59722-60009(+,-)	65.77
AYEL01047821.1:20251-20528(+,-)	65.34
AYEL01062652.1:17965-18193(+,-)	75.00
AYEL01078669.1:7144-7336(+,-)	67.67
AYEL01029713.1:39890-40155(+,-)	84.18
AYEL01066352.1:6399-6615(+,-)	85.06
AYEL01075923.1:9634-9881(+,-)	84.36
AYEL01021396.1:4386-4625(+,-)	70.69
AYEL01060042.1:36214-36446(+,-)	80.30
AYEL01029408.1:23467-23826(+,-)	78.29
AYEL01066366.1:20697-20937(+,-)	73.82
AYEL01081206.1:31794-32033(+,-)	69.40
AYEL01026811.1:11754-11957(+,-)	69.33
AYEL01080608.1:22151-22357(+,-)	72.45
AYEL01079930.1:47239-47476(+,-)	71.00
AYEL01061082.1:25123-25398(+,-)	82.12
AYEL01079367.1:18763-18995(+,-)	82.42
AYEL01079929.1:65806-66025(+,-)	78.48
AYEL01045733.1:18507-18976(+,-)	83.24
AYEL01062761.1:12380-12597(+,-)	79.89
AYEL01071469.1:7544-7979(+,-)	83.44
AYEL01073375.1:1181-1421(+,-)	81.56
AYEL01085448.1:8539-8735(+,-)	65.42
AYEL01073988.1:34547-34766(+,-)	83.53
AYEL01068688.1:4024-4260(+,-)	75.13
AYEL01074485.1:17992-18232(+,-)	74.25
AYEL01058619.1:3645-3881(+,-)	73.78
AYEL01072431.1:12308-12724(+,-)	76.56
AYEL01090255.1:45528-45784(-)	75.78
AYEL01071356.1:4410-4622(+,-)	81.01
AYEL01067051.1:15547-15780(+,-)	74.86
AYEL01084201.1:6709-6945(+,-)	74.79
AYEL01092333.1:16846-17075(+,-)	70.22
AYEL01083319.1:2564-2789(+,-)	85.63
AYEL01091502.1:29198-29461(+,-)	65.00
AYEL01081479.1:39465-39690(+,-)	71.70
AYEL01060492.1:23866-24063(+,-)	75.00
AYEL01074570.1:30986-31316(+,-)	80.71
AYEL01070662.1:1241-1488(+,-)	66.67
AYEL01073440.1:71625-71815(+)	66.42
AYEL01085876.1:32583-32804(+,-)	73.60
AYEL01036264.1:3269-3494(+,-)	78.95
AYEL01056838.1:34571-34904(+,-)	79.50
AYEL01085068.1:72524-72736(+,-)	69.34
AYEL01092186.1:38565-38776(+,-)	72.84
AYEL01084287.1:26410-26616(+,-)	72.95
AYEL01064030.1:78433-78668(+,-)	75.14
AYEL01075986.1:15056-15443(+,-)	70.74
AYEL01061890.1:24358-24665(+,-)	72.96
AYEL01063788.1:78516-78746(+)	66.48
AYEL01077280.1:62128-62423(+,-)	83.93
AYEL01085367.1:17890-18110(-)	61.18
AYEL01082301.1:6471-6679(+,-)	65.85
AYEL01065866.1:6157-6392(+,-)	65.38
AYEL01076934.1:6872-7085(+,-)	63.98
AYEL01055879.1:4178-4417(+,-)	78.21
AYEL01089078.1:63016-63217(+,-)	77.65
AYEL01071277.1:6961-7194(+,-)	77.97
AYEL01085205.1:35238-35433(+,-)	80.49
AYEL01091908.1:53104-53344(+,-)	73.39
AYEL01091616.1:8783-9066(+,-)	82.02
AYEL01083674.1:108126-108320(+,-)	64.97
AYEL01088817.1:36439-36670(+,-)	71.88
AYEL01084812.1:2179-2374(+,-)	71.95
AYEL01051979.1:16874-17079(+,-)	85.57
AYEL01092320.1:2992-3235(+,-)	78.16
AYEL01019894.1:62250-62476(+,-)	80.45
AYEL01040167.1:315-549(+,-)	76.74
AYEL01076705.1:11248-11453(+,-)	72.73
AYEL01054544.1:10161-10398(+,-)	70.00
AYEL01092069.1:518-756(+,-)	70.62
AYEL01073739.1:7392-7630(+,-)	82.68
AYEL01022961.1:1056-1294(+,-)	81.56
AYEL01064666.1:5952-6243(+,-)	84.92
AYEL01075269.1:27704-27931(+,-)	72.50
AYEL01052398.1:4222-4446(+,-)	79.52
AYEL01015480.1:15011-15290(+,-)	74.15
AYEL01068489.1:10981-11183(+,-)	78.19
AYEL01058470.1:49130-49375(+,-)	74.26
AYEL01075427.1:11987-12225(+,-)	84.92
AYEL01064602.1:2875-3073(+,-)	71.25
AYEL01079007.1:38765-38996(-)	74.05
AYEL01059991.1:338-678(+,-)	79.89
AYEL01071361.1:40517-40728(+,-)	67.00
AYEL01078573.1:23493-23687(+,-)	72.83
AYEL01089087.1:24356-24555(+,-)	79.58
AYEL01080739.1:68657-68897(+,-)	72.96
AYEL01074035.1:23679-23873(+)	61.07
AYEL01073417.1:47432-47668(+,-)	72.73
AYEL01016741.1:33100-33336(+,-)	82.56
AYEL01074811.1:44154-44395(+,-)	78.65
AYEL01077311.1:167178-167418(+,-)	72.10
AYEL01048940.1:41240-41601(+,-)	77.69
AYEL01072688.1:28016-28342(+,-)	78.82
AYEL01069700.1:99518-99788(+,-)	82.86
AYEL01071631.1:18903-19115(+,-)	62.93
AYEL01065228.1:9149-9402(+,-)	73.06
AYEL01068191.1:69390-69625(+,-)	72.37
AYEL01073977.1:22171-22379(+,-)	72.00
AYEL01077893.1:558-778(+,-)	74.12
AYEL01049828.1:13771-13985(+,-)	83.65
AYEL01056454.1:29641-29880(+,-)	74.12
AYEL01088287.1:40233-40482(+,-)	58.55
AYEL01066780.1:6585-6782(+,-)	81.25
AYEL01058302.1:613-853(+,-)	70.35
AYEL01085667.1:11727-11951(+,-)	61.84
AYEL01089089.1:5931-6148(+,-)	81.03
AYEL01089361.1:8374-8603(+,-)	61.71
AYEL01080230.1:23717-23954(+,-)	80.79
AYEL01063629.1:1234-1441(+,-)	79.63
AYEL01055631.1:7794-8014(+,-)	72.30
AYEL01072178.1:44014-44208(-)	75.00
AYEL01075826.1:24390-24594(+,-)	74.51
AYEL01076890.1:32053-32290(+,-)	73.62
AYEL01085545.1:28149-28384(+,-)	83.72
AYEL01048649.1:36360-36663(+,-)	72.57
AYEL01091029.1:26933-27171(+,-)	84.18
AYEL01047839.1:9191-9405(+,-)	68.51
AYEL01077874.1:32720-32945(+,-)	72.15
AYEL01085257.1:22023-22256(+,-)	71.84
AYEL01088386.1:16020-16251(+,-)	75.00
AYEL01069494.1:22584-22912(+,-)	75.47
AYEL01052480.1:10003-10238(+,-)	78.57
AYEL01066127.1:115698-115940(+,-)	82.12
AYEL01073831.1:11733-11975(+,-)	73.19
AYEL01040830.1:9014-9262(+,-)	80.00
AYEL01059659.1:12534-12772(+,-)	83.13
AYEL01082800.1:125079-125278(+,-)	62.98
AYEL01088471.1:19302-19563(+,-)	78.89
AYEL01081547.1:24-265(+,-)	72.34
AYEL01071033.1:46378-46622(+,-)	74.58
AYEL01087367.1:31327-31558(+,-)	70.83
AYEL01081227.1:122000-122248(+,-)	82.68
AYEL01059952.1:20801-21039(+,-)	74.46
AYEL01074586.1:25870-26109(+,-)	73.28
AYEL01066080.1:14340-14541(-)	61.86
AYEL01072401.1:14116-14344(+,-)	77.09
AYEL01008508.1:0-224(+,-)	81.46
AYEL01079711.1:6485-6693(+,-)	65.57
AYEL01088993.1:13466-13618(-)	86.84
AYEL01084187.1:4366-4605(+,-)	72.84
AYEL01066360.1:6348-6590(-)	70.89
AYEL01069408.1:10363-10557(+,-)	68.86
AYEL01069821.1:11528-11733(+,-)	65.96
AYEL01002421.1:719-957(+,-)	63.56
AYEL01085860.1:9788-10030(+,-)	80.00
AYEL01082023.1:3819-4115(+,-)	86.11
AYEL01067089.1:2225-2447(+,-)	81.18
AYEL01066067.1:5124-5343(+,-)	77.78
AYEL01061260.1:11752-11975(+,-)	61.62
AYEL01052710.1:8372-8632(+,-)	64.46
AYEL01071939.1:10710-10954(+,-)	85.71
AYEL01090199.1:96988-97207(+,-)	77.05
AYEL01074295.1:18135-18327(+,-)	67.12
AYEL01082153.1:63346-63551(+,-)	74.70
AYEL01070054.1:54969-55172(+,-)	77.63
AYEL01090138.1:35491-35727(+,-)	66.23
AYEL01072389.1:27230-27454(+,-)	80.92
AYEL01077929.1:4425-4653(+,-)	84.48
AYEL01045129.1:2152-2379(+,-)	72.89
AYEL01081563.1:74596-74798(+,-)	66.27
AYEL01049035.1:325-596(+,-)	82.95
AYEL01054427.1:86705-86933(+,-)	66.29
AYEL01066319.1:26788-26996(+,-)	71.96
AYEL01077400.1:15236-15530(+,-)	79.89
AYEL01072942.1:35162-35356(+,-)	74.56
AYEL01079619.1:34165-34390(+,-)	84.83
AYEL01073390.1:6555-6808(+,-)	63.64
AYEL01070507.1:12054-12292(+,-)	74.86
AYEL01038802.1:5338-5575(+,-)	72.17
AYEL01070975.1:24243-24465(+,-)	62.56
AYEL01067400.1:23898-24244(+,-)	81.33
AYEL01046572.1:12071-12317(+,-)	73.71
AYEL01071928.1:59878-60137(+,-)	81.46
AYEL01081697.1:18435-18675(+,-)	72.53
AYEL01037209.1:14957-15175(+,-)	71.43
AYEL01082398.1:22069-22342(+,-)	77.27
AYEL01027722.1:33079-33297(+,-)	78.95
AYEL01080533.1:64732-65111(+,-)	72.04
AYEL01007559.1:46420-46647(+,-)	73.39
AYEL01070826.1:27332-27561(+,-)	64.57
AYEL01040832.1:3453-3797(+,-)	84.09
AYEL01085068.1:52543-52742(+,-)	66.03
AYEL01090162.1:7051-7286(+,-)	71.91
AYEL01079696.1:15788-15993(+,-)	74.51
AYEL01090254.1:34209-34485(+,-)	72.02
AYEL01029453.1:7041-7288(-)	80.99
AYEL01083712.1:7665-7901(+,-)	79.07
AYEL01030753.1:3191-3381(+)	77.07
AYEL01057398.1:794-1101(+,-)	85.37
AYEL01092309.1:33413-33627(+,-)	83.65
AYEL01072217.1:2474-2764(+,-)	74.35
AYEL01083865.1:60583-61106(+,-)	73.81
AYEL01090141.1:14037-14245(+,-)	75.79
AYEL01084107.1:152447-152670(+,-)	72.50
AYEL01075540.1:85315-85558(+,-)	67.39
AYEL01024399.1:9503-9735(+,-)	69.03
AYEL01047026.1:1371-1628(+,-)	61.84
AYEL01071916.1:3831-4068(+,-)	76.96
AYEL01091963.1:24817-25035(+,-)	55.48
AYEL01062195.1:18287-18523(+,-)	73.36
AYEL01084549.1:2879-3087(+,-)	75.86
AYEL01077252.1:11648-11839(+,-)	82.55
AYEL01083633.1:205349-205609(+,-)	74.07
AYEL01046893.1:44974-45171(+,-)	79.89
AYEL01023136.1:3562-3803(+,-)	71.98
AYEL01074943.1:7324-7599(+,-)	76.82
AYEL01081609.1:24738-24939(+,-)	72.13
AYEL01051599.1:4472-4701(+,-)	82.66
AYEL01085567.1:44401-44628(+,-)	65.74
AYEL01048076.1:24662-24866(+,-)	70.53
AYEL01079773.1:11821-12033(+,-)	64.21
AYEL01085825.1:1319-1552(+,-)	70.80
AYEL01080865.1:20829-21049(+,-)	69.82
AYEL01086262.1:19114-19350(+,-)	62.67
AYEL01077474.1:31930-32187(+,-)	82.86
AYEL01083489.1:1899-2143(+,-)	77.55
AYEL01061963.1:7877-8116(+,-)	83.80
AYEL01078995.1:31056-31298(+,-)	85.88
AYEL01073466.1:4269-4506(+,-)	70.00
AYEL01080408.1:34184-34403(+,-)	80.90
AYEL01046041.1:38939-39188(+,-)	79.82
AYEL01052626.1:31836-32027(+,-)	76.09
AYEL01042709.1:12735-12970(+,-)	82.12
AYEL01074283.1:27134-27334(+,-)	75.19
AYEL01013742.1:22486-22720(+,-)	77.09
AYEL01061517.1:26211-26427(+,-)	84.71
AYEL01078525.1:15711-15941(+,-)	77.97
AYEL01083917.1:7-435(+,-)	75.97
AYEL01065234.1:45538-45771(+,-)	68.18
AYEL01068180.1:5541-5944(+,-)	82.12
AYEL01063792.1:8951-9166(+,-)	76.40
AYEL01078008.1:27924-28159(+,-)	73.68
AYEL01060551.1:2870-3163(+,-)	72.77
AYEL01081907.1:2169-2409(+,-)	72.10
AYEL01074956.1:30717-30957(+,-)	71.24
AYEL01081359.1:33775-33969(+,-)	63.86
AYEL01036264.1:53765-54055(+,-)	76.27
AYEL01084259.1:9477-9834(+,-)	75.72
AYEL01059350.1:920-1200(+,-)	73.39
AYEL01072103.1:18792-19240(+,-)	78.61
AYEL01059477.1:3455-3697(+,-)	85.47
AYEL01072606.1:15902-16141(+,-)	72.41
AYEL01039612.1:47028-47258(+,-)	76.47
AYEL01083230.1:108979-109198(+,-)	71.35
AYEL01083837.1:1303-1534(+,-)	85.88
AYEL01068447.1:47653-47897(+,-)	61.74
AYEL01035585.1:19165-19349(+)	68.42
AYEL01071673.1:64309-64535(+,-)	73.65
AYEL01012217.1:33421-33659(+,-)	80.45
AYEL01089063.1:21073-21312(+,-)	73.71
AYEL01074423.1:1045-1287(+,-)	81.56
AYEL01077376.1:10027-10381(+,-)	77.84
AYEL01005012.1:915-1183(+,-)	82.86
AYEL01079876.1:3981-4215(+,-)	77.00
AYEL01065006.1:32255-32494(+,-)	58.87
AYEL01068228.1:71538-72024(+,-)	81.82
AYEL01081304.1:11071-11273(+,-)	72.13
AYEL01062265.1:2460-2746(+,-)	73.85
AYEL01084048.1:15903-16132(+,-)	71.59
AYEL01088815.1:26642-26962(+,-)	77.03
AYEL01019216.1:2-210(+,-)	86.33
AYEL01089368.1:46896-47124(+,-)	75.88
AYEL01087840.1:5493-5929(+,-)	79.17
AYEL01048855.1:43897-44272(+,-)	78.73
AYEL01088059.1:2199-2491(+,-)	71.49
AYEL01059930.1:18516-18756(+,-)	74.68
AYEL01075351.1:22854-23203(+,-)	81.01
AYEL01081371.1:115803-116080(+,-)	84.00
AYEL01082402.1:1668-1889(+,-)	73.81
AYEL01065822.1:58586-58803(+,-)	62.81
AYEL01038732.1:24996-25235(+,-)	65.78
AYEL01089087.1:142649-142886(+,-)	80.23
AYEL01086717.1:8195-8419(+,-)	87.35
AYEL01082313.1:18543-18955(+,-)	76.23
AYEL01061095.1:82-360(+,-)	74.79
AYEL01068443.1:6880-7092(+,-)	84.36
AYEL01058661.1:20195-20412(+,-)	61.64
AYEL01082523.1:5707-5945(+,-)	70.56
AYEL01049777.1:4421-4652(+,-)	81.18
AYEL01067530.1:6007-6301(+,-)	76.14
AYEL01058965.1:134553-134766(+,-)	78.65
AYEL01056454.1:32812-33064(+,-)	78.97
AYEL01045382.1:4399-4627(+,-)	80.00
AYEL01063414.1:27393-27631(+,-)	81.01
AYEL01074944.1:623-862(+,-)	73.28
AYEL01085482.1:14560-14770(+,-)	78.15
AYEL01054491.1:973-1218(+,-)	80.12
AYEL01086919.1:58717-58957(+,-)	82.12
AYEL01073766.1:28702-28923(+,-)	76.07
AYEL01079582.1:111957-112180(+,-)	71.76
AYEL01023334.1:828-1149(+,-)	83.15
AYEL01078380.1:62452-62689(+,-)	72.73
AYEL01091337.1:6012-6304(+,-)	76.61
AYEL01055329.1:12344-12548(+)	61.14
AYEL01081582.1:3844-4082(+,-)	84.18
AYEL01047185.1:8239-8432(+,-)	63.16
AYEL01086137.1:43974-44177(+,-)	75.82
AYEL01068357.1:8999-9228(+,-)	67.54
AYEL01053586.1:13192-13397(+,-)	73.37
AYEL01064055.1:15557-15746(+,-)	71.18
AYEL01070700.1:75863-76100(+,-)	77.53
AYEL01079317.1:20316-20531(+,-)	64.20
AYEL01064989.1:19915-20150(+,-)	81.14
AYEL01087337.1:19346-19623(+,-)	72.22
AYEL01086845.1:10579-10784(+,-)	74.57
AYEL01076226.1:55208-55436(+,-)	72.41
AYEL01079706.1:6246-6482(+,-)	67.25
AYEL01047930.1:22405-22599(+,-)	62.50
AYEL01038620.1:82-278(+,-)	72.19
AYEL01069356.1:19331-19620(+,-)	74.77
AYEL01020487.1:138-348(+,-)	63.43
AYEL01047418.1:7625-7863(+,-)	78.77
AYEL01088632.1:35895-36092(+,-)	77.09
AYEL01091340.1:153428-153647(+,-)	69.68
AYEL01080394.1:54798-55054(+,-)	76.14
AYEL01052014.1:6012-6225(+,-)	71.60
AYEL01063516.1:1610-1835(+,-)	83.54
AYEL01088996.1:75609-75853(+,-)	73.01
AYEL01070069.1:11781-12018(+,-)	80.68
AYEL01071753.1:107820-108058(+,-)	65.37
AYEL01068351.1:5161-5398(+,-)	64.61
AYEL01090287.1:17019-17221(+,-)	71.00
AYEL01069940.1:1120-1389(+,-)	74.68
AYEL01082988.1:41299-41541(+,-)	84.92
AYEL01062598.1:2492-2698(+,-)	82.12
AYEL01060859.1:30762-31030(+,-)	82.86
AYEL01089195.1:250543-250783(+,-)	68.97
AYEL01065587.1:33443-33689(+,-)	69.74
AYEL01055640.1:43920-44137(+,-)	72.22
AYEL01044758.1:43709-43912(+)	72.55
AYEL01066512.1:7809-8044(+,-)	82.95
AYEL01091639.1:12106-12290(-)	87.18
AYEL01076025.1:28930-29148(+,-)	61.96
AYEL01026465.1:306-540(+,-)	83.82
AYEL01084753.1:11489-11712(+,-)	71.50
AYEL01062773.1:9600-9812(+,-)	78.26
AYEL01070531.1:55475-55668(+,-)	78.44
AYEL01041914.1:104626-104865(+,-)	67.05
AYEL01090847.1:71364-71603(+,-)	73.91
AYEL01076507.1:63200-63504(+,-)	71.86
AYEL01080571.1:4909-5125(+,-)	75.16
AYEL01052553.1:13907-14146(+,-)	78.89
AYEL01063364.1:19438-19651(+,-)	64.04
AYEL01091434.1:50667-50888(+,-)	60.55
AYEL01069643.1:10389-10631(+,-)	73.19
AYEL01076252.1:1-239(+,-)	80.29
AYEL01091804.1:33065-33294(+,-)	66.20
AYEL01077832.1:37357-37592(+,-)	83.24
AYEL01080479.1:44467-44688(+)	64.77
AYEL01088578.1:28545-28741(-)	81.36
AYEL01082445.1:31820-32048(+,-)	60.09
AYEL01038802.1:12630-13003(-)	91.49
AYEL01082084.1:25397-25630(+,-)	71.86
AYEL01071894.1:46441-46654(+,-)	75.00
AYEL01061834.1:4218-4467(+,-)	69.90
AYEL01071562.1:7662-7876(+,-)	79.83
AYEL01045160.1:13348-13544(+)	70.06
AYEL01077942.1:3846-4086(+,-)	79.21
AYEL01030852.1:17216-17453(+,-)	73.18
AYEL01086258.1:88150-88391(+,-)	79.89
AYEL01069398.1:5045-5264(+,-)	81.25
AYEL01081927.1:73441-73684(+,-)	77.09
AYEL01044994.1:39109-39634(+,-)	83.52
AYEL01075917.1:28185-28417(+,-)	71.68
AYEL01056846.1:110110-110490(+,-)	72.73
AYEL01054103.1:886-1168(+,-)	79.09
AYEL01048916.1:6163-6391(+,-)	76.14
AYEL01088831.1:7032-7272(+,-)	75.11
AYEL01056847.1:14447-14671(+,-)	67.50
AYEL01082852.1:19537-19797(+,-)	67.55
AYEL01025074.1:2318-2575(+,-)	81.92
AYEL01075816.1:6307-6514(+,-)	70.83
AYEL01065412.1:13587-13850(+,-)	69.89
AYEL01087256.1:639-851(+,-)	76.83
AYEL01070255.1:5716-5926(+,-)	67.86
AYEL01061650.1:1459-1695(+,-)	72.37
AYEL01047949.1:9272-9575(+,-)	81.03
AYEL01084107.1:105918-106174(+,-)	82.02
AYEL01057443.1:13838-14042(+,-)	76.07
AYEL01069251.1:4568-4922(+,-)	71.01
AYEL01052979.1:137864-138268(+,-)	70.83
AYEL01074138.1:25200-25425(+,-)	68.30
AYEL01062930.1:4082-4321(+,-)	81.56
AYEL01054711.1:1974-2255(+,-)	81.21
AYEL01082876.1:9930-10152(+,-)	78.50
AYEL01076526.1:94075-94371(+,-)	86.13
AYEL01075273.1:18014-18257(+,-)	77.78
AYEL01073766.1:41549-41785(+,-)	74.34
AYEL01027675.1:9027-9262(+,-)	64.53
AYEL01062567.1:3992-4229(+,-)	71.30
AYEL01007586.1:321-765(+,-)	69.13
AYEL01069603.1:28293-28556(+,-)	82.49
AYEL01084222.1:64912-65151(+,-)	85.39
AYEL01092314.1:32894-33132(+,-)	73.45
AYEL01073000.1:10657-10885(+,-)	81.21
AYEL01081641.1:49119-49417(+,-)	90.52
AYEL01066294.1:38064-38362(+,-)	87.59
AYEL01078148.1:4019-4242(+,-)	80.59
AYEL01045009.1:50051-50197(+)	74.66
AYEL01080198.1:3334-3565(+,-)	84.81
AYEL01075508.1:66789-67026(+,-)	81.25
AYEL01089195.1:49964-50203(+,-)	82.12
AYEL01075276.1:27743-27982(+,-)	77.01
AYEL01075840.1:54214-54441(+,-)	80.57
AYEL01085482.1:9768-10005(+,-)	79.33
AYEL01073286.1:60074-60310(+,-)	74.68
AYEL01090696.1:67852-68058(+,-)	68.27
AYEL01060909.1:1756-1996(+,-)	83.24
AYEL01073965.1:31303-31517(+,-)	73.16
AYEL01070210.1:26594-26816(+,-)	62.73
AYEL01055485.1:18524-18750(+,-)	59.35
AYEL01087674.1:12341-12581(+,-)	81.01
AYEL01080461.1:74213-74488(+,-)	79.55
AYEL01078845.1:23989-24188(+,-)	83.64
AYEL01070149.1:13566-13804(+,-)	81.25
AYEL01006830.1:474-705(+,-)	64.00
AYEL01085860.1:10039-10451(+,-)	80.49
AYEL01023335.1:1395-1619(+,-)	67.42
AYEL01067048.1:53380-53792(+,-)	85.57
AYEL01051557.1:45214-45458(+,-)	73.08
AYEL01081215.1:222620-222831(+,-)	90.62
AYEL01079459.1:17197-17420(+,-)	74.29
AYEL01081106.1:14724-14983(+,-)	74.15
AYEL01079508.1:8557-8962(+,-)	81.82
AYEL01061294.1:4483-4720(+,-)	71.74
AYEL01066410.1:807-1028(+,-)	62.14
AYEL01078810.1:49773-50012(+,-)	76.40
AYEL01076196.1:16138-16367(+,-)	64.90
AYEL01066344.1:5961-6201(+,-)	77.27
AYEL01073163.1:854-1079(+,-)	62.21
AYEL01085918.1:40321-40559(+,-)	69.03
AYEL01081201.1:21105-21342(+,-)	69.83
AYEL01068181.1:2318-2554(+,-)	70.74
AYEL01025603.1:14643-14923(+,-)	75.89
AYEL01088966.1:28716-28928(+,-)	79.66
AYEL01074637.1:13374-13621(+,-)	65.27
AYEL01081289.1:11869-12066(+,-)	72.73
AYEL01085159.1:2558-2797(+,-)	73.60
AYEL01070700.1:78200-78467(+,-)	69.00
AYEL01084145.1:5724-5943(+,-)	62.00
AYEL01086852.1:38390-38604(+,-)	83.65
AYEL01059059.1:847-1105(+,-)	72.67
AYEL01080739.1:12714-12953(+,-)	73.28
AYEL01082282.1:13153-13396(+,-)	73.82
AYEL01071350.1:93654-93886(+,-)	75.14
AYEL01036146.1:21753-21947(-)	84.30
AYEL01064119.1:38450-38669(+,-)	79.10
AYEL01089221.1:10571-10804(+,-)	72.37
AYEL01089752.1:30037-30276(+,-)	84.27
AYEL01072338.1:56346-56557(+,-)	65.78
AYEL01074496.1:3965-4174(+,-)	71.26
AYEL01064606.1:16160-16397(+,-)	63.48
AYEL01034971.1:60447-60750(+,-)	85.71
AYEL01089237.1:8965-9237(+,-)	83.65
AYEL01059644.1:562-791(+,-)	68.93
AYEL01023197.1:728-956(+,-)	70.18
AYEL01037920.1:1858-2204(+,-)	71.98
AYEL01056172.1:2615-2909(+,-)	73.04
AYEL01084201.1:1337-1562(+,-)	68.05
AYEL01067836.1:20212-20452(+,-)	84.36
AYEL01087924.1:56525-56766(+,-)	68.28
AYEL01088129.1:10865-11095(+,-)	74.51
AYEL01081648.1:19582-20027(+,-)	82.68
AYEL01043478.1:49585-49809(+,-)	69.05
AYEL01091892.1:20062-20301(+,-)	63.79
AYEL01072067.1:869-1230(+,-)	83.64
AYEL01074079.1:28752-28992(+,-)	81.67
AYEL01065824.1:15003-15243(+,-)	72.53
AYEL01070519.1:14939-15175(+,-)	77.65
AYEL01066360.1:10945-11161(+,-)	83.24
AYEL01072964.1:39640-39860(+,-)	74.77
AYEL01074635.1:30768-31210(+,-)	82.93
AYEL01077954.1:7169-7401(+,-)	55.80
AYEL01019179.1:706-947(+,-)	66.23
AYEL01087970.1:22468-22688(+,-)	83.24
AYEL01084863.1:114038-114286(+,-)	74.17
AYEL01073319.1:5316-5767(+,-)	71.55
AYEL01066346.1:11152-11357(+,-)	63.92
AYEL01051198.1:156-651(+,-)	77.02
AYEL01034570.1:14563-14792(+,-)	57.85
AYEL01080199.1:926-1138(+,-)	58.28
AYEL01044629.1:3771-3987(+,-)	66.10
AYEL01080330.1:28735-28968(+,-)	79.76
AYEL01082703.1:65545-65746(+,-)	71.43
AYEL01037263.1:11269-11508(+,-)	81.92
AYEL01064157.1:2064-2318(+,-)	72.16
AYEL01068156.1:4851-5123(+,-)	83.65
AYEL01089232.1:7142-7352(+,-)	61.65
AYEL01028060.1:671-863(+,-)	74.25
AYEL01067813.1:15990-16408(+,-)	77.97
AYEL01068920.1:107180-107468(+,-)	73.97
AYEL01064117.1:7883-8111(+,-)	74.85
AYEL01085365.1:5842-6099(+,-)	76.54
AYEL01076488.1:77002-77242(+,-)	75.54
AYEL01062924.1:30236-30436(+,-)	66.27
AYEL01069425.1:7520-7737(+,-)	60.10
AYEL01072064.1:30134-30374(+,-)	66.08
AYEL01077529.1:56127-56364(+,-)	79.10
AYEL01074898.1:7450-7689(+,-)	82.29
AYEL01063939.1:16483-16679(+,-)	62.90
AYEL01047989.1:36250-36538(+,-)	82.02
AYEL01086704.1:51892-52103(+,-)	75.44
AYEL01062593.1:2762-2972(+,-)	72.47
AYEL01021396.1:20959-21204(+,-)	81.01
AYEL01062507.1:35640-35880(+,-)	73.39
AYEL01065242.1:10969-11196(+,-)	84.57
AYEL01020695.1:5625-5816(+)	59.67
AYEL01065244.1:20191-20429(+,-)	73.48
AYEL01070970.1:32510-32750(+,-)	66.95
AYEL01059889.1:26194-26474(+,-)	82.57
AYEL01073379.1:11565-11892(+,-)	74.25
AYEL01072161.1:20994-21278(+,-)	83.23
AYEL01051541.1:26501-26746(+,-)	74.12
AYEL01058161.1:33277-33506(+,-)	77.18
AYEL01064094.1:5071-5310(+,-)	69.44
AYEL01088294.1:143795-144029(-)	63.64
AYEL01062109.1:41088-41360(+,-)	70.86
AYEL01072335.1:14732-15027(+,-)	70.27
AYEL01088913.1:21623-21962(+,-)	73.40
AYEL01083830.1:28412-28624(+,-)	69.43
AYEL01069159.1:42285-42523(+,-)	72.84
AYEL01086278.1:13445-13655(+,-)	73.13
AYEL01061082.1:26542-26790(+,-)	74.86
AYEL01072453.1:19783-20023(+,-)	74.68
AYEL01077505.1:34648-34888(+,-)	74.68
AYEL01076196.1:17365-17572(+,-)	67.90
AYEL01017317.1:8634-8918(+,-)	80.90
AYEL01065638.1:426-657(+,-)	86.61
AYEL01040614.1:11211-11403(+,-)	79.78
AYEL01075165.1:7002-7212(+,-)	69.71
AYEL01091726.1:5280-5520(+,-)	74.14
AYEL01062728.1:1131-1374(+,-)	71.00
AYEL01085319.1:45025-45241(+,-)	83.15
AYEL01066864.1:135039-135269(+,-)	83.53
AYEL01075698.1:27430-27691(+,-)	71.35
AYEL01078021.1:39303-39538(+,-)	73.89
AYEL01069224.1:14805-15015(+,-)	63.21
AYEL01078898.1:15988-16245(+,-)	73.27
AYEL01035395.1:18561-18877(+,-)	79.53
AYEL01088807.1:24866-25069(+,-)	54.65
AYEL01079342.1:38845-39070(+,-)	80.95
AYEL01066503.1:782-1078(+,-)	78.61
AYEL01089466.1:122809-123037(+,-)	81.44
AYEL01086693.1:50996-51287(+,-)	78.72
AYEL01088013.1:15193-15432(+,-)	84.92
AYEL01064121.1:8840-9078(+,-)	77.65
AYEL01091050.1:1593-1850(+,-)	80.00
AYEL01079007.1:39050-39278(+,-)	82.44
AYEL01012568.1:12208-12614(+,-)	69.97
AYEL01073172.1:7906-8100(+,-)	65.52
AYEL01078769.1:7760-7995(+,-)	68.14
AYEL01092406.1:27863-28156(+,-)	76.51
AYEL01073767.1:5212-5439(+,-)	85.47
AYEL01067132.1:25019-25257(+,-)	80.45
AYEL01080475.1:71462-71696(+,-)	81.03
AYEL01085114.1:36891-37123(+,-)	65.49
AYEL01091687.1:17065-17296(+,-)	63.68
AYEL01021110.1:75108-75352(+,-)	73.08
AYEL01055745.1:14454-14657(+,-)	73.71
AYEL01056379.1:33248-33484(+,-)	68.24
AYEL01081641.1:47299-47504(+,-)	64.62
AYEL01086602.1:63512-63700(+,-)	72.73
AYEL01060098.1:4397-4749(+,-)	76.17
AYEL01067609.1:20850-21088(+,-)	84.27
AYEL01070960.1:73277-73641(+,-)	74.29
AYEL01081733.1:3146-3371(+,-)	77.06
AYEL01091529.1:34032-34259(+,-)	81.82
AYEL01080741.1:29207-29447(+,-)	69.36
AYEL01086482.1:17845-18084(+,-)	73.82
AYEL01034342.1:2927-3139(+,-)	68.92
AYEL01081504.1:27507-27738(+,-)	67.30
AYEL01082790.1:2544-2780(+,-)	73.71
AYEL01063620.1:52268-52492(+,-)	76.96
AYEL01091190.1:825-1025(-)	73.03
AYEL01077468.1:31582-31790(+,-)	72.11
AYEL01088543.1:28958-29178(+,-)	74.71
AYEL01081044.1:153369-153586(+,-)	70.73
AYEL01065729.1:3174-3416(+,-)	80.45
AYEL01087858.1:126168-126393(+,-)	82.12
AYEL01090254.1:32561-32787(+,-)	62.26
AYEL01073931.1:15492-15687(-)	74.10
AYEL01071787.1:72703-72941(+,-)	71.86
AYEL01068783.1:3078-3328(+)	65.24
AYEL01060457.1:17325-17570(+,-)	85.31
AYEL01074340.1:29590-29814(+,-)	68.00
AYEL01064094.1:30120-30272(+)	66.41
AYEL01064531.1:13484-13710(+,-)	75.65
AYEL01062892.1:6059-6295(+,-)	67.40
AYEL01062295.1:2407-2638(+,-)	73.68
AYEL01071753.1:106091-106383(+,-)	73.65
AYEL01051937.1:22202-22446(+,-)	72.69
AYEL01082523.1:7347-7577(+,-)	67.57
AYEL01082997.1:3286-3540(+,-)	73.56
AYEL01081037.1:12406-12646(+,-)	75.54
AYEL01070955.1:10351-10590(+,-)	72.41
AYEL01086532.1:28705-28944(+,-)	82.12
AYEL01091623.1:10396-10608(+,-)	67.28
AYEL01078608.1:33273-33510(+,-)	69.52
AYEL01083555.1:8302-8534(+)	63.78
AYEL01080865.1:25496-25695(+)	72.88
AYEL01090763.1:39916-40159(+,-)	80.45
AYEL01066060.1:40990-41208(+,-)	72.13
AYEL01068357.1:9518-9746(+,-)	68.28
AYEL01066480.1:17622-17842(+,-)	69.75
AYEL01075877.1:24057-24288(+,-)	75.00
AYEL01079667.1:9217-9455(+,-)	68.56
AYEL01086328.1:4185-4427(+,-)	62.28
AYEL01073367.1:29444-29662(+,-)	69.64
AYEL01090545.1:19476-19801(+,-)	76.39
AYEL01080012.1:32105-32338(+,-)	81.61
AYEL01060322.1:49592-49747(+)	86.32
AYEL01061641.1:6166-6388(+,-)	78.70
AYEL01064549.1:11156-11391(+,-)	77.19
AYEL01066554.1:23085-23327(+,-)	74.47
AYEL01082947.1:89-328(+,-)	73.52
AYEL01085337.1:4942-5141(+,-)	71.11
AYEL01079226.1:31763-31998(+,-)	79.10
AYEL01048649.1:35265-35482(+,-)	81.03
AYEL01031710.1:115-405(+,-)	73.52
AYEL01084326.1:143887-144171(+,-)	75.14
AYEL01005248.1:3503-3709(+,-)	79.33
AYEL01091732.1:13128-13361(+,-)	73.89
AYEL01086096.1:49905-50233(+,-)	73.91
AYEL01071965.1:22750-22984(+,-)	82.58
AYEL01067930.1:10744-10987(+,-)	72.22
AYEL01078523.1:16834-17029(+,-)	70.99
AYEL01071587.1:28774-28991(+,-)	81.03
AYEL01067575.1:2426-2676(+,-)	72.02
AYEL01048205.1:9579-9813(+,-)	66.23
AYEL01054428.1:15303-15649(+)	74.59
AYEL01036230.1:14070-14289(+,-)	68.55
AYEL01048855.1:41739-41966(+,-)	69.09
AYEL01071058.1:5592-5818(+,-)	69.14
AYEL01048075.1:20745-20969(+,-)	78.65
AYEL01033008.1:1340-1547(+,-)	74.86
AYEL01085255.1:21433-21643(+,-)	71.74
AYEL01057830.1:1984-2257(+,-)	70.15
AYEL01086388.1:2457-2701(+,-)	82.58
AYEL01054494.1:121429-121626(+,-)	67.70
AYEL01083856.1:114432-114664(+,-)	64.42
AYEL01054685.1:861-1151(+,-)	73.39
AYEL01047196.1:149543-149783(+,-)	72.96
AYEL01080046.1:3872-4107(+,-)	72.37
AYEL01081920.1:55664-55884(+,-)	69.12
AYEL01086210.1:1881-2227(+,-)	72.22
AYEL01083051.1:19569-19794(+,-)	72.22
AYEL01018508.1:3891-4108(+,-)	71.43
AYEL01078986.1:1743-1993(+,-)	74.70
AYEL01077660.1:16880-17125(+,-)	68.40
AYEL01070687.1:36489-36709(+,-)	75.00
AYEL01068461.1:9636-9880(+,-)	80.45
AYEL01071921.1:22398-22635(+,-)	70.04
AYEL01069454.1:54649-54884(+,-)	82.12
AYEL01034098.1:19551-19796(+,-)	61.80
AYEL01045733.1:19217-19450(+,-)	68.10
AYEL01086267.1:18218-18426(+,-)	79.89
AYEL01064055.1:50790-51009(+,-)	69.09
AYEL01088193.1:19395-19821(+,-)	66.46
AYEL01068868.1:9968-10260(+,-)	84.18
AYEL01076618.1:19675-19890(+,-)	61.11
AYEL01090371.1:19832-20053(+,-)	64.77
AYEL01086208.1:2532-3159(+,-)	60.97
AYEL01068420.1:36730-36926(-)	68.42
AYEL01091347.1:74001-74211(+,-)	74.24
AYEL01062531.1:18587-18823(+,-)	67.88
AYEL01088078.1:1647-1879(+,-)	67.05
AYEL01091730.1:38045-38255(+,-)	70.78
AYEL01070573.1:8388-8768(+,-)	82.25
AYEL01083864.1:39160-39395(+,-)	68.36
AYEL01079615.1:2484-2676(+,-)	77.84
AYEL01039439.1:17616-17890(+,-)	65.82
AYEL01078876.1:120985-121215(+,-)	72.94
AYEL01088098.1:2953-3273(+,-)	77.39
AYEL01091310.1:36817-37029(+,-)	84.00
AYEL01086278.1:176-410(+,-)	72.20
AYEL01057328.1:15760-16137(+,-)	85.71
AYEL01071032.1:44051-44276(+,-)	64.94
AYEL01066399.1:6343-6640(+,-)	82.86
AYEL01056848.1:37957-38218(+,-)	66.83
AYEL01081563.1:41833-42067(+,-)	64.94
AYEL01072641.1:1992-2241(+,-)	75.85
AYEL01078443.1:15488-15887(+,-)	76.76
AYEL01060638.1:54592-54800(+,-)	73.02
AYEL01008027.1:1095-1337(+,-)	74.30
AYEL01024732.1:1315-1539(+,-)	74.56
AYEL01086409.1:32667-32910(+,-)	81.11
AYEL01077915.1:45775-46008(+,-)	77.59
AYEL01070739.1:38408-38647(+,-)	80.45
AYEL01062592.1:11055-11295(+,-)	81.56
AYEL01087026.1:49061-49305(+,-)	73.30
AYEL01080741.1:76276-76517(+,-)	84.36
AYEL01059595.1:4338-4556(+,-)	83.87
AYEL01045335.1:19547-19747(+,-)	60.63
AYEL01067214.1:19156-19396(+,-)	73.91
AYEL01075467.1:36739-36976(+,-)	74.43
AYEL01053575.1:21932-22177(+,-)	66.67
AYEL01088024.1:4120-4351(+,-)	80.11
AYEL01075581.1:4048-4280(+,-)	59.76
AYEL01062869.1:1408-1654(+,-)	63.25
AYEL01071785.1:18580-18851(+,-)	71.26
AYEL01058864.1:90442-90679(+,-)	75.98
AYEL01073989.1:1981-2193(+,-)	78.75
AYEL01047817.1:9198-9438(+,-)	73.48
AYEL01012566.1:50465-50705(+,-)	70.39
AYEL01032846.1:30589-30815(+,-)	79.89
AYEL01067532.1:146519-146758(+,-)	74.73
AYEL01054719.1:3449-3895(+,-)	74.72
AYEL01085977.1:4479-4715(+,-)	71.23
AYEL01060904.1:12558-12796(+,-)	68.70
AYEL01088386.1:16794-17023(+,-)	66.67
AYEL01042546.1:6747-6981(+,-)	79.50
AYEL01052624.1:45484-45679(+)	91.49
AYEL01083855.1:27984-28226(+,-)	79.77
AYEL01086733.1:29753-29945(-)	73.86
AYEL01079914.1:4575-4788(+,-)	84.05
AYEL01081700.1:47797-48037(+,-)	74.68
AYEL01062383.1:46532-46761(+,-)	88.19
AYEL01023136.1:13057-13287(+,-)	74.42
AYEL01062130.1:6794-7019(+,-)	79.76
AYEL01082989.1:5412-5633(+,-)	84.71
AYEL01084284.1:5597-5836(+,-)	77.14
AYEL01077815.1:23452-23688(+,-)	68.56
AYEL01091994.1:19133-19365(+,-)	72.41
AYEL01053105.1:67186-67401(+,-)	79.05
AYEL01084386.1:112573-112807(+,-)	65.38
AYEL01062200.1:5440-5650(+,-)	72.16
AYEL01078204.1:17300-17495(+,-)	80.00
AYEL01073194.1:1461-1670(+,-)	77.06
AYEL01067727.1:5564-5799(+,-)	82.68
AYEL01065711.1:2621-2818(+,-)	78.16
AYEL01090639.1:29871-30107(+,-)	62.88
AYEL01088913.1:22431-22670(+,-)	70.18
AYEL01072515.1:2969-3194(+,-)	70.69
AYEL01019413.1:2243-2524(+,-)	71.37
AYEL01074572.1:21049-21283(+,-)	83.62
AYEL01047949.1:8749-8990(+,-)	75.32
AYEL01064116.1:23326-23697(+,-)	75.26
AYEL01056357.1:33681-33921(+,-)	71.24
AYEL01074429.1:2454-2668(+,-)	60.95
AYEL01046115.1:31540-31726(-)	82.58
AYEL01071784.1:27144-27363(+,-)	78.75
AYEL01087287.1:15063-15301(+,-)	75.57
AYEL01037871.1:0-221(+,-)	81.40
AYEL01077967.1:4574-4788(+,-)	83.65
AYEL01052361.1:16914-17204(+,-)	65.69
AYEL01016618.1:12468-12708(+,-)	71.67
AYEL01034991.1:54838-55094(+,-)	63.33
AYEL01070848.1:16210-16550(+,-)	80.45
AYEL01074867.1:6358-6592(+,-)	72.96
AYEL01078201.1:5658-5864(+)	82.56
AYEL01080181.1:17509-17801(+,-)	82.14
AYEL01037209.1:42206-42462(+,-)	70.54
AYEL01059064.1:9045-9283(+,-)	71.86
AYEL01076404.1:14431-14671(+,-)	73.82
AYEL01036718.1:2149-2416(+,-)	75.00
AYEL01085542.1:88892-89118(+,-)	86.47
AYEL01069395.1:3261-3496(+,-)	81.71
AYEL01073263.1:650-843(+,-)	63.80
AYEL01084850.1:56249-56445(+,-)	86.73
AYEL01065392.1:2842-3038(+)	71.74
AYEL01072453.1:10068-10304(+,-)	65.17
AYEL01073097.1:25641-25874(+,-)	76.57
AYEL01032519.1:1641-1875(+,-)	81.25
AYEL01069963.1:14852-15049(+)	81.67
AYEL01081738.1:6628-6867(+,-)	71.12
AYEL01066861.1:21756-21962(+,-)	80.79
AYEL01068569.1:15757-16025(+,-)	82.86
AYEL01079922.1:89691-90199(+,-)	74.72
AYEL01077224.1:9402-9640(+,-)	83.05
AYEL01089379.1:23452-23654(+,-)	66.67
AYEL01058078.1:1118-1352(+,-)	72.60
AYEL01036790.1:39342-39622(+,-)	69.74
AYEL01088685.1:7889-8122(+,-)	72.57
AYEL01079722.1:16815-17009(-)	84.30
AYEL01089296.1:81171-81391(+,-)	74.59
AYEL01066265.1:62071-62288(+,-)	70.18
AYEL01070762.1:2587-2815(+,-)	71.95
AYEL01080783.1:5763-6062(+,-)	81.67
AYEL01062911.1:1288-1541(+,-)	75.56
AYEL01078206.1:42886-43127(+,-)	63.37
AYEL01061834.1:12203-12435(+,-)	74.59
AYEL01070547.1:10283-10511(+,-)	60.00
AYEL01047418.1:50466-50867(+,-)	72.34
AYEL01054695.1:46744-46990(+,-)	71.08
AYEL01086709.1:41706-41938(+,-)	79.41
AYEL01016309.1:13383-13641(+,-)	85.47
AYEL01083870.1:19212-19457(+,-)	65.56
AYEL01050691.1:10952-11182(+,-)	68.02
AYEL01091874.1:67661-67900(+,-)	77.70
AYEL01072178.1:30357-30567(+,-)	74.72
AYEL01076862.1:15659-15881(+,-)	77.46
AYEL01056361.1:51271-51541(+,-)	74.19
AYEL01064901.1:31760-31972(+,-)	67.11
AYEL01086191.1:8037-8275(+,-)	77.09
AYEL01030585.1:12556-12769(+,-)	85.03
AYEL01013639.1:27418-27659(+,-)	66.67
AYEL01022533.1:40682-40879(+,-)	74.14
AYEL01080532.1:1079-1300(+,-)	66.67
AYEL01061130.1:39754-40055(+,-)	77.78
AYEL01059612.1:10754-10988(+,-)	72.84
AYEL01079707.1:8866-9061(+)	69.66
AYEL01053541.1:20294-20534(+,-)	73.39
AYEL01073129.1:41858-42058(+,-)	81.65
AYEL01070458.1:5987-6171(-)	68.07
AYEL01066551.1:31020-31239(-)	64.37
AYEL01068496.1:74199-74852(+,-)	85.14
AYEL01086704.1:34135-34371(+,-)	70.74
AYEL01071898.1:7782-8003(+,-)	74.73
AYEL01081502.1:12472-12706(+,-)	77.64
AYEL01023308.1:8224-8466(+,-)	71.91
AYEL01082959.1:1361-1602(+,-)	72.22
AYEL01080230.1:14444-14682(+,-)	78.75
AYEL01058452.1:73712-73942(+,-)	67.71
AYEL01076410.1:66192-66395(-)	76.38
AYEL01072095.1:37422-37714(+,-)	91.23
AYEL01064767.1:21950-22157(+,-)	79.31
AYEL01070761.1:21119-21349(+,-)	69.27
AYEL01087111.1:57377-57611(+,-)	67.84
AYEL01079266.1:73528-73753(+,-)	77.46
AYEL01079930.1:15570-15811(+,-)	75.72
AYEL01087284.1:6650-6906(+,-)	78.09
AYEL01066202.1:2209-2483(+,-)	78.26
AYEL01092238.1:27908-28142(+,-)	82.72
AYEL01080147.1:5280-5660(+,-)	83.33
AYEL01063079.1:13021-13319(+,-)	81.93
AYEL01075253.1:74141-74365(+,-)	68.38
AYEL01072668.1:36395-36661(+,-)	70.34
AYEL01049033.1:114246-114435(+,-)	80.34
AYEL01077112.1:48289-48522(+,-)	73.01
AYEL01068981.1:77903-78155(+,-)	81.66
AYEL01045629.1:5661-5897(+,-)	68.26
AYEL01059142.1:7095-7337(+,-)	73.62
AYEL01063667.1:8987-9272(+,-)	74.54
AYEL01070809.1:5426-5880(+,-)	81.56
AYEL01053399.1:18065-18300(+,-)	78.41
AYEL01064694.1:23703-23911(+,-)	63.46
AYEL01075010.1:35260-35450(+)	66.67
AYEL01016499.1:0-240(+,-)	69.96
AYEL01015853.1:7489-7738(+,-)	68.51
AYEL01088768.1:6074-6314(+,-)	71.37
AYEL01089024.1:10368-10600(+,-)	69.74
AYEL01083661.1:28249-28506(+,-)	71.91
AYEL01081787.1:38124-38318(+,-)	73.30
AYEL01052014.1:3038-3282(+,-)	73.53
AYEL01092077.1:11205-11437(+,-)	77.06
AYEL01055708.1:6172-6788(+,-)	81.56
AYEL01069666.1:20727-20954(+,-)	84.36
AYEL01070226.1:80274-80502(+,-)	80.24
AYEL01078299.1:13088-13301(+,-)	71.60
AYEL01080694.1:36875-37128(+,-)	80.00
AYEL01090622.1:14662-14905(+,-)	75.74
AYEL01026498.1:18966-19168(+,-)	74.10
AYEL01073758.1:2380-2616(+,-)	72.88
AYEL01040355.1:14500-14738(+,-)	80.59
AYEL01068520.1:64738-64969(+,-)	74.16
AYEL01038166.1:21284-21519(+,-)	71.49
AYEL01074570.1:178201-178469(+,-)	84.27
AYEL01089998.1:19388-19616(+,-)	73.84
AYEL01057406.1:78495-78732(+,-)	74.43
AYEL01086465.1:67139-67342(+,-)	76.43
AYEL01049853.1:2686-2979(+,-)	80.34
AYEL01087524.1:27927-28141(+,-)	63.48
AYEL01084652.1:8896-9195(+,-)	82.29
AYEL01074875.1:227-467(+,-)	73.82
AYEL01051524.1:1736-2041(+,-)	82.84
AYEL01071268.1:8738-9056(+,-)	69.06
AYEL01058031.1:30183-30415(+,-)	82.39
AYEL01065677.1:28194-28436(+,-)	59.92
AYEL01089379.1:36390-36694(+,-)	82.17
AYEL01066360.1:8533-8768(+,-)	73.62
AYEL01082988.1:11751-11947(+,-)	76.22
AYEL01070472.1:100325-100564(+,-)	81.56
AYEL01055188.1:11454-11696(+,-)	72.63
AYEL01085366.1:4094-4316(+,-)	77.61
AYEL01083879.1:27657-27880(+,-)	81.46
AYEL01076589.1:9978-10226(+,-)	66.23
AYEL01034316.1:9775-10053(+,-)	76.44
AYEL01087386.1:11685-11925(+,-)	82.68
AYEL01082469.1:58290-58535(+,-)	73.84
AYEL01059393.1:12934-13130(+,-)	84.43
AYEL01091087.1:72399-72595(+,-)	78.57
AYEL01086647.1:3244-3477(+,-)	71.24
AYEL01075875.1:2950-3153(+,-)	81.55
AYEL01055409.1:5907-6147(+,-)	79.89
AYEL01090575.1:32787-33066(+,-)	77.53
AYEL01081227.1:46457-46656(+)	65.49
AYEL01045733.1:18243-18458(+,-)	73.91
AYEL01066932.1:76900-77116(+,-)	73.29
AYEL01086377.1:19824-20044(+,-)	76.40
AYEL01082574.1:20164-20393(+,-)	70.06
AYEL01084702.1:9869-10154(+,-)	73.95
AYEL01079001.1:10648-10886(+,-)	76.40
AYEL01065785.1:6635-6851(+,-)	81.33
AYEL01090054.1:30423-30665(+,-)	66.81
AYEL01064666.1:5593-5819(+,-)	72.35
AYEL01069128.1:3151-3386(+,-)	81.56
AYEL01025074.1:3537-3946(+,-)	82.58
AYEL01071539.1:6258-6492(+,-)	82.12
AYEL01060841.1:62820-63049(+,-)	65.32
AYEL01015642.1:32113-32428(+,-)	70.74
AYEL01076297.1:229849-230071(+,-)	66.10
AYEL01091533.1:10941-11149(+,-)	77.78
AYEL01077067.1:2929-3162(+,-)	82.08
AYEL01074571.1:18052-18262(+,-)	67.35
AYEL01083696.1:4163-4406(+,-)	71.49
AYEL01053822.1:12044-12275(+,-)	78.21
AYEL01057189.1:15730-15963(+,-)	72.73
AYEL01083794.1:1648-1849(+,-)	72.43
AYEL01040567.1:30014-30236(+,-)	69.15
AYEL01088578.1:21980-22233(+,-)	70.35
AYEL01090464.1:7632-7849(+,-)	62.15
AYEL01009035.1:6810-7453(+,-)	93.33
AYEL01083063.1:50209-50462(+,-)	69.41
AYEL01084002.1:45471-45677(+,-)	68.63
AYEL01080658.1:4179-4415(+,-)	68.14
AYEL01077799.1:182-518(+,-)	75.66
AYEL01086154.1:16484-16724(+,-)	69.96
AYEL01037246.1:2575-2780(+)	82.56
AYEL01077104.1:14218-14557(+,-)	75.56
AYEL01090748.1:19945-20184(+,-)	82.58
AYEL01062498.1:8122-8329(+,-)	72.54
AYEL01075387.1:14383-14615(+,-)	77.91
AYEL01088323.1:18994-19231(+,-)	82.05
AYEL01091382.1:8949-9181(+,-)	68.91
AYEL01091551.1:38696-38846(-)	73.05
AYEL01063667.1:5748-6109(+,-)	85.42
AYEL01069983.1:6723-6962(+,-)	74.46
AYEL01072688.1:67424-67784(+,-)	73.62
AYEL01073989.1:5286-5524(+,-)	75.98
AYEL01081479.1:40181-40406(+,-)	75.63
AYEL01086328.1:51403-51643(+,-)	78.24
AYEL01071348.1:56312-56549(+,-)	70.00
AYEL01071894.1:49819-50053(+,-)	65.71
AYEL01044412.1:2198-2442(+,-)	74.15
AYEL01082843.1:50004-50244(+,-)	80.00
AYEL01071764.1:69298-69512(+,-)	83.65
AYEL01090639.1:100758-100989(+,-)	69.20
AYEL01077016.1:44789-45039(+,-)	75.86
AYEL01078879.1:20122-20344(+,-)	81.03
AYEL01089440.1:6742-6968(+,-)	70.18
AYEL01077599.1:2566-2843(+,-)	73.15
AYEL01025827.1:7507-7746(+,-)	81.67
AYEL01068489.1:44539-44784(+,-)	73.00
AYEL01075312.1:95751-95972(+,-)	70.59
AYEL01072772.1:46773-47107(+,-)	73.91
AYEL01084634.1:24896-25114(+,-)	81.03
AYEL01081766.1:10420-10657(+,-)	76.05
AYEL01086380.1:3494-3734(+,-)	67.54
AYEL01091221.1:7413-7625(+,-)	85.34
AYEL01060263.1:1167-1376(-)	74.58
AYEL01066129.1:411-681(+,-)	82.74
AYEL01080206.1:2818-3200(+,-)	82.25
AYEL01090303.1:20391-20685(+,-)	74.74
AYEL01055879.1:4549-4751(+,-)	84.36
AYEL01070667.1:897-1134(+,-)	60.68
AYEL01090988.1:3638-3886(+,-)	82.76
AYEL01085140.1:41150-41372(+,-)	82.68
AYEL01066342.1:10928-11153(+,-)	80.12
AYEL01058375.1:6176-6392(+,-)	80.31
AYEL01075946.1:38031-38268(+,-)	73.04
AYEL01091379.1:13921-14169(+,-)	70.27
AYEL01082898.1:9389-9607(+,-)	68.42
AYEL01057359.1:25322-25569(+,-)	67.92
AYEL01085401.1:95592-95809(+,-)	74.18
AYEL01062919.1:7010-7249(+,-)	83.71
AYEL01052515.1:2292-2518(+,-)	82.68
AYEL01071033.1:47269-47502(+,-)	68.61
AYEL01085331.1:16529-16997(+,-)	78.75
AYEL01083139.1:31294-31529(+,-)	79.55
AYEL01087122.1:28435-28674(+,-)	78.21
AYEL01057216.1:5105-5337(+,-)	68.89
AYEL01079942.1:4329-4517(-)	62.60
AYEL01036790.1:57489-57708(+,-)	71.54
AYEL01052669.1:1557-1755(+)	52.30
AYEL01029654.1:1607-2023(+,-)	68.45
AYEL01075277.1:9650-9887(+,-)	72.73
AYEL01077952.1:23251-23444(-)	59.20
AYEL01069595.1:36580-36866(+,-)	78.44
AYEL01077674.1:45353-45585(+,-)	67.61
AYEL01084017.1:36266-36494(+,-)	70.45
AYEL01087308.1:3185-3413(+,-)	70.91
AYEL01070788.1:1956-2243(+,-)	76.92
AYEL01092029.1:3607-3845(+,-)	81.46
AYEL01079050.1:34356-34617(+,-)	71.51
AYEL01020494.1:15050-15369(+,-)	80.81
AYEL01007657.1:6553-6792(+,-)	73.28
AYEL01044269.1:56-379(+,-)	82.08
AYEL01089453.1:32730-32932(+,-)	72.05
AYEL01082772.1:52699-52939(+,-)	73.80
AYEL01078898.1:18776-19015(+,-)	77.09
AYEL01056847.1:48933-49175(+,-)	83.80
AYEL01088996.1:32454-32668(+,-)	71.88
AYEL01043465.1:23067-23296(+,-)	81.41
AYEL01049036.1:10028-10277(+,-)	83.80
AYEL01074297.1:14760-14992(+,-)	77.67
AYEL01083462.1:11549-11785(+,-)	85.39
AYEL01065020.1:2598-2802(+,-)	67.63
AYEL01076025.1:30827-31083(+,-)	76.80
AYEL01080666.1:23304-23741(+,-)	78.74
AYEL01076248.1:64469-64700(+,-)	74.56
AYEL01067102.1:23246-23469(+,-)	82.29
AYEL01073957.1:6098-6327(+,-)	78.85
AYEL01089777.1:15025-15261(+,-)	78.65
AYEL01087327.1:6221-6427(+,-)	71.02
AYEL01073870.1:13942-14142(+,-)	67.42
AYEL01052874.1:44098-44315(+,-)	81.03
AYEL01085622.1:5370-5586(+,-)	67.50
AYEL01081809.1:3694-3934(+,-)	72.53
AYEL01068416.1:9510-9750(+,-)	75.11
AYEL01073440.1:57232-57435(-)	76.38
AYEL01088205.1:9779-10005(+,-)	81.55
AYEL01087923.1:38220-38510(+,-)	75.86
AYEL01088065.1:14805-15031(+,-)	69.09
AYEL01087969.1:25431-25663(+,-)	79.04
AYEL01068169.1:47776-47972(+)	80.00
AYEL01071685.1:34562-34756(+,-)	74.26
AYEL01078594.1:31371-31562(+)	72.32
AYEL01076930.1:9750-10108(+,-)	83.70
AYEL01032201.1:33151-33404(+,-)	80.11
AYEL01025357.1:71251-71443(+,-)	67.54
AYEL01052519.1:21743-22015(+,-)	71.00
AYEL01053929.1:7927-8124(+,-)	77.09
AYEL01061927.1:3631-3873(+,-)	83.62
AYEL01086245.1:675-890(+,-)	82.19
AYEL01059175.1:566-801(+,-)	66.44
AYEL01068126.1:999-1240(+,-)	65.95
AYEL01077397.1:17466-17691(+,-)	79.89
AYEL01075792.1:2704-2995(+,-)	68.95
AYEL01076381.1:23987-24266(-)	68.18
AYEL01088341.1:4481-4819(+,-)	71.78
AYEL01091551.1:37579-37800(+,-)	77.39
AYEL01054960.1:33549-33752(-)	76.38
AYEL01079342.1:36145-36396(+,-)	69.10
AYEL01077858.1:47041-47280(+,-)	80.23
AYEL01083589.1:7426-7668(+,-)	65.65
AYEL01081848.1:29853-30077(+,-)	67.53
AYEL01088359.1:75457-75690(+,-)	62.16
AYEL01081813.1:22752-23046(+,-)	71.13
AYEL01014021.1:13698-13914(+,-)	84.57
AYEL01091270.1:4452-4689(+,-)	80.56
AYEL01074954.1:16849-17080(+,-)	79.89
AYEL01006345.1:9764-9978(+,-)	79.78
AYEL01069221.1:24170-24580(+,-)	83.53
AYEL01029917.1:1841-2079(+,-)	71.86
AYEL01083990.1:8767-8989(+,-)	66.99
AYEL01067629.1:29184-29422(+,-)	68.83
AYEL01086465.1:42821-43048(+,-)	64.32
AYEL01052487.1:25592-25798(+,-)	83.80
AYEL01085720.1:94248-94436(-)	72.84
AYEL01074138.1:70660-70895(+,-)	72.89
AYEL01076934.1:166713-166920(+,-)	63.13
AYEL01086527.1:36318-36542(+,-)	72.62
AYEL01089065.1:39979-40215(+,-)	66.96
AYEL01051941.1:10680-10966(+,-)	75.44
AYEL01091898.1:51478-51719(+,-)	74.79
AYEL01044821.1:14902-15428(+,-)	74.68
AYEL01063132.1:0-203(+,-)	78.45
AYEL01074778.1:8570-8847(+,-)	65.35
AYEL01055055.1:2121-2316(+,-)	68.00
AYEL01078642.1:4288-4518(+,-)	72.57
AYEL01066652.1:1747-2331(+,-)	75.71
AYEL01067749.1:17777-17977(+,-)	72.00
AYEL01068200.1:23475-23765(+,-)	76.10
AYEL01041438.1:16596-16830(+,-)	79.10
AYEL01067290.1:30666-30905(+,-)	81.67
AYEL01066679.1:3847-4086(+,-)	72.41
AYEL01083951.1:42778-42966(-)	65.10
AYEL01088016.1:45455-45710(+,-)	64.34
AYEL01088036.1:1818-2012(-)	84.30
AYEL01029435.1:1788-2028(+,-)	74.86
AYEL01083315.1:92789-92996(+,-)	68.69
AYEL01067584.1:39993-40198(+,-)	69.54
AYEL01083864.1:36403-36644(+,-)	82.68
AYEL01083841.1:6707-6950(+,-)	69.53
AYEL01071158.1:29223-29462(+,-)	81.01
AYEL01088289.1:47685-47921(+,-)	71.62
AYEL01080073.1:24531-24754(+,-)	70.00
AYEL01057243.1:7177-7469(+,-)	86.26
AYEL01073061.1:7253-7462(+,-)	59.90
AYEL01075333.1:400-632(+,-)	64.90
AYEL01080739.1:11441-11837(+,-)	86.73
AYEL01015475.1:40497-40754(+,-)	82.49
AYEL01072074.1:95379-95600(+,-)	65.12
AYEL01070518.1:28381-28585(+,-)	85.07
AYEL01048728.1:32996-33235(+,-)	86.16
AYEL01078747.1:11827-12086(+,-)	70.37
AYEL01061351.1:5181-5414(+,-)	78.09
AYEL01059595.1:817-1050(+,-)	82.08
AYEL01051596.1:103350-103587(+,-)	75.14
AYEL01071603.1:26124-26362(+,-)	78.09
AYEL01081904.1:13425-13651(+,-)	83.04
AYEL01066509.1:16218-16432(+,-)	71.25
AYEL01090509.1:10989-11359(+,-)	72.86
AYEL01040590.1:15224-15447(+,-)	68.11
AYEL01070822.1:866-1110(+,-)	73.00
AYEL01058674.1:7911-8122(-)	63.10
AYEL01083446.1:11150-11440(+,-)	81.16
AYEL01084335.1:9408-9653(+,-)	74.26
AYEL01064915.1:18670-18940(+,-)	84.67
AYEL01074455.1:2812-3114(+,-)	73.80
AYEL01091804.1:31134-31345(+,-)	72.50
AYEL01049071.1:836-1076(+,-)	74.68
AYEL01071324.1:7098-7337(+,-)	73.37
AYEL01080495.1:224-442(-)	66.97
AYEL01074330.1:9468-9707(+,-)	83.24
AYEL01062531.1:15469-15707(+,-)	80.90
AYEL01054119.1:24650-24877(+,-)	67.03
AYEL01062295.1:916-1148(+,-)	74.42
AYEL01072148.1:8358-8574(+,-)	76.47
AYEL01076013.1:31965-32176(+,-)	73.40
AYEL01037165.1:4991-5226(+,-)	76.44
AYEL01090421.1:20963-21200(+,-)	75.90
AYEL01019179.1:1254-1485(+,-)	73.54
AYEL01080531.1:2275-2580(+,-)	81.56
AYEL01081263.1:15824-16050(+,-)	75.00
AYEL01084273.1:33979-34218(+,-)	66.81
AYEL01087206.1:1397-1621(+,-)	84.18
AYEL01057813.1:41195-41437(+,-)	74.89
AYEL01043550.1:2242-2478(+,-)	84.27
AYEL01043957.1:21244-21471(+,-)	84.57
AYEL01075767.1:713-950(+,-)	83.62
AYEL01060853.1:17462-17689(+,-)	68.39
AYEL01056518.1:443-692(+,-)	84.66
AYEL01086779.1:1865-2148(+,-)	84.27
AYEL01084948.1:15980-16173(+,-)	80.56
AYEL01053105.1:58462-58666(+,-)	83.71
AYEL01066550.1:54955-55164(+,-)	70.59
AYEL01082563.1:47688-47896(+,-)	75.14
AYEL01091513.1:19022-19256(+,-)	70.18
AYEL01090700.1:13476-13699(+,-)	70.27
AYEL01069166.1:169896-170148(+,-)	77.65
AYEL01081836.1:123504-123795(+,-)	79.17
AYEL01025772.1:11247-11484(+,-)	74.35
AYEL01071136.1:11162-11388(+,-)	82.63
AYEL01056449.1:4822-5060(+,-)	74.44
AYEL01067546.1:1800-2019(+,-)	70.37
AYEL01057506.1:38735-38976(+,-)	81.25
AYEL01071166.1:14322-14558(+,-)	73.80
AYEL01083215.1:16540-16693(+)	81.08
AYEL01063816.1:27494-27732(+,-)	79.21
AYEL01084273.1:36963-37174(+,-)	70.06
AYEL01083165.1:8762-9002(+,-)	73.82
AYEL01082092.1:5992-6232(+,-)	73.82
AYEL01033707.1:9547-9783(+,-)	73.71
AYEL01089444.1:1038-1278(+,-)	75.00
AYEL01087858.1:90886-91110(+,-)	66.94
AYEL01072569.1:3715-3907(+,-)	73.08
AYEL01081447.1:2232-2441(+,-)	87.72
AYEL01064989.1:29606-29843(+,-)	75.44
AYEL01072804.1:13023-13228(+,-)	65.48
AYEL01080924.1:22987-23221(+,-)	79.19
AYEL01065732.1:14908-15146(+,-)	80.46
AYEL01079550.1:7899-8123(+,-)	82.08
AYEL01054724.1:2480-2731(+,-)	79.78
AYEL01090106.1:31740-31965(+,-)	65.66
AYEL01075644.1:53834-54081(+,-)	76.27
AYEL01090649.1:9951-10469(+,-)	82.87
AYEL01020851.1:18621-18855(+,-)	78.68
AYEL01070979.1:22585-22784(+,-)	63.08
AYEL01080741.1:69513-69708(+,-)	86.03
AYEL01073851.1:21950-22183(+,-)	65.80
AYEL01040586.1:32563-32910(+,-)	80.42
AYEL01087944.1:8343-8590(-)	64.91
AYEL01057123.1:3663-3884(+,-)	71.52
AYEL01073501.1:30645-30962(+,-)	72.84
AYEL01092171.1:29862-30065(-)	76.38
AYEL01056067.1:8858-9102(+,-)	72.53
AYEL01056844.1:27691-27927(+,-)	84.00
AYEL01087674.1:12019-12240(+,-)	85.61
AYEL01051341.1:55073-55561(+,-)	78.65
AYEL01075461.1:51256-51484(+,-)	64.57
AYEL01089480.1:64569-64791(+,-)	77.89
AYEL01067271.1:36036-36241(+,-)	66.32
AYEL01081788.1:63475-63794(+,-)	68.42
AYEL01068367.1:29018-29248(+,-)	78.48
AYEL01085946.1:19064-19294(+,-)	78.26
AYEL01080631.1:2405-2845(+,-)	80.56
AYEL01058683.1:38562-38857(+,-)	79.21
AYEL01087494.1:58407-58596(+)	63.25
AYEL01061670.1:51637-51859(+,-)	74.74
AYEL01092090.1:21207-21438(+,-)	81.20
AYEL01090651.1:12838-13072(+,-)	78.81
AYEL01091580.1:4687-4923(+,-)	78.57
AYEL01055404.1:48238-48471(+,-)	82.12
AYEL01084201.1:173443-173684(+,-)	65.67
AYEL01076187.1:34697-34929(+,-)	83.72
AYEL01076645.1:113891-114107(+,-)	65.00
AYEL01071837.1:6024-6262(+,-)	74.57
AYEL01007116.1:143-350(+,-)	56.90
AYEL01069617.1:6203-6443(+,-)	74.68
AYEL01076286.1:11786-11982(+)	75.61
AYEL01058427.1:473-702(+,-)	76.10
AYEL01065094.1:24779-25014(+,-)	58.27
AYEL01045096.1:19682-19982(+,-)	76.83
AYEL01049891.1:1080-1383(+,-)	71.43
AYEL01052899.1:202-406(+,-)	88.70
AYEL01054790.1:13757-13997(+,-)	77.53
AYEL01081093.1:9584-9924(+,-)	79.89
AYEL01075667.1:166177-166372(+,-)	69.27
AYEL01090146.1:4579-4765(+)	75.29
AYEL01032596.1:237-464(-)	61.25
AYEL01051530.1:8614-8846(+,-)	79.10
AYEL01050762.1:13852-14091(+,-)	69.70
AYEL01087673.1:24489-24729(+,-)	74.68
AYEL01090763.1:14526-14751(+,-)	71.26
AYEL01086030.1:3954-4186(+,-)	69.64
AYEL01083438.1:23288-23542(+,-)	70.59
AYEL01056001.1:77935-78177(+,-)	82.84
AYEL01073436.1:18006-18215(+,-)	77.17
AYEL01069639.1:15279-15519(+,-)	71.24
AYEL01069801.1:16340-16577(+,-)	81.46
AYEL01065910.1:13948-14276(+,-)	82.02
AYEL01088261.1:69136-69410(+,-)	79.53
AYEL01045116.1:64807-65203(+,-)	79.01
AYEL01089916.1:8685-8925(+,-)	72.96
AYEL01086185.1:23417-23821(+)	80.49
AYEL01070169.1:7191-7401(+,-)	69.35
AYEL01085101.1:5804-6048(+,-)	84.92
AYEL01060934.1:185117-185396(+,-)	82.11
AYEL01077889.1:8448-8646(+,-)	70.00
AYEL01064161.1:11846-12077(+,-)	67.05
AYEL01060926.1:2071-2313(+,-)	70.21
AYEL01055047.1:3809-4045(+,-)	86.93
AYEL01084547.1:20407-20604(+,-)	78.63
AYEL01085087.1:1482-1729(+,-)	73.30
AYEL01090762.1:1394-1633(+,-)	73.01
AYEL01083633.1:162926-163165(+,-)	82.58
AYEL01060638.1:48953-49225(+,-)	70.63
AYEL01088967.1:17464-17703(+,-)	72.41
AYEL01070576.1:74831-75221(+,-)	67.77
AYEL01089086.1:17531-17801(+,-)	71.95
AYEL01062508.1:6599-6957(+,-)	82.39
AYEL01036024.1:70941-71177(+,-)	69.73
AYEL01055590.1:9836-10097(+,-)	81.56
AYEL01068452.1:12809-13054(+,-)	67.40
AYEL01078082.1:42304-42522(+,-)	67.35
AYEL01079086.1:3043-3258(+,-)	74.73
AYEL01064121.1:9447-9847(+,-)	72.02
AYEL01077846.1:1336-1576(+,-)	69.83
AYEL01054953.1:32463-32688(+,-)	79.31
AYEL01072415.1:6314-6540(+,-)	73.71
AYEL01086897.1:58730-58967(+,-)	63.48
AYEL01077138.1:78292-78523(+,-)	78.61
AYEL01076196.1:16861-17135(+,-)	81.20
AYEL01078101.1:21678-21883(+,-)	75.41
AYEL01072717.1:13028-13268(+,-)	74.25
AYEL01040584.1:21484-21688(+,-)	65.09
AYEL01083002.1:2294-2521(+,-)	82.58
AYEL01084273.1:90758-91000(+,-)	74.47
AYEL01079121.1:20953-21147(-)	84.30
AYEL01077894.1:10735-11159(+,-)	74.36
AYEL01066203.1:104800-105045(+,-)	64.96
AYEL01064549.1:13039-13271(+,-)	67.42
AYEL01080440.1:12517-12752(+,-)	64.47
AYEL01068802.1:61966-62189(+,-)	74.38
AYEL01077701.1:118-313(+,-)	75.14
AYEL01067135.1:12506-12758(+,-)	65.25
AYEL01075540.1:21282-21511(+,-)	70.06
AYEL01034971.1:62358-62870(+,-)	75.00
AYEL01083901.1:35107-35335(+)	62.83
AYEL01039592.1:11225-11472(+,-)	67.38
AYEL01075083.1:4291-4525(+,-)	73.13
AYEL01073792.1:106072-106391(+,-)	64.65
AYEL01065910.1:16350-16581(+,-)	73.59
AYEL01086671.1:20765-20989(+,-)	64.32
AYEL01021135.1:47343-47509(+)	80.77
AYEL01091007.1:3444-3680(+,-)	69.08
AYEL01092309.1:34088-34302(+,-)	83.65
AYEL01060374.1:15206-15489(+,-)	88.79
AYEL01063692.1:18026-18350(+,-)	68.02
AYEL01012566.1:65728-66040(+,-)	87.41
AYEL01055188.1:11961-12154(+,-)	74.01
AYEL01069221.1:10148-10366(+,-)	68.00
AYEL01016001.1:6410-6614(+,-)	70.79
AYEL01091811.1:23864-24098(+,-)	69.28
AYEL01086032.1:62956-63172(+,-)	66.67
AYEL01084261.1:41948-42204(+,-)	74.12
AYEL01030952.1:15656-15899(+,-)	76.97
AYEL01045879.1:1951-2315(+,-)	74.01
AYEL01082490.1:52853-53094(+,-)	62.39
AYEL01091541.1:8670-8897(+,-)	81.50
AYEL01054822.1:16496-16693(-)	60.26
AYEL01088450.1:4945-5245(+,-)	78.45
AYEL01079537.1:72672-72912(+,-)	78.21
AYEL01080349.1:16231-16476(+,-)	73.84
AYEL01089466.1:160322-160562(+,-)	75.11
AYEL01063867.1:56249-56439(+)	63.79
AYEL01085524.1:955-1183(+,-)	64.60
AYEL01072964.1:32552-32750(+)	73.45
AYEL01087386.1:12492-12698(+,-)	66.12
AYEL01049928.1:87127-87349(+,-)	63.82
AYEL01068844.1:18474-18697(+,-)	75.14
AYEL01089231.1:32-454(+,-)	81.40
AYEL01082705.1:32978-33215(+,-)	78.74
AYEL01036230.1:16728-16958(+,-)	76.19
AYEL01068026.1:9493-9725(+,-)	69.64
AYEL01028606.1:242-436(+,-)	59.02
AYEL01091277.1:93530-93764(+,-)	59.73
AYEL01076764.1:24363-24622(+,-)	83.43
AYEL01063058.1:82261-82476(+,-)	61.27
AYEL01088459.1:9415-9643(+,-)	64.25
AYEL01074782.1:73752-73971(+,-)	76.11
AYEL01083762.1:28922-29159(+,-)	80.57
AYEL01056272.1:109125-109584(+,-)	81.82
AYEL01088313.1:13075-13368(+,-)	74.35
AYEL01045198.1:1009-1243(+,-)	80.34
AYEL01073373.1:80553-80780(+,-)	70.45
AYEL01074335.1:3573-3875(+,-)	82.49
AYEL01020695.1:4497-4743(+,-)	74.65
AYEL01072453.1:7146-7340(+,-)	76.19
AYEL01080500.1:92602-92904(+,-)	80.34
AYEL01070286.1:15183-15404(+,-)	69.75
AYEL01076342.1:212-453(+,-)	77.97
AYEL01089855.1:24112-24327(+,-)	64.78
AYEL01084672.1:143408-143615(+)	67.35
AYEL01073397.1:17500-17718(+,-)	82.04
AYEL01090475.1:60525-60761(+,-)	72.97
AYEL01079412.1:23028-23268(+,-)	72.96
AYEL01065497.1:36357-36596(+,-)	83.62
AYEL01067187.1:10760-10987(+,-)	65.08
AYEL01082394.1:15648-15877(+,-)	73.87
AYEL01085454.1:82045-82249(+)	73.81
AYEL01073129.1:18297-18517(+,-)	64.00
AYEL01014663.1:10984-11229(+,-)	73.00
AYEL01055905.1:2069-2293(+,-)	81.29
AYEL01091137.1:18543-18777(+,-)	81.25
AYEL01079819.1:21889-22130(+,-)	87.08
AYEL01079961.1:33440-33648(+,-)	70.59
AYEL01084813.1:18858-19086(+,-)	72.02
AYEL01070872.1:5563-5778(+,-)	62.99
AYEL01073011.1:6428-6661(+,-)	79.19
AYEL01080958.1:28744-28977(+,-)	71.86
AYEL01050413.1:63902-64130(+,-)	63.39
AYEL01071562.1:8779-9001(+,-)	67.42
AYEL01075449.1:519-758(+,-)	74.57
AYEL01074359.1:9380-9575(+,-)	82.68
AYEL01086919.1:15150-15390(+,-)	82.68
AYEL01082852.1:19808-20056(+,-)	64.41
AYEL01060831.1:12155-12369(+,-)	83.65
AYEL01062576.1:23435-23674(+,-)	84.18
AYEL01085836.1:35038-35261(+,-)	71.32
AYEL01080741.1:76817-77057(+,-)	74.68
AYEL01060040.1:384-612(+,-)	83.24
AYEL01051376.1:14876-15098(+,-)	84.62
AYEL01063836.1:1178-1384(+,-)	65.85
AYEL01082917.1:29068-29284(+,-)	80.25
AYEL01065785.1:7170-7365(+,-)	76.26
AYEL01065182.1:21869-22099(+,-)	86.31
AYEL01060411.1:19165-19378(-)	71.60
AYEL01085068.1:71360-71554(+,-)	65.68
AYEL01072870.1:62402-62652(+,-)	83.91
AYEL01075868.1:8051-8283(+,-)	62.50
AYEL01086112.1:4415-4658(+,-)	65.80
AYEL01065525.1:20050-20326(+,-)	80.59
AYEL01038269.1:6421-6704(+,-)	77.65
AYEL01064157.1:3022-3239(+,-)	63.22
AYEL01068833.1:48681-48914(+,-)	72.25
AYEL01085876.1:34576-34824(+,-)	85.47
AYEL01091824.1:63750-64179(+,-)	74.47
AYEL01084838.1:90325-90543(+,-)	83.02
AYEL01060484.1:33561-33768(+,-)	62.09
AYEL01074811.1:47005-47226(+,-)	78.79
AYEL01088761.1:54222-54653(+,-)	78.77
AYEL01073135.1:43994-44215(+,-)	83.24
AYEL01083002.1:1076-1304(+,-)	79.08
AYEL01060046.1:2293-2685(+,-)	75.11
AYEL01077060.1:22925-23162(+,-)	74.16
AYEL01075029.1:42381-42613(+,-)	73.66
AYEL01070169.1:17077-17272(+,-)	66.37
AYEL01087533.1:1676-1890(+,-)	67.61
AYEL01072882.1:12948-13163(+,-)	82.12
AYEL01039883.1:449-650(+,-)	70.47
AYEL01078211.1:58352-58602(+,-)	74.19
AYEL01063767.1:92328-92563(+,-)	74.71
AYEL01050040.1:38173-38433(+,-)	64.66
AYEL01053398.1:800-1044(+,-)	82.56
AYEL01072114.1:85122-85381(+,-)	75.84
AYEL01075993.1:24778-25019(+,-)	69.06
AYEL01076410.1:64614-64853(+,-)	81.56
AYEL01083097.1:807-1079(+,-)	82.00
AYEL01079005.1:9525-9745(+,-)	74.23
AYEL01091836.1:64515-64756(+,-)	74.25
AYEL01079537.1:13186-13535(+,-)	66.67
AYEL01078411.1:39607-39847(+,-)	72.53
AYEL01083039.1:9949-10187(+,-)	79.89
AYEL01055404.1:46652-46903(+,-)	79.33
AYEL01092338.1:7204-7442(+,-)	71.96
AYEL01072402.1:28733-28970(+,-)	69.70
AYEL01056334.1:321-558(+,-)	83.62
AYEL01074930.1:11125-11365(+,-)	68.39
AYEL01052979.1:137271-137493(+,-)	79.76
AYEL01071323.1:8395-8611(+,-)	79.90
AYEL01085682.1:8096-8347(+,-)	75.26
AYEL01064486.1:29507-29746(+,-)	83.24
AYEL01083121.1:45401-45643(+,-)	74.89
AYEL01062951.1:23659-23864(+,-)	80.21
AYEL01088035.1:29363-29557(+,-)	83.15
AYEL01091986.1:3643-3879(+,-)	74.65
AYEL01087245.1:77537-77775(+,-)	72.29
AYEL01068587.1:37250-37528(+,-)	74.14
AYEL01077329.1:23580-24132(+,-)	81.01
AYEL01027296.1:53596-53790(+,-)	85.47
AYEL01082641.1:80552-80759(+,-)	64.96
AYEL01080970.1:104286-104530(+,-)	83.80
AYEL01087218.1:22265-22505(+,-)	72.53
AYEL01074693.1:41709-41997(+,-)	72.39
AYEL01000777.1:653-852(+,-)	64.50
AYEL01087480.1:17700-17891(+)	80.15
AYEL01066266.1:7243-7544(+,-)	78.54
AYEL01087802.1:86950-87181(+,-)	73.06
AYEL01069263.1:5686-5924(+,-)	79.21
AYEL01088361.1:1025-1228(-)	76.38
AYEL01085405.1:22678-22892(+,-)	73.89
AYEL01049776.1:20181-20426(+,-)	67.11
AYEL01062196.1:11593-11822(+,-)	80.00
AYEL01089856.1:68573-68856(+,-)	74.18
AYEL01070304.1:25548-25779(+,-)	79.77
AYEL01058564.1:829-1042(+,-)	70.66
AYEL01058061.1:2544-2745(+,-)	74.60
AYEL01058379.1:84288-84501(+,-)	75.00
AYEL01075659.1:33209-33434(+,-)	75.28
AYEL01067328.1:31574-31759(-)	66.67
AYEL01084661.1:5978-6328(+,-)	67.81
AYEL01090765.1:25665-25947(+,-)	90.52
AYEL01082182.1:18759-18976(+,-)	82.12
AYEL01037538.1:640-902(+,-)	75.11
AYEL01070545.1:18728-19011(+,-)	74.72
AYEL01049576.1:3134-3348(+,-)	61.45
AYEL01078576.1:17137-17332(+,-)	78.77
AYEL01077280.1:62512-62739(+,-)	82.61
AYEL01082582.1:29118-29331(+,-)	69.33
AYEL01061788.1:6074-6349(+,-)	76.81
AYEL01089723.1:8174-8415(+,-)	71.24
AYEL01082950.1:61453-61733(+,-)	86.84
AYEL01084718.1:44404-44629(+,-)	67.34
AYEL01092186.1:40772-41099(+,-)	77.87
AYEL01066822.1:24518-24754(+,-)	73.45
AYEL01091544.1:7026-7232(+,-)	63.64
AYEL01071622.1:652-892(+,-)	79.89
AYEL01085447.1:10806-11035(+,-)	69.41
AYEL01069964.1:2891-3118(+,-)	73.33
AYEL01060833.1:554-839(+,-)	68.33
AYEL01067799.1:37037-37346(+,-)	75.00
AYEL01087813.1:2320-2543(+,-)	78.77
AYEL01047471.1:23701-23923(+,-)	70.91
AYEL01075250.1:2375-2600(+,-)	74.56
AYEL01085744.1:23280-23506(+,-)	73.87
AYEL01071245.1:23781-24256(+,-)	78.53
AYEL01028355.1:23802-24039(+,-)	84.92
AYEL01078083.1:21659-21898(+,-)	82.58
AYEL01087012.1:34932-35169(+,-)	61.69
AYEL01081964.1:11688-11928(+,-)	72.10
AYEL01082465.1:21731-21927(+,-)	76.70
AYEL01070195.1:7039-7259(+,-)	68.07
AYEL01086258.1:69294-69509(+,-)	84.51
AYEL01087514.1:7803-8042(+,-)	74.14
AYEL01090763.1:33866-34201(+,-)	70.89
AYEL01090487.1:18821-19058(+,-)	83.91
AYEL01069240.1:9914-10135(+,-)	70.13
AYEL01080681.1:14963-15256(+,-)	80.90
AYEL01058988.1:79061-79281(+,-)	72.32
AYEL01069240.1:247-461(+,-)	67.19
AYEL01083801.1:66258-66472(+,-)	68.45
AYEL01087052.1:1738-1966(+,-)	66.82
AYEL01069359.1:34689-34898(+,-)	60.19
AYEL01013640.1:30624-30856(+,-)	68.42
AYEL01091611.1:136309-136510(+)	68.04
AYEL01087327.1:6602-6814(+,-)	71.43
AYEL01079575.1:29800-30044(+,-)	81.56
AYEL01060295.1:418-647(+,-)	71.10
AYEL01086105.1:186-438(+,-)	73.39
AYEL01070007.1:1352-1598(+,-)	75.11
AYEL01063197.1:26669-26896(+,-)	86.75
AYEL01082165.1:5942-6215(+,-)	76.16
AYEL01083530.1:22247-22443(+)	62.63
AYEL01087073.1:25172-25383(+,-)	71.90
AYEL01025357.1:19124-19361(+,-)	71.19
AYEL01036136.1:3013-3219(+,-)	72.63
AYEL01079001.1:13306-13528(+,-)	76.40
AYEL01025157.1:755-963(+,-)	65.00
AYEL01024929.1:28458-28696(+,-)	80.34
AYEL01076010.1:20859-21103(+,-)	75.58
AYEL01077987.1:16498-16735(+,-)	84.18
AYEL01053176.1:1246-1669(+,-)	81.07
AYEL01064003.1:12511-12699(+,-)	67.08
AYEL01047589.1:24658-24846(+,-)	79.87
AYEL01088551.1:14008-14239(+,-)	66.67
AYEL01068065.1:14295-14781(+,-)	71.43
AYEL01080543.1:58871-59085(+,-)	68.84
AYEL01086278.1:15642-15865(+,-)	69.91
AYEL01076576.1:6015-6245(+,-)	76.80
AYEL01054695.1:37479-37761(+,-)	76.70
AYEL01078021.1:28306-28545(+,-)	73.71
AYEL01073135.1:73806-74088(+,-)	82.76
AYEL01060879.1:68545-68737(+,-)	84.66
AYEL01057143.1:9017-9254(+,-)	70.87
AYEL01090709.1:46542-46838(+,-)	75.86
AYEL01027573.1:21599-21834(+,-)	80.34
AYEL01053367.1:1946-2295(+,-)	80.90
AYEL01084692.1:21944-22154(+,-)	61.76
AYEL01078218.1:32241-32458(+,-)	72.99
AYEL01077002.1:8386-8618(+,-)	72.83
AYEL01068638.1:2631-2858(+,-)	70.09
AYEL01085533.1:48833-49132(+,-)	71.15
AYEL01047976.1:30408-30638(+,-)	81.40
AYEL01062579.1:468-708(+,-)	82.12
AYEL01080752.1:1219-1442(+,-)	80.79
AYEL01065737.1:21274-21514(+,-)	75.11
AYEL01073145.1:10442-10683(+,-)	82.12
AYEL01064190.1:1935-2153(+,-)	83.43
AYEL01033705.1:27698-27938(+,-)	81.01
AYEL01083460.1:71329-71548(+,-)	65.43
AYEL01051530.1:14672-14895(+,-)	68.82
AYEL01078300.1:77973-78342(+,-)	73.97
AYEL01088692.1:23499-23735(+,-)	73.80
AYEL01074736.1:9853-10102(+,-)	73.62
AYEL01080226.1:3191-3430(+,-)	69.83
AYEL01065867.1:2565-2803(+,-)	71.00
AYEL01066022.1:3977-4218(+,-)	72.57
AYEL01037259.1:8207-8426(+,-)	70.51
AYEL01091895.1:79643-79941(+,-)	71.43
AYEL01084652.1:3196-3422(+,-)	83.13
AYEL01061101.1:7234-7472(+,-)	83.80
AYEL01070290.1:14669-14924(+,-)	65.42
AYEL01073710.1:23431-23641(+,-)	57.42
AYEL01039461.1:4846-5127(+,-)	86.90
AYEL01049133.1:51639-51907(-)	65.38
AYEL01068570.1:1784-2008(+,-)	77.10
AYEL01086926.1:44338-44585(+,-)	72.78
AYEL01081279.1:3728-3966(+,-)	74.24
AYEL01085270.1:73803-73995(+,-)	68.29
AYEL01065373.1:33217-33456(+,-)	84.83
AYEL01089856.1:72623-72844(+,-)	78.21
AYEL01060147.1:3861-4304(+,-)	75.46
AYEL01057132.1:1435-1675(+,-)	73.82
AYEL01045093.1:30388-30622(+,-)	66.04
AYEL01083118.1:68078-68376(+,-)	79.61
AYEL01041406.1:926-1131(+,-)	77.66
AYEL01079970.1:38216-38445(+,-)	68.60
AYEL01086717.1:10038-10241(+,-)	83.13
AYEL01076706.1:45373-45652(+,-)	78.57
AYEL01075816.1:45078-45318(+,-)	82.42
AYEL01089259.1:18232-18472(+,-)	74.25
AYEL01065866.1:2642-2845(-)	73.08
AYEL01065228.1:7684-7888(+,-)	74.57
AYEL01090287.1:26311-26524(+,-)	71.50
AYEL01078995.1:30779-31039(+,-)	79.10
AYEL01078055.1:41870-42095(+,-)	69.57
AYEL01065230.1:22121-22320(+,-)	71.43
AYEL01081203.1:2093-2329(+,-)	68.53
AYEL01053883.1:40613-40841(+,-)	69.63
AYEL01079967.1:11456-11895(+,-)	79.76
AYEL01072108.1:172-426(+,-)	74.68
AYEL01084163.1:7346-7619(+,-)	76.73
AYEL01080098.1:22588-22874(+,-)	84.78
AYEL01053421.1:131044-131275(+,-)	80.45
AYEL01082703.1:7147-7354(+,-)	68.12
AYEL01000759.1:113-308(+,-)	73.58
AYEL01068416.1:70241-70452(+,-)	79.14
AYEL01065652.1:11230-11472(+,-)	66.81
AYEL01048741.1:20588-20797(-)	61.17
AYEL01089228.1:4572-4777(+,-)	79.87
AYEL01087367.1:7252-7485(+,-)	63.80
AYEL01079217.1:39058-39283(+,-)	63.03
AYEL01075589.1:10137-10376(+,-)	80.56
AYEL01071284.1:25081-25335(+,-)	64.60
AYEL01070700.1:73385-73608(+,-)	60.22
AYEL01049867.1:15661-15867(+,-)	71.02
AYEL01085936.1:7140-7342(+)	63.02
AYEL01080404.1:18454-18692(+,-)	74.58
AYEL01078182.1:23879-24119(+,-)	72.82
AYEL01080331.1:1004-1243(+,-)	80.34
AYEL01091467.1:37971-38493(+,-)	75.76
AYEL01092152.1:8821-9055(+,-)	80.46
AYEL01053428.1:21978-22333(+,-)	72.97
AYEL01085535.1:7138-7378(+,-)	81.46
AYEL01088017.1:41201-41419(+,-)	76.92
AYEL01081048.1:10738-10943(+,-)	76.77
AYEL01076743.1:7547-7767(+,-)	70.00
AYEL01050533.1:111508-111737(+,-)	76.92
AYEL01078299.1:30848-31084(+,-)	72.63
AYEL01081836.1:76771-77020(+,-)	81.22
AYEL01070163.1:5056-5333(+,-)	73.68
AYEL01066232.1:47529-47746(+,-)	70.89
AYEL01032199.1:8897-9141(+,-)	70.45
AYEL01085889.1:29491-29730(+,-)	65.02
AYEL01069124.1:43978-44218(+,-)	72.96
AYEL01087663.1:7159-7353(+,-)	69.33
AYEL01072126.1:24329-24702(+,-)	72.30
AYEL01084003.1:5604-5803(+,-)	77.06
AYEL01073792.1:104202-104438(+,-)	79.10
AYEL01075104.1:40660-40883(+,-)	79.17
AYEL01083899.1:11045-11281(+,-)	69.54
AYEL01080818.1:8944-9182(+,-)	72.29
AYEL01077660.1:11915-12143(+,-)	73.30
AYEL01068200.1:14394-14625(+,-)	67.23
AYEL01075785.1:17444-17730(+,-)	83.87
AYEL01055741.1:36841-37035(+,-)	62.96
AYEL01070287.1:10807-11062(+,-)	66.67
AYEL01030015.1:11407-11630(+,-)	63.43
AYEL01083848.1:13304-13702(+,-)	81.92
AYEL01091007.1:71064-71265(+,-)	83.33
AYEL01079667.1:10582-10788(-)	72.28
AYEL01081726.1:14740-14958(-)	61.47
AYEL01083569.1:1317-1557(+,-)	72.17
AYEL01014198.1:10020-10211(+)	86.00
AYEL01052059.1:9334-9568(+,-)	81.01
AYEL01091836.1:52181-52431(+,-)	80.25
AYEL01072632.1:14314-14552(+,-)	73.59
AYEL01063573.1:4263-4628(+,-)	64.95
AYEL01049408.1:22305-22542(+,-)	81.56
AYEL01088896.1:61200-61444(+,-)	74.25
AYEL01026078.1:39473-39713(+,-)	75.11
AYEL01026552.1:9228-9465(+,-)	71.93
AYEL01083864.1:2983-3208(+,-)	69.49
AYEL01086400.1:23662-23876(+,-)	74.40
AYEL01087808.1:2273-2475(+,-)	79.88
AYEL01057694.1:41554-41795(+,-)	71.75
AYEL01069428.1:14962-15200(+,-)	81.01
AYEL01079090.1:30552-30746(+,-)	68.71
AYEL01056485.1:3022-3351(+,-)	84.44
AYEL01085101.1:4403-4595(-)	79.41
AYEL01080170.1:2405-2651(+,-)	74.07
AYEL01083898.1:39923-40190(+,-)	71.43
AYEL01067529.1:21976-22225(+,-)	76.24
AYEL01066093.1:22633-22874(+,-)	66.09
AYEL01080158.1:33146-33368(+,-)	80.39
AYEL01082759.1:198-438(+,-)	74.25
AYEL01064224.1:8800-9043(+,-)	73.85
AYEL01090589.1:0-300(+,-)	71.24
AYEL01058979.1:4968-5206(+,-)	65.64
AYEL01047590.1:7772-8001(+,-)	83.52
AYEL01074280.1:388-697(+,-)	80.12
AYEL01067767.1:31777-32021(+,-)	71.98
AYEL01051042.1:63100-63307(+,-)	84.40
AYEL01090869.1:24778-25027(+,-)	70.41
AYEL01084538.1:1344-1590(+,-)	68.53
AYEL01068511.1:10596-10829(+,-)	71.43
AYEL01054135.1:258-588(+,-)	76.26
AYEL01074506.1:18534-18879(-)	79.10
AYEL01078384.1:3963-4208(+,-)	70.22
AYEL01080422.1:121032-121267(+,-)	59.12
AYEL01080494.1:9939-10169(+,-)	78.26
AYEL01072357.1:35204-35421(+,-)	84.18
AYEL01078251.1:5766-6338(+,-)	84.80
AYEL01078523.1:4708-4950(+,-)	74.89
AYEL01012566.1:40452-40717(+,-)	83.12
AYEL01066683.1:112669-112909(+,-)	73.82
AYEL01072518.1:89533-89771(+,-)	67.51
AYEL01071928.1:28029-28268(+,-)	66.67
AYEL01062561.1:19187-19401(+,-)	80.92
AYEL01082457.1:5077-5291(+,-)	67.63
AYEL01081346.1:7493-7730(+,-)	73.78
AYEL01086278.1:108977-109212(+,-)	80.92
AYEL01078955.1:3481-3777(+,-)	82.84
AYEL01068929.1:27325-27565(+,-)	78.65
AYEL01079722.1:16386-16629(+,-)	73.83
AYEL01071323.1:50007-50247(+,-)	74.68
AYEL01090048.1:53947-54167(+,-)	64.52
AYEL01071068.1:31992-32227(+,-)	72.05
AYEL01088760.1:8177-8404(+,-)	83.33
AYEL01083438.1:7296-7507(+)	65.22
AYEL01039282.1:48-279(+,-)	72.29
AYEL01073505.1:76136-76372(+,-)	60.96
AYEL01056770.1:2899-3122(+,-)	79.29
AYEL01010132.1:538-787(+,-)	75.71
AYEL01082415.1:23060-23302(+,-)	74.04
AYEL01080911.1:8549-8815(+,-)	70.93
AYEL01051643.1:160-371(+,-)	66.10
AYEL01088896.1:58759-59048(+,-)	85.00
AYEL01073092.1:4800-5073(+,-)	72.11
AYEL01065554.1:17378-17618(+,-)	85.21
AYEL01082266.1:15529-15739(+,-)	61.86
AYEL01074333.1:32210-32447(+,-)	74.29
AYEL01066550.1:53453-53692(+,-)	73.39
AYEL01066994.1:125217-125425(+)	68.49
AYEL01061359.1:19053-19287(+,-)	66.67
AYEL01091340.1:197849-198094(+,-)	73.84
AYEL01070632.1:3771-3960(-)	60.45
AYEL01085807.1:28824-28970(-)	80.61
AYEL01079362.1:23435-23670(+,-)	68.93
AYEL01065610.1:26290-26514(+,-)	65.10
AYEL01076122.1:1866-2105(+,-)	85.47
AYEL01032134.1:35790-36029(+,-)	83.24
AYEL01053421.1:134488-134728(+,-)	73.82
AYEL01074359.1:14086-14326(+,-)	74.59
AYEL01036116.1:6371-6607(+,-)	79.78
AYEL01091805.1:42548-42832(+,-)	72.61
AYEL01072614.1:20390-20787(+,-)	83.65
AYEL01089369.1:24082-24309(+,-)	83.33
AYEL01067087.1:9193-9399(+,-)	70.41
AYEL01073860.1:13446-13675(+,-)	73.03
AYEL01087126.1:6020-6449(+,-)	70.69
AYEL01086761.1:7494-7732(+,-)	69.68
AYEL01087923.1:30988-31226(+,-)	72.32
AYEL01024123.1:33790-34028(+,-)	74.89
AYEL01083893.1:11385-11604(+,-)	63.92
AYEL01048419.1:320-540(+,-)	66.27
AYEL01029385.1:64666-65015(+,-)	72.68
AYEL01085716.1:19203-19439(+,-)	82.86
AYEL01087380.1:68468-68687(+,-)	62.74
AYEL01075176.1:16898-17136(+,-)	65.79
AYEL01083703.1:19079-19330(+,-)	66.81
AYEL01020088.1:3657-3871(+,-)	83.65
AYEL01061530.1:7169-7405(+,-)	65.94
AYEL01070536.1:6742-6986(+,-)	83.71
AYEL01084497.1:17952-18157(+,-)	62.70
AYEL01078206.1:35618-35812(+,-)	80.17
AYEL01060886.1:140044-140239(+,-)	82.12
AYEL01069175.1:21848-22058(+,-)	80.47
AYEL01061987.1:50816-51056(+,-)	72.96
AYEL01077852.1:25969-26304(+,-)	62.73
AYEL01074016.1:50522-50767(+,-)	68.06
AYEL01090639.1:26337-26627(+,-)	84.27
AYEL01006345.1:8759-8968(+,-)	76.60
AYEL01064958.1:24896-25139(+,-)	71.43
AYEL01058452.1:72567-72792(+,-)	70.76
AYEL01075946.1:142-382(+,-)	74.68
AYEL01082262.1:10897-11136(+,-)	70.26
AYEL01069812.1:5328-5568(+,-)	73.39
AYEL01066346.1:13329-13541(+,-)	66.23
AYEL01063938.1:12366-12572(+,-)	71.52
AYEL01070979.1:23102-23342(+,-)	77.64
AYEL01053300.1:11175-11606(+,-)	71.00
AYEL01058379.1:85380-85612(+,-)	64.04
AYEL01080513.1:22408-22647(+,-)	82.68
AYEL01072356.1:15130-15335(+,-)	65.48
AYEL01077720.1:2670-2917(+,-)	65.62
AYEL01068125.1:9809-10048(+,-)	73.16
AYEL01084436.1:44621-44858(+,-)	70.00
AYEL01073999.1:28404-28649(+,-)	82.02
AYEL01020494.1:22164-22469(+,-)	72.36
AYEL01081738.1:108218-108453(+,-)	79.78
AYEL01061279.1:1125-1432(+,-)	81.01
AYEL01051937.1:23537-23773(+,-)	72.00
AYEL01075495.1:13415-13630(+,-)	82.82
AYEL01009108.1:911-1134(+,-)	80.92
AYEL01055862.1:4229-4510(+,-)	72.69
AYEL01090017.1:52361-52596(+,-)	70.79
AYEL01090070.1:24460-24672(+,-)	81.25
AYEL01062576.1:24446-24682(+,-)	83.52
AYEL01073883.1:14593-14838(+,-)	78.11
AYEL01070834.1:13658-14129(+,-)	83.43
AYEL01083246.1:72841-73071(+,-)	75.44
AYEL01090390.1:1124-1559(+,-)	83.24
AYEL01057212.1:5597-5818(+,-)	61.76
AYEL01043681.1:4053-4459(+,-)	69.86
AYEL01055407.1:107579-107804(+,-)	82.42
AYEL01080357.1:10558-10876(+,-)	75.58
AYEL01075941.1:7065-7282(+,-)	87.50
AYEL01087339.1:60188-60416(+,-)	74.88
AYEL01053720.1:25518-25757(+,-)	79.43
AYEL01032667.1:903-1096(-)	80.84
AYEL01066655.1:14652-14892(+,-)	73.82
AYEL01059496.1:1792-2032(+,-)	65.27
AYEL01036272.1:8530-8773(+,-)	76.07
AYEL01078637.1:61-287(+,-)	68.37
AYEL01045013.1:46176-46399(+,-)	72.17
AYEL01090992.1:12091-12497(+,-)	67.44
AYEL01084653.1:54960-55218(+,-)	83.04
AYEL01032674.1:1884-2094(+,-)	84.83
AYEL01027722.1:32659-32894(+,-)	76.74
AYEL01057508.1:18135-18381(+,-)	82.12
AYEL01056644.1:66742-66987(+,-)	73.94
AYEL01073594.1:33065-33559(+,-)	82.66
AYEL01071474.1:9505-9729(+,-)	78.92
AYEL01060376.1:7480-7714(+,-)	73.33
AYEL01071693.1:66007-66251(+,-)	80.45
AYEL01076219.1:27490-27738(+,-)	80.45
AYEL01028043.1:5653-5877(+,-)	77.78
AYEL01065412.1:54805-55212(+,-)	81.66
AYEL01081365.1:92963-93172(+,-)	71.03
AYEL01064761.1:6509-6725(-)	65.84
AYEL01023129.1:61944-62186(+,-)	61.90
AYEL01062102.1:2141-2365(+,-)	83.33
AYEL01075312.1:97991-98425(+,-)	71.30
AYEL01060841.1:64889-65313(+,-)	74.55
AYEL01078332.1:36164-36398(+,-)	73.57
AYEL01071582.1:2698-2965(+,-)	82.78
AYEL01055862.1:6260-6468(+,-)	81.13
AYEL01082554.1:55802-56035(+,-)	75.90
AYEL01026724.1:59297-59521(+,-)	80.45
AYEL01066808.1:107852-108084(+,-)	78.74
AYEL01071233.1:6877-7085(+,-)	83.80
AYEL01068938.1:3453-3675(+,-)	83.71
AYEL01061082.1:42882-43164(+,-)	77.42
AYEL01076481.1:11285-11616(+,-)	70.97
AYEL01076496.1:1936-2147(+,-)	92.16
AYEL01085319.1:34682-34922(+,-)	68.67
AYEL01053426.1:82385-82628(+,-)	72.53
AYEL01071806.1:12449-12797(+,-)	73.61
AYEL01091340.1:221460-221712(+,-)	76.47
AYEL01078077.1:12029-12340(+,-)	80.00
AYEL01010958.1:277-506(+,-)	67.65
AYEL01070523.1:24530-24767(+,-)	80.46
AYEL01065882.1:1128-1368(+,-)	69.71
AYEL01072041.1:10294-10528(+,-)	67.57
AYEL01074008.1:1694-1924(+,-)	79.88
AYEL01085401.1:97288-97523(+,-)	81.50
AYEL01068605.1:57886-58117(+,-)	66.96
AYEL01086659.1:8412-8637(+,-)	78.14
AYEL01087164.1:33373-33607(+,-)	75.00
AYEL01069221.1:14412-14646(+,-)	79.89
AYEL01058724.1:29124-29361(+,-)	72.38
AYEL01085817.1:54635-54853(+)	57.30
AYEL01084062.1:3108-3319(+,-)	66.05
AYEL01084321.1:7731-8022(+,-)	72.30
AYEL01052560.1:431-657(+,-)	86.67
AYEL01067159.1:10357-10584(+,-)	69.81
AYEL01056319.1:16392-16674(+,-)	87.50
AYEL01050527.1:32475-32708(+,-)	83.24
AYEL01066178.1:65840-66079(+,-)	71.98
AYEL01083139.1:31684-31912(+,-)	82.58
AYEL01043026.1:4953-5454(+,-)	70.30
AYEL01083576.1:2543-2783(+,-)	75.54
AYEL01069179.1:9479-9684(+,-)	82.61
AYEL01062742.1:14661-14927(+,-)	79.48
AYEL01074278.1:28623-28845(+,-)	69.23
AYEL01067332.1:11858-12131(+,-)	80.00
AYEL01077175.1:18240-18454(+,-)	83.65
AYEL01047978.1:3642-3857(+,-)	74.86
AYEL01088292.1:34971-35215(+,-)	79.89
AYEL01067224.1:1370-1698(+,-)	78.03
AYEL01091564.1:2699-2937(+,-)	73.16
AYEL01077721.1:7579-7782(+,-)	79.46
AYEL01084122.1:22889-23230(+,-)	85.61
AYEL01082899.1:370-612(+,-)	80.75
AYEL01083833.1:39142-39361(+,-)	71.84
AYEL01048746.1:33666-33892(+,-)	61.25
AYEL01043465.1:250-482(+,-)	82.68
AYEL01081606.1:56112-56309(+,-)	82.21
AYEL01083723.1:14310-14566(-)	75.78
AYEL01051592.1:1460-1718(+,-)	78.41
AYEL01070226.1:84688-85021(+,-)	75.40
AYEL01075227.1:47724-48028(+,-)	85.92
AYEL01088844.1:1760-2182(+,-)	72.69
AYEL01051307.1:776-1015(+,-)	83.05
AYEL01075159.1:137791-138031(+,-)	72.96
AYEL01071468.1:37243-37444(+,-)	81.03
AYEL01087316.1:18524-18747(+,-)	73.49
AYEL01068758.1:13159-13393(+,-)	70.54
AYEL01091811.1:14467-14701(+,-)	63.96
AYEL01050413.1:56324-56561(+,-)	82.39
AYEL01089016.1:15726-16133(+,-)	82.58
AYEL01057167.1:47525-47758(+,-)	73.60
AYEL01044366.1:2722-2918(+)	70.74
AYEL01065282.1:5268-5466(+,-)	61.74
AYEL01051550.1:2805-3002(+,-)	77.71
AYEL01082211.1:12645-12883(+,-)	73.16
AYEL01079469.1:63298-63585(+,-)	71.60
AYEL01066398.1:13946-14148(+)	71.43
AYEL01049993.1:134-372(+,-)	74.16
AYEL01086727.1:19586-19826(+,-)	74.68
AYEL01064134.1:10703-10948(+,-)	74.89
AYEL01084526.1:27433-27666(+,-)	74.71
AYEL01085072.1:2657-2890(+,-)	81.56
AYEL01051252.1:3438-3646(+,-)	78.16
AYEL01085711.1:25259-25480(+,-)	82.17
AYEL01078206.1:48978-49218(+,-)	72.53
AYEL01032332.1:119617-119856(+,-)	65.82
AYEL01072217.1:1886-2160(+,-)	89.47
AYEL01068057.1:5117-5307(+,-)	71.82
AYEL01077517.1:4899-5166(+,-)	70.00
AYEL01087206.1:634-872(+,-)	82.58
AYEL01082970.1:32381-32608(+,-)	66.83
AYEL01077463.1:61657-61957(-)	87.90
AYEL01082563.1:15933-16270(+,-)	71.85
AYEL01032569.1:34771-34968(+,-)	66.08
AYEL01077311.1:53625-53856(+,-)	65.77
AYEL01070519.1:3302-3499(+,-)	57.89
AYEL01073798.1:39450-39641(+,-)	74.18
AYEL01072341.1:3701-4109(+,-)	81.55
AYEL01064334.1:729-969(+,-)	73.39
AYEL01065002.1:51282-51488(+,-)	70.43
AYEL01065822.1:70078-70320(+,-)	72.65
AYEL01037345.1:7958-8190(+,-)	72.00
AYEL01084358.1:4656-4882(+,-)	64.36
AYEL01074276.1:6051-6253(+,-)	72.81
AYEL01085776.1:50319-50558(+,-)	69.23
AYEL01073355.1:12559-12801(+,-)	73.62
AYEL01066809.1:4186-4378(+,-)	61.54
AYEL01076256.1:14594-14832(+,-)	68.54
AYEL01072151.1:30010-30243(+,-)	74.23
AYEL01089249.1:122726-122940(+,-)	83.65
AYEL01078442.1:3589-3832(+,-)	65.37
AYEL01088740.1:20593-20872(+,-)	75.61
AYEL01091754.1:7052-7266(+,-)	72.86
AYEL01072964.1:38510-38701(+,-)	68.42
AYEL01088313.1:147990-148198(+,-)	73.47
AYEL01038802.1:12405-12628(+,-)	81.71
AYEL01068324.1:3336-3558(+,-)	67.05
AYEL01086536.1:241-475(+,-)	80.46
AYEL01062801.1:23709-24076(+,-)	74.43
AYEL01045629.1:6088-6324(+,-)	78.49
AYEL01044841.1:7217-7438(+,-)	83.97
AYEL01058920.1:2226-2490(+,-)	65.08
AYEL01079086.1:4115-4321(+)	78.57
AYEL01086932.1:16966-17210(+,-)	70.04
AYEL01046115.1:33190-33395(+)	67.29
AYEL01055621.1:33213-33458(+,-)	68.35
AYEL01085401.1:54735-54929(+,-)	80.53
AYEL01066705.1:25819-26050(+,-)	72.73
AYEL01069627.1:19836-20068(+,-)	71.19
AYEL01081084.1:4824-5034(+,-)	76.14
AYEL01090696.1:68103-68318(+,-)	69.66
AYEL01081811.1:38630-38862(+,-)	77.71
AYEL01086634.1:10393-10981(+,-)	74.61
AYEL01071421.1:61936-62466(+,-)	67.71
AYEL01085047.1:76029-76305(+,-)	74.17
AYEL01085856.1:29771-29998(+,-)	80.23
AYEL01063454.1:4225-4522(+,-)	73.31
AYEL01079322.1:7265-7503(+,-)	84.27
AYEL01082093.1:14140-14369(+,-)	75.58
AYEL01035395.1:7319-7514(+,-)	67.69
AYEL01071532.1:43617-43819(+,-)	74.00
AYEL01048781.1:4712-4945(+,-)	80.90
AYEL01038166.1:41950-42191(+,-)	85.47
AYEL01091917.1:38074-38300(+,-)	66.82
AYEL01087093.1:34732-34963(+,-)	69.20
AYEL01063788.1:77788-78027(+,-)	72.84
AYEL01054409.1:18130-18366(+,-)	70.39
AYEL01084718.1:41405-41644(+,-)	71.12
AYEL01073141.1:72917-73155(+,-)	71.98
AYEL01072280.1:3459-3684(+,-)	77.99
AYEL01080859.1:9455-9672(+,-)	69.17
AYEL01081532.1:46333-46568(+,-)	65.85
AYEL01078489.1:78037-78258(+,-)	79.89
AYEL01078590.1:49413-49700(+,-)	78.44
AYEL01091207.1:6922-7162(+,-)	73.82
AYEL01063294.1:439-683(+,-)	74.36
AYEL01051042.1:102571-102806(+,-)	78.21
AYEL01040565.1:17070-17283(+,-)	65.04
AYEL01053426.1:83279-83500(+,-)	66.48
AYEL01013638.1:37219-37499(+,-)	83.53
AYEL01090122.1:25355-25581(+,-)	64.38
AYEL01043957.1:11742-11981(+,-)	83.80
AYEL01056838.1:37449-37691(+,-)	74.47
AYEL01056059.1:2052-2293(+,-)	62.83
AYEL01075005.1:11735-12122(+,-)	84.96
AYEL01086297.1:11744-11938(+,-)	79.01
AYEL01088153.1:2058-2278(+,-)	84.36
AYEL01052379.1:59809-60053(+,-)	73.58
AYEL01091132.1:27528-27737(+,-)	75.14
AYEL01036396.1:1656-1952(+,-)	84.93
AYEL01051072.1:25381-25606(+,-)	62.50
AYEL01027742.1:331-563(+,-)	66.22
AYEL01057150.1:470-784(+,-)	70.64
AYEL01038771.1:43784-44035(+,-)	79.78
AYEL01008372.1:34644-34842(+,-)	71.67
AYEL01091913.1:11332-11748(+,-)	70.09
AYEL01087940.1:42339-42697(+,-)	88.28
AYEL01054905.1:977-1185(+,-)	72.82
AYEL01091032.1:76797-77003(+,-)	86.71
AYEL01066258.1:2273-2508(+,-)	70.11
AYEL01082529.1:2781-2992(+,-)	81.51
AYEL01060098.1:3116-3342(+,-)	70.51
AYEL01082758.1:2581-2814(+,-)	72.57
AYEL01062508.1:7061-7294(+,-)	72.07
AYEL01080700.1:24450-24687(+,-)	83.15
AYEL01092116.1:7568-7790(+,-)	68.79
AYEL01083185.1:11088-11329(+,-)	78.88
AYEL01080578.1:484-718(+,-)	71.75
AYEL01065732.1:15209-15449(+,-)	70.39
AYEL01026284.1:1658-1852(+,-)	72.73
AYEL01085421.1:93122-93610(+,-)	72.03
AYEL01061252.1:33710-33933(+,-)	75.00
AYEL01069129.1:19424-19641(+,-)	69.51
AYEL01035457.1:6107-6320(+,-)	70.19
AYEL01050765.1:4167-4359(+)	70.59
AYEL01069705.1:23937-24217(+,-)	63.93
AYEL01047930.1:22842-23059(-)	65.06
AYEL01058254.1:2561-2799(+,-)	76.70
AYEL01013452.1:45780-46002(+,-)	57.89
AYEL01087192.1:15056-15350(+,-)	73.71
AYEL01091878.1:15339-15574(+,-)	81.36
AYEL01091804.1:32708-32947(+,-)	76.27
AYEL01052970.1:68099-68346(+,-)	81.77
AYEL01079499.1:53941-54155(+,-)	83.65
AYEL01079005.1:4722-4948(+,-)	81.01
AYEL01085121.1:23945-24253(+,-)	79.89
AYEL01049133.1:51420-51622(+,-)	66.67
AYEL01087935.1:10929-11161(+,-)	75.16
AYEL01067692.1:6465-6679(+,-)	72.02
AYEL01054425.1:33889-34222(+,-)	70.82
AYEL01090452.1:98198-98425(+,-)	69.75
AYEL01075279.1:55479-55715(+,-)	78.61
AYEL01063529.1:87196-87407(+,-)	79.33
AYEL01070325.1:6180-6419(+,-)	73.28
AYEL01073440.1:56573-56898(+,-)	83.65
AYEL01062690.1:20136-20374(+,-)	72.29
AYEL01086333.1:35359-35572(+,-)	73.30
AYEL01049471.1:124561-124767(+,-)	61.32
AYEL01082676.1:802-1039(+,-)	80.34
AYEL01076342.1:63062-63302(+,-)	82.68
AYEL01072136.1:64836-65081(+,-)	61.90
AYEL01075946.1:5101-5342(+,-)	80.34
AYEL01073831.1:33697-33938(+,-)	74.79
AYEL01066908.1:13126-13356(+,-)	83.80
AYEL01071189.1:7080-7310(+,-)	65.71
AYEL01038438.1:60791-61032(+,-)	73.50
AYEL01020725.1:3805-4046(+,-)	76.14
AYEL01091895.1:60959-61199(+,-)	74.25
AYEL01049797.1:36071-36311(+,-)	71.24
AYEL01078248.1:7400-7640(+,-)	72.53
AYEL01075872.1:46658-46846(+,-)	72.53
AYEL01047917.1:18313-18553(+,-)	84.92
AYEL01090866.1:31412-31652(+,-)	73.33
AYEL01084117.1:359-602(+,-)	72.46
AYEL01080390.1:2650-2889(+,-)	79.89
AYEL01066712.1:61468-61764(+,-)	79.78
AYEL01074008.1:16798-17035(+,-)	69.57
AYEL01061506.1:15877-16105(+,-)	74.04
AYEL01040551.1:23336-23580(+,-)	82.61
AYEL01072312.1:1267-1491(+,-)	74.70
AYEL01082056.1:4886-5111(+,-)	80.92
AYEL01084683.1:2280-2525(+,-)	72.32
AYEL01089237.1:3639-3878(+,-)	79.89
AYEL01084636.1:4090-4293(-)	76.38
AYEL01072410.1:3107-3333(+,-)	82.46
AYEL01064266.1:22402-22626(+,-)	70.97
AYEL01077112.1:50446-50765(+,-)	78.18
AYEL01090736.1:1129-1369(+,-)	72.96
AYEL01055267.1:24859-25089(+,-)	64.98
AYEL01091137.1:109672-109900(+,-)	82.29
AYEL01074361.1:9034-9252(+,-)	81.99
AYEL01090601.1:370-688(+,-)	70.39
AYEL01082838.1:105520-105783(+,-)	66.22
AYEL01084003.1:8561-8795(+,-)	81.50
AYEL01073727.1:45156-45357(+,-)	72.22
AYEL01071690.1:6259-6491(+,-)	82.08
AYEL01079815.1:2260-2499(+,-)	81.56
AYEL01090614.1:24360-24587(+,-)	70.35
AYEL01079132.1:62692-62893(+,-)	72.53
AYEL01071753.1:106461-106653(+,-)	82.61
AYEL01018513.1:19319-19523(+,-)	60.87
AYEL01048861.1:4519-4748(+,-)	82.14
AYEL01068980.1:49839-50028(+)	59.76
AYEL01081044.1:44995-45230(+,-)	80.68
AYEL01067040.1:64910-65149(+,-)	81.46
AYEL01080533.1:65688-65894(+,-)	82.12
AYEL01076382.1:40878-41154(+,-)	74.71
AYEL01048859.1:19566-19806(+,-)	71.67
AYEL01066555.1:68448-68688(+,-)	71.67
AYEL01089784.1:5381-5823(+,-)	84.39
AYEL01064428.1:44337-44544(+,-)	78.07
AYEL01086046.1:6216-6436(+,-)	78.29
AYEL01088287.1:24206-24589(+,-)	80.23
AYEL01077574.1:37072-37298(+,-)	76.70
AYEL01052517.1:11581-11823(+,-)	74.04
AYEL01052513.1:609-810(+,-)	89.26
AYEL01080448.1:8577-8937(+,-)	72.81
AYEL01059046.1:4844-5083(+,-)	82.68
AYEL01061795.1:12347-12585(+,-)	75.00
AYEL01082228.1:12682-12920(+,-)	77.22
AYEL01076907.1:6789-7029(+,-)	72.96
AYEL01076705.1:19320-19511(-)	67.24
AYEL01064702.1:48856-49053(+,-)	81.93
AYEL01049006.1:8958-9166(+,-)	83.14
AYEL01060326.1:1453-1682(+,-)	71.57
AYEL01073733.1:2578-2803(+,-)	72.85
AYEL01083051.1:21737-21972(+,-)	80.00
AYEL01078696.1:5854-6069(+,-)	85.00
AYEL01059974.1:32038-32259(+,-)	62.73
AYEL01032853.1:9286-9519(+,-)	70.48
AYEL01085868.1:25078-25298(+,-)	81.58
AYEL01078323.1:13389-13605(+,-)	62.60
AYEL01062829.1:896-1100(+,-)	61.59
AYEL01046004.1:6386-6650(+,-)	76.14
AYEL01065987.1:8796-9028(+,-)	74.16
AYEL01079226.1:52600-52932(+,-)	79.55
AYEL01086422.1:3570-3832(+,-)	84.09
AYEL01086051.1:14350-14587(+,-)	78.77
AYEL01077483.1:28083-28317(+,-)	72.61
AYEL01083481.1:18349-18594(+,-)	71.67
AYEL01051797.1:7727-8074(+,-)	71.43
AYEL01084138.1:6642-6882(+,-)	76.50
AYEL01072471.1:9095-9330(+,-)	68.16
AYEL01077753.1:46154-46365(+,-)	59.38
AYEL01052233.1:3318-3540(+,-)	81.93
AYEL01044294.1:7392-7610(+,-)	73.96
AYEL01083459.1:3519-3793(+,-)	70.37
AYEL01074340.1:33759-33996(+,-)	72.12
AYEL01090275.1:16869-17102(+,-)	71.43
AYEL01061557.1:1322-1560(+,-)	70.39
AYEL01072178.1:44924-45156(+,-)	82.66
AYEL01083329.1:275979-276176(+,-)	73.40
AYEL01070253.1:56392-56782(+,-)	82.27
AYEL01072640.1:38469-38700(+,-)	78.21
AYEL01073869.1:23781-24007(+,-)	80.57
AYEL01088872.1:27290-27528(+,-)	85.47
AYEL01087683.1:21915-22142(+,-)	59.19
AYEL01075717.1:11811-12227(+,-)	85.12
AYEL01040382.1:15114-15349(+,-)	63.00
AYEL01089296.1:84297-84532(+,-)	84.18
AYEL01073139.1:0-194(+,-)	86.52
AYEL01081696.1:25960-26203(+,-)	72.34
AYEL01081037.1:637-889(+,-)	73.42
AYEL01084148.1:4661-4903(+,-)	80.34
AYEL01071329.1:34220-34419(+,-)	73.40
AYEL01076765.1:5828-6065(+,-)	62.88
AYEL01049473.1:27466-27689(+,-)	82.50
AYEL01078552.1:48528-48768(+,-)	77.11
AYEL01078540.1:2320-2510(+,-)	73.84
AYEL01071810.1:22042-22289(+,-)	76.80
AYEL01091285.1:43813-44052(+,-)	75.11
AYEL01032808.1:1831-2071(+,-)	74.68
AYEL01087122.1:57363-57603(+,-)	71.55
AYEL01076272.1:22222-22454(+,-)	83.24
AYEL01066806.1:41006-41225(+,-)	74.43
AYEL01089230.1:17928-18165(+,-)	83.15
AYEL01062580.1:9131-9363(+,-)	74.71
AYEL01059794.1:9271-9512(+,-)	67.80
AYEL01072064.1:31271-31481(+,-)	63.79
AYEL01088577.1:17774-18009(+,-)	82.84
AYEL01063701.1:3339-3537(+,-)	66.90
AYEL01034011.1:224-449(+,-)	80.00
AYEL01062678.1:75595-75800(+,-)	76.26
AYEL01078079.1:40340-40577(+,-)	64.32
AYEL01083572.1:38754-38990(+,-)	79.33
AYEL01082572.1:14878-15161(+,-)	61.02
AYEL01046747.1:42893-43123(-)	79.67
AYEL01073397.1:54348-54698(+,-)	82.35
AYEL01078996.1:1076-1284(+,-)	70.29
AYEL01082075.1:8426-8616(+,-)	75.56
AYEL01067943.1:46439-46813(+,-)	80.37
AYEL01073761.1:15813-16052(+,-)	84.27
AYEL01085604.1:129106-129386(+,-)	80.49
AYEL01036587.1:14095-14308(+,-)	71.05
AYEL01057626.1:56585-56819(+,-)	82.29
AYEL01081738.1:134403-134609(+)	82.56
AYEL01047764.1:32553-32739(+)	74.12
AYEL01070425.1:66531-66778(+,-)	71.18
AYEL01086798.1:5796-6035(+,-)	72.84
AYEL01055861.1:38199-38462(+,-)	59.84
AYEL01058057.1:50540-50785(+,-)	73.16
AYEL01051481.1:8007-8279(+,-)	80.48
AYEL01088471.1:13533-13748(+,-)	73.72
AYEL01078981.1:16317-16540(+,-)	70.28
AYEL01091107.1:26799-27032(+,-)	83.63
AYEL01055621.1:19376-19769(+,-)	82.58
AYEL01071815.1:35174-35404(+,-)	69.36
AYEL01076105.1:16806-17023(+,-)	70.17
AYEL01069924.1:6561-6894(+,-)	84.06
AYEL01062384.1:33174-33568(+,-)	72.40
AYEL01062099.1:3576-3818(+,-)	84.36
AYEL01066554.1:23348-23628(+,-)	77.94
AYEL01067253.1:11556-11800(+,-)	66.67
AYEL01074992.1:4828-5036(+,-)	71.90
AYEL01088896.1:44027-44254(+,-)	76.77
AYEL01053105.1:56480-56716(+,-)	66.67
AYEL01077311.1:14141-14601(+,-)	74.59
AYEL01071614.1:3845-4046(+,-)	64.58
AYEL01060859.1:24346-24653(+,-)	70.82
AYEL01059930.1:21311-21553(+,-)	73.82
AYEL01025955.1:44891-45115(+,-)	73.78
AYEL01080741.1:75902-76133(+,-)	68.56
AYEL01077846.1:3813-4034(+,-)	77.71
AYEL01071725.1:6146-6390(+,-)	72.57
AYEL01055999.1:82407-82646(+,-)	67.22
AYEL01091389.1:18197-18431(+,-)	72.69
AYEL01027072.1:7313-7567(+,-)	69.60
AYEL01049891.1:1689-1900(+,-)	66.39
AYEL01071451.1:108-454(+,-)	76.26
AYEL01067838.1:2429-2670(+,-)	82.58
AYEL01069251.1:22544-22758(+,-)	83.65
AYEL01057321.1:36052-36244(+,-)	74.00
AYEL01074461.1:2272-2462(+,-)	82.72
AYEL01091564.1:5771-6049(+,-)	71.36
AYEL01084786.1:19811-20042(+,-)	80.34
AYEL01083774.1:2403-2603(-)	63.31
AYEL01056270.1:23067-23305(+,-)	79.89
AYEL01065684.1:29705-29938(+,-)	72.57
AYEL01070440.1:15983-16243(+,-)	84.62
AYEL01072161.1:15439-15673(+,-)	76.53
AYEL01076934.1:151066-151302(+,-)	84.18
AYEL01086573.1:3351-3571(+,-)	69.95
AYEL01067847.1:9721-9955(+,-)	71.68
AYEL01059105.1:37390-37626(+,-)	78.21
AYEL01066235.1:6664-6909(+,-)	74.26
AYEL01086544.1:52704-52944(+,-)	84.36
AYEL01082516.1:5887-6125(+,-)	81.46
AYEL01065970.1:35678-35914(+,-)	75.57
AYEL01084422.1:96156-96447(+,-)	80.18
AYEL01066398.1:8109-8392(+,-)	77.83
AYEL01024377.1:1698-1930(+,-)	60.62
AYEL01071267.1:13133-13374(+,-)	70.69
AYEL01063062.1:3781-4000(+,-)	80.49
AYEL01027954.1:143-421(+,-)	77.25
AYEL01071006.1:26622-26843(+,-)	72.16
AYEL01074359.1:7702-7942(+,-)	75.54
AYEL01066482.1:26202-26444(+,-)	85.93
AYEL01091513.1:7126-7479(+,-)	80.09
AYEL01021382.1:21934-22141(+,-)	63.37
AYEL01036365.1:100572-100775(-)	76.38
AYEL01062474.1:3660-3869(+,-)	69.44
AYEL01058031.1:48001-48278(+,-)	81.56
AYEL01076829.1:20549-20745(+,-)	70.00
AYEL01082875.1:12793-13038(+,-)	80.81
AYEL01077135.1:12721-12958(+,-)	65.00
AYEL01016939.1:211-444(+,-)	79.89
AYEL01090762.1:64514-64714(+,-)	74.38
AYEL01085421.1:83670-83893(+,-)	75.32
AYEL01089040.1:36203-36435(+,-)	73.33
AYEL01078995.1:34054-34314(+,-)	62.96
AYEL01068325.1:35450-35673(+,-)	67.35
AYEL01088025.1:6356-6584(+,-)	80.90
AYEL01071633.1:11877-12107(+,-)	71.60
AYEL01078055.1:38192-38430(+,-)	76.92
AYEL01048744.1:6963-7189(+,-)	86.50
AYEL01083363.1:16725-16926(-)	63.38
AYEL01091485.1:45385-45619(+,-)	84.57
AYEL01068628.1:8896-9194(+,-)	81.76
AYEL01085376.1:18626-18865(+,-)	71.98
AYEL01054591.1:40818-41042(+,-)	80.69
AYEL01089023.1:11498-11723(+,-)	72.39
AYEL01074007.1:2779-3019(+,-)	75.11
AYEL01080865.1:23759-23990(+,-)	64.67
AYEL01076382.1:40314-40527(+,-)	63.53
AYEL01056859.1:41656-41871(+,-)	60.49
AYEL01084813.1:19572-19808(+,-)	64.80
AYEL01088153.1:1792-2043(+,-)	83.05
AYEL01037872.1:1110-1339(+,-)	68.39
AYEL01073124.1:21190-21429(+,-)	70.27
AYEL01091518.1:18073-18312(+,-)	66.35
AYEL01078039.1:92451-92685(+,-)	79.43
AYEL01075159.1:95518-95769(+,-)	81.25
AYEL01083956.1:12341-12536(+,-)	85.38
AYEL01072942.1:8373-8594(+,-)	77.78
AYEL01055180.1:41668-41915(+,-)	69.77
AYEL01057483.1:7388-7583(+,-)	68.51
AYEL01074487.1:3958-4198(+,-)	71.37
AYEL01073282.1:27167-27416(+,-)	74.47
AYEL01040566.1:413-615(+,-)	67.46
AYEL01089476.1:11186-11427(+,-)	72.22
AYEL01090748.1:37056-37276(+,-)	60.55
AYEL01084942.1:34451-34704(+,-)	70.00
AYEL01064030.1:97918-98124(+,-)	66.04
AYEL01055905.1:2382-2622(+,-)	74.68
AYEL01078083.1:71022-71250(+,-)	70.00
AYEL01012217.1:112862-113103(+,-)	70.61
AYEL01090914.1:12734-12980(+,-)	83.43
AYEL01071174.1:5883-6121(+,-)	79.43
AYEL01029103.1:10302-10491(+,-)	84.36
AYEL01074057.1:4440-4677(+,-)	84.66
AYEL01077754.1:5496-5734(+,-)	68.53
AYEL01043675.1:1854-2075(+,-)	72.00
AYEL01087707.1:1259-1491(+,-)	60.89
AYEL01068528.1:5095-5602(+,-)	71.78
AYEL01080169.1:22791-23030(+,-)	81.56
AYEL01076730.1:6882-7119(+,-)	71.30
AYEL01081353.1:2719-3009(+,-)	75.22
AYEL01069259.1:2640-2829(-)	80.15
AYEL01081106.1:36457-36695(+,-)	74.78
AYEL01075790.1:33687-33926(+,-)	82.58
AYEL01066077.1:4644-4847(-)	62.50
AYEL01088915.1:22174-22513(+,-)	68.98
AYEL01090279.1:15619-15824(+,-)	72.13
AYEL01076207.1:39890-40245(+,-)	84.21
AYEL01064909.1:14329-14554(+,-)	64.60
AYEL01078456.1:30294-30517(+,-)	70.00
AYEL01070970.1:31180-31467(+,-)	63.77
AYEL01082770.1:9790-10030(+,-)	74.68
AYEL01070855.1:37162-37405(+,-)	72.29
AYEL01025092.1:83-316(+,-)	78.12
AYEL01067173.1:88600-88828(+,-)	80.62
AYEL01026284.1:12300-12542(+,-)	74.04
AYEL01060342.1:14562-15016(+,-)	81.56
AYEL01027719.1:61846-62084(+,-)	73.71
AYEL01072168.1:37234-37479(+,-)	73.16
AYEL01078489.1:79932-80136(+,-)	79.31
AYEL01081128.1:14979-15221(+,-)	74.36
AYEL01078389.1:724-1192(+,-)	82.39
AYEL01082695.1:131920-132104(+)	67.27
AYEL01091364.1:2492-2776(+,-)	75.97
AYEL01065234.1:40605-40805(+,-)	82.58
AYEL01073505.1:76494-76759(+,-)	81.56
AYEL01082135.1:70944-71216(+,-)	71.84
AYEL01053883.1:39720-39965(+,-)	65.03
AYEL01091992.1:1821-2053(+,-)	60.83
AYEL01069700.1:299812-300044(+,-)	80.52
AYEL01073822.1:54901-55187(+,-)	73.95
AYEL01029284.1:135486-135726(+,-)	74.68
AYEL01079915.1:15212-15452(+,-)	74.14
AYEL01079205.1:19835-19980(+)	71.74
AYEL01069202.1:8685-8876(+)	67.07
AYEL01069617.1:16278-16482(+,-)	79.81
AYEL01040586.1:46974-47279(+,-)	85.47
AYEL01069278.1:11030-11265(+,-)	70.45
AYEL01067813.1:18669-18901(+,-)	75.98
AYEL01069062.1:13253-13487(+,-)	70.61
AYEL01088035.1:29094-29330(+,-)	71.49
AYEL01074811.1:37739-38170(+,-)	70.69
AYEL01086926.1:43099-43360(+,-)	78.57
AYEL01068606.1:40103-40348(+,-)	72.57
AYEL01073091.1:5500-5697(+,-)	68.24
AYEL01017675.1:170-408(+,-)	79.89
AYEL01051214.1:54337-54554(+,-)	62.92
AYEL01092333.1:14146-14391(+,-)	73.84
AYEL01086107.1:701-936(+,-)	81.36
AYEL01082903.1:16276-16490(+,-)	61.00
AYEL01055489.1:2735-2960(+,-)	69.86
AYEL01080634.1:3931-4169(+,-)	82.12
AYEL01092391.1:30322-30562(+,-)	74.25
AYEL01087455.1:3164-3385(+,-)	61.94
AYEL01083917.1:44617-45073(+,-)	77.83
AYEL01065996.1:51288-51518(+,-)	82.39
AYEL01052762.1:59934-60174(+,-)	86.03
AYEL01088194.1:61568-61784(+,-)	64.15
AYEL01081289.1:14844-15042(+,-)	74.71
AYEL01073701.1:17942-18151(+,-)	85.85
AYEL01072103.1:22475-22714(+,-)	79.89
AYEL01091685.1:20107-20365(+,-)	75.71
AYEL01076384.1:114246-114440(+,-)	60.47
AYEL01028086.1:3405-3700(+,-)	81.95
AYEL01082440.1:42544-42771(+,-)	80.12
AYEL01079035.1:126439-126708(+,-)	72.84
AYEL01061927.1:9889-10116(+,-)	82.29
AYEL01054983.1:43112-43276(-)	68.89
AYEL01087441.1:12723-12950(+,-)	80.77
AYEL01084922.1:7485-7730(+,-)	73.84
AYEL01061854.1:11108-11324(+,-)	67.35
AYEL01080967.1:12961-13170(+,-)	68.63
AYEL01074053.1:24736-24974(+,-)	72.29
AYEL01060933.1:8098-8302(-)	60.68
AYEL01072461.1:3349-3589(+,-)	71.24
AYEL01070325.1:23019-23251(+,-)	85.39
AYEL01051199.1:1779-1992(+,-)	63.92
AYEL01082667.1:18728-18914(+)	65.50
AYEL01064116.1:28513-28751(+,-)	73.71
AYEL01069860.1:20550-20742(+,-)	85.93
AYEL01065034.1:13-222(+,-)	79.12
AYEL01060831.1:11513-11908(+,-)	70.26
AYEL01066682.1:13625-13837(+,-)	64.13
AYEL01089861.1:69306-69534(+,-)	71.10
AYEL01053883.1:34529-34763(+,-)	74.29
AYEL01091878.1:21508-21750(+,-)	74.89
AYEL01079293.1:9575-9859(+,-)	76.15
AYEL01012568.1:4556-4868(+,-)	76.50
AYEL01071673.1:63955-64175(+,-)	77.71
AYEL01089450.1:36967-37239(+,-)	82.82
AYEL01077588.1:9380-9740(+,-)	76.65
AYEL01088469.1:14675-14990(+,-)	81.82
AYEL01075068.1:9327-9550(+,-)	85.19
AYEL01050790.1:15551-15791(+,-)	74.68
AYEL01068059.1:1436-1671(+,-)	80.34
AYEL01091423.1:66155-66433(+,-)	78.95
AYEL01034348.1:15626-15865(+,-)	82.58
AYEL01064086.1:5866-6100(+,-)	58.59
AYEL01064156.1:2598-2938(+,-)	77.70
AYEL01090168.1:34928-35474(+,-)	82.86
AYEL01083438.1:187643-187882(+,-)	79.78
AYEL01082165.1:1679-1919(+,-)	69.10
AYEL01078840.1:2349-2586(+,-)	74.78
AYEL01082424.1:4678-4913(+,-)	70.48
AYEL01060462.1:5839-6053(+,-)	82.04
AYEL01077740.1:119168-119397(+,-)	70.00
AYEL01056796.1:11029-11269(+,-)	70.94
AYEL01066833.1:37271-37509(+,-)	80.34
AYEL01059930.1:17994-18193(+,-)	65.52
AYEL01064525.1:6161-6386(+,-)	75.60
AYEL01091935.1:20309-20657(+,-)	71.71
AYEL01078727.1:1060-1280(+,-)	83.63
AYEL01090338.1:11476-11683(+,-)	66.04
AYEL01091510.1:58874-59119(+,-)	78.87
AYEL01059606.1:8028-8241(+,-)	71.53
AYEL01046575.1:11296-11525(+,-)	82.81
AYEL01080532.1:5952-6255(+,-)	81.12
AYEL01024372.1:3304-3541(+,-)	81.56
AYEL01084487.1:4536-4772(+,-)	79.78
AYEL01064734.1:35967-36171(+)	64.94
AYEL01072517.1:59470-59676(+,-)	65.38
AYEL01033428.1:27515-27748(+,-)	71.14
AYEL01058988.1:41405-41615(+,-)	73.54
AYEL01077459.1:1557-1824(+,-)	80.22
AYEL01090369.1:96817-97049(+,-)	58.70
AYEL01013052.1:819-1051(+,-)	61.93
AYEL01038194.1:2447-2681(+,-)	79.43
AYEL01035585.1:20163-20454(+,-)	77.53
AYEL01048863.1:6172-6370(+,-)	80.83
AYEL01090086.1:35794-36032(+,-)	80.00
AYEL01080967.1:13621-13856(+,-)	71.36
AYEL01089432.1:13289-13528(+,-)	83.62
AYEL01065634.1:62325-62547(+,-)	74.86
AYEL01021497.1:419-627(+,-)	74.63
AYEL01028849.1:834-1069(+,-)	69.74
AYEL01046529.1:45015-45218(+,-)	75.96
AYEL01071243.1:29211-29619(+,-)	82.73
AYEL01079003.1:31588-31789(+,-)	63.16
AYEL01081194.1:20561-20775(+,-)	83.65
AYEL01061170.1:21603-21891(+,-)	78.65
AYEL01082469.1:5957-6193(+,-)	72.00
AYEL01070461.1:888-1115(+,-)	77.78
AYEL01060305.1:51376-51578(+)	73.42
AYEL01063393.1:28826-29068(+,-)	74.89
AYEL01079456.1:4059-4298(+,-)	82.68
AYEL01082271.1:32901-33131(+,-)	80.12
AYEL01087363.1:13449-13681(+,-)	74.44
AYEL01068135.1:6886-7212(+,-)	77.78
AYEL01070776.1:18724-18920(+,-)	61.24
AYEL01088656.1:53272-53502(+,-)	72.20
AYEL01089023.1:11199-11487(+,-)	71.67
AYEL01081725.1:1427-1665(+,-)	68.67
AYEL01052492.1:36768-37000(+,-)	69.01
AYEL01065002.1:51503-51740(+,-)	77.78
AYEL01083235.1:42076-42316(+,-)	83.33
AYEL01087265.1:155359-155564(+,-)	63.19
AYEL01039444.1:9726-9967(+,-)	74.46
AYEL01086030.1:29333-29566(+,-)	71.35
AYEL01066766.1:34844-35043(+,-)	75.83
AYEL01077893.1:6706-6946(+,-)	71.24
AYEL01029413.1:30420-30630(+,-)	83.85
AYEL01085918.1:40718-40949(+,-)	69.23
AYEL01091544.1:8883-9076(+,-)	66.29
AYEL01072351.1:102058-102251(+,-)	74.53
AYEL01072461.1:3674-3911(+,-)	68.79
AYEL01081396.1:8166-8448(+,-)	71.59
AYEL01066611.1:4543-4782(+,-)	68.97
AYEL01091721.1:130379-130628(+,-)	71.67
AYEL01079367.1:37615-37913(+,-)	78.77
AYEL01072335.1:13416-13632(+,-)	76.30
AYEL01038559.1:94-380(+,-)	74.77
AYEL01068426.1:32328-32570(+,-)	72.77
AYEL01069857.1:22212-22467(+,-)	79.84
AYEL01091124.1:6639-6884(+,-)	73.80
AYEL01083691.1:14454-14678(+,-)	64.96
AYEL01088289.1:46787-47033(+,-)	72.05
AYEL01080211.1:187069-187308(+,-)	83.80
AYEL01056151.1:8073-8344(+,-)	67.46
AYEL01087924.1:24502-24729(+,-)	68.75
AYEL01078655.1:14581-14821(+,-)	73.91
AYEL01016282.1:13867-14145(+,-)	74.29
AYEL01048787.1:2126-2337(+,-)	61.59
AYEL01092090.1:22666-22901(+,-)	82.68
AYEL01067638.1:8494-8802(+,-)	83.24
AYEL01028964.1:8154-8371(+,-)	62.75
AYEL01091482.1:8795-9000(+,-)	73.51
AYEL01079050.1:8609-8847(+,-)	72.73
AYEL01029449.1:5032-5258(+,-)	76.97
AYEL01034340.1:169017-169261(+,-)	64.18
AYEL01046893.1:16028-16232(+,-)	64.77
AYEL01079753.1:4694-4929(+,-)	77.14
AYEL01065673.1:31758-31974(+,-)	68.85
AYEL01092188.1:19759-19958(+,-)	63.54
AYEL01081947.1:136589-136804(+,-)	74.74
AYEL01060132.1:36079-36376(+,-)	71.65
AYEL01070975.1:25750-25982(+,-)	74.57
AYEL01061351.1:6526-6753(+,-)	68.18
AYEL01076121.1:87750-87956(+,-)	73.58
AYEL01065729.1:6211-6617(+,-)	81.56
AYEL01089185.1:24956-25380(+,-)	67.46
AYEL01080987.1:2183-2419(+,-)	67.80
AYEL01087044.1:20082-20327(+,-)	73.19
AYEL01090281.1:8076-8310(+,-)	76.57
AYEL01090846.1:3125-3354(+,-)	77.46
AYEL01066896.1:15748-16041(+,-)	78.77
AYEL01084206.1:55073-55315(+,-)	73.19
AYEL01083455.1:13782-14011(+,-)	84.85
AYEL01074334.1:521-806(+,-)	76.53
AYEL01038802.1:17191-17386(+,-)	72.63
AYEL01080358.1:15427-15624(+,-)	65.98
AYEL01025772.1:34008-34247(+,-)	72.16
AYEL01081697.1:12869-13104(+,-)	78.98
AYEL01082777.1:65482-65679(+,-)	86.39
AYEL01086564.1:12597-12862(+,-)	82.86
AYEL01083288.1:17627-17861(+,-)	82.29
AYEL01066570.1:97000-97226(+,-)	67.43
AYEL01075758.1:74739-74949(+,-)	73.33
AYEL01062344.1:52974-53217(+,-)	70.11
AYEL01075352.1:966-1206(+,-)	72.10
AYEL01074008.1:15078-15312(+,-)	84.02
AYEL01054634.1:48193-48579(+,-)	71.15
AYEL01084982.1:66261-66464(+,-)	72.82
AYEL01064222.1:1524-1767(+,-)	72.05
AYEL01080982.1:25938-26174(+,-)	83.05
AYEL01088004.1:2766-3004(+,-)	69.40
AYEL01090096.1:13598-13793(+,-)	78.23
AYEL01071474.1:14225-14557(+,-)	78.89
AYEL01090206.1:18294-18599(+,-)	75.98
AYEL01055064.1:1775-2010(+,-)	82.29
AYEL01077025.1:12072-12299(+,-)	83.43
AYEL01071582.1:17788-18026(+,-)	74.16
AYEL01012546.1:946-1421(+,-)	78.53
AYEL01044805.1:22634-22869(+,-)	79.29
AYEL01054132.1:6889-7127(+,-)	71.43
AYEL01062475.1:3171-3410(+,-)	68.40
AYEL01080015.1:59575-59769(+,-)	81.46
AYEL01041914.1:81055-81285(+,-)	76.79
AYEL01064897.1:42759-42995(+,-)	77.65
AYEL01084734.1:26206-26446(+,-)	73.82
AYEL01090086.1:11103-11295(+,-)	68.00
AYEL01069059.1:2938-3174(+,-)	82.49
AYEL01076166.1:135064-135260(-)	69.23
AYEL01077017.1:8954-9185(+,-)	69.20
AYEL01016745.1:52201-52440(+,-)	81.50
AYEL01084409.1:25894-26097(-)	76.38
AYEL01070848.1:16687-16928(+,-)	72.65
AYEL01062181.1:15627-16023(+,-)	63.98
AYEL01078009.1:3408-3597(+,-)	71.43
AYEL01061569.1:1076-1384(+,-)	76.57
AYEL01078637.1:8333-8570(+,-)	73.28
AYEL01053288.1:18942-19181(+,-)	70.26
AYEL01079398.1:41057-41288(+,-)	69.74
AYEL01051114.1:111976-112198(-)	58.26
AYEL01068511.1:6020-6264(+,-)	77.09
AYEL01078810.1:51037-51276(+,-)	75.98
AYEL01068438.1:3148-3385(+,-)	61.74
AYEL01075946.1:849-1087(+,-)	83.24
AYEL01078705.1:26313-26541(+,-)	64.57
AYEL01029892.1:5816-6021(+,-)	73.95
AYEL01090004.1:50872-51103(+,-)	72.99
AYEL01052624.1:46262-46564(+,-)	80.65
AYEL01084438.1:4016-4214(+,-)	71.03
AYEL01039189.1:116-402(+,-)	78.54
AYEL01089419.1:9627-9931(+,-)	86.16
AYEL01069639.1:3868-4106(+,-)	83.52
AYEL01006806.1:4893-5098(+,-)	80.45
AYEL01091256.1:27910-28136(+,-)	82.14
AYEL01028820.1:19841-20081(+,-)	81.92
AYEL01020704.1:4531-4733(+,-)	83.93
AYEL01080872.1:677-960(+,-)	79.72
AYEL01081266.1:9033-9278(+,-)	72.57
AYEL01091347.1:30980-31220(+,-)	82.12
AYEL01069425.1:34850-35041(+,-)	65.09
AYEL01088013.1:8846-9131(+,-)	82.41
AYEL01015530.1:15266-15504(+,-)	81.07
AYEL01060125.1:31001-31238(+,-)	78.02
AYEL01082464.1:24135-24331(-)	73.28
AYEL01085846.1:54588-54890(+,-)	76.36
AYEL01074992.1:1045-1283(+,-)	83.62
AYEL01079790.1:2306-2637(+,-)	76.77
AYEL01091971.1:6583-6895(+,-)	74.70
AYEL01085126.1:15796-16034(+,-)	79.78
AYEL01034971.1:41523-41761(+,-)	82.02
AYEL01090575.1:37468-37710(+,-)	67.69
AYEL01059237.1:174-407(+,-)	73.13
AYEL01084232.1:634-862(+,-)	70.53
AYEL01089590.1:12551-12782(+,-)	69.27
AYEL01064505.1:57345-57616(+,-)	75.86
AYEL01052469.1:66970-67202(+,-)	77.27
AYEL01061927.1:1581-1866(+,-)	71.36
AYEL01090490.1:65228-65464(+,-)	78.77
AYEL01074728.1:33744-33998(+,-)	74.89
AYEL01086398.1:1285-1675(+,-)	82.68
AYEL01082585.1:18757-18968(+,-)	64.95
AYEL01086684.1:19523-19756(+,-)	81.40
AYEL01072482.1:56355-56583(+,-)	67.82
AYEL01089564.1:5010-5218(+,-)	74.57
AYEL01053583.1:66754-66981(+,-)	72.27
AYEL01059421.1:31283-31573(+,-)	89.66
AYEL01063598.1:3805-3996(+,-)	81.82
AYEL01088157.1:51989-52186(+,-)	77.91
AYEL01090421.1:73908-74104(+,-)	71.33
AYEL01057400.1:20898-21100(+,-)	65.66
AYEL01083438.1:41824-42029(+,-)	75.00
AYEL01061892.1:37744-37984(+,-)	71.67
AYEL01067609.1:42591-42828(+,-)	71.11
AYEL01068520.1:63552-63785(+,-)	80.12
AYEL01051607.1:32908-33140(+,-)	81.01
AYEL01052970.1:17337-17544(-)	59.28
AYEL01078845.1:18548-18737(-)	72.34
AYEL01077769.1:533-773(+,-)	72.96
AYEL01026802.1:6186-6395(+,-)	78.26
AYEL01069785.1:54749-54988(+,-)	74.25
AYEL01072173.1:9569-9776(+,-)	70.21
AYEL01064054.1:81070-81290(+)	60.00
AYEL01083185.1:15651-15980(+,-)	79.72
AYEL01058715.1:5050-5293(+,-)	72.34
AYEL01063867.1:53110-53305(+)	65.28
AYEL01048194.1:453-661(+,-)	64.79
AYEL01073532.1:7400-7585(-)	82.76
AYEL01082689.1:24871-25106(+,-)	78.95
AYEL01063217.1:1336-1576(+,-)	73.39
AYEL01061920.1:3231-3521(+,-)	67.95
AYEL01058757.1:22523-22777(+,-)	78.77
AYEL01080713.1:4153-4360(-)	64.38
AYEL01074359.1:1024-1216(+,-)	60.00
AYEL01069484.1:7051-7236(+,-)	67.84
AYEL01084665.1:426-666(+,-)	75.54
AYEL01024923.1:88770-88977(+,-)	61.86
AYEL01084672.1:81332-81562(+,-)	83.03
AYEL01045916.1:10175-10415(+,-)	83.24
AYEL01082566.1:34020-34232(+,-)	82.58
AYEL01015988.1:51-251(+,-)	71.29
AYEL01072817.1:28907-29208(+,-)	88.33
AYEL01075352.1:4745-4987(+,-)	73.28
AYEL01073978.1:104009-104236(+,-)	79.87
AYEL01081251.1:6344-6579(+,-)	79.55
AYEL01071844.1:59481-59680(+,-)	73.94
AYEL01058953.1:2251-2491(+,-)	73.82
AYEL01049213.1:52817-53082(+,-)	75.54
AYEL01088402.1:9776-9981(+,-)	72.00
AYEL01050888.1:63273-63500(+,-)	77.45
AYEL01088942.1:11174-11379(+,-)	70.83
AYEL01091301.1:192353-192556(+,-)	63.52
AYEL01021135.1:47599-47761(+)	73.21
AYEL01084058.1:27787-28030(+,-)	69.57
AYEL01087254.1:29826-30039(+,-)	78.09
AYEL01062456.1:4128-4326(+,-)	65.13
AYEL01084731.1:45294-45502(+,-)	68.12
AYEL01066626.1:1557-1787(+,-)	73.15
AYEL01085389.1:10892-11120(+,-)	58.82
AYEL01076234.1:16627-16940(+)	74.85
AYEL01075352.1:5355-5781(+,-)	81.08
AYEL01091252.1:21233-21473(+,-)	70.82
AYEL01044148.1:34089-34320(+,-)	75.54
AYEL01085269.1:5057-5266(-)	74.58
AYEL01085911.1:3424-3657(+,-)	77.27
AYEL01080405.1:19496-19718(+,-)	61.32
AYEL01079049.1:81-313(+,-)	83.52
AYEL01089840.1:3758-4003(+,-)	73.84
AYEL01089047.1:36721-37037(+,-)	70.98
AYEL01054692.1:101659-101882(+,-)	69.43
AYEL01082318.1:67199-67427(+,-)	83.14
AYEL01047197.1:10518-10758(+,-)	72.96
AYEL01081371.1:123746-123960(+,-)	83.65
AYEL01053683.1:3992-4226(+,-)	71.02
AYEL01072891.1:15332-15568(+,-)	77.97
AYEL01082062.1:2691-2896(+,-)	72.79
AYEL01083399.1:60637-60852(+,-)	75.93
AYEL01061586.1:3374-3578(+,-)	58.55
AYEL01070372.1:58592-58809(+,-)	71.97
AYEL01059724.1:47765-47972(+,-)	84.36
AYEL01090064.1:2604-2854(+,-)	70.66
AYEL01079181.1:7958-8160(+,-)	79.17
AYEL01088369.1:55300-55575(+,-)	78.11
AYEL01060340.1:41617-41871(+,-)	85.00
AYEL01072688.1:66471-66722(+,-)	85.34
AYEL01061239.1:77824-78027(-)	76.38
AYEL01081563.1:37864-38101(+,-)	72.53
AYEL01012080.1:31719-31941(+,-)	64.71
AYEL01020083.1:17994-18222(+,-)	82.91
AYEL01061867.1:17701-17943(+,-)	80.00
AYEL01007621.1:1885-2080(+)	88.24
AYEL01075312.1:99219-99475(+)	75.00
AYEL01068002.1:6676-6915(+,-)	75.57
AYEL01082093.1:3975-4179(+,-)	76.92
AYEL01020366.1:2836-3134(+,-)	84.25
AYEL01084423.1:14918-15160(+,-)	73.62
AYEL01088025.1:7379-7590(+,-)	70.73
AYEL01068955.1:2633-2859(+,-)	84.94
AYEL01076111.1:81094-81327(+,-)	76.10
AYEL01051380.1:46248-46477(+,-)	82.68
AYEL01051885.1:32107-32317(+,-)	60.12
AYEL01091785.1:8714-8939(+,-)	72.39
AYEL01060196.1:17695-17931(+,-)	78.74
AYEL01070604.1:17615-17849(+,-)	80.68
AYEL01075869.1:20059-20281(+,-)	66.27
AYEL01081807.1:24792-25010(+,-)	74.43
AYEL01060883.1:27958-28201(+,-)	77.27
AYEL01058470.1:51212-51438(-)	75.59
AYEL01078643.1:14343-14580(+,-)	79.14
AYEL01063498.1:5204-5441(+,-)	81.25
AYEL01058844.1:1276-1562(+,-)	80.29
AYEL01089228.1:2046-2262(+,-)	81.77
AYEL01065587.1:22409-22632(+,-)	77.51
AYEL01065161.1:65300-65560(+,-)	80.45
AYEL01083920.1:4888-5102(+,-)	82.04
AYEL01065592.1:19182-19420(+,-)	67.63
AYEL01072626.1:33707-33957(+,-)	82.05
AYEL01084449.1:46462-46668(+,-)	79.89
AYEL01081354.1:1412-1614(+,-)	81.17
AYEL01069841.1:14237-14474(+,-)	74.86
AYEL01031874.1:75500-75789(+,-)	79.44
AYEL01056778.1:34604-34849(+,-)	72.88
AYEL01059045.1:514-727(+,-)	80.37
AYEL01084655.1:30748-31178(+,-)	81.13
AYEL01092323.1:4602-4841(+,-)	74.89
AYEL01081813.1:1857-2099(+,-)	71.01
AYEL01086717.1:11752-11972(+,-)	75.80
AYEL01062013.1:947-1282(+,-)	85.48
AYEL01082008.1:4490-4710(+,-)	61.46
AYEL01064116.1:27689-27927(+,-)	73.71
AYEL01074194.1:65161-65400(+,-)	84.36
AYEL01088269.1:36193-36432(+,-)	73.71
AYEL01076066.1:29465-29694(+,-)	75.46
AYEL01064086.1:10350-10582(+,-)	82.58
AYEL01054697.1:41386-41606(+,-)	72.05
AYEL01081722.1:19490-19713(+,-)	78.18
AYEL01070154.1:28202-28433(+,-)	76.19
AYEL01091092.1:31398-31631(+,-)	72.13
AYEL01086853.1:36461-36698(+,-)	75.98
AYEL01074116.1:105698-105923(+,-)	65.43
AYEL01089358.1:85611-85837(+,-)	79.89
AYEL01062547.1:4337-4554(-)	64.29
AYEL01059952.1:17767-17990(+,-)	77.84
AYEL01077150.1:17876-18073(+,-)	66.48
AYEL01065559.1:41613-41848(+,-)	82.86
AYEL01079451.1:90431-90670(+,-)	69.83
AYEL01069716.1:18650-18861(+,-)	58.16
AYEL01042183.1:347-624(+,-)	80.28
AYEL01000613.1:46-257(+,-)	81.36
AYEL01081282.1:7841-8049(-)	60.00
AYEL01073154.1:1287-1531(+,-)	63.16
AYEL01088273.1:598-807(+,-)	63.41
AYEL01090762.1:62485-62731(+,-)	72.12
AYEL01051223.1:11864-12203(+,-)	78.18
AYEL01027718.1:44426-44662(+,-)	84.83
AYEL01059084.1:447-662(+,-)	75.41
AYEL01088012.1:8289-8493(+,-)	64.06
AYEL01087771.1:54942-55162(+,-)	76.14
AYEL01090490.1:75994-76205(+,-)	77.65
AYEL01079846.1:34812-35036(+,-)	61.35
AYEL01044742.1:6448-6657(+,-)	76.24
AYEL01086144.1:1591-1824(+,-)	72.57
AYEL01085332.1:9085-9314(+,-)	66.22
AYEL01074493.1:93370-93606(+,-)	69.71
AYEL01069299.1:9274-9516(+,-)	67.24
AYEL01088080.1:13997-14232(+,-)	83.23
AYEL01085335.1:3551-3780(+,-)	80.68
AYEL01051802.1:5085-5303(+,-)	81.87
AYEL01035834.1:3568-3807(+,-)	81.14
AYEL01078640.1:1437-1673(+,-)	84.75
AYEL01029284.1:134332-134563(-)	74.53
AYEL01078021.1:37132-37344(+,-)	74.67
AYEL01072027.1:25848-26142(+,-)	82.81
AYEL01081129.1:4353-4681(+,-)	82.46
AYEL01090767.1:15617-15990(+,-)	66.84
AYEL01091452.1:41400-41633(+,-)	79.89
AYEL01081359.1:32953-33150(+,-)	83.01
AYEL01085401.1:93307-93546(+,-)	71.12
AYEL01087674.1:10176-10607(+,-)	77.33
AYEL01082906.1:15842-16075(+,-)	67.24
AYEL01074340.1:634-926(+,-)	73.06
AYEL01059143.1:1960-2198(+,-)	82.68
AYEL01091624.1:8419-8651(+,-)	81.36
AYEL01049046.1:31435-31636(-)	63.44
AYEL01046893.1:15012-15533(+,-)	76.16
AYEL01080924.1:25033-25233(+,-)	64.42
AYEL01027573.1:15791-16030(+,-)	83.24
AYEL01075341.1:65467-65653(+)	56.67
AYEL01084987.1:14537-14761(+,-)	71.88
AYEL01088878.1:20828-21110(+,-)	71.25
AYEL01060492.1:16197-16437(+,-)	76.67
AYEL01069036.1:19702-19920(+,-)	60.30
AYEL01058852.1:12326-12566(+,-)	74.25
AYEL01077747.1:23245-23558(+,-)	71.49
AYEL01021621.1:16527-16766(+,-)	84.83
AYEL01062677.1:28677-29131(+,-)	81.58
AYEL01088223.1:12968-13207(+,-)	76.74
AYEL01088739.1:5904-6310(+,-)	83.24
AYEL01068555.1:3196-3432(+,-)	74.68
AYEL01084409.1:70778-71113(+)	75.29
AYEL01069950.1:807-1047(+,-)	73.82
AYEL01086630.1:25455-25810(+,-)	67.11
AYEL01076219.1:27910-28148(+,-)	71.12
AYEL01080158.1:47748-47910(+)	78.90
AYEL01081198.1:1073-1310(+,-)	82.49
AYEL01056778.1:26795-27040(+,-)	72.88
AYEL01064981.1:3985-4370(+,-)	84.12
AYEL01077677.1:2678-2938(+,-)	71.29
AYEL01063753.1:2414-2610(+)	78.29
AYEL01085458.1:7452-7676(+,-)	69.89
AYEL01085501.1:829-1042(+,-)	72.00
AYEL01080859.1:5198-5417(+,-)	74.84
AYEL01091557.1:8368-8602(+,-)	69.60
AYEL01069913.1:1-208(+,-)	78.08
AYEL01081807.1:80036-80271(+,-)	75.36
AYEL01077362.1:74117-74350(+,-)	77.71
AYEL01085944.1:44960-45174(+,-)	73.61
AYEL01079846.1:2837-3077(+,-)	83.62
AYEL01088946.1:46930-47145(+,-)	90.70
AYEL01061245.1:1767-1985(+,-)	69.10
AYEL01072436.1:30297-30565(+,-)	72.89
AYEL01072453.1:4364-4562(+,-)	77.89
AYEL01072980.1:52853-53063(+,-)	70.00
AYEL01021627.1:364-592(+,-)	75.00
AYEL01089899.1:48955-49143(+,-)	76.97
AYEL01083185.1:16540-16780(+,-)	74.25
AYEL01085548.1:3424-3741(+,-)	77.14
AYEL01084422.1:142064-142307(+,-)	74.04
AYEL01016310.1:33604-33813(+,-)	63.56
AYEL01092090.1:19387-19602(+,-)	79.05
AYEL01075680.1:9211-9407(+,-)	73.48
AYEL01077791.1:36270-36510(+,-)	85.47
AYEL01075387.1:19823-20052(+,-)	75.31
AYEL01070848.1:13904-14122(+,-)	67.29
AYEL01091721.1:131368-131597(+,-)	81.48
AYEL01081495.1:20299-20547(+,-)	82.32
AYEL01069424.1:34455-34697(+,-)	72.92
AYEL01029408.1:48982-49305(+,-)	85.23
AYEL01036790.1:53362-53572(-)	68.81
AYEL01040423.1:8827-9071(+,-)	73.48
AYEL01060100.1:8543-8782(+,-)	72.52
AYEL01087940.1:41832-42077(+,-)	73.84
AYEL01058966.1:29867-30107(+,-)	80.34
AYEL01076808.1:8041-8230(-)	67.08
AYEL01085567.1:43776-44008(+,-)	72.78
AYEL01012566.1:35682-35905(+,-)	69.47
AYEL01090418.1:6256-6491(+,-)	73.13
AYEL01065465.1:9727-9931(+,-)	69.84
AYEL01087537.1:260606-260826(+,-)	69.88
AYEL01064389.1:1621-1861(+,-)	73.82
AYEL01085454.1:114157-114396(+,-)	86.73
AYEL01085954.1:77602-77799(+,-)	73.86
AYEL01091836.1:50715-50952(+,-)	75.43
AYEL01068363.1:9806-10065(+,-)	69.83
AYEL01072760.1:9086-9313(+,-)	73.65
AYEL01081816.1:37085-37318(+,-)	74.22
AYEL01081876.1:44762-45018(+,-)	71.63
AYEL01082909.1:18165-18380(+,-)	77.05
AYEL01076721.1:12054-12273(+,-)	61.02
AYEL01091200.1:2478-2682(+,-)	71.88
AYEL01057026.1:435-668(+,-)	71.14
AYEL01082950.1:17416-17672(+,-)	79.33
AYEL01049471.1:155013-155239(+,-)	63.86
AYEL01092397.1:7662-7885(+,-)	64.29
AYEL01083614.1:74355-74592(+,-)	77.84
AYEL01039441.1:2791-3057(+,-)	82.68
AYEL01013452.1:27229-27467(+,-)	76.84
AYEL01091802.1:11727-11949(+,-)	82.02
AYEL01070896.1:29877-30103(+,-)	68.18
AYEL01059662.1:14797-15032(+,-)	83.24
AYEL01036790.1:58387-58614(+,-)	82.58
AYEL01068495.1:15339-15576(+,-)	84.36
AYEL01089016.1:13955-14163(+,-)	67.13
AYEL01074352.1:8996-9190(-)	84.30
AYEL01063454.1:4625-4882(+,-)	63.44
AYEL01059421.1:14117-14315(+,-)	74.70
AYEL01025827.1:4819-5107(+,-)	73.68
AYEL01079247.1:37845-38183(+,-)	77.78
AYEL01048714.1:214-522(+,-)	72.53
AYEL01077117.1:38841-39033(-)	81.94
AYEL01060042.1:36999-37240(+,-)	67.83
AYEL01026738.1:129-416(+,-)	80.56
AYEL01072173.1:8954-9179(+,-)	63.58
AYEL01068823.1:55595-55885(+,-)	74.55
AYEL01070069.1:14591-14831(+,-)	72.96
AYEL01052379.1:10787-11018(+,-)	63.71
AYEL01046102.1:4555-4753(+,-)	72.66
AYEL01064705.1:35983-36297(+,-)	87.88
AYEL01056986.1:27404-27655(+,-)	85.03
AYEL01052348.1:967-1232(+,-)	78.16
AYEL01068057.1:33135-33494(+,-)	71.05
AYEL01088724.1:24719-24935(+,-)	65.00
AYEL01091804.1:45891-46090(+,-)	69.66
AYEL01087751.1:15143-15563(+,-)	78.71
AYEL01083716.1:9161-9399(+,-)	67.11
AYEL01071638.1:29310-29514(+,-)	75.28
AYEL01091749.1:4188-4426(+,-)	72.81
AYEL01075033.1:17484-17717(+,-)	70.80
AYEL01084017.1:38087-38297(+,-)	79.50
AYEL01063939.1:17339-17569(+,-)	83.24
AYEL01089442.1:5547-5787(+,-)	83.24
AYEL01027719.1:63121-63350(+,-)	70.09
AYEL01045267.1:11557-11779(+,-)	64.00
AYEL01068587.1:74506-74722(+,-)	62.58
AYEL01088193.1:46580-46798(+,-)	75.83
AYEL01063406.1:11717-11964(+,-)	70.43
AYEL01068057.1:24833-25058(+,-)	59.31
AYEL01068920.1:4436-4653(+,-)	71.76
AYEL01083723.1:16988-17282(+,-)	77.00
AYEL01065610.1:33900-34103(+,-)	75.00
AYEL01082133.1:46483-46930(+,-)	75.23
AYEL01088812.1:35777-36006(+,-)	72.12
AYEL01089411.1:15421-15674(+,-)	64.07
AYEL01085016.1:70207-70416(+)	75.28
AYEL01069332.1:30086-30313(+,-)	76.97
AYEL01080468.1:27981-28194(+,-)	72.62
AYEL01072584.1:11512-11798(+,-)	85.11
AYEL01053643.1:5724-5949(+,-)	69.94
AYEL01072866.1:116457-116661(+,-)	76.00
AYEL01032809.1:18030-18276(+,-)	75.32
AYEL01073787.1:2346-2560(+,-)	68.93
AYEL01091554.1:12794-13030(+,-)	79.43
AYEL01071235.1:4526-4719(+,-)	62.16
AYEL01069733.1:8137-8443(+,-)	76.82
AYEL01088013.1:14602-14840(+,-)	71.43
AYEL01040566.1:35776-35990(+,-)	83.65
AYEL01087860.1:5066-5293(+,-)	76.38
AYEL01061718.1:16445-16730(+,-)	81.92
AYEL01049561.1:205-442(+,-)	69.57
AYEL01085365.1:18346-18591(-)	61.24
AYEL01086203.1:33594-33831(+,-)	73.14
AYEL01085806.1:13194-13422(+,-)	82.98
AYEL01089572.1:681-912(+,-)	68.47
AYEL01081668.1:4324-4583(+,-)	86.36
AYEL01009610.1:27706-27947(+,-)	74.42
AYEL01071832.1:24172-24388(+,-)	73.73
AYEL01048391.1:9703-9931(+,-)	66.82
AYEL01057042.1:75763-76008(+,-)	73.62
AYEL01076705.1:27430-27668(+,-)	80.45
AYEL01080958.1:37999-38238(+,-)	69.44
AYEL01072453.1:16073-16493(+,-)	79.78
AYEL01078655.1:14838-15076(+,-)	84.36
AYEL01024505.1:7036-7273(+,-)	79.89
AYEL01039889.1:167698-167964(+,-)	68.93
AYEL01082127.1:0-194(+,-)	82.64
AYEL01042551.1:30501-30730(+,-)	75.86
AYEL01086216.1:20522-20748(+,-)	75.31
AYEL01027296.1:109239-109478(+,-)	74.14
AYEL01076243.1:4172-4377(+,-)	65.66
AYEL01028232.1:3239-3443(+,-)	72.09
AYEL01043685.1:7844-8075(+,-)	75.42
AYEL01065182.1:20734-20978(+,-)	79.56
AYEL01050638.1:7192-7413(+,-)	63.92
AYEL01085999.1:8894-9135(+,-)	74.47
AYEL01060345.1:915-1153(+,-)	74.46
AYEL01078196.1:8338-8557(+,-)	63.33
AYEL01088157.1:52549-52787(+,-)	69.70
AYEL01062235.1:41325-41556(+,-)	65.09
AYEL01066342.1:13594-13831(+,-)	74.35
AYEL01070333.1:68355-68660(+,-)	67.25
AYEL01085337.1:4277-4475(+,-)	70.95
AYEL01082169.1:9515-9733(+,-)	70.62
AYEL01070194.1:11619-11836(+,-)	73.26
AYEL01069251.1:20368-20729(+,-)	75.78
AYEL01063586.1:13086-13293(+,-)	77.33
AYEL01072248.1:6544-6783(+,-)	70.69
AYEL01075833.1:64185-64422(+,-)	75.22
AYEL01052518.1:68863-69081(+,-)	65.14
AYEL01058986.1:14470-14691(+,-)	81.11
AYEL01071575.1:18978-19208(-)	75.20
AYEL01057189.1:3071-3307(+,-)	80.90
AYEL01064101.1:24883-25184(+,-)	75.14
AYEL01056715.1:3686-3879(+,-)	65.98
AYEL01063752.1:69426-69722(+,-)	78.11
AYEL01075833.1:19750-19984(+,-)	76.57
AYEL01086258.1:65280-65517(+,-)	79.89
AYEL01086551.1:4486-4733(+,-)	74.04
AYEL01091939.1:14761-15037(+,-)	69.49
AYEL01078845.1:22692-22916(+,-)	64.52
AYEL01090216.1:1987-2236(+,-)	67.97
AYEL01068156.1:4632-4840(-)	79.17
AYEL01064106.1:37292-37519(+,-)	76.29
AYEL01071802.1:10765-11003(+,-)	82.12
AYEL01080031.1:56250-56445(+)	60.00
AYEL01088352.1:73269-73549(+,-)	73.08
AYEL01081947.1:138591-138816(+,-)	81.46
AYEL01064431.1:2021-2257(+,-)	81.14
AYEL01061360.1:35828-36068(+,-)	76.39
AYEL01060132.1:12849-13072(+,-)	80.37
AYEL01043219.1:12017-12358(+,-)	75.11
AYEL01054634.1:63658-63882(+,-)	67.88
AYEL01083633.1:157320-157598(+,-)	81.25
AYEL01073384.1:1999-2241(+,-)	71.75
AYEL01040832.1:3812-4211(+,-)	82.46
AYEL01058374.1:3599-3833(+,-)	75.28
AYEL01087903.1:2568-2768(-)	58.48
AYEL01066712.1:65700-65893(-)	69.42
AYEL01074335.1:903-1319(+,-)	82.35
AYEL01073998.1:33473-33713(+,-)	72.10
AYEL01068028.1:9360-9590(+,-)	76.81
AYEL01079988.1:82434-82674(+,-)	83.80
AYEL01064029.1:2867-3063(-)	66.67
AYEL01081398.1:15922-16202(+,-)	78.50
AYEL01060935.1:86947-87186(+,-)	68.10
AYEL01085844.1:19931-20170(+,-)	82.95
AYEL01065866.1:2412-2635(+,-)	67.23
AYEL01047288.1:153-379(+,-)	79.51
AYEL01075680.1:12493-12726(+,-)	79.78
AYEL01081051.1:343-589(+,-)	76.97
AYEL01071805.1:7981-8254(+,-)	82.86
AYEL01081405.1:50325-50539(+,-)	76.79
AYEL01088768.1:22114-22334(+,-)	63.97
AYEL01063682.1:6412-6618(+,-)	68.42
AYEL01091227.1:2716-2949(+,-)	75.65
AYEL01007846.1:26300-26534(+,-)	66.67
AYEL01091770.1:25905-26132(+,-)	76.62
AYEL01079856.1:1957-2192(+,-)	74.72
AYEL01073425.1:25304-25511(+,-)	63.00
AYEL01073874.1:45900-46137(+,-)	66.67
AYEL01084145.1:6736-7053(+,-)	86.86
AYEL01080529.1:2616-2887(+,-)	87.59
AYEL01089047.1:35675-35898(+,-)	71.95
AYEL01078799.1:11412-11648(+,-)	73.30
AYEL01081547.1:7314-7747(+,-)	81.13
AYEL01025767.1:37294-37688(+,-)	75.00
AYEL01083865.1:60150-60462(+,-)	72.31
AYEL01053432.1:14149-14379(+,-)	82.14
AYEL01089300.1:20775-21007(+,-)	69.70
AYEL01075467.1:28672-28876(+,-)	69.37
AYEL01054070.1:39734-39947(+,-)	77.88
AYEL01078182.1:885-1109(+,-)	69.41
AYEL01046530.1:27761-27992(+,-)	74.01
AYEL01067546.1:33017-33227(+,-)	63.16
AYEL01066788.1:13118-13351(+,-)	75.45
AYEL01062591.1:15970-16290(+,-)	77.40
AYEL01062473.1:3706-3946(+,-)	70.82
AYEL01089777.1:359-594(+,-)	71.62
AYEL01089515.1:36908-37134(+,-)	81.64
AYEL01079515.1:6330-6560(+,-)	76.51
AYEL01073951.1:15-254(+,-)	82.12
AYEL01088678.1:43533-43729(+,-)	60.37
AYEL01070250.1:82247-82450(-)	76.38
AYEL01090195.1:301-535(+,-)	66.67
AYEL01075680.1:11935-12175(+,-)	78.03
AYEL01067542.1:5970-6196(+,-)	83.52
AYEL01082180.1:905-1146(+,-)	71.24
AYEL01080474.1:14885-15352(+,-)	74.71
AYEL01086316.1:42869-43102(+,-)	70.00
AYEL01081676.1:7037-7273(+,-)	78.53
AYEL01090303.1:49194-49487(+,-)	79.56
AYEL01087030.1:6986-7179(+,-)	66.98
AYEL01062206.1:15517-15765(+,-)	73.93
AYEL01078100.1:50024-50255(+,-)	64.73
AYEL01089516.1:5538-5872(+,-)	84.15
AYEL01087203.1:39743-39932(+,-)	77.32
AYEL01060628.1:12843-13080(+,-)	68.89
AYEL01066022.1:18224-18422(-)	78.38
AYEL01083801.1:58461-58937(+,-)	82.53
AYEL01066504.1:15808-16039(+,-)	62.87
AYEL01076617.1:7225-7455(+,-)	65.82
AYEL01079149.1:17901-18189(+,-)	73.61
AYEL01091885.1:39256-39463(+,-)	75.36
AYEL01074222.1:34664-34903(+,-)	65.20
AYEL01082739.1:32576-32807(+,-)	69.49
AYEL01015530.1:5810-6050(+,-)	69.53
AYEL01078443.1:85873-86071(+,-)	63.29
AYEL01087307.1:1300-1536(+,-)	69.94
AYEL01086717.1:10538-10766(+,-)	81.55
AYEL01086091.1:15483-15739(+,-)	63.87
AYEL01079266.1:73185-73402(+,-)	71.43
AYEL01064789.1:4410-4628(+,-)	76.05
