AYEL01077173.1:10312-10441(-)	66.94
AYEL01018955.1:4953-5101(+)	66.91
AYEL01047725.1:1735-1929(-)	59.89
AYEL01085675.1:513-656(-)	66.67
AYEL01043830.1:4914-5063(-)	66.89
AYEL01039842.1:1695-1841(+)	68.61
AYEL01069194.1:3734-3884(-)	66.67
AYEL01063454.1:15678-15827(-)	69.39
AYEL01047158.1:22481-22651(-)	73.05
AYEL01070308.1:50133-50260(+)	62.70
AYEL01079377.1:30181-30327(-)	64.58
AYEL01072228.1:21840-21990(-)	66.22
AYEL01080573.1:170193-170329(-)	62.71
AYEL01083280.1:2030-2173(+)	65.93
AYEL01086409.1:902-1052(+)	67.38
AYEL01018221.1:46815-46941(-)	63.93
AYEL01086864.1:102809-102982(-)	68.57
AYEL01078404.1:14059-14238(-)	63.28
AYEL01056051.1:34858-35009(+)	68.79
AYEL01065066.1:51943-52092(-)	63.57
AYEL01080543.1:18800-18950(-)	65.71
AYEL01087905.1:55712-55861(+)	66.44
AYEL01062198.1:24458-24608(-)	70.29
AYEL01085394.1:1650-1865(-)	68.79
AYEL01074016.1:52541-52690(-)	67.14
AYEL01081855.1:82969-83116(-)	70.00
AYEL01005599.1:44217-44364(+)	66.42
AYEL01083625.1:6942-7090(+)	60.81
AYEL01050812.1:9991-10135(-)	65.22
AYEL01088130.1:24219-24356(-)	66.41
AYEL01092312.1:97522-97672(+)	68.71
AYEL01075835.1:27353-27488(-)	62.40
AYEL01068158.1:8130-8280(-)	68.03
AYEL01060598.1:19178-19326(+)	67.44
AYEL01052366.1:42726-42860(+)	67.42
AYEL01068155.1:10493-10644(-)	68.09
AYEL01086582.1:2682-2830(+)	68.35
AYEL01020849.1:106669-106820(-)	65.77
AYEL01041838.1:11356-11497(+)	71.01
AYEL01081871.1:24002-24150(+)	66.67
AYEL01084869.1:18871-19000(-)	67.02
AYEL01090047.1:19536-19691(+)	65.94
AYEL01082736.1:5785-5933(-)	69.29
AYEL01066470.1:1257-1404(-)	62.50
AYEL01031874.1:6149-6282(+)	69.92
AYEL01062475.1:10774-10919(-)	64.03
AYEL01089552.1:20154-20304(+)	72.14
AYEL01088813.1:8262-8447(+)	66.30
AYEL01052540.1:1914-2056(-)	62.69
AYEL01076182.1:5955-6079(-)	68.63
AYEL01074424.1:2187-2331(-)	64.71
AYEL01046115.1:55546-55693(+)	67.63
AYEL01088388.1:3888-4038(+)	66.43
AYEL01035496.1:287-437(-)	61.94
AYEL01038502.1:9222-9370(-)	68.28
AYEL01074363.1:17298-17447(-)	67.18
AYEL01055631.1:8867-9014(-)	69.06
AYEL01068432.1:59919-60070(-)	67.79
AYEL01063797.1:22930-23051(-)	70.34
AYEL01062753.1:16677-16823(+)	67.88
AYEL01083279.1:2497-2637(+)	68.42
AYEL01092383.1:197275-197425(+)	69.78
AYEL01062197.1:8864-8993(-)	65.09
AYEL01032228.1:462-595(-)	66.94
AYEL01059652.1:78488-78634(+)	71.01
AYEL01069600.1:20864-21010(-)	65.47
AYEL01074072.1:1724-1872(+)	65.75
AYEL01084816.1:3977-4124(-)	65.19
AYEL01072919.1:6869-7019(-)	68.24
AYEL01074951.1:34147-34294(-)	68.06
AYEL01056061.1:59785-59934(+)	67.63
AYEL01058530.1:10-163(-)	70.92
AYEL01080440.1:16036-16184(+)	74.22
AYEL01087402.1:22092-22240(+)	66.90
AYEL01070978.1:1767-1913(-)	67.41
AYEL01058155.1:21202-21350(+)	64.86
AYEL01055905.1:4422-4569(-)	65.07
AYEL01041490.1:26330-26482(+)	68.79
AYEL01075353.1:27485-27632(+)	65.52
AYEL01086449.1:101392-101540(-)	70.80
AYEL01064734.1:73391-73540(-)	70.55
AYEL01054953.1:19213-19335(-)	67.27
AYEL01069995.1:46017-46164(-)	67.36
AYEL01082141.1:15995-16142(+)	69.06
AYEL01083998.1:17647-17777(+)	68.35
AYEL01052837.1:6366-6514(+)	65.71
AYEL01089055.1:1923-2072(+)	65.25
AYEL01070758.1:401-549(-)	69.18
AYEL01084463.1:128442-128591(-)	70.50
AYEL01024070.1:2017-2164(-)	66.91
AYEL01067761.1:12862-13006(+)	69.12
AYEL01083695.1:47873-48006(-)	69.05
AYEL01076963.1:63321-63469(-)	72.79
AYEL01073550.1:29037-29193(-)	66.67
AYEL01075797.1:8923-9071(-)	65.71
AYEL01089961.1:11393-11542(+)	66.43
AYEL01056893.1:12617-12766(+)	70.50
AYEL01021110.1:120988-121221(+)	66.67
AYEL01077245.1:51-206(+)	68.09
AYEL01065242.1:61048-61197(+)	70.21
AYEL01087519.1:14333-14473(+)	64.84
AYEL01078049.1:804-951(-)	68.12
AYEL01084273.1:80539-80689(+)	63.91
AYEL01062054.1:43024-43171(-)	64.62
AYEL01067470.1:3968-4136(+)	63.71
AYEL01071524.1:26733-26883(-)	67.86
AYEL01063582.1:41842-41993(+)	67.12
AYEL01091182.1:47853-48000(+)	68.75
AYEL01087446.1:17759-18051(-)	60.95
AYEL01045253.1:290-443(-)	68.09
AYEL01085207.1:10118-10269(-)	67.38
AYEL01057596.1:31725-31874(-)	64.86
AYEL01055160.1:6588-6720(+)	65.15
AYEL01056732.1:3666-3810(-)	66.91
AYEL01011126.1:32639-32916(-)	66.17
AYEL01087665.1:8879-9026(-)	64.54
AYEL01090490.1:71699-71847(-)	66.67
AYEL01078587.1:7613-7766(+)	67.35
AYEL01086473.1:46041-46196(+)	65.83
AYEL01046747.1:70726-70865(-)	65.69
AYEL01081174.1:38148-38296(-)	71.01
AYEL01080895.1:43346-43595(+,-)	62.86
AYEL01083033.1:9817-9966(+)	64.49
AYEL01088545.1:12055-12206(+)	68.09
AYEL01060624.1:1422-1573(-)	66.43
AYEL01088471.1:185343-185493(-)	64.54
AYEL01076003.1:48792-48942(+)	65.96
AYEL01058901.1:1598-1745(-)	66.19
AYEL01092109.1:37473-37622(+)	68.06
AYEL01067825.1:1614-1763(+)	68.38
AYEL01039613.1:27872-28009(+)	65.69
AYEL01085510.1:53966-54117(-)	65.10
AYEL01089018.1:4140-4281(+)	66.67
AYEL01090162.1:48439-48563(-)	65.57
AYEL01090443.1:72418-72554(+)	64.89
AYEL01067598.1:10322-10468(-)	63.28
AYEL01077951.1:23878-24035(-)	65.31
AYEL01086219.1:4866-5014(-)	66.91
AYEL01087441.1:32552-32679(+)	65.32
AYEL01073898.1:16729-16880(+)	71.63
AYEL01092323.1:39407-39556(+)	67.14
AYEL01084332.1:14951-15084(-)	66.94
AYEL01087358.1:21556-21711(-)	68.79
AYEL01091060.1:10029-10177(+)	66.22
AYEL01073787.1:43829-43974(+)	62.77
AYEL01062261.1:6615-6767(+)	68.09
AYEL01060830.1:0-150(+)	65.96
AYEL01067211.1:3750-3900(-)	63.83
AYEL01071445.1:29105-29250(+)	68.46
AYEL01091688.1:22292-22442(-)	64.19
AYEL01061752.1:35722-35893(+)	70.21
AYEL01066498.1:28236-28388(+)	68.09
AYEL01079682.1:20320-20469(+)	65.00
AYEL01072672.1:5387-5536(-)	70.00
AYEL01088514.1:418-564(-)	67.39
AYEL01085389.1:2123-2273(-)	69.86
AYEL01049852.1:3076-3224(-)	68.84
AYEL01050799.1:21-165(-)	73.33
AYEL01052456.1:12469-12619(+)	68.24
AYEL01076890.1:96484-96636(-)	66.90
AYEL01080740.1:38769-38915(-)	68.09
AYEL01084761.1:17607-17753(-)	68.38
AYEL01009190.1:679-818(-)	69.70
AYEL01076591.1:35797-35947(-)	66.22
AYEL01089590.1:31332-31548(-)	65.62
AYEL01063778.1:2923-3068(-)	69.72
AYEL01054429.1:6046-6194(+)	63.70
AYEL01039548.1:12236-12382(-)	66.67
AYEL01075120.1:2884-3035(-)	67.38
AYEL01069875.1:103535-103693(+)	67.79
AYEL01053104.1:15238-15394(-)	70.47
AYEL01037410.1:88-234(+)	64.66
AYEL01082001.1:3069-3219(-)	64.54
AYEL01081434.1:7613-7761(-)	67.81
AYEL01078395.1:41-189(+)	67.63
AYEL01077702.1:172104-172247(-)	67.16
AYEL01070452.1:9141-9287(+)	66.91
AYEL01057339.1:796-948(-)	64.54
AYEL01056068.1:702-852(-)	67.79
AYEL01090867.1:35193-35335(-)	64.79
AYEL01084729.1:11563-11712(-)	68.12
AYEL01089888.1:22941-23088(-)	65.69
AYEL01075283.1:3330-3477(+)	64.49
AYEL01082667.1:4163-4311(+)	65.47
AYEL01007560.1:481-621(+)	67.16
AYEL01064407.1:50966-51121(+)	70.00
AYEL01066624.1:88940-89091(+)	65.96
AYEL01091923.1:43176-43334(-)	67.38
AYEL01065887.1:4292-4439(-)	67.14
AYEL01083474.1:18697-18847(+)	65.99
AYEL01089567.1:10116-10265(+)	63.12
AYEL01091988.1:22402-22543(+)	65.15
AYEL01070883.1:30528-30675(-)	68.12
AYEL01053883.1:51729-51876(-)	66.44
AYEL01087657.1:3967-4110(+)	66.67
AYEL01077335.1:36314-36464(+)	67.86
AYEL01070677.1:17265-17418(-)	68.89
AYEL01054133.1:14381-14522(-)	64.89
AYEL01010141.1:422-542(+)	72.15
AYEL01072336.1:20427-20572(+)	65.93
AYEL01057917.1:12608-12758(+)	68.24
AYEL01091035.1:3460-3608(+)	69.29
AYEL01083661.1:6939-7085(-)	66.19
AYEL01066892.1:3826-3968(+)	62.60
AYEL01043376.1:1294-1440(-)	69.57
AYEL01063638.1:28909-29029(-)	63.53
AYEL01068278.1:134-275(+)	65.65
AYEL01078474.1:6492-6639(-)	70.80
AYEL01013598.1:11816-11962(-)	69.12
AYEL01083438.1:6687-6836(+)	64.29
AYEL01086072.1:1995-2146(+)	66.89
AYEL01022092.1:5179-5330(+)	66.44
AYEL01077202.1:9308-9458(+)	69.59
AYEL01086609.1:36556-36715(-)	65.25
AYEL01086343.1:10855-11005(+)	66.22
AYEL01047982.1:25778-25928(+)	70.07
AYEL01079443.1:1840-1977(-)	67.72
AYEL01038992.1:1217-1369(+)	68.09
AYEL01053267.1:10841-10974(+)	66.67
AYEL01077679.1:23685-23838(-)	68.24
AYEL01065530.1:20065-20217(-)	69.29
AYEL01059535.1:7907-8054(+)	66.67
AYEL01066570.1:119478-119616(+)	66.92
AYEL01071408.1:41011-41160(+)	66.91
AYEL01068667.1:9999-10160(-)	63.77
AYEL01074563.1:71758-71905(+)	66.19
AYEL01066541.1:4352-4498(-)	62.14
AYEL01089250.1:61425-61574(+)	66.67
AYEL01071724.1:16057-16205(-)	71.22
AYEL01054983.1:73302-73450(+)	68.71
AYEL01071140.1:8295-8443(-)	69.78
AYEL01078238.1:172570-172710(+)	62.88
AYEL01088211.1:18198-18348(-)	66.89
AYEL01085802.1:20939-21085(-)	66.67
AYEL01050747.1:35-184(+)	69.78
AYEL01075785.1:36543-36687(+)	62.22
AYEL01091843.1:39363-39498(-)	66.14
AYEL01066806.1:52095-52242(-)	69.06
AYEL01038037.1:19835-19984(-)	67.38
AYEL01081189.1:24955-25108(-)	67.86
AYEL01085011.1:11199-11332(-)	66.67
AYEL01045349.1:2975-3125(-)	65.96
AYEL01051231.1:31515-31665(-)	70.21
AYEL01082838.1:19643-19796(-)	71.43
AYEL01073894.1:73031-73151(+)	66.67
AYEL01089224.1:28535-28685(-)	65.96
AYEL01091420.1:22013-22162(-)	65.54
AYEL01031364.1:60094-60243(+)	64.49
AYEL01084605.1:57289-57434(-)	68.31
AYEL01081441.1:6054-6201(+)	67.59
AYEL01064340.1:29696-29825(-)	67.77
AYEL01074103.1:6100-6249(-)	65.03
AYEL01009032.1:33683-33833(+)	66.19
AYEL01067370.1:66854-66985(+)	68.70
AYEL01080734.1:20243-20390(-)	68.84
AYEL01091062.1:43755-43904(+)	68.49
AYEL01073141.1:44475-44621(+)	65.52
AYEL01019789.1:80150-80279(-)	68.29
AYEL01092343.1:180411-180562(+)	67.57
AYEL01064101.1:17249-17398(-)	68.03
AYEL01043673.1:19308-19459(+)	67.11
AYEL01068947.1:10907-11057(-)	71.43
AYEL01068478.1:22600-22746(-)	69.06
AYEL01091398.1:46610-46758(-)	67.14
AYEL01058622.1:15626-15783(-)	67.63
AYEL01077197.1:65275-65421(+)	69.50
AYEL01048139.1:10690-10837(+)	64.03
AYEL01069025.1:6373-6523(+)	68.57
AYEL01059191.1:2612-2763(-)	65.77
AYEL01091789.1:32575-32726(+)	71.14
AYEL01039328.1:4352-4502(-)	63.12
AYEL01038772.1:14248-14394(+)	67.83
AYEL01075073.1:95956-96090(+)	69.92
AYEL01076524.1:20493-20646(+)	66.19
AYEL01076654.1:483-632(-)	65.99
AYEL01085247.1:26541-26676(+)	68.80
AYEL01048476.1:26953-27088(-)	70.63
AYEL01056156.1:20720-20853(-)	67.46
AYEL01061835.1:52324-52473(-)	65.31
AYEL01081023.1:5435-5576(+)	70.77
AYEL01086475.1:1608-1756(-)	67.44
AYEL01089518.1:33826-33977(-)	66.67
AYEL01083549.1:14308-14458(-)	64.54
AYEL01090587.1:51538-51686(+)	68.09
AYEL01077724.1:23938-24087(-)	68.57
AYEL01064041.1:47132-47282(-)	66.67
AYEL01069166.1:61945-62065(+)	63.81
AYEL01057213.1:26233-26379(-)	68.12
AYEL01066805.1:59435-59582(-)	68.35
AYEL01074011.1:21535-21770(+)	69.13
AYEL01073739.1:449-584(-)	61.42
AYEL01065262.1:10612-10764(-)	70.21
AYEL01067020.1:20149-20300(+)	67.79
AYEL01072048.1:972-1123(+)	69.50
AYEL01052516.1:16107-16265(+)	67.63
AYEL01074161.1:2461-2610(+)	65.71
AYEL01085862.1:17476-17622(-)	66.67
AYEL01088471.1:196440-196562(-)	67.77
AYEL01084974.1:17852-18003(+)	68.09
AYEL01078100.1:31309-31459(-)	65.25
AYEL01079035.1:32322-32470(+)	64.54
AYEL01064398.1:17201-17331(-)	62.30
AYEL01071006.1:55700-55850(+)	69.57
AYEL01087858.1:135211-135360(-)	69.50
AYEL01078556.1:62200-62345(+)	64.23
AYEL01067040.1:63775-63930(-)	66.67
AYEL01085705.1:27061-27203(+)	60.92
AYEL01071335.1:1617-1762(-)	64.75
AYEL01079921.1:3738-3888(+)	68.24
AYEL01069605.1:14446-14598(-)	68.46
AYEL01063356.1:26930-27079(+)	65.71
AYEL01023336.1:22478-22624(+)	67.15
AYEL01088321.1:52516-52651(+)	63.70
AYEL01073135.1:102833-102958(+)	63.79
AYEL01083867.1:1688-1832(-)	67.16
AYEL01079743.1:26499-26648(+)	65.71
AYEL01078818.1:929-1088(-)	68.75
AYEL01059722.1:8222-8349(+)	72.41
AYEL01060273.1:430-588(+)	71.14
AYEL01083639.1:31391-31530(+)	66.92
AYEL01072864.1:27695-27841(-)	63.24
AYEL01074849.1:5297-5450(+)	68.09
AYEL01064828.1:61650-61799(+)	68.03
AYEL01089480.1:102910-103059(+)	71.83
AYEL01077939.1:19062-19210(+)	68.35
AYEL01073938.1:2090-2240(-)	64.54
AYEL01077463.1:54067-54201(+)	67.05
AYEL01090840.1:36276-36412(-)	62.88
AYEL01057437.1:29266-29417(-)	67.38
AYEL01090787.1:58026-58174(+)	67.65
AYEL01079424.1:13363-13512(+)	66.43
AYEL01081947.1:183404-183549(+)	62.04
AYEL01088514.1:5148-5297(-)	67.11
AYEL01068205.1:4746-4894(-)	70.00
AYEL01082415.1:18717-18868(+)	64.54
AYEL01088294.1:118293-118446(-)	67.11
AYEL01060340.1:45485-45635(-)	65.77
AYEL01032855.1:70813-70958(-)	68.38
AYEL01039437.1:42131-42275(-)	66.41
AYEL01091088.1:91164-91311(+)	63.95
AYEL01076160.1:72058-72205(+)	63.31
AYEL01089830.1:31464-31601(+)	67.94
AYEL01073858.1:36903-37049(-)	66.67
AYEL01091962.1:24338-24485(-)	69.57
AYEL01085102.1:29654-29799(-)	67.65
AYEL01057831.1:35378-35519(+)	65.19
AYEL01051756.1:2871-3024(+)	68.09
AYEL01075428.1:124690-124832(+)	69.92
AYEL01066069.1:4805-4957(-)	71.01
AYEL01041922.1:47065-47213(-)	69.78
AYEL01070975.1:17273-17399(-)	63.25
AYEL01072565.1:17539-17674(+)	65.32
AYEL01089479.1:5346-5503(-)	66.43
AYEL01032576.1:3298-3448(+)	66.67
AYEL01075451.1:15274-15422(-)	69.06
AYEL01051380.1:28763-28914(-)	62.32
AYEL01057059.1:6201-6354(+)	65.25
AYEL01089658.1:3305-3451(+)	65.94
AYEL01061922.1:17046-17194(+)	65.71
AYEL01090935.1:3288-3432(-)	65.93
AYEL01078977.1:93796-93947(+)	71.43
AYEL01087905.1:66850-67001(+)	60.90
AYEL01015060.1:77704-77856(-)	67.79
AYEL01051038.1:33281-33430(-)	65.31
AYEL01053933.1:47383-47517(-)	68.80
AYEL01085551.1:26757-26896(-)	70.23
AYEL01074544.1:71393-71538(-)	67.15
AYEL01081787.1:22943-23089(-)	69.12
AYEL01068671.1:26905-27055(-)	69.50
AYEL01086952.1:9215-9397(-)	69.13
AYEL01070171.1:29068-29220(-)	67.14
AYEL01090113.1:8471-8605(+)	69.84
AYEL01090128.1:8650-8801(-)	65.10
AYEL01090241.1:18308-18446(-)	62.77
AYEL01081283.1:14945-15091(+)	66.18
AYEL01073207.1:8195-8342(+)	65.07
AYEL01034008.1:9240-9364(+)	65.79
AYEL01091073.1:28437-28577(+)	63.43
AYEL01034976.1:1592-1729(-)	66.93
AYEL01086077.1:4110-4257(+)	65.97
AYEL01091320.1:1790-1939(+)	69.78
AYEL01053419.1:13956-14104(+)	71.53
AYEL01076428.1:20029-20179(-)	70.00
AYEL01086317.1:47166-47296(-)	66.67
AYEL01074039.1:4327-4475(-)	68.28
AYEL01077013.1:13536-13683(-)	67.86
AYEL01052333.1:2496-2643(-)	65.71
AYEL01086592.1:17316-17466(-)	66.67
AYEL01074937.1:21620-21768(+)	66.43
AYEL01086851.1:5486-5634(+)	68.49
AYEL01088760.1:16487-16633(+)	68.53
AYEL01085588.1:2796-2942(-)	68.61
AYEL01068334.1:293-428(-)	62.96
AYEL01077226.1:60070-60220(-)	62.59
AYEL01050279.1:10589-10736(-)	65.69
AYEL01074665.1:27215-27365(-)	63.12
AYEL01076551.1:41936-42086(-)	62.86
AYEL01090421.1:62811-62956(-)	64.75
AYEL01085319.1:54953-55102(+)	68.57
AYEL01091455.1:8866-9023(-)	68.09
AYEL01075535.1:7334-7475(-)	69.01
AYEL01075816.1:38234-38367(-)	65.08
AYEL01048774.1:3473-3605(+)	66.92
AYEL01083823.1:274-408(+)	68.70
AYEL01087618.1:138939-139089(-)	64.29
AYEL01071867.1:5394-5540(-)	65.22
AYEL01085998.1:1158-1308(+)	63.57
AYEL01091526.1:8112-8267(-)	65.96
AYEL01068527.1:57311-57582(+)	63.37
AYEL01092355.1:1124-1274(+)	67.14
AYEL01081079.1:94091-94240(-)	70.50
AYEL01085618.1:37348-37485(+)	58.39
AYEL01079278.1:3806-3957(+)	69.80
AYEL01089466.1:87467-87611(-)	67.13
AYEL01055564.1:24494-24632(-)	64.18
AYEL01083403.1:9139-9292(-)	67.38
AYEL01029899.1:68127-68279(-)	66.67
AYEL01067506.1:17851-18001(-)	71.43
AYEL01081723.1:37540-37678(+)	68.46
AYEL01077052.1:6496-6619(+)	66.94
AYEL01071146.1:83341-83490(-)	70.07
AYEL01081590.1:10451-10591(+)	65.41
AYEL01037210.1:26578-26727(+)	67.86
AYEL01090949.1:10279-10428(+)	65.96
AYEL01079715.1:11381-11529(-)	66.67
AYEL01072942.1:3065-3189(+)	67.50
AYEL01085394.1:15947-16094(-)	66.19
AYEL01077451.1:46521-46669(-)	68.85
AYEL01072023.1:11670-11820(+)	67.14
AYEL01077142.1:30220-30367(-)	65.96
AYEL01084943.1:25336-25487(+)	68.24
AYEL01065525.1:23889-24040(+)	65.31
AYEL01056800.1:2670-2817(-)	65.94
AYEL01076401.1:52454-52603(+)	59.06
AYEL01090216.1:27040-27182(+)	66.91
AYEL01075487.1:620-761(+)	66.67
AYEL01065318.1:48569-48722(+)	63.12
AYEL01015688.1:490-639(-)	69.78
AYEL01078573.1:10684-10832(-)	68.57
AYEL01057399.1:21568-21710(+)	65.44
AYEL01071894.1:51651-51803(-)	68.09
AYEL01071723.1:34987-35149(-)	67.57
AYEL01064382.1:7948-8101(+)	65.89
AYEL01069695.1:35620-35767(+)	65.99
AYEL01091216.1:42756-42889(+)	66.15
AYEL01084725.1:3800-3927(+)	65.55
AYEL01067534.1:13704-13854(-)	64.19
AYEL01072453.1:19311-19444(-)	64.42
AYEL01079667.1:12085-12231(-)	63.31
AYEL01082675.1:1684-1833(+)	64.86
AYEL01069529.1:47424-47588(+)	67.12
AYEL01089768.1:3064-3211(+)	67.15
AYEL01076566.1:42526-42674(+)	64.54
AYEL01076705.1:35325-35478(-)	65.00
AYEL01069673.1:39255-39405(+)	70.29
AYEL01068920.1:61618-61767(-)	65.99
AYEL01087982.1:63734-63883(-)	68.03
AYEL01086644.1:3534-3681(-)	65.31
AYEL01049928.1:105711-105860(+)	64.14
AYEL01017530.1:1305-1452(+)	69.06
AYEL01091269.1:5672-5825(-)	64.19
AYEL01089619.1:32273-32420(+)	61.90
AYEL01078409.1:27810-27958(-)	66.19
AYEL01090903.1:8020-8162(-)	66.91
AYEL01055640.1:27774-27914(-)	65.67
AYEL01068625.1:48441-48636(-)	63.87
AYEL01060841.1:57246-57381(-)	62.69
AYEL01073182.1:19029-19153(+)	62.62
AYEL01060062.1:707-859(-)	60.28
AYEL01067940.1:18305-18453(-)	67.63
AYEL01085998.1:43323-43473(-)	63.50
AYEL01057175.1:9092-9228(+)	67.44
AYEL01056438.1:6264-6415(+)	64.43
AYEL01085558.1:91243-91387(+)	63.38
AYEL01089756.1:10466-10618(-)	69.50
AYEL01067892.1:4805-4954(+)	69.78
AYEL01058607.1:19171-19316(+)	64.83
AYEL01074213.1:12036-12185(+)	67.35
AYEL01077755.1:24125-24279(-)	66.67
AYEL01086298.1:2294-2443(+)	71.32
AYEL01067442.1:15058-15208(-)	65.00
AYEL01065084.1:33578-33728(+)	67.86
AYEL01064408.1:83963-84143(-)	67.13
AYEL01088294.1:121974-122117(-)	58.02
AYEL01071853.1:6800-6945(+)	65.22
AYEL01081991.1:41193-41342(-)	66.67
AYEL01090149.1:25829-25977(+)	67.12
AYEL01084148.1:44592-44716(-)	70.49
AYEL01064019.1:13572-13707(+)	67.18
AYEL01053372.1:895-1043(-)	66.91
AYEL01085966.1:3999-4147(-)	67.63
AYEL01076448.1:12792-12942(-)	64.19
AYEL01085068.1:8464-8610(+)	64.41
AYEL01072422.1:11308-11435(+)	70.93
AYEL01078441.1:19117-19265(-)	67.63
AYEL01082096.1:42366-42513(-)	73.61
AYEL01077291.1:3681-3833(+)	69.59
AYEL01085319.1:33989-34140(-)	67.63
AYEL01076297.1:78463-78612(+)	69.29
AYEL01072154.1:11456-11605(-)	65.99
AYEL01016910.1:11845-11990(+)	61.94
AYEL01069596.1:1258-1426(+)	73.38
AYEL01087733.1:17684-17834(-)	63.51
AYEL01043958.1:41710-41838(-)	68.60
AYEL01068504.1:50499-50647(+)	66.67
AYEL01069073.1:3823-3972(-)	63.83
AYEL01088269.1:13642-13780(+)	60.94
AYEL01080462.1:29822-29969(-)	71.53
AYEL01082921.1:2518-2667(-)	65.96
AYEL01063423.1:13865-14048(-)	60.00
AYEL01090749.1:105437-105586(-)	66.67
AYEL01090060.1:1588-1739(+)	73.05
AYEL01079666.1:2916-3062(-)	69.57
AYEL01056454.1:20005-20151(+)	66.91
AYEL01085047.1:52110-52259(+)	69.39
AYEL01062906.1:1099-1246(-)	62.76
AYEL01080470.1:6361-6508(-)	69.29
AYEL01082150.1:8654-8800(-)	69.06
AYEL01076375.1:28892-29026(-)	71.65
AYEL01077878.1:23411-23544(+)	67.94
AYEL01063931.1:18735-18874(+)	65.67
AYEL01046744.1:7554-7689(-)	67.71
AYEL01053786.1:12594-12733(-)	67.88
AYEL01067260.1:40810-40958(+)	66.17
AYEL01079693.1:47641-47792(+)	67.14
AYEL01070271.1:13265-13403(+)	63.24
AYEL01091309.1:66021-66168(-)	66.19
AYEL01061170.1:28216-28342(-)	65.81
AYEL01085493.1:5597-5744(-)	65.69
AYEL01085189.1:64529-64660(-)	64.36
AYEL01076586.1:1966-2114(-)	66.44
AYEL01080254.1:25419-25569(+)	66.22
AYEL01073005.1:65551-65702(-)	69.80
AYEL01073005.1:64895-65037(-)	66.43
AYEL01045404.1:610-757(-)	67.39
AYEL01045387.1:10305-10456(+)	67.81
AYEL01078638.1:7961-8110(-)	63.01
AYEL01083564.1:764-921(+)	70.21
AYEL01088632.1:27897-28045(+)	71.01
AYEL01060653.1:58372-58523(-)	61.22
AYEL01078945.1:42547-42683(-)	66.67
AYEL01060322.1:55243-55394(-)	69.13
AYEL01054983.1:15926-16075(+)	67.63
AYEL01066777.1:40207-40352(-)	64.49
AYEL01077753.1:23338-23486(+)	62.86
AYEL01079152.1:59582-59718(-)	65.67
AYEL01081059.1:12827-12972(-)	65.94
AYEL01061460.1:1741-1892(+)	69.86
AYEL01088230.1:1643-1790(-)	71.01
AYEL01083583.1:74008-74146(+)	66.18
AYEL01084736.1:11652-11803(-)	69.85
AYEL01085966.1:23259-23406(+)	69.78
AYEL01069062.1:144578-144727(-)	63.85
AYEL01072058.1:40904-41051(-)	62.86
AYEL01088055.1:8017-8168(+)	65.25
AYEL01054697.1:41648-41787(-)	64.03
AYEL01065319.1:28387-28538(+)	68.79
AYEL01053585.1:16772-16918(+)	65.07
AYEL01076706.1:59077-59203(-)	71.20
AYEL01074986.1:10907-11053(+)	64.96
AYEL01059421.1:29470-29616(+)	63.89
AYEL01064924.1:33981-34134(-)	69.29
AYEL01010452.1:190-340(-)	63.76
AYEL01038121.1:18712-18859(+)	68.31
AYEL01086805.1:20504-20661(-)	66.45
AYEL01091670.1:2944-3102(-)	70.50
AYEL01090470.1:21839-21982(-)	66.67
AYEL01053657.1:1641-1778(+)	65.93
AYEL01084838.1:25177-25325(-)	65.71
AYEL01048787.1:927-1074(+)	65.97
AYEL01085517.1:40392-40541(+)	65.54
AYEL01082670.1:7254-7401(+)	65.47
AYEL01061090.1:10937-11069(-)	68.70
AYEL01077679.1:24104-24251(-)	68.12
AYEL01062444.1:2122-2272(-)	65.10
AYEL01073803.1:28540-28690(+)	65.25
AYEL01090207.1:14121-14261(-)	70.90
AYEL01089851.1:33827-33966(+)	67.69
AYEL01063373.1:15468-15599(+)	68.55
AYEL01083448.1:33687-33836(+)	66.91
AYEL01083090.1:17994-18145(+)	70.21
AYEL01074424.1:1951-2097(-)	68.84
AYEL01049194.1:757-888(-)	66.94
AYEL01066760.1:1674-1815(-)	67.94
AYEL01056281.1:562-711(-)	67.86
AYEL01086852.1:85349-85499(+)	64.34
AYEL01077667.1:20551-20693(-)	66.67
AYEL01071858.1:28263-28392(+)	63.64
AYEL01024123.1:13798-13924(-)	69.42
AYEL01065623.1:13776-13929(-)	66.44
AYEL01010783.1:5421-5558(+)	67.42
AYEL01075782.1:4353-4479(+)	62.70
AYEL01061987.1:54872-55065(-)	64.52
AYEL01086995.1:30724-30873(-)	65.96
AYEL01087501.1:71857-72006(-)	65.31
AYEL01089373.1:6853-7006(+)	69.23
AYEL01091681.1:11106-11251(-)	68.84
AYEL01070103.1:13889-14023(+)	65.60
AYEL01079537.1:31779-31912(+)	67.94
AYEL01079457.1:15069-15196(+)	66.67
AYEL01067041.1:23324-23475(-)	66.67
AYEL01045160.1:110992-111142(+)	64.54
AYEL01061914.1:15499-15648(+)	68.09
AYEL01081321.1:32970-33118(-)	65.94
AYEL01073702.1:51287-51459(+)	73.38
AYEL01087958.1:5757-5905(+)	64.03
AYEL01088452.1:2117-2264(-)	70.34
AYEL01061853.1:23647-23797(+)	68.57
AYEL01079212.1:20200-20321(+)	62.64
AYEL01084433.1:31207-31356(+)	67.86
AYEL01077874.1:33319-33467(+)	69.06
AYEL01090296.1:2228-2376(+)	69.06
AYEL01055125.1:15832-15978(+)	65.94
AYEL01077300.1:3670-3805(-)	69.40
AYEL01074340.1:39282-39433(+)	63.83
AYEL01066864.1:149773-149908(+)	64.10
AYEL01078537.1:43809-43959(-)	68.09
AYEL01023307.1:18156-18305(+)	64.03
AYEL01083600.1:8053-8205(-)	69.50
AYEL01074034.1:19216-19414(-)	62.05
AYEL01072926.1:6808-6950(-)	66.67
AYEL01038805.1:2540-2672(+)	68.00
AYEL01071724.1:31830-31968(+)	71.30
AYEL01053708.1:5732-5883(-)	69.13
AYEL01068031.1:3879-4031(+)	65.00
AYEL01063985.1:9188-9325(+)	60.77
AYEL01047051.1:11932-12082(+)	64.54
AYEL01043961.1:10743-10894(+)	65.25
AYEL01012531.1:58451-58602(+)	68.03
AYEL01082133.1:112273-112425(+)	63.76
AYEL01076256.1:12875-13020(+)	64.71
AYEL01084375.1:4996-5135(+)	62.77
AYEL01077209.1:12249-12400(+)	68.92
AYEL01090472.1:9332-9470(-)	65.38
AYEL01078685.1:56461-56611(+)	69.34
AYEL01063143.1:57680-57829(-)	67.35
AYEL01065255.1:30583-30732(+)	71.43
AYEL01074390.1:33637-33784(+)	68.61
AYEL01087380.1:73663-73787(-)	65.79
AYEL01078433.1:8571-8708(+)	70.45
AYEL01061901.1:1175-1318(-)	67.91
AYEL01040566.1:56820-56969(-)	65.25
AYEL01073730.1:28909-29057(+)	67.35
AYEL01087667.1:920-1070(+)	66.89
AYEL01078212.1:752-892(-)	74.05
AYEL01057278.1:1840-1968(-)	72.03
AYEL01084222.1:73313-73450(+)	62.31
AYEL01081189.1:22081-22227(+)	67.15
AYEL01019410.1:23570-23722(+)	67.11
AYEL01042907.1:2245-2394(+)	71.43
AYEL01062006.1:2088-2222(+)	61.19
AYEL01077801.1:54451-54600(+)	63.83
AYEL01077311.1:29712-29859(+)	66.43
AYEL01087240.1:38545-38691(-)	65.00
AYEL01087648.1:19972-20108(+)	70.00
AYEL01065854.1:107895-108041(-)	68.12
AYEL01084973.1:166039-166181(-)	69.12
AYEL01051003.1:44295-44431(+)	62.70
AYEL01051377.1:14936-15079(-)	66.42
AYEL01021352.1:7567-7717(-)	66.91
AYEL01032058.1:45545-45696(-)	65.77
AYEL01091647.1:16228-16377(+)	68.79
AYEL01075276.1:32291-32437(+)	66.42
AYEL01066352.1:6616-6761(-)	67.86
AYEL01038473.1:2308-2456(+)	65.47
AYEL01070054.1:27041-27192(+)	69.50
AYEL01056455.1:40165-40314(-)	65.31
AYEL01084376.1:37259-37388(+)	63.64
AYEL01084449.1:30538-30687(-)	67.35
AYEL01074707.1:89221-89371(+)	67.41
AYEL01075247.1:20011-20159(-)	63.31
AYEL01083329.1:222230-222380(+)	65.94
AYEL01058835.1:263-412(-)	61.64
AYEL01085699.1:70976-71124(-)	70.29
AYEL01092330.1:4482-4625(-)	65.65
AYEL01084273.1:115770-115923(+)	71.14
AYEL01016930.1:30567-30715(-)	63.50
AYEL01073330.1:38573-38719(-)	64.03
AYEL01085823.1:627-763(+)	66.15
AYEL01086897.1:138519-138666(-)	64.29
AYEL01089047.1:80485-80611(-)	68.29
AYEL01063393.1:69574-69724(+)	64.19
AYEL01058965.1:90222-90376(-)	66.90
AYEL01086474.1:44657-44807(-)	67.88
AYEL01080302.1:27582-27733(-)	68.57
AYEL01059194.1:23620-23768(+)	66.19
AYEL01077916.1:11752-11898(-)	70.71
AYEL01029524.1:19814-19960(+)	66.44
AYEL01062444.1:6798-6941(+)	66.67
AYEL01082649.1:85516-85661(-)	67.91
AYEL01067390.1:34527-34675(+)	64.03
AYEL01085228.1:46681-46831(-)	66.92
AYEL01066981.1:11317-11452(+)	69.05
AYEL01072888.1:53235-53383(+)	65.22
AYEL01049998.1:18694-18843(+)	66.43
AYEL01080031.1:67229-67367(+)	63.77
AYEL01070896.1:26382-26531(+)	65.31
AYEL01076004.1:9036-9183(-)	67.86
AYEL01065598.1:1120-1269(-)	61.07
AYEL01084967.1:7784-7922(+)	70.68
AYEL01088211.1:17858-18001(-)	60.19
AYEL01055085.1:21413-21557(-)	68.18
AYEL01080020.1:16896-17044(-)	69.78
AYEL01072017.1:7864-8009(-)	69.57
AYEL01077364.1:8281-8426(+)	66.42
AYEL01085224.1:43882-44030(+)	67.39
AYEL01076491.1:34320-34471(+)	68.79
AYEL01080935.1:10441-10587(+)	67.39
AYEL01091310.1:36624-36773(-)	67.38
AYEL01069418.1:54539-54690(+)	62.86
AYEL01064558.1:14729-14880(-)	66.67
AYEL01091891.1:12154-12299(+)	64.03
AYEL01081328.1:1033-1176(-)	65.93
AYEL01092123.1:34781-34917(+)	67.42
AYEL01083798.1:17731-17879(+)	64.75
AYEL01076272.1:53900-54037(-)	66.67
AYEL01077683.1:10690-10840(+)	70.27
AYEL01088495.1:37989-38123(-)	70.87
AYEL01090365.1:14609-14805(-)	65.96
AYEL01070965.1:29261-29383(-)	68.70
AYEL01074233.1:11683-11834(-)	64.43
AYEL01087232.1:3576-3726(+)	66.91
AYEL01091766.1:57651-57806(+)	65.96
AYEL01086840.1:69679-69825(+)	70.59
AYEL01044791.1:22588-22737(-)	62.86
AYEL01066749.1:5395-5547(+)	66.89
AYEL01090585.1:25611-25746(-)	64.62
AYEL01073655.1:15934-16064(+)	64.75
AYEL01035925.1:37452-37600(+)	68.42
AYEL01071102.1:161644-161792(+)	64.29
AYEL01092188.1:48946-49082(+)	66.39
AYEL01076223.1:8052-8179(-)	69.49
AYEL01076235.1:57086-57232(-)	66.42
AYEL01085429.1:61197-61347(-)	64.54
AYEL01084263.1:35801-35945(-)	63.83
AYEL01067920.1:1490-1637(-)	65.47
AYEL01054908.1:4517-4666(+)	65.31
AYEL01084617.1:6837-6987(+)	65.96
AYEL01084721.1:19231-19375(+)	62.38
AYEL01052757.1:8452-8600(-)	66.21
AYEL01071284.1:38386-38532(-)	66.44
AYEL01086109.1:31611-31767(-)	64.54
AYEL01068228.1:73103-73228(+)	69.17
AYEL01078023.1:52277-52423(-)	64.14
AYEL01085716.1:43608-43758(-)	70.92
AYEL01068626.1:13863-13984(+)	68.63
AYEL01067002.1:5969-6119(-)	68.79
AYEL01079818.1:39884-40141(-)	62.20
AYEL01075352.1:17461-17596(+)	69.11
AYEL01070521.1:6039-6189(+)	68.71
AYEL01090608.1:6820-6971(-)	65.25
AYEL01077078.1:10747-10894(+)	66.19
AYEL01089533.1:16572-16712(+)	66.93
AYEL01089173.1:10056-10202(-)	67.15
AYEL01086194.1:51261-51406(+)	65.69
AYEL01070187.1:8787-8934(+)	70.29
AYEL01030846.1:20386-20524(+)	65.35
AYEL01084227.1:29283-29432(-)	68.18
AYEL01064132.1:32524-32659(+)	66.67
AYEL01063143.1:30124-30274(-)	61.74
AYEL01045015.1:10046-10194(-)	67.63
AYEL01071753.1:4897-5046(-)	64.63
AYEL01066808.1:80711-80849(-)	66.18
AYEL01083495.1:16578-16730(-)	69.29
AYEL01091700.1:13672-13808(+)	68.15
AYEL01029524.1:7589-7720(-)	65.38
AYEL01091636.1:8433-8578(-)	66.90
AYEL01078772.1:67816-67967(-)	65.15
AYEL01078851.1:4130-4277(+)	66.91
AYEL01091041.1:23110-23250(+)	70.45
AYEL01086317.1:43370-43514(-)	68.61
AYEL01091541.1:2434-2580(+)	65.52
AYEL01080123.1:18080-18228(-)	67.39
AYEL01070202.1:8885-9030(+)	64.44
AYEL01026685.1:333-482(+)	67.88
AYEL01046600.1:44401-44551(-)	68.09
AYEL01077509.1:5203-5359(-)	67.38
AYEL01079817.1:54436-54578(+)	71.32
AYEL01063162.1:16025-16175(-)	69.63
AYEL01031031.1:928-1061(-)	68.42
AYEL01065526.1:13527-13675(-)	67.39
AYEL01082353.1:82310-82458(-)	67.14
AYEL01046382.1:11008-11144(+)	66.67
AYEL01065931.1:2695-2838(-)	72.06
AYEL01084537.1:61530-61680(+)	66.67
AYEL01061607.1:102593-102741(+)	69.06
AYEL01076485.1:10294-10447(-)	66.43
AYEL01063403.1:5308-5442(-)	69.40
AYEL01074319.1:3259-3405(+)	68.84
AYEL01065424.1:1606-1752(+)	65.47
AYEL01060510.1:7997-8143(-)	66.18
AYEL01070749.1:11625-11771(-)	65.44
AYEL01015936.1:8496-8646(-)	66.22
AYEL01063018.1:32017-32165(+)	67.14
AYEL01069706.1:23607-23762(+)	63.43
AYEL01067995.1:2214-2365(-)	63.12
AYEL01091986.1:15933-16082(+)	66.67
AYEL01021740.1:56204-56402(-)	63.59
AYEL01084850.1:27656-27805(-)	68.84
AYEL01044172.1:450-573(-)	63.21
AYEL01079034.1:18995-19129(+)	69.47
AYEL01063647.1:8301-8442(-)	65.71
AYEL01062955.1:12107-12304(-)	64.40
AYEL01086696.1:11186-11334(-)	66.91
AYEL01088527.1:35939-36081(-)	61.07
AYEL01083384.1:5161-5304(+)	67.67
AYEL01089262.1:8033-8186(-)	66.67
AYEL01090879.1:16097-16250(-)	64.90
AYEL01050907.1:19806-19950(+)	69.92
AYEL01066796.1:4504-4652(-)	66.18
AYEL01084294.1:12743-12896(-)	65.73
AYEL01063544.1:2882-3032(-)	67.86
AYEL01072966.1:4942-5097(+)	67.11
AYEL01056072.1:21382-21537(+)	68.79
AYEL01088758.1:52729-52869(-)	63.36
AYEL01088423.1:309-462(+)	69.47
AYEL01062992.1:59421-59572(-)	63.76
AYEL01072052.1:4112-4253(+)	68.55
AYEL01089567.1:11612-11854(+)	59.73
AYEL01085124.1:37734-37880(+)	66.67
AYEL01072222.1:8978-9124(-)	66.67
AYEL01049451.1:3715-3862(-)	67.39
AYEL01079886.1:25818-25964(-)	70.14
AYEL01066735.1:554-702(-)	70.71
AYEL01071642.1:39511-39661(+)	67.86
AYEL01069794.1:42303-42451(+)	66.19
AYEL01075117.1:16622-16771(-)	71.94
AYEL01077926.1:24976-25127(+)	66.43
AYEL01046574.1:25853-26001(+)	62.86
AYEL01073851.1:60299-60445(+)	61.43
AYEL01091526.1:7715-7856(+)	66.41
AYEL01082909.1:222623-222774(-)	64.54
AYEL01085810.1:983-1131(+)	68.12
AYEL01055586.1:14551-14681(-)	63.00
AYEL01021110.1:142462-142610(+)	68.57
AYEL01086092.1:68733-68883(-)	60.99
AYEL01081284.1:697-843(+)	66.18
AYEL01046376.1:2464-2611(-)	68.12
AYEL01085997.1:38497-38646(+)	64.54
AYEL01077844.1:63358-63507(+)	67.63
AYEL01078085.1:19234-19369(-)	65.87
AYEL01083931.1:16462-16609(-)	68.57
AYEL01075007.1:67299-67450(-)	66.67
AYEL01086064.1:1085-1237(+)	69.06
AYEL01084258.1:28427-28583(+)	70.00
AYEL01066885.1:10312-10462(-)	70.29
AYEL01088459.1:71438-71573(-)	64.34
AYEL01089648.1:827-977(-)	63.51
AYEL01039571.1:10983-11126(+)	60.00
AYEL01088549.1:449-580(-)	68.09
AYEL01092054.1:11980-12131(+)	65.77
AYEL01090172.1:52007-52158(+)	70.21
AYEL01062148.1:18726-18879(+)	67.88
AYEL01089479.1:11289-11431(+)	69.17
AYEL01059595.1:18633-18796(-)	67.59
AYEL01068502.1:12517-12663(-)	68.66
AYEL01073993.1:17803-17950(+)	65.07
AYEL01059853.1:56531-56663(-)	71.58
AYEL01082608.1:1422-1571(+)	65.25
AYEL01053284.1:7207-7358(+)	65.96
AYEL01060321.1:58746-58896(-)	66.43
AYEL01086526.1:10870-11026(+)	66.43
AYEL01023227.1:20247-20395(-)	63.70
AYEL01075073.1:91170-91322(-)	66.91
AYEL01084364.1:9663-9814(+)	66.67
AYEL01070103.1:6281-6429(+)	68.71
AYEL01058914.1:7156-7303(-)	67.14
AYEL01068313.1:31040-31162(+)	68.10
AYEL01090772.1:16030-16174(+)	64.71
AYEL01084160.1:9811-9958(-)	65.89
AYEL01083600.1:8731-8883(-)	69.50
AYEL01086434.1:48398-48536(-)	63.64
AYEL01075936.1:4004-4152(+)	63.70
AYEL01068520.1:26220-26369(-)	69.57
AYEL01015060.1:110562-110710(-)	67.63
AYEL01056189.1:27910-28061(+)	65.00
AYEL01088405.1:3765-3915(-)	67.86
AYEL01079859.1:47705-47854(-)	66.67
AYEL01080056.1:8081-8228(+)	66.19
AYEL01029379.1:75828-75976(-)	65.47
AYEL01057927.1:10537-10686(+)	66.44
AYEL01068334.1:59847-59992(-)	71.54
AYEL01067741.1:10802-10951(+)	66.91
AYEL01090442.1:20876-21034(+)	68.09
AYEL01067337.1:6502-6650(+)	70.50
AYEL01080253.1:16279-16426(-)	69.23
AYEL01051211.1:26602-26751(+)	64.19
AYEL01067489.1:32405-32572(-)	67.63
AYEL01059722.1:4365-4515(-)	65.96
AYEL01052971.1:3554-3703(+)	66.22
AYEL01047207.1:45-168(-)	61.40
AYEL01089962.1:105951-106092(+)	69.17
AYEL01074127.1:8828-8979(-)	62.41
AYEL01047331.1:18139-18289(+)	66.67
AYEL01082775.1:62044-62194(-)	67.38
AYEL01050965.1:8108-8256(-)	67.16
AYEL01058458.1:248-396(+)	67.38
AYEL01083480.1:37679-37818(+)	65.47
AYEL01058318.1:38655-38802(+)	67.63
AYEL01017948.1:1945-2095(-)	68.66
AYEL01058661.1:20984-21108(-)	62.71
AYEL01053416.1:17914-18066(-)	68.00
AYEL01091661.1:12231-12378(+)	66.21
AYEL01063146.1:62885-63031(+)	59.71
AYEL01088118.1:71618-71755(-)	68.18
AYEL01080713.1:90668-90818(+)	69.29
AYEL01091510.1:7277-7423(+)	70.99
AYEL01074114.1:5346-5474(-)	68.33
AYEL01070250.1:15774-15937(-)	66.91
AYEL01074484.1:10074-10224(+)	65.54
AYEL01081243.1:49193-49339(+)	70.59
AYEL01078732.1:30512-30664(+)	70.92
AYEL01086637.1:8241-8392(+)	66.91
AYEL01050888.1:64628-64776(-)	68.35
AYEL01073028.1:3064-3192(-)	69.53
AYEL01090827.1:31411-31560(+)	65.96
AYEL01088294.1:122121-122270(-)	65.69
AYEL01019790.1:8821-8970(-)	69.18
AYEL01069670.1:10086-10237(+)	66.67
AYEL01091190.1:6277-6427(+)	65.25
AYEL01076671.1:39728-39869(+)	63.57
AYEL01078447.1:3036-3187(-)	68.46
AYEL01091754.1:19635-19783(-)	68.84
AYEL01022126.1:61737-61884(+)	69.06
AYEL01048946.1:19190-19324(-)	67.72
AYEL01091353.1:7883-8024(+)	65.71
AYEL01080864.1:37138-37272(+)	68.42
AYEL01071836.1:22268-22425(-)	63.76
AYEL01067371.1:5479-5629(-)	69.29
AYEL01087523.1:1708-1855(+)	66.43
AYEL01091340.1:10053-10196(+)	69.53
AYEL01066891.1:40956-41103(+)	67.39
AYEL01072278.1:2892-3043(+)	66.44
AYEL01069821.1:25424-25574(+)	64.54
AYEL01088737.1:4876-5003(+)	65.09
AYEL01035468.1:146941-147063(-)	64.46
AYEL01055125.1:10368-10511(-)	64.29
AYEL01069550.1:3620-3768(-)	68.35
AYEL01070166.1:30751-30899(-)	68.12
AYEL01027723.1:9939-10083(-)	64.34
AYEL01086142.1:50809-50959(+)	64.63
AYEL01081660.1:93439-93589(-)	69.50
AYEL01068117.1:2367-2514(-)	64.29
AYEL01077817.1:85290-85440(-)	65.96
AYEL01088192.1:7864-8014(+)	67.35
AYEL01025951.1:26179-26325(+)	67.38
AYEL01052249.1:4680-4831(+)	65.77
AYEL01053426.1:19217-19354(+)	67.67
AYEL01086926.1:59418-59567(-)	68.70
AYEL01069767.1:6559-6699(+)	61.43
AYEL01084456.1:4155-4310(+)	70.42
AYEL01049210.1:2599-2747(+)	68.71
AYEL01082354.1:3777-3907(+)	65.29
AYEL01086216.1:19859-20001(+)	69.23
AYEL01057497.1:3755-3879(-)	69.23
AYEL01059400.1:5247-5395(+)	65.47
AYEL01008732.1:51489-51636(-)	69.29
AYEL01085178.1:57258-57405(+)	71.23
AYEL01060931.1:8201-8342(-)	65.65
AYEL01077009.1:27794-27944(+)	70.21
AYEL01063502.1:12582-12721(+)	68.46
AYEL01065743.1:7678-7823(-)	68.61
AYEL01074693.1:4375-4525(+)	61.07
AYEL01074493.1:88123-88264(+)	66.43
AYEL01013639.1:10584-10728(+)	65.47
AYEL01067954.1:3687-3839(+)	69.06
AYEL01078555.1:70496-70641(-)	63.04
AYEL01085961.1:17910-18042(-)	64.58
AYEL01066094.1:58151-58297(+)	68.84
AYEL01076611.1:16011-16148(-)	66.91
AYEL01073025.1:4489-4624(-)	68.15
AYEL01073161.1:22558-22708(-)	66.67
AYEL01071101.1:41691-41840(+)	67.63
AYEL01070050.1:3744-3894(+)	67.57
AYEL01059009.1:5286-5436(+)	63.76
AYEL01090488.1:21248-21395(-)	67.14
AYEL01091167.1:6548-6699(-)	70.71
AYEL01064055.1:18241-18376(+)	72.62
AYEL01073361.1:97069-97219(-)	67.57
AYEL01078039.1:25990-26136(-)	64.75
AYEL01057133.1:145-293(+)	65.71
AYEL01085933.1:14119-14245(-)	70.40
AYEL01090825.1:14733-14893(+)	65.99
AYEL01078097.1:2321-2454(+)	68.75
AYEL01086521.1:29877-30012(-)	63.08
AYEL01062112.1:2431-2578(+)	65.41
AYEL01050970.1:32776-32926(-)	69.50
AYEL01078036.1:23793-23938(-)	62.59
AYEL01080013.1:17667-17822(-)	68.09
AYEL01090373.1:3072-3209(-)	65.15
AYEL01084689.1:49414-49564(+)	65.96
AYEL01064962.1:39758-39908(+)	68.71
AYEL01085827.1:56604-56754(+)	67.57
AYEL01082598.1:4821-4948(+)	68.47
AYEL01084605.1:55113-55266(-)	71.63
AYEL01091281.1:122015-122150(+)	71.43
AYEL01081788.1:37089-37289(+)	67.41
AYEL01081624.1:2323-2472(+)	73.58
AYEL01090924.1:12312-12459(+)	57.93
AYEL01060584.1:44126-44274(+)	64.38
AYEL01072338.1:111631-111764(+)	60.90
AYEL01056438.1:4819-4970(-)	61.70
AYEL01065158.1:18447-18575(+)	65.00
AYEL01038438.1:67977-68126(-)	68.09
AYEL01083130.1:51866-52063(-)	61.78
AYEL01091167.1:32012-32158(+)	71.20
AYEL01079181.1:62180-62300(+)	73.68
AYEL01029817.1:1758-1906(+)	66.44
AYEL01061614.1:54286-54433(-)	65.31
AYEL01080996.1:14031-14182(-)	67.79
AYEL01089855.1:17179-17326(-)	64.58
AYEL01074284.1:27574-27814(+)	68.00
AYEL01072615.1:32551-32699(+)	70.50
AYEL01083587.1:66117-66265(-)	68.12
AYEL01092067.1:6612-6733(+)	59.81
AYEL01092011.1:3459-3690(-)	66.27
AYEL01046543.1:20022-20172(+)	66.89
AYEL01080445.1:14567-14717(-)	68.79
AYEL01067363.1:20235-20384(+)	69.29
AYEL01077770.1:31389-31538(-)	64.43
AYEL01089128.1:2680-2825(-)	67.83
AYEL01076820.1:5675-5824(-)	66.43
AYEL01011108.1:65904-66056(-)	70.27
AYEL01080949.1:41220-41355(+)	68.99
AYEL01088194.1:59784-59919(-)	68.25
AYEL01088039.1:119852-120007(-)	67.94
AYEL01060497.1:18477-18627(+)	70.07
AYEL01085021.1:30788-30936(+)	65.99
AYEL01091251.1:33148-33292(-)	68.84
AYEL01078524.1:32152-32300(-)	65.00
AYEL01076372.1:1401-1552(-)	68.03
AYEL01052622.1:16689-16839(-)	63.51
AYEL01078730.1:25894-26019(+)	72.88
AYEL01088289.1:1476-1623(-)	67.39
AYEL01080820.1:17267-17414(-)	64.03
AYEL01087801.1:13068-13202(+)	68.46
AYEL01071276.1:5818-5981(-)	67.12
AYEL01037861.1:69-215(+)	67.36
AYEL01052555.1:20193-20340(-)	64.79
AYEL01037450.1:7452-7598(+)	66.43
AYEL01043461.1:37304-37447(-)	64.93
AYEL01075100.1:1055-1206(+)	68.46
AYEL01051111.1:7797-7946(-)	65.99
AYEL01091833.1:14723-14862(-)	63.85
AYEL01081947.1:131708-131859(-)	60.71
AYEL01052631.1:11524-11675(+)	66.44
AYEL01037030.1:47450-47599(+)	67.63
AYEL01056924.1:20842-20978(-)	65.89
AYEL01090206.1:68162-68311(+)	71.13
AYEL01085337.1:38528-38673(-)	68.38
AYEL01057328.1:26202-26334(-)	67.42
AYEL01076565.1:1944-2078(+)	69.29
AYEL01057742.1:7029-7177(+)	66.43
AYEL01073207.1:3042-3182(-)	68.89
AYEL01085545.1:34165-34314(+)	66.42
AYEL01085876.1:86264-86399(+)	64.57
AYEL01034948.1:2055-2202(+)	68.61
AYEL01084863.1:17077-17233(-)	66.44
AYEL01073915.1:8960-9109(-)	63.09
AYEL01074592.1:36429-36580(-)	68.79
AYEL01077805.1:70140-70295(+)	67.94
AYEL01078844.1:14366-14525(-)	65.47
AYEL01077822.1:8695-8840(-)	66.67
AYEL01043479.1:6702-6849(+)	65.75
AYEL01068557.1:55843-55990(-)	67.39
AYEL01072380.1:9745-9895(+)	66.89
AYEL01072006.1:2480-2629(-)	65.25
AYEL01050882.1:21907-22046(-)	67.18
AYEL01085337.1:32463-32610(+)	65.69
AYEL01064962.1:38701-38852(+)	64.43
AYEL01056647.1:11262-11411(+)	68.03
AYEL01065144.1:10794-10942(-)	68.35
AYEL01076288.1:51308-51466(+)	62.84
AYEL01051937.1:50565-50709(+)	67.83
AYEL01077213.1:24270-24420(+)	66.67
AYEL01081993.1:8516-8670(-)	64.19
AYEL01038926.1:18956-19101(-)	66.42
AYEL01065764.1:141492-141642(+)	67.83
AYEL01052658.1:4554-4718(-)	65.22
AYEL01064182.1:21717-21922(-)	63.16
AYEL01033764.1:25020-25173(+)	64.38
AYEL01080964.1:7703-7852(+)	65.00
AYEL01085421.1:89060-89203(+)	64.89
AYEL01022233.1:82-227(-)	65.94
AYEL01074844.1:9449-9596(+)	69.57
AYEL01092263.1:1926-2077(-)	64.54
AYEL01074507.1:12470-12601(-)	71.20
AYEL01086077.1:25943-26078(+)	68.42
AYEL01085228.1:34190-34336(+)	65.69
AYEL01079631.1:1702-1851(+)	66.67
AYEL01045388.1:269-392(-)	64.41
AYEL01074149.1:1407-1557(+)	63.57
AYEL01054515.1:48152-48273(+)	73.64
AYEL01037155.1:651-797(-)	65.15
AYEL01064323.1:14396-14545(-)	67.86
AYEL01020852.1:22498-22641(+)	62.30
AYEL01067897.1:44951-45098(-)	70.07
AYEL01063667.1:12948-13098(+)	67.57
AYEL01084576.1:3753-3881(-)	68.37
AYEL01060340.1:44642-44793(+)	66.44
AYEL01089998.1:34053-34192(+)	69.23
AYEL01060932.1:1174-1322(-)	65.71
AYEL01088064.1:77746-77895(-)	69.29
AYEL01083063.1:9168-9317(+)	65.96
AYEL01082440.1:39334-39482(-)	65.07
AYEL01077637.1:17834-17985(-)	67.79
AYEL01085578.1:4849-4979(+)	65.12
AYEL01082717.1:30112-30259(-)	66.21
AYEL01069978.1:26615-26741(+)	61.90
AYEL01069705.1:26211-26347(-)	68.75
AYEL01056849.1:9333-9484(-)	67.11
AYEL01070222.1:86141-86290(-)	72.34
AYEL01046102.1:2447-2602(+)	65.96
AYEL01083311.1:9711-9850(-)	68.33
AYEL01076495.1:8199-8347(+)	64.29
AYEL01068605.1:36051-36202(-)	65.25
AYEL01080133.1:15926-16075(-)	70.07
AYEL01005032.1:1215-1362(+)	63.31
AYEL01070975.1:8789-8934(+)	67.41
AYEL01071517.1:2635-2770(+)	67.77
AYEL01052413.1:3420-3571(-)	67.79
AYEL01090765.1:37739-37895(+)	68.09
AYEL01078076.1:31002-31150(+)	64.03
AYEL01089933.1:28178-28329(+)	64.54
AYEL01077298.1:77873-78022(+)	68.92
AYEL01063944.1:2318-2466(+)	64.29
AYEL01085467.1:17583-17719(-)	63.91
AYEL01083839.1:13303-13433(+)	69.42
AYEL01086786.1:31539-31680(-)	69.34
AYEL01072325.1:36383-36531(-)	68.35
AYEL01085567.1:5739-5872(+)	68.25
AYEL01074755.1:13112-13260(+)	66.19
AYEL01071652.1:8019-8162(+)	60.14
AYEL01072017.1:4842-4979(-)	67.44
AYEL01091843.1:63688-63837(-)	70.42
AYEL01078100.1:25647-25775(+)	72.22
AYEL01033176.1:23944-24081(-)	68.75
AYEL01083169.1:762-892(-)	64.96
AYEL01088597.1:8088-8232(+)	67.63
AYEL01074692.1:31068-31221(+)	68.09
AYEL01088641.1:61809-61940(+)	65.57
AYEL01073846.1:36009-36158(+)	62.50
AYEL01061939.1:12923-13067(-)	63.08
AYEL01029143.1:2824-2977(-)	69.06
AYEL01080649.1:1046-1170(+)	63.96
AYEL01086031.1:42640-42790(-)	63.83
AYEL01085551.1:12239-12385(-)	62.33
AYEL01089572.1:13174-13321(+)	68.84
AYEL01085137.1:23555-23706(+)	68.89
AYEL01083904.1:30862-31011(+)	68.03
AYEL01070603.1:41113-41312(-)	62.05
AYEL01075645.1:6510-6664(+)	64.19
AYEL01071199.1:3464-3615(+)	68.79
AYEL01082513.1:38908-39042(-)	70.63
AYEL01071107.1:15177-15327(-)	65.75
AYEL01076000.1:2545-2695(+)	65.10
AYEL01048649.1:31873-32022(+)	66.67
AYEL01067248.1:48757-48905(+)	60.99
AYEL01065622.1:13634-13795(-)	71.01
AYEL01078135.1:6532-6678(+)	63.77
AYEL01091062.1:67761-67911(+)	65.99
AYEL01069589.1:3411-3560(-)	69.06
AYEL01077960.1:29901-30039(+)	65.44
AYEL01089191.1:7499-7619(-)	63.39
AYEL01076248.1:27046-27200(-)	63.83
AYEL01089078.1:18494-18641(+)	66.91
AYEL01083438.1:30176-30327(+)	68.49
AYEL01061756.1:4738-4868(+)	61.54
AYEL01074035.1:85593-85762(+)	70.00
AYEL01082317.1:6372-6519(-)	67.15
AYEL01071412.1:7266-7409(-)	66.67
AYEL01089459.1:650-770(+)	71.19
AYEL01078200.1:28290-28437(+)	66.91
AYEL01076881.1:23786-23936(+)	66.19
AYEL01006429.1:15603-15743(+)	66.67
AYEL01084653.1:66661-66809(+)	69.57
AYEL01084950.1:114355-114506(+)	68.09
AYEL01016065.1:68-289(+)	58.99
AYEL01083360.1:18392-18541(-)	63.31
AYEL01086369.1:14127-14277(+)	68.79
AYEL01087190.1:32414-32560(-)	67.39
AYEL01072754.1:17583-17730(-)	67.88
AYEL01088830.1:12470-12629(-)	64.54
AYEL01091073.1:41734-41882(+)	65.00
AYEL01083235.1:44979-45123(-)	63.70
AYEL01088448.1:1323-1468(-)	66.67
AYEL01059446.1:27324-27474(+)	63.01
AYEL01055093.1:1195-1344(+)	66.43
AYEL01062228.1:6974-7121(-)	68.57
AYEL01053310.1:1568-1694(+)	69.42
AYEL01075744.1:27567-27703(-)	61.86
AYEL01087654.1:10344-10477(-)	68.70
AYEL01066830.1:58433-58583(+)	64.29
AYEL01075123.1:17441-17582(+)	71.76
AYEL01004145.1:1829-1976(+)	66.42
AYEL01088379.1:3376-3522(-)	68.12
AYEL01090298.1:48257-48404(-)	68.28
AYEL01071006.1:55882-56019(+)	68.80
AYEL01090152.1:63469-63610(+)	70.45
AYEL01077034.1:23174-23324(-)	61.79
AYEL01057781.1:35846-36101(-)	69.53
AYEL01064055.1:224040-224178(+)	67.44
AYEL01073462.1:2382-2511(-)	65.29
AYEL01058197.1:3988-4136(-)	67.14
AYEL01086301.1:13609-13758(+)	68.71
AYEL01091284.1:27910-28043(-)	69.84
AYEL01078553.1:57012-57162(-)	66.19
AYEL01074285.1:23431-23579(-)	63.70
AYEL01067421.1:9476-9625(+)	64.75
AYEL01075349.1:20109-20258(+)	67.63
AYEL01083763.1:2102-2250(-)	62.84
AYEL01064102.1:25509-25659(-)	68.09
AYEL01086935.1:14932-15080(-)	65.47
AYEL01084950.1:25541-25689(+)	62.76
AYEL01032211.1:17668-17816(-)	64.19
AYEL01081480.1:54824-54969(+)	67.41
AYEL01083223.1:64819-64967(-)	70.54
AYEL01063491.1:31134-31284(+)	65.75
AYEL01085623.1:12597-12752(-)	67.79
AYEL01079792.1:7131-7360(-)	63.83
AYEL01067426.1:130-282(+)	68.79
AYEL01068652.1:10400-10532(+)	68.03
AYEL01024931.1:569-703(-)	66.67
AYEL01088697.1:8260-8394(+)	63.89
AYEL01010715.1:10197-10324(-)	66.29
AYEL01083947.1:35923-36075(+)	66.67
AYEL01086441.1:8186-8378(+)	63.64
AYEL01073279.1:3658-3810(-)	66.19
AYEL01082843.1:25190-25409(+)	65.87
AYEL01034912.1:7666-7822(-)	64.24
AYEL01074695.1:14952-15100(+)	65.00
AYEL01073403.1:15101-15250(+)	64.89
AYEL01042347.1:4285-4413(-)	62.70
AYEL01070738.1:4083-4231(+)	66.91
AYEL01081048.1:17368-17510(-)	68.70
AYEL01006436.1:2496-2646(-)	68.09
AYEL01058660.1:2190-2462(-)	60.44
AYEL01056851.1:8114-8283(+)	70.07
AYEL01074276.1:63247-63381(+)	70.15
AYEL01091624.1:32902-33028(+)	64.15
AYEL01068061.1:70882-71030(-)	67.63
AYEL01071348.1:1820-1946(+)	68.38
AYEL01024267.1:439-574(+)	61.79
AYEL01051137.1:33641-33788(-)	65.47
AYEL01052741.1:1583-1723(-)	67.44
AYEL01081301.1:8314-8454(-)	72.31
AYEL01046730.1:19017-19164(-)	67.14
AYEL01066611.1:46527-46673(+)	70.29
AYEL01083473.1:21867-22022(-)	60.71
AYEL01073901.1:1928-2077(-)	66.21
AYEL01079090.1:4116-4363(-)	66.67
AYEL01061748.1:18399-18545(-)	64.75
AYEL01086097.1:10854-10991(+)	68.50
AYEL01021742.1:11753-11876(-)	67.77
AYEL01056730.1:2663-2808(+)	67.15
AYEL01077072.1:18823-18969(+)	69.44
AYEL01060240.1:27560-27704(-)	67.67
AYEL01083722.1:69358-69530(-)	73.13
AYEL01090189.1:10849-10998(-)	68.57
AYEL01085171.1:22018-22165(-)	65.75
AYEL01086137.1:55961-56110(+)	67.14
AYEL01079220.1:6431-6558(-)	63.93
AYEL01088813.1:246703-246852(-)	68.09
AYEL01084921.1:24178-24343(+)	68.46
AYEL01089030.1:20275-20423(+)	65.71
AYEL01074965.1:1654-1803(+)	71.74
AYEL01088768.1:24914-25062(-)	67.14
AYEL01047987.1:5633-5779(-)	68.12
AYEL01081405.1:61601-61746(+)	67.91
AYEL01074287.1:525-673(-)	69.06
AYEL01070700.1:84293-84429(-)	70.00
AYEL01013640.1:13608-13752(-)	70.15
AYEL01085635.1:983-1134(+)	68.46
AYEL01073789.1:33164-33322(+)	64.12
AYEL01073608.1:2973-3121(+)	67.15
AYEL01073388.1:374-518(-)	69.34
AYEL01069573.1:12251-12386(-)	62.11
AYEL01076586.1:1757-1916(-)	69.78
AYEL01071040.1:2218-2369(-)	62.69
AYEL01056277.1:29032-29182(+)	65.52
AYEL01077405.1:63783-63926(+)	64.44
AYEL01056277.1:15501-15634(-)	65.29
AYEL01089806.1:2982-3131(-)	69.57
AYEL01091922.1:31173-31326(+)	68.89
AYEL01064388.1:9364-9514(+)	66.22
AYEL01083262.1:31302-31457(+)	61.59
AYEL01085623.1:74724-74873(-)	70.00
AYEL01086116.1:69043-69184(-)	70.29
AYEL01069416.1:10167-10323(-)	69.03
AYEL01083358.1:34382-34531(-)	70.00
AYEL01055339.1:2726-2878(+)	63.12
AYEL01050905.1:6023-6172(-)	68.35
AYEL01084699.1:44012-44157(-)	63.77
AYEL01049979.1:11538-11684(-)	67.39
AYEL01025817.1:8793-8938(+)	64.14
AYEL01065778.1:33567-33709(-)	67.91
AYEL01043666.1:14020-14157(-)	63.08
AYEL01079778.1:64833-64982(+)	67.63
AYEL01085810.1:2212-2357(+)	68.00
AYEL01081201.1:1666-1798(+)	68.80
AYEL01063065.1:13938-14088(-)	63.95
AYEL01068094.1:79722-79868(+)	63.57
AYEL01060227.1:28916-29063(+)	65.07
AYEL01079177.1:3828-3976(-)	65.96
AYEL01087279.1:6669-6821(-)	66.44
AYEL01087973.1:9893-10032(+)	70.59
AYEL01085942.1:106264-106414(+)	66.22
AYEL01069720.1:891-1040(-)	65.47
AYEL01090303.1:3128-3278(-)	68.57
AYEL01083921.1:5552-5701(-)	65.96
AYEL01038840.1:7728-7862(-)	66.67
AYEL01090732.1:1894-2038(-)	64.96
AYEL01045335.1:11683-11828(-)	65.25
AYEL01086609.1:28784-28935(-)	67.88
AYEL01064616.1:37127-37287(-)	67.42
AYEL01073983.1:22496-22645(-)	68.03
AYEL01043402.1:2552-2702(-)	65.96
AYEL01062547.1:2389-2537(+)	69.57
AYEL01090970.1:18555-18705(+)	69.59
AYEL01085562.1:44666-44795(-)	62.61
AYEL01064240.1:3856-3977(-)	64.22
AYEL01061349.1:5925-6072(+)	65.69
AYEL01075744.1:19936-20085(+)	65.93
AYEL01069529.1:99-251(+)	60.71
AYEL01075014.1:28292-28441(+)	65.71
AYEL01089989.1:2153-2304(+)	66.44
AYEL01081604.1:11931-12082(-)	60.40
AYEL01088340.1:14870-15019(-)	67.14
AYEL01087566.1:25117-25266(+)	68.35
AYEL01084649.1:4673-4823(-)	70.21
AYEL01074125.1:11096-11246(-)	66.43
AYEL01086399.1:10620-10770(+)	65.96
AYEL01081858.1:7415-7564(+)	62.41
AYEL01084145.1:4206-4354(+)	64.96
AYEL01020715.1:193-343(-)	71.97
AYEL01070177.1:7491-7641(+)	67.35
AYEL01055590.1:10575-10728(-)	67.14
AYEL01088333.1:2116-2264(+)	68.09
AYEL01010785.1:3293-3439(-)	67.88
AYEL01085473.1:9827-9972(-)	64.58
AYEL01076176.1:6472-6618(-)	64.75
AYEL01066844.1:2334-2466(-)	69.23
AYEL01085612.1:78994-79137(-)	64.71
AYEL01061843.1:8846-8992(-)	67.88
AYEL01086515.1:6045-6195(+)	68.35
AYEL01069240.1:57328-57476(+)	63.57
AYEL01085319.1:55852-56002(+)	68.79
AYEL01049041.1:63169-63319(-)	70.95
AYEL01055831.1:10285-10432(+)	68.38
AYEL01065845.1:3360-3511(+)	68.71
AYEL01068200.1:77381-77530(+)	67.86
AYEL01024005.1:0-123(+)	64.71
AYEL01073596.1:56574-56709(-)	67.72
AYEL01090846.1:19773-19925(+)	69.50
AYEL01064344.1:37470-37618(+)	71.22
AYEL01048402.1:11243-11392(+)	68.46
AYEL01054643.1:2352-2506(-)	69.57
AYEL01013153.1:44726-44867(+)	68.18
AYEL01046600.1:72678-72828(-)	64.86
AYEL01063498.1:14788-14944(-)	69.29
AYEL01074116.1:31323-31469(-)	66.02
AYEL01073372.1:40591-40735(-)	65.94
AYEL01066195.1:10617-10819(-)	59.49
AYEL01091030.1:8622-8767(+)	63.45
AYEL01076720.1:27364-27558(-)	63.16
AYEL01070148.1:396-545(-)	68.57
AYEL01073141.1:48654-48785(+)	67.26
AYEL01059176.1:1440-1589(+)	68.57
AYEL01080948.1:28984-29133(-)	62.86
AYEL01003609.1:46-310(-)	70.34
AYEL01080065.1:50754-50901(+)	68.79
AYEL01043976.1:3330-3481(+)	74.47
AYEL01075593.1:13264-13415(-)	65.25
AYEL01055049.1:65388-65537(-)	60.71
AYEL01052354.1:2081-2225(+)	65.93
AYEL01087672.1:17844-17995(-)	65.25
AYEL01088560.1:39470-39619(+)	61.43
AYEL01084656.1:33876-34028(+)	67.15
AYEL01072183.1:18550-18684(+)	69.29
AYEL01084002.1:7426-7574(-)	65.69
AYEL01082040.1:8739-8888(+)	62.86
AYEL01022937.1:3486-3633(-)	66.91
AYEL01088473.1:7948-8096(+)	64.63
AYEL01029821.1:35114-35263(-)	64.54
AYEL01083024.1:28719-28870(-)	58.87
AYEL01084745.1:76090-76216(+)	68.89
AYEL01021304.1:3664-3793(-)	68.54
AYEL01059962.1:628-762(+)	65.91
AYEL01079966.1:11676-11826(+)	72.11
AYEL01069801.1:17205-17355(-)	70.55
AYEL01073575.1:12223-12371(+)	66.91
AYEL01081454.1:7162-7311(-)	66.91
AYEL01063118.1:28861-29011(-)	68.79
AYEL01075462.1:13242-13393(+)	69.80
AYEL01046543.1:4943-5091(+)	66.44
AYEL01084616.1:23686-23833(-)	66.44
AYEL01053535.1:12784-12921(+)	68.61
AYEL01060581.1:7396-7544(+)	60.71
AYEL01085160.1:47032-47180(-)	70.21
AYEL01075135.1:2142-2275(-)	68.42
AYEL01077686.1:25110-25260(+)	63.83
AYEL01092186.1:2690-2829(+)	66.67
AYEL01069643.1:817-967(-)	67.38
AYEL01064132.1:32286-32436(+)	70.21
AYEL01022292.1:72827-72972(+)	64.03
AYEL01078492.1:36442-36602(-)	63.83
AYEL01085019.1:5638-5787(-)	67.35
AYEL01069013.1:7331-7483(-)	71.14
AYEL01074117.1:33456-33605(-)	65.54
AYEL01087265.1:10955-11097(-)	60.31
AYEL01071420.1:4947-5095(-)	63.57
AYEL01089576.1:14917-15068(+)	62.84
AYEL01040608.1:26334-26489(-)	68.24
AYEL01051218.1:35280-35430(+)	66.89
AYEL01084396.1:11521-11671(-)	64.19
AYEL01029948.1:5766-5915(-)	70.59
AYEL01075580.1:60515-60665(-)	67.38
AYEL01041835.1:47-199(-)	65.00
AYEL01086868.1:17882-18030(-)	68.49
AYEL01079941.1:67464-67615(+)	62.86
AYEL01080560.1:49347-49481(-)	68.42
AYEL01066871.1:44217-44350(+)	64.12
AYEL01074803.1:1368-1491(+)	67.77
AYEL01076191.1:49914-50059(-)	69.12
AYEL01067141.1:36313-36461(+)	67.86
AYEL01073182.1:18730-18878(+)	67.36
AYEL01071950.1:10356-10483(+)	65.45
AYEL01082366.1:3157-3301(-)	68.15
AYEL01090168.1:119061-119201(-)	64.89
AYEL01091369.1:7107-7234(-)	59.50
AYEL01006436.1:784-934(+)	61.70
AYEL01073899.1:59942-60093(+)	66.67
AYEL01049968.1:7955-8101(-)	65.94
AYEL01088849.1:59601-59739(+)	67.18
AYEL01076286.1:78446-78593(-)	65.75
AYEL01079859.1:41162-41314(+)	63.83
AYEL01072358.1:7246-7396(+)	68.79
AYEL01087934.1:30384-30522(+)	66.18
AYEL01073239.1:2836-2969(+)	68.25
AYEL01088318.1:53683-53834(-)	65.25
AYEL01090541.1:150082-150231(+)	65.77
AYEL01085364.1:18694-18851(-)	68.92
AYEL01087977.1:1294-1440(-)	67.59
AYEL01090784.1:39928-40076(+)	66.43
AYEL01065882.1:40762-40897(+)	68.10
AYEL01086727.1:19436-19569(+)	70.31
AYEL01058034.1:5399-5552(+)	73.38
AYEL01072260.1:49705-49854(-)	69.06
AYEL01057065.1:21270-21416(-)	67.13
AYEL01083068.1:29117-29267(+)	65.96
AYEL01057328.1:28000-28149(+)	67.39
AYEL01047331.1:18484-18630(+)	66.67
AYEL01074285.1:26039-26186(-)	60.47
AYEL01087216.1:15588-15721(-)	65.00
AYEL01088508.1:32680-32827(+)	66.19
AYEL01069236.1:92232-92378(+)	64.14
AYEL01082968.1:32841-32992(+)	66.44
AYEL01029288.1:187452-187581(+)	63.06
AYEL01084789.1:10996-11144(-)	69.72
AYEL01076613.1:2260-2410(-)	70.07
AYEL01052079.1:25916-26065(-)	69.06
AYEL01028653.1:56775-56917(+)	66.91
AYEL01079640.1:1849-1979(-)	67.48
AYEL01078373.1:1599-1741(-)	65.67
AYEL01074087.1:14710-14861(-)	68.28
AYEL01089613.1:38361-38507(-)	70.80
AYEL01058290.1:20402-20551(-)	65.96
AYEL01079537.1:92898-93046(-)	68.35
AYEL01078081.1:3841-3985(+)	63.89
AYEL01086278.1:127618-127767(+)	66.43
AYEL01011797.1:1716-1854(-)	70.77
AYEL01078269.1:8064-8202(-)	64.71
AYEL01090980.1:14016-14164(-)	66.91
AYEL01086414.1:193313-193454(+)	70.00
AYEL01072036.1:55250-55380(+)	66.15
AYEL01052469.1:26623-26773(-)	65.54
AYEL01091148.1:44056-44188(+)	64.23
AYEL01076988.1:11513-11665(-)	68.79
AYEL01089652.1:7253-7402(-)	66.43
AYEL01086986.1:37063-37198(+)	61.54
AYEL01081772.1:19129-19277(-)	64.75
AYEL01084747.1:14621-14770(-)	62.86
AYEL01070147.1:14280-14435(-)	65.77
AYEL01026886.1:39832-39979(+)	65.73
AYEL01088035.1:10952-11096(-)	70.07
AYEL01084387.1:14242-14393(+)	68.57
AYEL01073140.1:163-303(+)	67.69
AYEL01051218.1:24040-24191(+)	67.11
AYEL01043470.1:17956-18100(+)	74.81
AYEL01056034.1:32296-32429(+)	66.13
AYEL01063497.1:46869-47001(+)	62.39
AYEL01085888.1:76950-77076(-)	65.85
AYEL01071938.1:1361-1500(-)	64.66
AYEL01029381.1:104179-104330(+)	63.83
AYEL01057090.1:12522-12657(+)	66.14
AYEL01068395.1:780-930(-)	65.47
AYEL01066325.1:5339-5488(-)	65.47
AYEL01069573.1:12398-12544(-)	63.91
AYEL01065413.1:4519-4675(-)	65.25
AYEL01068524.1:16677-16824(-)	69.23
AYEL01061016.1:46235-46472(-)	69.51
AYEL01060241.1:4013-4148(+)	63.73
AYEL01067658.1:14315-14462(-)	67.39
AYEL01084081.1:129788-129936(+)	69.40
AYEL01089460.1:16332-16481(+)	65.99
AYEL01016911.1:37408-37534(-)	66.67
AYEL01072813.1:30499-30647(-)	66.43
AYEL01071893.1:38515-38662(-)	70.21
AYEL01085161.1:65220-65367(-)	66.91
AYEL01086789.1:14017-14165(+)	66.19
AYEL01052845.1:16160-16312(+)	66.41
AYEL01082081.1:91881-92032(-)	61.70
AYEL01059915.1:2244-2395(-)	67.35
AYEL01055745.1:20852-21002(+)	67.14
AYEL01089841.1:5683-5833(-)	69.50
AYEL01039550.1:92123-92280(-)	66.93
AYEL01076794.1:15248-15396(-)	68.35
AYEL01032164.1:21399-21548(-)	67.86
AYEL01084691.1:14649-14787(-)	63.25
AYEL01016908.1:74581-74719(+)	67.69
AYEL01070333.1:34100-34296(-)	62.69
AYEL01022442.1:25-173(+)	67.81
AYEL01067492.1:15734-15884(-)	67.38
AYEL01087012.1:8704-8832(-)	65.85
AYEL01060764.1:12344-12467(-)	65.29
AYEL01086112.1:34320-34471(+)	64.75
AYEL01090168.1:33209-33358(+)	63.83
AYEL01086912.1:6188-6339(-)	70.21
AYEL01075480.1:8915-9064(-)	66.67
AYEL01069685.1:9051-9199(+)	66.43
AYEL01064182.1:23196-23346(-)	65.31
AYEL01085601.1:4872-5029(+)	73.38
AYEL01084026.1:26513-26642(+)	62.11
AYEL01083311.1:12278-12417(-)	68.33
AYEL01089032.1:20262-20411(+)	67.12
AYEL01061704.1:13165-13316(+)	66.67
AYEL01083185.1:17663-17811(-)	66.43
AYEL01071648.1:6060-6211(-)	65.31
AYEL01084747.1:14856-15005(-)	70.59
AYEL01090552.1:8111-8238(+)	71.19
AYEL01054419.1:24764-24901(-)	66.93
AYEL01053988.1:17228-17375(+)	66.67
AYEL01075026.1:22212-22365(+)	64.54
AYEL01051184.1:1613-1765(+)	68.57
AYEL01064684.1:60378-60532(-)	68.79
AYEL01088636.1:8314-8461(+)	67.91
AYEL01089185.1:51568-51688(+)	64.71
AYEL01028042.1:2767-2908(-)	66.41
AYEL01062243.1:11915-12046(-)	63.49
AYEL01062761.1:15067-15215(+)	65.31
AYEL01082636.1:54079-54220(+)	66.94
AYEL01076807.1:110702-110849(+)	66.19
AYEL01084635.1:30618-30778(-)	65.25
AYEL01080780.1:84818-84970(+)	63.83
AYEL01091024.1:3510-3659(-)	68.03
AYEL01055845.1:4444-4584(-)	71.64
AYEL01065986.1:1708-1858(-)	66.22
AYEL01081405.1:61292-61437(+)	68.66
AYEL01091032.1:38894-39042(+)	66.43
AYEL01065497.1:43976-44122(+)	63.04
AYEL01079050.1:28674-28821(+)	63.77
AYEL01086441.1:32569-32718(-)	64.38
AYEL01043956.1:31384-31531(-)	65.71
AYEL01074778.1:18161-18311(+)	64.38
AYEL01085878.1:106918-107062(-)	66.91
AYEL01072667.1:7940-8089(+)	69.06
AYEL01085612.1:10346-10486(+)	67.69
AYEL01015936.1:25745-25893(-)	65.94
AYEL01081570.1:21631-21770(-)	68.15
AYEL01072371.1:17958-18108(-)	68.09
AYEL01070314.1:30442-30589(+)	70.50
AYEL01018222.1:1878-2027(-)	65.00
AYEL01085702.1:34939-35086(+)	68.89
AYEL01072887.1:10982-11129(-)	65.73
AYEL01090100.1:12497-12637(+)	66.91
AYEL01070867.1:32963-33098(-)	67.46
AYEL01082505.1:23758-23908(+)	69.78
AYEL01013152.1:19428-19573(+)	63.77
AYEL01083566.1:13883-14014(+)	66.67
AYEL01057489.1:3686-3806(-)	67.02
AYEL01083189.1:41939-42088(-)	68.28
AYEL01085604.1:67095-67341(+)	58.03
AYEL01087176.1:115300-115424(+)	66.39
AYEL01067905.1:27480-27600(-)	70.37
AYEL01068594.1:15070-15221(-)	68.03
AYEL01045404.1:3308-3455(+)	66.67
AYEL01071478.1:25697-25835(-)	65.62
AYEL01063986.1:21532-21664(-)	69.15
AYEL01056966.1:18704-18868(-)	67.86
AYEL01082751.1:8398-8547(-)	70.92
AYEL01045931.1:8574-8713(+)	62.77
AYEL01062034.1:51117-51238(-)	64.96
AYEL01087328.1:8359-8509(+)	67.14
AYEL01079724.1:25778-25929(-)	64.86
AYEL01081807.1:31806-31959(-)	66.43
AYEL01086902.1:58687-58832(+)	64.34
AYEL01085431.1:11519-11668(-)	70.00
AYEL01052376.1:17338-17476(+)	70.08
AYEL01083283.1:65011-65151(+)	69.47
AYEL01089608.1:10789-10935(-)	70.07
AYEL01090670.1:51897-52034(+)	69.05
AYEL01087715.1:18522-18651(+)	69.49
AYEL01085203.1:41764-41913(+)	62.84
AYEL01086228.1:41863-42008(-)	65.94
AYEL01074846.1:9787-9936(+)	67.14
AYEL01087823.1:22918-23058(+)	69.47
AYEL01059031.1:45114-45240(-)	63.33
AYEL01086852.1:100912-101062(-)	62.16
AYEL01091007.1:76190-76336(+)	62.50
AYEL01065318.1:131068-131216(+)	66.91
AYEL01064039.1:51388-51558(+)	70.15
AYEL01062753.1:18885-19043(+)	65.91
AYEL01084816.1:4335-4456(-)	64.71
AYEL01069094.1:21213-21362(-)	62.41
AYEL01091570.1:3388-3538(+)	62.86
AYEL01034772.1:21128-21276(-)	67.39
AYEL01019798.1:1686-1833(+)	67.39
AYEL01090487.1:15435-15590(-)	67.11
AYEL01020550.1:483-613(-)	64.46
AYEL01080021.1:13958-14106(-)	64.93
AYEL01046340.1:1863-2012(+)	64.29
AYEL01037298.1:75181-75330(-)	67.14
AYEL01086215.1:40685-40838(+)	62.42
AYEL01079741.1:44122-44269(-)	65.22
AYEL01075304.1:15621-15772(+)	68.79
AYEL01072070.1:14728-15102(+)	69.29
AYEL01028163.1:38059-38205(+)	70.42
AYEL01081127.1:35823-35958(+)	65.32
AYEL01076556.1:65177-65331(-)	63.43
AYEL01082840.1:20325-20467(+)	65.67
AYEL01072165.1:22828-22979(+)	66.67
AYEL01073727.1:9675-9825(-)	64.86
AYEL01049928.1:95343-95492(+)	65.96
AYEL01066397.1:22563-22712(-)	69.85
AYEL01087828.1:28733-28881(+)	69.06
AYEL01070359.1:12234-12379(+)	66.19
AYEL01091766.1:58710-58847(-)	67.97
AYEL01085822.1:33818-33969(+)	63.57
AYEL01066808.1:84751-84899(-)	67.63
AYEL01031809.1:142318-142456(+)	62.50
AYEL01071372.1:54436-54587(-)	67.12
AYEL01056421.1:4715-4863(+)	66.43
AYEL01084751.1:4445-4588(-)	64.44
AYEL01083303.1:57054-57197(+)	67.14
AYEL01080012.1:12393-12552(+)	75.65
AYEL01061995.1:1373-1529(+)	64.29
AYEL01084845.1:43317-43469(+)	69.13
AYEL01072357.1:9743-9887(-)	65.22
AYEL01069442.1:1858-2008(-)	66.43
AYEL01076182.1:6438-6580(-)	63.36
AYEL01015680.1:90260-90406(-)	66.67
AYEL01049283.1:1490-1638(-)	68.84
AYEL01073367.1:27511-27658(-)	68.84
AYEL01088346.1:7987-8136(-)	66.19
AYEL01038166.1:45982-46131(-)	71.01
AYEL01046489.1:2022-2172(+)	67.63
AYEL01080767.1:11736-11884(+)	63.77
AYEL01074473.1:1230-1381(+)	66.43
AYEL01090877.1:61076-61231(+)	67.88
AYEL01023224.1:18143-18291(-)	65.47
AYEL01007844.1:4407-4555(+)	67.14
AYEL01052311.1:3327-3475(-)	69.29
AYEL01076977.1:20195-20344(+)	65.99
AYEL01076009.1:1954-2110(-)	67.39
AYEL01072084.1:29865-30016(-)	65.96
AYEL01089091.1:41771-42009(-)	61.08
AYEL01061385.1:26103-26246(+)	61.54
AYEL01090806.1:26427-26576(-)	71.85
AYEL01056281.1:23393-23537(+)	64.44
AYEL01086291.1:2618-2779(+)	68.03
AYEL01074194.1:154438-154584(-)	65.97
AYEL01090926.1:13949-14101(-)	67.11
AYEL01080432.1:14999-15147(+)	67.14
AYEL01090768.1:19064-19209(-)	62.24
AYEL01088748.1:9687-9810(-)	70.00
AYEL01083604.1:55038-55184(-)	64.96
AYEL01071353.1:1234-1382(-)	69.06
AYEL01083474.1:16702-16848(+)	66.90
AYEL01073327.1:51032-51178(-)	67.88
AYEL01090909.1:12693-12841(-)	63.12
AYEL01078771.1:35765-35896(+)	66.40
AYEL01086486.1:8873-9020(-)	66.19
AYEL01075165.1:22127-22275(+)	65.47
AYEL01068268.1:41268-41420(+)	66.90
AYEL01086446.1:28183-28332(+)	66.91
AYEL01077108.1:52576-52724(-)	66.67
AYEL01088991.1:11373-11521(-)	66.91
AYEL01063984.1:56563-56713(-)	65.54
AYEL01075448.1:15121-15267(+)	68.61
AYEL01044187.1:19134-19294(-)	71.14
AYEL01075039.1:38579-38723(-)	71.83
AYEL01084055.1:13374-13525(-)	69.50
AYEL01057628.1:37552-37697(+)	71.32
AYEL01086651.1:27873-28024(-)	64.29
AYEL01087594.1:14746-14893(-)	68.35
AYEL01040566.1:87990-88144(-)	68.09
AYEL01049210.1:1718-1873(+)	70.00
AYEL01074147.1:2501-2650(-)	70.59
AYEL01073468.1:37018-37165(-)	66.91
AYEL01067842.1:15667-15816(+)	65.07
AYEL01033375.1:17029-17177(-)	62.16
AYEL01081034.1:3878-4015(+)	66.93
AYEL01091843.1:51364-51512(-)	63.95
AYEL01078898.1:30825-30974(+)	69.06
AYEL01066703.1:43320-43470(+)	63.83
AYEL01066694.1:22389-22540(+)	66.67
AYEL01069602.1:11718-11866(+)	66.91
AYEL01079756.1:11697-11850(-)	69.59
AYEL01057438.1:4137-4287(-)	70.21
AYEL01091284.1:11969-12117(-)	70.55
AYEL01086542.1:4065-4195(-)	66.67
AYEL01091643.1:4157-4304(-)	63.57
AYEL01046529.1:23803-23941(+)	66.92
AYEL01068541.1:42408-42537(-)	70.63
AYEL01080927.1:22620-22769(-)	71.22
AYEL01079303.1:27522-27663(+)	67.42
AYEL01075703.1:9135-9283(+)	68.49
AYEL01086270.1:886-1036(-)	64.14
AYEL01091787.1:104-253(+)	67.86
AYEL01077280.1:282-433(-)	70.92
AYEL01083246.1:43617-43781(+)	62.42
AYEL01079226.1:44350-44501(-)	64.43
AYEL01089307.1:10259-10407(-)	66.91
AYEL01047200.1:81883-82027(+)	65.93
AYEL01073836.1:1059-1200(+)	66.92
AYEL01085727.1:16341-16493(-)	66.67
AYEL01082597.1:35686-35831(+)	71.53
AYEL01081544.1:3064-3215(+)	69.80
AYEL01083577.1:54592-54742(-)	66.90
AYEL01073372.1:31317-31464(-)	69.57
AYEL01087778.1:3936-4090(-)	63.12
AYEL01017516.1:6240-6371(+)	70.33
AYEL01081321.1:46665-46805(-)	64.46
AYEL01090677.1:6185-6312(-)	69.60
AYEL01030032.1:411-546(+)	67.19
AYEL01083617.1:36863-37011(-)	71.94
AYEL01044145.1:20731-20881(+)	65.96
AYEL01066574.1:162011-162159(-)	64.75
AYEL01080661.1:128415-128555(+)	64.71
AYEL01090236.1:2444-2580(+)	63.70
AYEL01065259.1:44027-44180(-)	69.13
AYEL01082252.1:49588-49736(-)	66.91
AYEL01045168.1:6122-6272(+)	67.14
AYEL01076529.1:8767-8914(+)	68.35
AYEL01090421.1:20533-20680(+)	64.96
AYEL01083839.1:27567-27715(+)	68.35
AYEL01054701.1:4979-5123(-)	67.41
AYEL01070466.1:31981-32131(-)	65.25
AYEL01028104.1:1449-1599(+)	62.86
AYEL01086518.1:23165-23316(+)	67.12
AYEL01047441.1:5230-5381(-)	68.09
AYEL01080920.1:16003-16149(-)	66.18
AYEL01070980.1:1961-2107(+)	61.11
AYEL01075912.1:21230-21369(+)	65.93
AYEL01063253.1:10573-10720(+)	71.22
AYEL01069562.1:18429-18576(-)	63.01
AYEL01067916.1:12810-12934(-)	65.57
AYEL01062969.1:50241-50396(-)	65.25
AYEL01081992.1:44700-44853(-)	68.09
AYEL01075644.1:23241-23374(-)	65.87
AYEL01078237.1:75513-75648(-)	62.89
AYEL01074706.1:50120-50269(-)	67.14
AYEL01082842.1:16021-16158(-)	71.88
AYEL01080594.1:62651-62799(+)	70.71
AYEL01056272.1:33338-33485(+)	66.91
AYEL01072853.1:23792-23939(+)	68.35
AYEL01015529.1:7404-7553(-)	68.71
AYEL01069066.1:47650-47794(+)	68.22
AYEL01072491.1:14097-14248(-)	65.25
AYEL01069784.1:20733-20886(-)	66.44
AYEL01090377.1:5889-6037(+)	70.29
AYEL01088842.1:20733-20892(-)	69.13
AYEL01091840.1:12009-12159(-)	66.91
AYEL01073343.1:75105-75257(-)	67.38
AYEL01084723.1:112699-112845(+)	68.61
AYEL01080378.1:843-984(-)	68.35
AYEL01073798.1:22411-22560(-)	63.45
AYEL01075620.1:29622-29771(+)	66.43
AYEL01014021.1:38271-38422(-)	62.41
AYEL01065455.1:9540-9666(+)	66.30
AYEL01038652.1:544-692(-)	64.79
AYEL01083656.1:1108-1257(-)	69.06
AYEL01090004.1:90031-90181(+)	69.59
AYEL01091176.1:1242-1389(+)	67.59
AYEL01091062.1:67304-67721(+)	61.90
AYEL01070391.1:10298-10446(+)	67.12
AYEL01066195.1:11167-11312(-)	65.97
AYEL01072658.1:3417-3567(+)	65.54
AYEL01066364.1:4793-4915(+)	71.74
AYEL01070535.1:40263-40408(+)	63.12
AYEL01088684.1:25478-25624(-)	71.01
AYEL01057789.1:10483-10635(-)	64.29
AYEL01090878.1:1571-1831(-)	67.20
AYEL01079698.1:59323-59470(-)	62.14
AYEL01066294.1:15903-16050(-)	65.00
AYEL01080425.1:9258-9408(-)	69.44
AYEL01068090.1:47171-47314(+)	62.90
AYEL01088423.1:8135-8279(+)	70.25
AYEL01081464.1:1570-1721(-)	66.44
AYEL01085604.1:28510-28656(-)	67.39
AYEL01061973.1:19474-19619(-)	70.68
AYEL01067673.1:11285-11441(+)	67.63
AYEL01049440.1:13066-13216(+)	68.09
AYEL01026594.1:98678-98837(-)	68.89
AYEL01087771.1:1125-1258(-)	66.92
AYEL01064047.1:14085-14210(-)	67.86
AYEL01077492.1:13273-13408(-)	64.44
AYEL01090823.1:10192-10341(-)	66.43
AYEL01065530.1:25007-25154(-)	65.99
AYEL01073651.1:105131-105281(-)	68.79
AYEL01051034.1:1387-1513(+)	62.70
AYEL01082788.1:24081-24228(-)	64.03
AYEL01057073.1:2183-2329(+)	69.34
AYEL01091338.1:14183-14332(-)	67.14
AYEL01028819.1:33870-33991(+)	67.52
AYEL01072075.1:10034-10183(-)	65.25
AYEL01080261.1:30288-30436(+)	65.99
AYEL01060915.1:98331-98479(-)	64.63
AYEL01066793.1:11208-11421(+)	66.67
AYEL01074937.1:16927-17077(-)	66.89
AYEL01069100.1:20925-21070(+)	66.41
AYEL01086820.1:14283-14431(-)	63.70
AYEL01071895.1:22617-22765(-)	65.47
AYEL01050805.1:5928-6073(+)	64.96
AYEL01039434.1:31567-31718(+)	67.79
AYEL01089693.1:4169-4318(+)	68.57
AYEL01040593.1:18789-18936(+)	66.42
AYEL01091538.1:12379-12530(-)	64.43
AYEL01092216.1:8689-8832(-)	67.63
AYEL01072792.1:7122-7273(-)	68.79
AYEL01029819.1:676-826(-)	67.38
AYEL01034168.1:13706-13871(+)	66.67
AYEL01083222.1:5886-6035(+)	67.63
AYEL01065760.1:44159-44291(-)	68.29
AYEL01087277.1:23084-23234(-)	64.34
AYEL01080982.1:26938-27188(-)	71.22
AYEL01053957.1:1495-1645(-)	64.75
AYEL01073303.1:13633-13781(+)	68.49
AYEL01084122.1:16805-16939(-)	70.45
AYEL01070948.1:29431-29567(-)	68.99
AYEL01090294.1:37184-37334(-)	68.57
AYEL01056844.1:8202-8337(-)	63.48
AYEL01079830.1:7-155(+)	66.91
AYEL01089875.1:34423-34565(+)	64.08
AYEL01090442.1:13422-13569(-)	69.44
AYEL01037255.1:2687-2831(-)	64.75
AYEL01015477.1:16672-16819(+)	66.91
AYEL01064344.1:1105-1241(-)	68.75
AYEL01070061.1:40216-40366(+)	68.57
AYEL01078981.1:22146-22297(-)	67.14
AYEL01063887.1:30198-30358(+)	65.96
AYEL01079893.1:88143-88294(+)	66.44
AYEL01088989.1:12854-12983(-)	64.46
AYEL01066154.1:19713-19861(+)	66.43
AYEL01072742.1:19484-19661(+)	68.57
AYEL01059996.1:228-354(-)	69.77
AYEL01056510.1:8881-9029(+)	67.14
AYEL01086939.1:80941-81087(+)	68.61
AYEL01066574.1:197337-197488(+)	66.44
AYEL01061914.1:13663-13811(+)	68.57
AYEL01066625.1:4141-4289(+)	67.63
AYEL01076973.1:10892-11035(+)	70.50
AYEL01076122.1:6680-6824(+)	67.65
AYEL01061239.1:43059-43201(-)	66.17
AYEL01087516.1:24728-24879(-)	69.57
AYEL01081458.1:11414-11557(-)	65.65
AYEL01089064.1:36649-36790(-)	66.41
AYEL01079359.1:4791-4936(+)	63.77
AYEL01083169.1:1115-1271(-)	69.39
AYEL01070022.1:24213-24363(+)	66.67
AYEL01083224.1:193035-193176(+)	64.18
AYEL01057401.1:9459-9616(-)	65.96
AYEL01083081.1:36848-36994(-)	61.59
AYEL01076566.1:89749-89892(+)	69.63
AYEL01084853.1:39786-39926(+)	66.15
AYEL01050793.1:57851-57984(+)	69.60
AYEL01085169.1:8810-8953(-)	67.13
AYEL01073583.1:5891-6023(+)	65.60
AYEL01080727.1:19880-20035(-)	65.71
AYEL01084417.1:14979-15111(-)	66.40
AYEL01050450.1:5832-5981(+)	66.43
AYEL01087622.1:62064-62235(-)	69.78
AYEL01019292.1:3069-3209(+)	67.94
AYEL01087998.1:30349-30504(-)	66.67
AYEL01059639.1:15312-15459(-)	67.59
AYEL01080309.1:6532-6680(+)	68.57
AYEL01069057.1:18613-18761(-)	64.86
AYEL01090066.1:4798-4948(-)	70.29
AYEL01015060.1:70866-71005(-)	62.93
AYEL01071897.1:5745-5895(-)	69.50
AYEL01090954.1:45768-45917(-)	66.22
AYEL01059496.1:9496-9645(-)	69.50
AYEL01077050.1:11263-11413(-)	67.79
AYEL01091570.1:929-1060(-)	63.57
AYEL01066896.1:22854-23006(-)	70.71
AYEL01042549.1:4147-4295(-)	64.71
AYEL01044424.1:18731-18877(+)	64.38
AYEL01054735.1:19504-19644(-)	64.12
AYEL01067187.1:21232-21368(+)	65.41
AYEL01038450.1:18625-18774(-)	68.57
AYEL01077686.1:50718-50902(-)	62.43
AYEL01081873.1:35952-36102(+)	66.22
AYEL01079557.1:7609-7757(-)	63.89
AYEL01078554.1:28247-28395(-)	65.00
AYEL01065794.1:4611-4760(-)	74.07
AYEL01055417.1:14624-14771(-)	63.27
AYEL01090663.1:57244-57384(+)	68.42
AYEL01072073.1:26337-26478(+)	67.16
AYEL01062341.1:8427-8575(-)	67.86
AYEL01054735.1:24516-24656(+)	62.69
AYEL01087629.1:6912-7061(+)	62.86
AYEL01038347.1:6946-7082(-)	67.44
AYEL01056382.1:8463-8612(+)	65.31
AYEL01089673.1:6928-7054(+)	68.60
AYEL01064107.1:4171-4321(-)	60.14
AYEL01080299.1:7130-7265(+)	68.15
AYEL01054837.1:33826-33980(+)	69.29
AYEL01075912.1:7182-7342(+)	66.18
AYEL01087026.1:26346-26496(-)	65.00
AYEL01080620.1:2904-3055(-)	68.24
AYEL01047441.1:1158-1305(-)	67.41
AYEL01018624.1:74-207(+)	67.18
AYEL01052990.1:20130-20281(-)	64.43
AYEL01011968.1:7239-7383(+)	67.16
AYEL01042693.1:98537-98684(+)	65.07
AYEL01057716.1:92578-92722(-)	66.91
AYEL01013587.1:1033-1183(-)	67.38
AYEL01087537.1:141981-142129(+)	68.61
AYEL01088975.1:5161-5312(+)	67.86
AYEL01068154.1:23759-23910(-)	63.83
AYEL01088530.1:54081-54225(-)	63.97
AYEL01084825.1:17552-17700(+)	64.29
AYEL01089535.1:57023-57175(+)	71.94
AYEL01080147.1:13843-13992(-)	67.63
AYEL01090102.1:17650-17803(+)	65.25
AYEL01044239.1:7246-7395(+)	64.19
AYEL01090709.1:32854-33129(+)	63.18
AYEL01036656.1:5826-5968(-)	68.18
AYEL01070229.1:9612-9760(+)	66.67
AYEL01059182.1:50272-50421(+)	64.29
AYEL01079688.1:58737-58886(-)	67.35
AYEL01086066.1:157-284(+)	64.71
AYEL01075674.1:69356-69506(+)	67.38
AYEL01076832.1:11514-11665(+)	67.14
AYEL01091340.1:179679-179829(+)	65.22
AYEL01086486.1:55906-56053(+)	64.83
AYEL01081816.1:16706-16838(-)	65.38
AYEL01079459.1:71336-71483(-)	62.79
AYEL01089702.1:9271-9420(-)	69.78
AYEL01071785.1:11737-11885(+)	66.43
AYEL01088251.1:1964-2098(+)	67.46
AYEL01068432.1:6729-6878(-)	69.70
AYEL01056689.1:28466-28615(+)	65.99
AYEL01071898.1:47984-48134(-)	68.12
AYEL01055097.1:2934-3082(-)	64.83
AYEL01084518.1:12118-12265(-)	68.12
AYEL01074424.1:2632-2774(-)	63.97
AYEL01055586.1:14693-14830(-)	63.91
AYEL01070582.1:2609-2757(-)	69.78
AYEL01027981.1:13334-13485(-)	68.79
AYEL01063848.1:9981-10117(+)	70.40
AYEL01091586.1:14777-14927(-)	66.43
AYEL01014427.1:4420-4562(-)	65.41
AYEL01063638.1:72419-72568(+)	68.35
AYEL01077696.1:8119-8272(+)	67.57
AYEL01067375.1:4142-4289(-)	64.84
AYEL01087819.1:21087-21238(-)	65.77
AYEL01074829.1:44642-44788(-)	66.67
AYEL01086939.1:89512-89659(-)	68.35
AYEL01056918.1:5210-5360(+)	67.38
AYEL01069426.1:139835-139977(-)	62.69
AYEL01087958.1:15083-15222(+)	64.89
AYEL01066574.1:120174-120325(-)	68.09
AYEL01069891.1:41773-41904(+)	67.44
AYEL01062653.1:4041-4188(+)	68.99
AYEL01072012.1:54076-54222(-)	66.67
AYEL01056486.1:45258-45409(-)	67.38
AYEL01073005.1:67435-67583(-)	69.34
AYEL01075840.1:12949-13099(+)	65.00
AYEL01074782.1:39076-39220(+)	69.63
AYEL01074281.1:1253-1412(+)	66.19
AYEL01079579.1:11521-11668(+)	63.70
AYEL01079460.1:26851-26987(-)	66.67
AYEL01087651.1:10190-10330(-)	68.94
AYEL01088326.1:16479-16624(+)	64.23
AYEL01063264.1:825-973(-)	70.71
AYEL01073761.1:21074-21205(-)	66.40
AYEL01072844.1:14502-14651(+)	65.71
AYEL01075833.1:36626-36765(+)	66.92
AYEL01069426.1:139693-139823(-)	64.00
AYEL01090278.1:19087-19232(+)	66.91
AYEL01049449.1:3748-3905(+)	68.46
AYEL01077426.1:2398-2548(+)	66.43
AYEL01084605.1:7077-7226(+)	64.54
AYEL01069240.1:63164-63313(-)	69.78
AYEL01085676.1:103256-103405(+)	68.06
AYEL01075666.1:3403-3545(-)	60.66
AYEL01081591.1:10936-11082(-)	65.47
AYEL01088473.1:542-677(+)	68.50
AYEL01062338.1:35965-36116(-)	71.01
AYEL01079058.1:16465-16613(-)	69.06
AYEL01074393.1:7328-7459(-)	71.43
AYEL01080117.1:12139-12286(-)	64.03
AYEL01089895.1:17048-17186(+)	65.19
AYEL01063079.1:36751-36903(-)	69.50
AYEL01081943.1:27216-27370(+)	60.99
AYEL01088560.1:27676-27808(-)	66.13
AYEL01074088.1:17286-17436(-)	67.57
AYEL01088297.1:8994-9142(+)	67.14
AYEL01063638.1:89483-89631(+)	66.67
AYEL01070762.1:12171-12306(+)	61.68
AYEL01075835.1:34324-34469(+)	65.49
AYEL01082146.1:27313-27463(-)	68.31
AYEL01073387.1:12189-12332(-)	65.91
AYEL01054952.1:58059-58208(+)	67.14
AYEL01088606.1:13966-14116(-)	65.25
AYEL01044876.1:1546-1669(-)	67.77
AYEL01015912.1:2286-2433(+)	67.14
AYEL01077408.1:54029-54174(-)	68.89
AYEL01082178.1:5516-5646(+)	61.16
AYEL01087260.1:59918-60068(-)	66.89
AYEL01075367.1:12164-12301(+)	65.35
AYEL01037166.1:66100-66248(+)	65.47
AYEL01052617.1:8790-8935(+)	67.36
AYEL01071210.1:71394-71544(+)	66.67
AYEL01066910.1:1714-1863(-)	67.38
AYEL01055793.1:20290-20437(+)	62.59
AYEL01064110.1:62474-62620(-)	65.47
AYEL01077236.1:3473-3626(+)	69.29
AYEL01037030.1:23592-23739(+)	65.94
AYEL01082467.1:23513-23661(+)	67.81
AYEL01083486.1:4974-5120(-)	63.70
AYEL01092391.1:67107-67261(-)	62.84
AYEL01082089.1:11280-11424(-)	64.03
AYEL01085546.1:12759-13030(+,-)	65.81
AYEL01054283.1:3522-3663(-)	63.64
AYEL01086486.1:67544-67680(+)	70.90
AYEL01069591.1:19159-19307(+)	72.79
AYEL01090569.1:2402-2549(+)	65.47
AYEL01081128.1:36112-36257(+)	66.91
AYEL01062105.1:23280-23414(-)	62.50
AYEL01068180.1:11766-11914(+)	67.63
AYEL01050882.1:20763-20904(-)	68.18
AYEL01091310.1:10851-10998(-)	66.91
AYEL01052469.1:41878-42029(+)	65.96
AYEL01075816.1:28185-28343(+)	70.75
AYEL01070526.1:20707-20848(+)	72.87
AYEL01057321.1:5068-5215(+)	66.42
AYEL01077683.1:9132-9279(-)	67.15
AYEL01084396.1:13944-14090(-)	66.21
AYEL01059933.1:4788-4938(-)	66.89
AYEL01054502.1:7376-7525(+)	66.67
AYEL01087125.1:65149-65281(-)	65.85
AYEL01090064.1:3754-3903(+)	69.39
AYEL01034318.1:35959-36105(+)	69.57
AYEL01077364.1:45719-45867(+)	69.06
AYEL01064129.1:3838-3994(-)	67.38
AYEL01058612.1:5499-5628(-)	74.38
AYEL01074085.1:74541-74690(-)	64.54
AYEL01083147.1:1070-1203(-)	65.96
AYEL01086465.1:1126-1276(-)	66.67
AYEL01078936.1:4927-5075(+)	66.67
AYEL01060462.1:132-277(-)	64.03
AYEL01071934.1:6055-6203(+)	69.57
AYEL01039597.1:11182-11371(+)	69.42
AYEL01082601.1:29204-29348(+)	66.67
AYEL01086854.1:125848-125995(-)	64.38
AYEL01073556.1:5175-5321(+)	68.06
AYEL01056102.1:7937-8087(+)	67.86
AYEL01051034.1:600-742(-)	64.23
AYEL01083047.1:34583-34732(+)	71.01
AYEL01077792.1:8552-8703(+)	63.09
AYEL01070249.1:6671-6804(-)	65.79
AYEL01076290.1:65434-65587(+)	65.96
AYEL01076488.1:43156-43289(-)	64.42
AYEL01079549.1:85802-85950(+)	66.44
AYEL01085116.1:3423-3569(-)	69.57
AYEL01054427.1:10588-10716(-)	65.85
AYEL01069202.1:18774-18919(+)	65.19
AYEL01053421.1:124548-124704(-)	66.22
AYEL01072171.1:3489-3640(-)	68.09
AYEL01090670.1:44060-44192(-)	69.11
AYEL01066556.1:1041-1189(+)	65.07
AYEL01044840.1:36272-36417(+)	70.42
AYEL01088813.1:110068-110212(+)	68.15
AYEL01083029.1:48825-48971(-)	64.03
AYEL01087437.1:16644-16791(+)	66.19
AYEL01059337.1:10504-10655(-)	65.22
AYEL01068920.1:137681-137830(+)	62.84
AYEL01088680.1:9933-10082(+)	68.61
AYEL01075511.1:12066-12216(-)	64.54
AYEL01034772.1:20987-21123(-)	65.62
AYEL01051384.1:14194-14341(-)	63.31
AYEL01078087.1:1434-1582(-)	66.21
AYEL01087459.1:29378-29529(+)	63.83
AYEL01084778.1:1514-1639(+)	63.41
AYEL01028130.1:7885-8036(-)	66.43
AYEL01077801.1:107792-107943(-)	67.79
AYEL01083715.1:1475-1604(+)	62.79
AYEL01071997.1:2342-2482(+)	66.92
AYEL01074633.1:334-476(-)	60.31
AYEL01033724.1:1573-1721(-)	65.75
AYEL01075324.1:378-528(+)	68.46
AYEL01084814.1:50407-50555(+)	68.12
AYEL01063262.1:7322-7456(+)	69.70
AYEL01069322.1:11766-11918(-)	69.50
AYEL01091910.1:48697-48845(-)	66.17
AYEL01074212.1:29903-30052(-)	64.29
AYEL01038773.1:26018-26211(-)	64.00
AYEL01078871.1:24183-24333(-)	69.06
AYEL01051596.1:129315-129466(-)	66.89
AYEL01072440.1:13867-14016(+)	65.31
AYEL01068450.1:21790-21913(+)	65.22
AYEL01079858.1:63939-64090(-)	65.96
AYEL01067731.1:34868-35014(-)	70.37
AYEL01080795.1:38340-38488(+)	67.67
AYEL01077031.1:16925-17057(-)	69.35
AYEL01067034.1:30195-30338(+)	67.16
AYEL01079152.1:59297-59446(-)	65.99
AYEL01056454.1:44843-44999(+)	65.25
AYEL01089576.1:11726-11876(+)	63.76
AYEL01090694.1:29154-29303(+)	65.96
AYEL01030826.1:3683-3833(+)	65.00
AYEL01083069.1:1311-1453(+)	67.39
AYEL01070053.1:34817-35229(+)	62.76
AYEL01056355.1:33741-33886(-)	67.13
AYEL01025904.1:18713-18860(+)	66.44
AYEL01065507.1:20460-20606(-)	66.67
AYEL01090945.1:75051-75203(+)	68.09
AYEL01036654.1:0-135(+)	65.87
AYEL01066574.1:6961-7110(-)	70.00
AYEL01021352.1:7300-7435(-)	67.01
AYEL01078021.1:94009-94159(+)	65.69
AYEL01064398.1:17933-18079(-)	67.65
AYEL01052456.1:15608-15759(+)	67.11
AYEL01079805.1:3587-3735(-)	64.58
AYEL01089277.1:77677-77814(-)	67.19
AYEL01075611.1:2595-2760(+)	68.24
AYEL01030847.1:4494-4643(+)	70.92
AYEL01076131.1:1641-1791(+)	70.50
AYEL01058693.1:7101-7247(+)	64.03
AYEL01091159.1:60453-60605(+)	64.43
AYEL01084738.1:26307-26453(+)	63.77
AYEL01091955.1:31743-31892(+)	70.21
AYEL01058379.1:55820-55972(+)	65.44
AYEL01083625.1:7253-7391(-)	68.46
AYEL01072336.1:1620-1770(+)	67.38
AYEL01075868.1:13334-13482(-)	69.78
AYEL01071115.1:30922-31071(+)	64.54
AYEL01065212.1:11030-11175(-)	63.50
AYEL01081484.1:32000-32145(+)	63.16
AYEL01085449.1:7467-7611(-)	66.43
AYEL01088440.1:59177-59324(-)	67.14
AYEL01040599.1:2088-2231(-)	68.94
AYEL01075862.1:36376-36526(+)	69.50
AYEL01074701.1:2379-2528(+)	66.67
AYEL01074390.1:60581-60709(+)	70.59
AYEL01026355.1:24400-24549(+)	68.09
AYEL01068729.1:23528-23676(+)	61.70
AYEL01066570.1:131468-131621(-)	64.71
AYEL01069965.1:17148-17297(-)	66.19
AYEL01086885.1:9408-9535(+)	64.96
AYEL01065392.1:7544-7677(+)	70.16
AYEL01078556.1:63253-63395(+)	65.17
AYEL01085168.1:3899-4049(+)	70.21
AYEL01091972.1:1372-1519(+)	65.44
AYEL01050529.1:7320-7463(-)	65.44
AYEL01073690.1:30153-30296(-)	69.63
AYEL01052976.1:4192-4328(+)	66.92
AYEL01091594.1:12573-12706(+)	62.61
AYEL01087379.1:68881-69031(+)	69.44
AYEL01089532.1:7388-7532(-)	68.15
AYEL01091285.1:34150-34314(-)	66.89
AYEL01028548.1:6555-6706(+)	70.71
AYEL01076902.1:3810-3939(+)	66.94
AYEL01087634.1:111805-111954(-)	66.43
AYEL01088039.1:14882-15041(+)	70.92
AYEL01076146.1:47233-47381(+)	67.86
AYEL01070999.1:49531-49683(-)	70.47
AYEL01078539.1:18890-19038(+)	67.81
AYEL01055854.1:223424-223563(-)	70.07
AYEL01087068.1:41618-41768(+)	71.53
AYEL01088728.1:47917-48037(+)	73.08
AYEL01040122.1:3084-3232(+)	67.59
AYEL01077793.1:6573-6797(-)	63.38
AYEL01067880.1:3925-4070(+)	63.04
AYEL01068796.1:30686-30823(+)	64.41
AYEL01078273.1:20121-20269(-)	68.57
AYEL01081649.1:10783-10929(+)	66.90
AYEL01074821.1:46564-46773(+)	67.61
AYEL01070388.1:91156-91304(-)	70.07
AYEL01091518.1:19506-19656(+)	70.21
AYEL01090421.1:108209-108374(-)	67.78
AYEL01066420.1:6458-6591(-)	76.79
AYEL01082252.1:63394-63544(-)	68.71
AYEL01076038.1:16725-16877(+)	68.97
AYEL01066482.1:20255-20408(-)	68.79
AYEL01048732.1:44044-44194(-)	69.50
AYEL01086721.1:19754-19905(+)	67.38
AYEL01091267.1:16174-16330(+)	68.92
AYEL01080781.1:13693-13838(-)	65.22
AYEL01066939.1:26857-27006(+)	63.45
AYEL01089064.1:37129-37268(-)	66.38
AYEL01069959.1:24448-24596(+)	64.29
AYEL01085242.1:66769-66916(+)	67.39
AYEL01083085.1:7727-7855(-)	66.94
AYEL01065296.1:1892-2043(+)	63.50
AYEL01081035.1:9333-9461(+)	64.71
AYEL01085643.1:4735-4886(-)	67.38
AYEL01082432.1:3121-3277(-)	65.54
AYEL01038741.1:10745-10895(+)	66.43
AYEL01076301.1:1952-2102(-)	61.74
AYEL01079684.1:1131-1279(-)	66.43
AYEL01067298.1:824-973(+)	61.87
AYEL01047113.1:35580-35729(+)	66.43
AYEL01067252.1:12683-12825(+)	66.67
AYEL01037772.1:3398-3540(-)	68.75
AYEL01046937.1:7462-7589(-)	67.23
AYEL01083262.1:31061-31195(+)	64.93
AYEL01016583.1:12308-12458(+)	66.67
AYEL01083482.1:12595-12748(+)	69.93
AYEL01063111.1:10482-10614(-)	68.25
AYEL01065794.1:1099-1246(-)	63.57
AYEL01081328.1:4327-4478(-)	68.12
AYEL01087853.1:29112-29263(+)	70.47
AYEL01074923.1:29325-29471(+)	62.33
AYEL01080620.1:12724-12872(-)	67.81
AYEL01086494.1:14790-14952(-)	69.78
AYEL01040577.1:36509-36643(+)	66.42
AYEL01073361.1:173851-174002(-)	72.14
AYEL01069248.1:13159-13309(+)	67.38
AYEL01061626.1:6213-6347(-)	65.26
AYEL01056718.1:4529-4675(+)	64.23
AYEL01035510.1:80-220(-)	72.26
AYEL01073255.1:1168-1318(-)	67.38
AYEL01090894.1:48364-48502(-)	70.31
AYEL01022423.1:78218-78364(-)	62.86
AYEL01089576.1:47853-47998(-)	61.36
AYEL01061488.1:158792-158940(+)	65.75
AYEL01081259.1:16483-16609(-)	67.23
AYEL01078051.1:7634-7791(+)	66.43
AYEL01082747.1:13262-13411(-)	63.16
AYEL01064617.1:23697-23841(+)	67.65
AYEL01082974.1:10942-11079(-)	64.44
AYEL01071859.1:31121-31269(-)	63.01
AYEL01082193.1:38501-38652(-)	68.57
AYEL01074916.1:64737-64893(-)	65.10
AYEL01019891.1:8262-8411(+)	64.75
AYEL01076612.1:15764-15912(-)	66.19
AYEL01064581.1:1482-1632(-)	65.00
AYEL01052915.1:544-686(+)	68.42
AYEL01069534.1:3764-3895(-)	65.98
AYEL01066758.1:7232-7380(-)	70.50
AYEL01077674.1:42603-42754(-)	67.86
AYEL01011108.1:100970-101123(-)	70.00
AYEL01079582.1:115188-115335(+)	63.95
AYEL01071443.1:5984-6128(+)	68.15
AYEL01075759.1:109031-109164(-)	70.83
AYEL01042547.1:31713-31858(-)	63.87
AYEL01036836.1:87-218(+)	63.36
AYEL01082270.1:6259-6410(-)	69.29
AYEL01059853.1:161232-161380(-)	65.47
AYEL01070253.1:33843-33990(+)	63.57
AYEL01077016.1:7623-7756(-)	73.44
AYEL01033246.1:35706-35853(+)	65.94
AYEL01087153.1:14845-14995(+)	65.96
AYEL01084109.1:2605-2741(-)	68.38
AYEL01071072.1:57591-57734(-)	65.44
AYEL01047975.1:3143-3290(-)	66.67
AYEL01069579.1:9473-9631(-)	66.90
AYEL01091291.1:1009-1162(+)	67.12
AYEL01059595.1:60014-60153(+)	64.62
AYEL01065085.1:48294-48443(-)	65.22
AYEL01086028.1:41582-41729(+)	63.01
AYEL01066094.1:69327-69460(+)	67.18
AYEL01077106.1:138-289(+)	69.78
AYEL01083473.1:24878-25026(-)	64.54
AYEL01059889.1:47388-47537(+)	64.63
AYEL01081874.1:904-1052(-)	69.29
AYEL01088618.1:43169-43313(-)	65.67
AYEL01053421.1:77268-77417(-)	71.22
AYEL01055746.1:50740-50880(+)	65.93
AYEL01080306.1:3511-3661(+)	65.22
AYEL01065689.1:43753-43902(-)	66.43
AYEL01069781.1:14805-14947(-)	68.15
AYEL01084583.1:72054-72189(-)	65.35
AYEL01079667.1:34334-34484(+)	62.84
AYEL01067182.1:7117-7259(+)	65.49
AYEL01092383.1:201031-201175(+)	65.85
AYEL01074189.1:49579-49729(+)	67.38
AYEL01073008.1:25648-25788(+)	62.63
AYEL01057758.1:70399-70548(-)	67.39
AYEL01085786.1:113776-113926(-)	67.86
AYEL01085360.1:2755-2900(+)	62.32
AYEL01088156.1:58104-58231(-)	69.51
AYEL01089515.1:63619-63773(-)	64.86
AYEL01019567.1:567-715(+)	65.75
AYEL01065680.1:46523-46669(+)	71.01
AYEL01082313.1:78481-78623(+)	67.91
AYEL01077753.1:4195-4334(-)	78.00
AYEL01083648.1:17482-17630(+)	62.59
AYEL01038990.1:14643-14787(+)	64.39
AYEL01057328.1:26474-26606(-)	68.94
AYEL01073712.1:1081-1230(-)	63.28
AYEL01034204.1:23751-23905(-)	65.44
AYEL01076226.1:16323-16469(+)	67.88
AYEL01090537.1:60971-61123(+)	65.75
AYEL01037209.1:41001-41156(+)	61.74
AYEL01079149.1:22959-23097(-)	64.49
AYEL01037548.1:10417-10562(-)	64.96
AYEL01045818.1:27553-27694(-)	63.70
AYEL01091096.1:61839-61976(-)	61.83
AYEL01081892.1:49649-49781(+)	69.23
AYEL01090729.1:7758-7908(+)	63.12
AYEL01059685.1:5134-5280(-)	68.61
AYEL01084699.1:70188-70338(+)	63.12
AYEL01091033.1:18557-18691(-)	70.97
AYEL01087791.1:5300-5454(-)	69.85
AYEL01073760.1:47762-47911(-)	68.79
AYEL01070623.1:2788-2909(-)	65.22
AYEL01069600.1:29569-29714(+)	63.70
AYEL01091624.1:10309-10455(+)	65.07
AYEL01050205.1:3256-3407(+)	64.43
AYEL01045190.1:6082-6216(-)	65.87
AYEL01082663.1:13184-13329(-)	68.89
AYEL01038235.1:16680-16832(-)	67.38
AYEL01077030.1:53839-53986(+)	67.39
AYEL01019301.1:119-269(-)	64.54
AYEL01086549.1:19447-19601(-)	67.14
AYEL01065881.1:11866-11997(-)	69.15
AYEL01058478.1:747-872(-)	60.17
AYEL01077467.1:967-1089(-)	67.35
AYEL01084545.1:16874-17012(-)	68.00
AYEL01091088.1:77915-78063(-)	64.83
AYEL01067756.1:18678-18831(-)	64.43
AYEL01065171.1:26451-26583(+)	64.21
AYEL01068155.1:50148-50268(+)	58.93
AYEL01082245.1:3999-4138(+)	65.67
AYEL01060105.1:5264-5411(-)	66.44
AYEL01078406.1:19195-19325(+)	65.85
AYEL01085094.1:88251-88399(-)	67.39
AYEL01064711.1:19767-19902(+)	61.22
AYEL01077125.1:12627-12750(-)	63.56
AYEL01065579.1:9017-9141(-)	65.83
AYEL01061015.1:6602-6751(-)	66.43
AYEL01045253.1:19117-19257(-)	67.67
AYEL01091830.1:52901-53044(-)	65.73
AYEL01058986.1:99109-99258(+)	64.86
AYEL01035165.1:487-627(+)	63.31
AYEL01078024.1:61907-62056(+)	64.14
AYEL01060118.1:2739-2878(-)	64.75
AYEL01064053.1:78336-78481(+)	62.50
AYEL01073430.1:2737-2861(-)	70.69
AYEL01071895.1:7843-7990(+)	64.83
AYEL01056853.1:24996-25130(+)	66.94
AYEL01073132.1:1437-1562(-)	69.67
AYEL01062409.1:4444-4589(+)	65.22
AYEL01073965.1:66673-66820(-)	70.55
AYEL01076620.1:7101-7253(+)	68.09
AYEL01080468.1:34859-35000(+)	65.47
AYEL01085904.1:18075-18226(-)	68.46
AYEL01091137.1:21032-21152(+)	66.07
AYEL01060773.1:3389-3533(-)	63.50
AYEL01079811.1:27459-27607(+)	68.61
AYEL01067732.1:67585-67732(-)	68.12
AYEL01077887.1:9791-9949(+)	64.34
AYEL01064390.1:38525-39193(+,-)	63.51
AYEL01091730.1:70135-70285(+)	67.38
AYEL01079149.1:22755-22895(-)	66.19
AYEL01050762.1:27102-27249(+)	65.97
AYEL01053421.1:88984-89132(-)	66.43
AYEL01048065.1:4195-4339(-)	64.93
AYEL01083797.1:70511-70659(+)	65.75
AYEL01084514.1:481-628(-)	65.52
AYEL01089483.1:19177-19326(-)	71.23
AYEL01092383.1:53910-54061(+)	67.79
AYEL01073981.1:96380-96530(-)	67.59
AYEL01090656.1:15411-15562(+)	70.71
AYEL01088305.1:18576-18725(+)	69.06
AYEL01081648.1:8257-8404(+)	71.01
AYEL01088322.1:5207-5356(-)	69.40
AYEL01091724.1:20533-20677(-)	68.38
AYEL01090877.1:65919-66066(+)	64.75
AYEL01078532.1:16595-16743(+)	66.67
AYEL01084493.1:26076-26223(-)	67.63
AYEL01080799.1:24293-24432(-)	67.18
AYEL01062383.1:10056-10204(-)	66.44
AYEL01070438.1:21235-21383(-)	65.87
AYEL01085001.1:31703-31850(-)	66.19
AYEL01075226.1:10298-10448(+)	66.19
AYEL01061923.1:117-326(-)	63.73
AYEL01074630.1:32105-32254(+)	66.67
AYEL01052376.1:77031-77180(-)	65.07
AYEL01076414.1:6093-6239(+)	65.94
AYEL01040612.1:2852-3000(+)	67.86
AYEL01092133.1:13125-13274(+)	67.83
AYEL01082630.1:1212-1358(-)	61.87
AYEL01073651.1:61331-61467(+)	70.15
AYEL01084417.1:14032-14173(+)	65.15
AYEL01083090.1:78571-78720(-)	67.86
AYEL01078308.1:13184-13330(+)	68.61
AYEL01055564.1:24349-24482(-)	63.64
AYEL01084218.1:34437-34586(-)	68.79
AYEL01044481.1:15795-15941(-)	65.22
AYEL01069092.1:4485-4633(-)	63.83
AYEL01070382.1:47370-47520(+)	66.67
AYEL01087540.1:5764-5910(+)	65.73
AYEL01089958.1:54551-54701(-)	65.31
AYEL01071096.1:29174-29324(-)	67.38
AYEL01029381.1:101243-101394(+)	63.83
AYEL01075026.1:82307-82441(+)	65.74
AYEL01090342.1:89452-89606(-)	64.34
AYEL01061784.1:4620-4772(+)	67.81
AYEL01076974.1:7406-7540(+)	68.42
AYEL01080842.1:21442-21591(+)	65.00
AYEL01050805.1:33196-33346(+)	68.35
AYEL01075885.1:675-826(+)	70.21
AYEL01080529.1:22472-22621(-)	65.25
AYEL01088797.1:242-380(-)	65.44
AYEL01067387.1:7613-7762(-)	65.00
AYEL01090464.1:106494-106640(-)	67.39
AYEL01064047.1:4148-4303(-)	67.97
AYEL01076223.1:14320-14467(-)	64.29
AYEL01084377.1:64245-64393(-)	67.35
AYEL01040636.1:2-147(+)	73.02
AYEL01085218.1:7584-7724(+)	62.96
AYEL01088249.1:8245-8394(-)	63.04
AYEL01091524.1:10416-10564(+)	69.18
AYEL01077222.1:2975-3125(-)	62.41
AYEL01052381.1:14191-14339(-)	59.46
AYEL01090469.1:13097-13246(-)	70.00
AYEL01029527.1:100107-100257(-)	63.09
AYEL01013640.1:49715-49866(-)	68.49
AYEL01081677.1:27171-27319(+)	69.72
AYEL01085203.1:41582-41728(+)	64.58
AYEL01074440.1:6652-6802(+)	69.29
AYEL01087264.1:46561-46698(-)	65.19
AYEL01018511.1:4652-4803(-)	64.19
AYEL01065839.1:927-1077(+)	64.43
AYEL01081035.1:9184-9320(+)	68.42
AYEL01084107.1:12769-12906(+)	64.86
AYEL01087889.1:8982-9132(+)	61.43
AYEL01077926.1:29390-29539(-)	66.67
AYEL01076788.1:18175-18324(-)	65.31
AYEL01072615.1:35642-35795(-)	68.24
AYEL01084068.1:1394-1552(+)	68.18
AYEL01078577.1:34063-34219(-)	68.09
AYEL01061373.1:9587-9722(-)	66.94
AYEL01055522.1:10779-10929(+)	66.67
AYEL01064415.1:5274-5424(+)	64.63
AYEL01047838.1:60457-60581(+)	69.67
AYEL01090868.1:12528-12650(-)	65.55
AYEL01065764.1:64716-64854(-)	60.14
AYEL01065200.1:6834-6983(+)	67.38
AYEL01087665.1:1838-1985(-)	64.54
AYEL01043709.1:138-267(-)	70.00
AYEL01026806.1:42409-42547(-)	67.44
AYEL01089549.1:12960-13094(+)	70.63
AYEL01076235.1:135845-135988(-)	69.40
AYEL01086854.1:39415-39635(+)	64.63
AYEL01005338.1:1536-1684(-)	60.81
AYEL01069801.1:30274-30422(-)	66.43
AYEL01063370.1:6458-6603(+)	67.15
AYEL01056635.1:10181-10327(-)	64.96
AYEL01072344.1:438-586(+)	64.03
AYEL01010807.1:161-281(-)	61.45
AYEL01074085.1:55448-55595(+)	66.43
AYEL01077069.1:36065-36216(-)	67.11
AYEL01090568.1:11288-11433(-)	64.23
AYEL01061670.1:50228-50375(+)	61.90
AYEL01066521.1:33704-33850(+)	67.63
AYEL01081895.1:3985-4134(-)	63.31
AYEL01064723.1:57871-58021(-)	65.54
AYEL01056471.1:66-212(+)	67.38
AYEL01069854.1:4737-4888(-)	65.96
AYEL01054937.1:855-980(+)	71.43
AYEL01080261.1:4193-4343(+)	66.91
AYEL01090553.1:50588-50738(-)	64.54
AYEL01085449.1:8093-8245(-)	67.63
AYEL01060598.1:30016-30167(+)	65.31
AYEL01073267.1:28440-28588(+)	69.29
AYEL01030846.1:49366-49514(-)	62.86
AYEL01064053.1:46577-46726(+)	65.54
AYEL01029557.1:18998-19144(-)	65.75
AYEL01049571.1:31094-31257(-)	65.43
AYEL01078288.1:33866-34014(+)	65.71
AYEL01066766.1:36932-37078(-)	66.42
AYEL01071214.1:22359-22505(-)	61.59
AYEL01088017.1:31719-31883(+)	66.22
AYEL01082266.1:51707-51854(+)	66.43
AYEL01084982.1:31237-31388(-)	68.79
AYEL01017316.1:2113-2260(-)	65.22
AYEL01045116.1:6469-6609(-)	70.07
AYEL01086323.1:3908-4055(+)	65.73
AYEL01076616.1:12577-12726(-)	67.14
AYEL01072843.1:26768-26919(-)	65.96
AYEL01075226.1:6626-6750(-)	56.78
AYEL01075331.1:3645-3782(+)	67.44
AYEL01087905.1:58794-58943(+)	66.44
AYEL01075441.1:6820-6951(-)	66.32
AYEL01081351.1:20794-20942(-)	69.06
AYEL01079252.1:5944-6093(-)	65.25
AYEL01091877.1:29336-29484(-)	63.70
AYEL01051472.1:13683-13832(+)	69.50
AYEL01049258.1:616-767(-)	67.86
AYEL01089763.1:14622-14763(+)	66.42
AYEL01058655.1:21810-21941(+)	67.23
AYEL01081738.1:93698-93839(+)	67.14
AYEL01092033.1:13714-13863(+)	68.24
AYEL01039910.1:3632-3814(-)	70.09
AYEL01085209.1:26797-26933(+)	65.62
AYEL01073369.1:22378-22640(+,-)	69.66
AYEL01054118.1:14932-15072(+)	65.93
AYEL01078975.1:44706-44950(+)	62.58
AYEL01076366.1:30273-30424(-)	68.71
AYEL01053648.1:895-1049(-)	69.85
AYEL01088889.1:243225-243370(+)	67.15
AYEL01075668.1:65423-65561(+)	67.15
AYEL01089477.1:21686-21833(+)	66.44
AYEL01070459.1:25339-25486(+)	65.07
AYEL01091890.1:48530-48691(-)	70.21
AYEL01076747.1:37622-37754(+)	70.16
AYEL01073417.1:62254-62385(+)	70.53
AYEL01084655.1:17366-17514(-)	65.47
AYEL01027712.1:10169-10317(+)	66.19
AYEL01066895.1:31459-31605(-)	68.61
AYEL01081680.1:12655-12801(-)	69.44
AYEL01077015.1:7397-7534(+)	67.44
AYEL01077367.1:3057-3204(-)	60.54
AYEL01071938.1:1217-1349(-)	62.38
AYEL01082862.1:3541-3694(+)	69.29
AYEL01023129.1:2965-3098(+)	62.70
AYEL01065864.1:3389-3536(+)	69.57
AYEL01088081.1:5476-5621(+)	71.74
AYEL01080534.1:5033-5166(-)	68.46
AYEL01089260.1:11202-11351(-)	71.43
AYEL01050533.1:107078-107233(+)	69.66
AYEL01075113.1:56672-56822(+)	66.67
AYEL01078777.1:19688-19833(-)	64.49
AYEL01088079.1:14756-14907(+)	65.96
AYEL01089547.1:1834-1967(+)	68.00
AYEL01035311.1:12482-12629(+)	64.29
AYEL01058991.1:13219-13367(-)	59.59
AYEL01073284.1:10957-11107(-)	60.81
AYEL01087379.1:88192-88336(-)	67.41
AYEL01041451.1:521-659(-)	60.00
AYEL01085401.1:99522-99673(+)	67.79
AYEL01075119.1:20-173(+)	65.10
AYEL01084450.1:197604-197753(+)	68.09
AYEL01070621.1:14483-14636(+)	69.50
AYEL01034014.1:7863-8012(+)	67.63
AYEL01084539.1:15774-15921(-)	64.83
AYEL01074511.1:117215-117361(+)	63.19
AYEL01012566.1:61587-61737(+)	64.54
AYEL01089476.1:32194-32327(-)	62.70
AYEL01087756.1:33706-33857(-)	65.25
AYEL01069139.1:3542-3689(+)	63.57
AYEL01068538.1:5592-5740(+)	65.96
AYEL01083799.1:1593-1742(-)	66.22
AYEL01085652.1:11048-11183(+)	63.43
AYEL01069192.1:9033-9182(-)	68.57
AYEL01069329.1:35046-35195(+)	66.67
AYEL01049149.1:6762-6901(-)	65.89
AYEL01075369.1:91798-91940(-)	64.75
AYEL01083796.1:2078-2230(-)	67.79
AYEL01083548.1:8966-9113(-)	70.29
AYEL01042699.1:344-492(+)	62.59
AYEL01033764.1:8046-8205(-)	68.09
AYEL01023912.1:6023-6172(+)	71.32
AYEL01058044.1:14240-14388(-)	64.75
AYEL01062510.1:5089-5236(-)	63.31
AYEL01089661.1:4512-4644(+)	69.32
AYEL01086384.1:14568-14719(-)	70.71
AYEL01080063.1:26674-26822(-)	62.84
AYEL01074142.1:6541-6693(-)	71.94
AYEL01079772.1:37274-37423(-)	68.79
AYEL01062955.1:34803-34951(+)	69.18
AYEL01069589.1:29961-30111(-)	65.75
AYEL01063789.1:21311-21460(-)	67.38
AYEL01072615.1:19116-19259(+)	69.57
AYEL01074846.1:7066-7205(-)	62.60
AYEL01041956.1:798-945(-)	62.50
AYEL01091178.1:21484-21635(+)	68.09
AYEL01069673.1:39516-39664(+)	67.12
AYEL01056001.1:6941-7095(-)	65.77
AYEL01087464.1:5686-5846(+)	68.79
AYEL01068034.1:3292-3445(+)	66.44
AYEL01048743.1:39702-39848(+)	65.73
AYEL01091481.1:21886-22037(-)	65.10
AYEL01053578.1:10093-10239(-)	64.38
AYEL01072497.1:41756-41910(-)	68.84
AYEL01070524.1:5069-5264(-)	64.89
AYEL01067143.1:6498-6639(-)	70.77
AYEL01087685.1:4843-4966(-)	69.17
AYEL01089111.1:15629-15777(-)	67.86
AYEL01023896.1:1077-1217(-)	67.15
AYEL01057829.1:1244-1389(+)	68.46
AYEL01086093.1:52308-52461(+)	66.67
AYEL01089255.1:39853-40002(+)	64.29
AYEL01072290.1:18044-18194(+)	64.63
AYEL01085773.1:645-792(+)	68.06
AYEL01083105.1:28595-28727(+)	66.67
AYEL01084160.1:23987-24133(-)	70.83
AYEL01087937.1:6830-6975(+)	64.34
AYEL01075361.1:312-461(-)	67.12
AYEL01074636.1:8115-8292(-)	70.00
AYEL01066725.1:46330-46465(-)	68.15
AYEL01067489.1:20873-21018(-)	62.32
AYEL01071775.1:179-330(+)	67.38
AYEL01082099.1:8885-9030(+)	62.04
AYEL01037264.1:19188-19344(-)	68.57
AYEL01056460.1:26100-26245(-)	64.93
AYEL01080739.1:57098-57245(+)	62.59
AYEL01083767.1:12693-12816(+)	69.67
AYEL01062350.1:15534-15683(-)	69.57
AYEL01068377.1:12262-12421(-)	70.47
AYEL01080818.1:5629-5777(+)	67.65
AYEL01086030.1:12178-12327(+)	67.86
AYEL01074954.1:29689-29839(-)	67.38
AYEL01067792.1:41830-41975(+)	63.50
AYEL01074098.1:66418-66567(-)	68.03
AYEL01070700.1:21940-22088(+)	66.67
AYEL01085599.1:15877-16028(+)	67.11
AYEL01080752.1:9334-9470(-)	68.50
AYEL01069279.1:998-1144(+)	67.63
AYEL01089391.1:19020-19165(-)	67.15
AYEL01065318.1:178794-178946(-)	68.92
AYEL01034340.1:30085-30232(+)	68.97
AYEL01084665.1:54116-54279(-)	65.77
AYEL01062330.1:8329-8455(+)	71.79
AYEL01079805.1:3837-3985(-)	68.06
AYEL01083387.1:24385-24603(+)	67.71
AYEL01065275.1:10757-10905(+)	67.81
AYEL01086642.1:14343-14490(-)	65.47
AYEL01056425.1:6756-6904(+)	69.06
AYEL01072510.1:22322-22452(+)	67.44
AYEL01074347.1:64749-64899(-)	65.75
AYEL01066919.1:26324-26458(-)	64.29
AYEL01091405.1:8619-8759(-)	67.94
AYEL01086061.1:15139-15287(+)	62.14
AYEL01086468.1:21977-22128(+)	60.67
AYEL01077348.1:11840-11990(-)	62.84
AYEL01085366.1:6442-6590(-)	67.35
AYEL01071586.1:106275-106424(+)	67.14
AYEL01057551.1:707-840(+)	69.84
AYEL01071193.1:4452-4601(+)	62.86
AYEL01075233.1:119661-119811(+)	69.06
AYEL01078737.1:16129-16275(-)	63.19
AYEL01077701.1:3499-3621(+)	76.40
AYEL01077794.1:22806-22940(-)	72.22
AYEL01047331.1:24061-24202(+)	70.90
AYEL01040577.1:36134-36268(+)	66.42
AYEL01066460.1:22970-23121(+)	66.67
AYEL01073994.1:14057-14189(+)	64.75
AYEL01086463.1:12797-12948(-)	63.95
AYEL01048639.1:4068-4218(+)	67.59
AYEL01063412.1:21503-21651(+)	67.35
AYEL01047411.1:31816-31953(-)	67.69
AYEL01067089.1:21298-21442(-)	68.12
AYEL01047433.1:2509-2658(+)	65.47
AYEL01071187.1:10642-10777(-)	68.89
AYEL01090763.1:34370-34516(+)	66.67
AYEL01084055.1:14894-15033(+)	64.71
AYEL01091148.1:35676-35825(-)	67.14
AYEL01086473.1:32608-32768(+)	63.51
AYEL01059792.1:13649-13798(+)	66.67
AYEL01088157.1:4700-4850(+)	65.71
AYEL01037321.1:3405-3553(-)	68.97
AYEL01064300.1:8415-8576(-)	68.57
AYEL01072015.1:1173-1321(+)	68.49
AYEL01078307.1:36566-36717(-)	62.96
AYEL01088023.1:12138-12289(+)	63.12
AYEL01063769.1:9515-9661(+)	64.79
AYEL01076807.1:46109-46258(-)	63.04
AYEL01087265.1:5458-5609(-)	69.80
AYEL01083617.1:64631-64778(-)	64.13
AYEL01055992.1:32273-32424(-)	74.10
AYEL01017473.1:3709-3829(-)	67.54
AYEL01080549.1:51134-51339(+)	63.21
AYEL01086700.1:11537-11682(-)	70.07
AYEL01064795.1:11840-11974(+)	64.66
AYEL01082692.1:3719-3868(-)	66.67
AYEL01062107.1:24635-24784(+)	66.67
AYEL01080499.1:30971-31118(+)	62.07
AYEL01078128.1:13071-13218(+)	68.28
AYEL01015763.1:65-212(+)	67.39
AYEL01071054.1:22813-22947(+)	68.50
AYEL01059632.1:36880-37011(+)	66.67
AYEL01073046.1:44306-44446(+)	67.41
AYEL01080650.1:44398-44521(-)	66.67
AYEL01091424.1:1645-1816(-)	70.92
AYEL01021110.1:19645-19794(+)	65.94
AYEL01081057.1:987-1137(+)	65.00
AYEL01029524.1:18737-18884(+)	67.63
AYEL01083040.1:19550-19698(-)	63.01
AYEL01063143.1:15922-16070(-)	67.89
AYEL01079478.1:22584-22735(-)	65.60
AYEL01081231.1:21182-21333(-)	64.96
AYEL01078478.1:48661-48866(+)	67.91
AYEL01050474.1:26444-26594(-)	67.57
AYEL01013777.1:56299-56425(-)	68.07
AYEL01076241.1:21895-22044(+)	63.95
AYEL01081765.1:21137-21288(-)	66.67
AYEL01056052.1:36742-36877(-)	64.34
AYEL01047088.1:29046-29193(-)	68.12
AYEL01090487.1:45220-45366(+)	63.31
AYEL01015474.1:13564-13715(+)	65.71
AYEL01080084.1:2121-2262(-)	70.21
AYEL01073283.1:23699-23849(+)	68.79
AYEL01075577.1:37462-37607(+)	69.63
AYEL01015531.1:22168-22319(+)	67.38
AYEL01066713.1:5881-6029(+)	67.63
AYEL01055640.1:28414-28564(-)	63.70
AYEL01062576.1:35352-35503(-)	63.95
AYEL01080675.1:49981-50117(+)	62.99
AYEL01083764.1:56086-56234(-)	68.71
AYEL01074665.1:6948-7092(+)	64.66
AYEL01083577.1:6433-6586(-)	67.83
AYEL01046937.1:5091-5219(-)	67.50
AYEL01086866.1:39336-39474(+)	70.54
AYEL01027728.1:4421-4569(-)	64.75
AYEL01088759.1:123816-123964(+)	66.44
AYEL01063485.1:5366-5513(-)	64.75
AYEL01042931.1:6917-7064(+)	68.57
AYEL01069978.1:4821-4970(-)	66.43
AYEL01067280.1:9772-9909(-)	67.97
AYEL01049826.1:45121-45271(-)	66.91
AYEL01014201.1:11699-11848(+)	70.71
AYEL01051470.1:2282-2432(+)	65.71
AYEL01091573.1:10230-10378(-)	68.57
AYEL01052754.1:4342-4490(-)	68.12
AYEL01085144.1:63460-63686(-)	63.64
AYEL01051380.1:39930-40086(-)	71.94
AYEL01089369.1:34812-34936(+)	65.88
AYEL01071607.1:14624-14768(+)	65.91
AYEL01091774.1:10651-10797(-)	68.61
AYEL01088318.1:59243-59394(-)	63.12
AYEL01069366.1:27171-27319(-)	64.19
AYEL01019900.1:26333-26493(+)	59.17
AYEL01091485.1:55771-55922(-)	67.11
AYEL01075877.1:1042-1192(+)	67.11
AYEL01067877.1:19099-19250(+)	67.11
AYEL01010708.1:373-522(+)	62.59
AYEL01080894.1:21303-21448(-)	63.04
AYEL01065299.1:21844-22004(+)	70.75
AYEL01089169.1:54389-54542(-)	70.21
AYEL01075644.1:52936-53073(-)	65.19
AYEL01066112.1:10936-11056(+)	78.18
AYEL01089549.1:45595-45742(+)	65.07
AYEL01052480.1:13317-13519(+)	68.42
AYEL01080188.1:9506-9650(+)	70.15
AYEL01072036.1:54778-54925(-)	62.33
AYEL01069322.1:15507-15656(-)	68.57
AYEL01012497.1:12490-12636(-)	63.70
AYEL01076375.1:92584-92720(-)	67.74
AYEL01052005.1:1917-2066(-)	61.90
AYEL01054305.1:3075-3213(-)	67.44
AYEL01067489.1:16932-17078(-)	63.57
AYEL01085209.1:20595-20743(+)	67.14
AYEL01078615.1:78747-78895(-)	66.44
AYEL01065598.1:17695-17819(-)	66.12
AYEL01030841.1:5256-5398(+)	65.96
AYEL01085738.1:23074-23224(-)	66.67
AYEL01064252.1:19418-19566(-)	66.43
AYEL01019673.1:10522-10670(+)	68.09
AYEL01062934.1:11775-11921(-)	66.67
AYEL01091709.1:20413-20558(-)	67.16
AYEL01084451.1:22115-22264(+)	65.69
AYEL01066824.1:88187-88338(-)	70.21
AYEL01090331.1:23869-24015(-)	65.93
AYEL01054427.1:15712-15865(-)	66.67
AYEL01092152.1:6867-7017(+)	67.38
AYEL01042546.1:14422-14576(+)	62.42
AYEL01042804.1:1029-1176(-)	66.91
AYEL01034417.1:2915-3061(+)	67.39
AYEL01080736.1:9220-9361(+)	64.66
AYEL01061170.1:27811-27937(-)	65.81
AYEL01088801.1:4658-4807(-)	68.57
AYEL01084627.1:2143-2292(+)	63.12
AYEL01056769.1:6086-6236(-)	65.96
AYEL01085813.1:2290-2435(-)	65.47
AYEL01075487.1:2833-2958(+)	59.83
AYEL01089637.1:2212-2362(+)	68.09
AYEL01060576.1:16442-16586(+)	71.11
AYEL01071115.1:29234-29383(-)	65.75
AYEL01075696.1:24386-24538(+)	68.09
AYEL01077013.1:27449-27586(+)	66.42
AYEL01074803.1:4241-4388(-)	64.83
AYEL01050693.1:13932-14082(-)	67.38
AYEL01070212.1:5428-5567(-)	66.33
AYEL01017369.1:313-449(+)	64.44
AYEL01075507.1:5069-5218(-)	66.43
AYEL01080461.1:47894-48039(-)	68.46
AYEL01084583.1:95204-95354(-)	67.38
AYEL01062240.1:1346-1493(+)	64.63
AYEL01069708.1:13602-13747(+)	64.49
AYEL01052209.1:258-396(+)	68.15
AYEL01065119.1:10781-10935(-)	67.57
AYEL01065140.1:345-541(-)	64.44
AYEL01067222.1:19653-19804(-)	66.89
AYEL01068653.1:26708-26857(-)	69.78
AYEL01049926.1:51083-51234(-)	63.83
AYEL01062051.1:2629-2777(-)	63.31
AYEL01067502.1:13253-13400(+)	66.42
AYEL01069166.1:62098-62241(+)	64.29
AYEL01061752.1:21719-21868(-)	70.21
AYEL01077026.1:11131-11281(+)	66.19
AYEL01082695.1:24517-24668(-)	65.71
AYEL01068453.1:110996-111145(-)	64.54
AYEL01089100.1:40552-40709(+)	70.21
AYEL01049528.1:10530-10695(+)	67.16
AYEL01071356.1:11201-11350(+)	65.71
AYEL01088313.1:51384-51515(-)	72.04
AYEL01027677.1:59673-59821(-)	67.63
AYEL01091721.1:115991-116130(+)	65.22
AYEL01051850.1:297647-297792(-)	71.63
AYEL01085189.1:84022-84173(-)	67.86
AYEL01071365.1:111579-111725(+)	66.67
AYEL01081778.1:36429-36582(+)	68.09
AYEL01091787.1:35215-35359(-)	64.71
AYEL01027715.1:64812-64958(+)	65.44
AYEL01055076.1:21814-21945(+)	68.85
AYEL01086934.1:11126-11262(-)	67.19
AYEL01089940.1:2410-2543(+)	69.35
AYEL01070390.1:26885-27037(+)	64.86
AYEL01085699.1:25275-25415(+)	64.23
AYEL01032850.1:6564-6718(+)	67.39
AYEL01092033.1:37652-37799(-)	65.56
AYEL01069979.1:9690-9841(-)	68.92
AYEL01071836.1:21390-21525(-)	67.52
AYEL01040338.1:465-612(-)	71.11
AYEL01009371.1:591-739(-)	63.77
AYEL01091281.1:4597-4759(-)	68.46
AYEL01052775.1:1741-1892(-)	66.43
AYEL01081459.1:33770-33919(-)	64.75
AYEL01089249.1:30224-30405(-)	61.35
AYEL01083441.1:6711-6857(-)	66.91
AYEL01070516.1:6402-6524(-)	62.22
AYEL01058983.1:62176-62327(-)	65.10
AYEL01092383.1:112983-113126(-)	69.17
AYEL01088930.1:17500-17648(+)	63.12
AYEL01091219.1:6462-6609(-)	68.84
AYEL01064053.1:97074-97221(-)	65.71
AYEL01082940.1:8716-8851(+)	66.41
AYEL01084065.1:47794-47944(-)	69.29
AYEL01078687.1:40463-40609(+)	63.31
AYEL01082821.1:1827-1974(+)	68.12
AYEL01076566.1:76062-76213(-)	59.73
AYEL01084018.1:42731-42878(+)	67.42
AYEL01084002.1:54311-54450(-)	62.04
AYEL01070231.1:8223-8367(+)	68.22
AYEL01054860.1:715-861(-)	73.19
AYEL01088471.1:206561-206710(+)	65.71
AYEL01079817.1:60895-61026(+)	65.65
AYEL01037260.1:1766-1913(+)	66.42
AYEL01060915.1:75459-75597(-)	64.12
AYEL01057505.1:1783-1932(+)	65.47
AYEL01067448.1:3337-3528(-)	63.16
AYEL01081286.1:35310-35450(+)	71.01
AYEL01080970.1:81164-81310(-)	69.57
AYEL01064109.1:1010-1159(-)	66.67
AYEL01076901.1:114665-114795(-)	72.95
AYEL01061670.1:55099-55246(+)	61.90
AYEL01069589.1:21935-22062(+)	65.83
AYEL01078858.1:11627-11771(+)	68.06
AYEL01070047.1:2440-2587(-)	62.41
AYEL01066768.1:4540-4691(+)	67.38
AYEL01080481.1:6372-6520(+)	66.43
AYEL01092383.1:207571-207721(-)	70.90
AYEL01079830.1:5033-5178(-)	64.96
AYEL01071639.1:30040-30187(-)	66.67
AYEL01016987.1:41-198(+)	67.14
AYEL01051815.1:7719-7840(-)	63.41
AYEL01069722.1:73714-73865(-)	69.50
AYEL01063203.1:62667-62812(-)	65.62
AYEL01084139.1:40515-40668(+)	70.92
AYEL01062327.1:67510-67661(-)	61.70
AYEL01072813.1:73455-73605(-)	66.44
AYEL01070497.1:4949-5090(+)	65.00
AYEL01060623.1:4918-5071(-)	65.54
AYEL01063662.1:4936-5092(-)	67.14
AYEL01066574.1:46914-47060(-)	69.06
AYEL01077405.1:63202-63337(+)	66.67
AYEL01085421.1:10006-10152(+)	66.67
AYEL01060683.1:7738-7888(+)	68.09
AYEL01071922.1:16526-16677(-)	65.75
AYEL01082786.1:5290-5451(-)	71.63
AYEL01035582.1:25002-25149(+)	63.57
AYEL01077015.1:22489-22643(+)	62.50
AYEL01088176.1:1150-1299(+)	63.77
AYEL01083521.1:29739-29888(-)	67.38
AYEL01081963.1:10784-10917(-)	67.02
AYEL01081467.1:9022-9171(+)	64.03
AYEL01074335.1:46638-46788(-)	66.67
AYEL01086917.1:0-148(+)	66.44
AYEL01050214.1:11269-11493(+,-)	66.13
AYEL01070212.1:35066-35218(+)	68.09
AYEL01063201.1:43451-43602(-)	63.12
AYEL01034367.1:39816-39961(-)	67.83
AYEL01050472.1:43669-43818(+)	66.67
AYEL01070453.1:13303-13459(-)	62.76
AYEL01085640.1:12524-12655(+)	66.32
AYEL01068951.1:1285-1432(-)	70.80
AYEL01060131.1:7155-7306(-)	64.03
AYEL01061826.1:40999-41133(+)	67.97
AYEL01085584.1:100143-100293(-)	61.27
AYEL01087537.1:74643-74789(+)	67.91
AYEL01054704.1:25930-26061(+)	61.54
AYEL01073373.1:23791-23939(-)	65.19
AYEL01077254.1:176000-176150(+)	63.12
AYEL01071039.1:51444-51576(+)	68.18
AYEL01069877.1:1843-1992(-)	68.57
AYEL01090957.1:10071-10197(-)	60.95
AYEL01075672.1:15135-15273(-)	66.42
AYEL01072482.1:67358-67490(-)	69.67
AYEL01085161.1:44186-44322(-)	65.65
AYEL01089185.1:60505-60650(+)	63.64
AYEL01079909.1:31130-31278(-)	68.57
AYEL01061348.1:34592-34732(-)	62.50
AYEL01084981.1:15633-15786(-)	71.63
AYEL01072959.1:83085-83233(+)	68.84
AYEL01055485.1:53491-53634(+)	65.44
AYEL01067670.1:39969-40121(-)	69.13
AYEL01033283.1:535-686(+)	66.67
AYEL01030502.1:14304-14454(+)	66.67
AYEL01064397.1:18763-18912(+)	68.57
AYEL01054298.1:39148-39297(+)	66.19
AYEL01087657.1:5303-5446(+)	68.75
AYEL01045087.1:1778-1928(-)	68.09
AYEL01062062.1:22454-22608(+)	70.92
AYEL01090347.1:40646-40791(-)	66.42
AYEL01076183.1:1755-1906(+)	68.09
AYEL01049928.1:35448-35599(+)	64.54
AYEL01052761.1:20310-20444(-)	65.67
AYEL01037343.1:3555-3704(+)	65.47
AYEL01079797.1:25660-25806(+)	68.84
AYEL01086624.1:12287-12435(-)	68.35
AYEL01051300.1:13692-13843(+)	60.00
AYEL01081812.1:4753-4899(+)	65.00
AYEL01088637.1:15446-15596(+)	64.08
AYEL01071870.1:13752-13876(-)	62.16
AYEL01072045.1:90397-90553(-)	62.32
AYEL01081344.1:5080-5216(-)	65.35
AYEL01027715.1:1331-1477(-)	69.57
AYEL01077707.1:1238-1387(-)	64.86
AYEL01071753.1:32303-32455(+)	61.70
AYEL01080123.1:13376-13521(-)	67.88
AYEL01086307.1:140203-140351(+)	67.14
AYEL01087168.1:54573-54719(+)	68.12
AYEL01079848.1:2490-2642(+)	66.90
AYEL01074558.1:9520-9662(-)	66.19
AYEL01077738.1:61130-61276(-)	70.59
AYEL01078545.1:15201-15351(-)	66.91
AYEL01071626.1:840-992(+)	70.47
AYEL01083840.1:4231-4378(+)	64.63
AYEL01078665.1:12110-12259(-)	65.94
AYEL01051122.1:15611-15760(-)	58.57
AYEL01078776.1:39122-39267(+)	67.86
AYEL01070855.1:46049-46187(+)	66.17
AYEL01092383.1:203035-203188(+)	63.76
AYEL01082736.1:926-1071(+)	68.15
AYEL01019413.1:19344-19494(-)	63.12
AYEL01063765.1:11655-11805(-)	71.22
AYEL01059762.1:30704-30845(-)	66.17
AYEL01080895.1:39758-39908(+)	64.29
AYEL01089819.1:3460-3609(-)	70.21
AYEL01091638.1:54400-54548(-)	66.67
AYEL01073869.1:78514-78661(+)	64.03
AYEL01080031.1:19507-19662(-)	69.57
AYEL01064139.1:15997-16146(-)	67.88
AYEL01078432.1:18840-18993(+)	67.57
AYEL01060814.1:11540-11684(-)	69.40
AYEL01085293.1:118-262(+)	69.12
AYEL01091217.1:30150-30302(-)	68.79
AYEL01069305.1:11930-12077(+)	62.86
AYEL01079939.1:11072-11220(-)	61.70
AYEL01071534.1:25554-25701(+)	65.75
AYEL01063379.1:7460-7595(-)	65.93
AYEL01082266.1:13706-13827(-)	63.53
AYEL01069900.1:677-825(+)	67.63
AYEL01074881.1:6493-6634(+)	65.91
AYEL01088236.1:80491-80634(+)	65.67
AYEL01081086.1:40726-40877(-)	68.57
AYEL01040577.1:35632-35766(+)	66.42
AYEL01075592.1:51094-51244(+)	64.54
AYEL01085197.1:37240-37385(-)	68.61
AYEL01075039.1:83526-83677(+)	65.96
AYEL01077286.1:3795-3944(-)	65.25
AYEL01069165.1:12387-12532(-)	71.54
AYEL01055078.1:4458-4606(-)	66.91
AYEL01089677.1:16387-16538(+)	69.29
AYEL01057632.1:39076-39222(+)	66.67
AYEL01063564.1:15706-15856(+)	68.79
AYEL01075238.1:32215-32365(-)	69.50
AYEL01064263.1:11672-11809(-)	62.50
AYEL01069762.1:438-588(-)	70.07
AYEL01084105.1:19520-19667(-)	65.47
AYEL01076817.1:113278-113427(-)	66.91
AYEL01081495.1:10733-10874(-)	67.16
AYEL01057243.1:44189-44336(+)	67.14
AYEL01060035.1:2876-3025(+)	67.35
AYEL01084261.1:32907-33056(-)	69.78
AYEL01084591.1:13093-13239(-)	67.39
AYEL01022927.1:3694-3817(-)	63.39
AYEL01091654.1:8501-8648(+)	62.86
AYEL01091636.1:8101-8241(+)	66.67
AYEL01069646.1:15225-15367(+)	65.15
AYEL01061535.1:28045-28180(+)	67.46
AYEL01069166.1:14622-14762(+)	64.18
AYEL01076431.1:26135-26281(-)	65.47
AYEL01063513.1:38585-38730(-)	62.59
AYEL01083170.1:1742-1897(+)	70.07
AYEL01081964.1:5356-5495(+)	72.52
AYEL01078858.1:9913-10058(-)	66.41
AYEL01066267.1:9609-9758(-)	70.14
AYEL01063146.1:5136-5287(+)	64.03
AYEL01090544.1:29719-29864(-)	64.49
AYEL01084641.1:881-1031(+)	64.54
AYEL01082839.1:38468-38602(-)	63.78
AYEL01086979.1:61093-61239(-)	67.15
AYEL01066195.1:10027-10229(+)	57.95
AYEL01062107.1:19695-19832(+)	67.18
AYEL01062196.1:4656-4805(+)	68.03
AYEL01085315.1:13610-13757(+)	67.63
AYEL01079071.1:34932-35084(-)	67.11
AYEL01008285.1:9454-9605(-)	69.13
AYEL01067271.1:27430-27578(+)	65.00
AYEL01026355.1:11090-11238(+)	70.50
AYEL01084409.1:101578-101726(-)	65.25
AYEL01049126.1:8356-8501(-)	66.42
AYEL01082950.1:31028-31177(-)	64.54
AYEL01091968.1:500-649(-)	68.79
AYEL01076389.1:65614-65763(-)	64.46
AYEL01082433.1:12612-12763(+)	66.67
AYEL01044163.1:121-284(+)	67.12
AYEL01092390.1:28628-28774(+)	67.46
AYEL01032569.1:63214-63365(+)	64.86
AYEL01089034.1:24760-24908(-)	67.86
AYEL01071533.1:12924-13072(+)	68.57
AYEL01006805.1:7262-7397(-)	66.14
AYEL01086885.1:9171-9319(+)	61.90
AYEL01044262.1:67954-68102(-)	65.71
AYEL01087922.1:19092-19243(-)	66.44
AYEL01076980.1:2127-2269(+)	68.94
AYEL01077398.1:13744-13872(+)	65.29
AYEL01067136.1:14480-14619(+)	64.62
AYEL01091804.1:38535-38674(+)	68.46
AYEL01065588.1:29108-29257(+)	65.71
AYEL01013900.1:51222-51395(+)	70.83
AYEL01013860.1:3641-3788(-)	65.69
AYEL01072178.1:15523-15672(+)	69.50
AYEL01014402.1:14412-14541(+)	67.77
AYEL01057558.1:1383-1533(-)	65.94
AYEL01067568.1:2241-2389(-)	68.35
AYEL01086266.1:6705-6856(+)	67.11
AYEL01088950.1:11480-11631(+)	71.94
AYEL01067511.1:17058-17192(-)	66.42
AYEL01084839.1:4587-4722(+)	68.15
AYEL01070227.1:14784-14935(+)	65.25
AYEL01069375.1:25260-25417(+)	74.29
AYEL01080770.1:35990-36120(-)	64.23
AYEL01063162.1:9763-9913(-)	66.89
AYEL01021110.1:171442-171591(+)	69.50
AYEL01066682.1:17841-17991(-)	68.24
AYEL01084042.1:15443-15595(-)	62.67
AYEL01069896.1:7817-7967(+)	68.92
AYEL01081636.1:9601-9751(+)	64.75
AYEL01043477.1:691-840(-)	68.03
AYEL01082189.1:15754-15896(-)	68.57
AYEL01067568.1:79218-79378(+)	69.29
AYEL01054298.1:75936-76081(+)	68.22
AYEL01072290.1:29044-29194(-)	67.86
AYEL01043465.1:53207-53354(-)	63.77
AYEL01026498.1:33334-33485(+)	63.51
AYEL01067660.1:35097-35225(+)	63.87
AYEL01056034.1:4301-4450(+)	64.54
AYEL01087240.1:33165-33313(-)	70.00
AYEL01087982.1:82731-82877(-)	63.19
AYEL01082252.1:20996-21139(-)	64.23
AYEL01088272.1:14500-14647(-)	67.39
AYEL01075174.1:15142-15279(+)	70.77
AYEL01065842.1:8432-8572(+)	65.19
AYEL01042011.1:52941-53090(-)	67.12
AYEL01072813.1:29885-30033(-)	66.43
AYEL01070894.1:15023-15169(+)	67.15
AYEL01050828.1:1756-1903(+)	66.19
AYEL01071755.1:6721-6872(+)	66.67
AYEL01063849.1:18211-18359(-)	64.54
AYEL01068504.1:22896-23046(+)	70.07
AYEL01075748.1:41566-41718(+)	70.21
AYEL01061460.1:1974-2219(-)	65.94
AYEL01059501.1:19360-19493(-)	62.90
AYEL01087643.1:29703-29850(-)	66.67
AYEL01061607.1:88272-88421(+)	70.55
AYEL01090989.1:16205-16331(+)	65.87
AYEL01076631.1:1175-1324(-)	62.86
AYEL01045422.1:30806-30942(+)	66.93
AYEL01061349.1:10668-10827(+)	68.09
AYEL01078920.1:4039-4191(+)	69.50
AYEL01088896.1:14752-14907(-)	63.57
AYEL01058375.1:41900-42048(-)	66.89
AYEL01069299.1:11677-11826(-)	66.19
AYEL01064056.1:70-194(+)	65.79
AYEL01075378.1:821-972(-)	63.09
AYEL01003847.1:1160-1309(+)	62.59
AYEL01057323.1:12039-12182(+)	57.36
AYEL01072290.1:9657-9807(+)	67.38
AYEL01089343.1:4065-4215(-)	67.11
AYEL01091080.1:2190-2328(-)	68.22
AYEL01043666.1:13465-13614(+)	65.99
AYEL01011108.1:82548-82694(+)	68.61
AYEL01048162.1:17271-17403(-)	60.40
AYEL01056052.1:8948-9095(+)	71.22
AYEL01090537.1:41067-41213(+)	66.43
AYEL01076926.1:7195-7377(+)	65.22
AYEL01060114.1:513-656(+)	65.41
AYEL01079439.1:13886-14036(+)	62.84
AYEL01069110.1:16750-16895(-)	59.42
AYEL01085846.1:67729-67864(+)	67.19
AYEL01031198.1:47698-47865(+)	68.79
AYEL01082241.1:5113-5259(+)	66.44
AYEL01079005.1:15413-15543(-)	65.96
AYEL01089100.1:61257-61404(-)	70.15
AYEL01079280.1:10410-10549(-)	68.61
AYEL01077688.1:27833-28028(-)	63.87
AYEL01066181.1:20241-20391(-)	68.79
AYEL01075282.1:24288-24424(-)	68.15
AYEL01086720.1:10573-10722(-)	65.10
AYEL01059535.1:12141-12288(-)	67.42
AYEL01091782.1:59704-59853(-)	67.14
AYEL01073254.1:544-693(+)	67.14
AYEL01078356.1:2055-2203(+)	72.66
AYEL01074138.1:49135-49272(-)	66.42
AYEL01082526.1:1461-1612(+)	67.38
AYEL01090964.1:5618-5767(-)	66.91
AYEL01072937.1:28757-28906(+)	68.12
AYEL01079655.1:5364-5514(-)	67.38
AYEL01085137.1:17421-17569(+)	69.29
AYEL01088504.1:7645-7793(-)	67.86
AYEL01085634.1:9582-9737(+)	67.63
AYEL01079014.1:15993-16139(+)	66.91
AYEL01063400.1:5914-6062(-)	62.16
AYEL01082723.1:73161-73304(-)	68.15
AYEL01087795.1:4644-4792(-)	62.14
AYEL01073308.1:20471-20620(-)	67.14
AYEL01074249.1:113776-113926(-)	68.94
AYEL01074390.1:50986-51125(+)	64.71
AYEL01081018.1:1257-1394(-)	64.71
AYEL01068094.1:53071-53218(+)	64.62
AYEL01085712.1:73814-73963(-)	66.67
AYEL01014207.1:1993-2136(-)	65.35
AYEL01054866.1:50367-50515(-)	66.43
AYEL01065647.1:23160-23301(-)	64.29
AYEL01073328.1:31369-31524(-)	65.96
AYEL01066367.1:48279-48427(+)	68.35
AYEL01085754.1:28800-28949(+)	63.19
AYEL01088451.1:20609-20759(-)	69.17
AYEL01091840.1:16984-17131(+)	65.03
AYEL01082639.1:15259-15408(+)	63.57
AYEL01084115.1:35932-36081(+)	68.57
AYEL01088789.1:16497-16648(+)	68.09
AYEL01072626.1:27547-27698(-)	68.79
AYEL01080300.1:109056-109188(+)	65.38
AYEL01077987.1:5407-5547(-)	66.15
AYEL01061093.1:2610-2759(-)	67.35
AYEL01071724.1:31670-31803(+)	72.36
AYEL01026805.1:32938-33087(+)	63.31
AYEL01071141.1:39934-40081(-)	65.22
AYEL01063228.1:54040-54172(-)	66.13
AYEL01075817.1:12162-12302(+)	64.39
AYEL01052567.1:1648-1839(+)	60.00
AYEL01088141.1:39824-39974(-)	62.41
AYEL01090474.1:1761-1912(-)	67.11
AYEL01086632.1:2378-2528(-)	64.29
AYEL01039460.1:16521-16662(+)	64.03
AYEL01078609.1:29668-29817(-)	68.35
AYEL01084359.1:36126-36275(+)	66.19
AYEL01081207.1:604-749(+)	67.15
AYEL01072461.1:5591-5739(-)	69.29
AYEL01067653.1:5595-5748(-)	66.19
AYEL01077658.1:8533-8660(-)	63.25
AYEL01066781.1:15713-15854(-)	69.34
AYEL01058956.1:9758-9911(+)	66.89
AYEL01086346.1:12900-13044(+)	68.84
AYEL01070486.1:21107-21239(+)	65.22
AYEL01068595.1:7992-8144(-)	65.96
AYEL01081393.1:6322-6464(-)	66.42
AYEL01069204.1:14863-15010(-)	59.86
AYEL01081807.1:62218-62369(+)	70.71
AYEL01057868.1:694-842(+)	66.91
AYEL01056595.1:10324-10454(-)	63.20
AYEL01087668.1:83706-83851(-)	64.44
AYEL01086731.1:24911-25057(+)	64.03
AYEL01070589.1:52092-52230(+)	66.18
AYEL01021740.1:14927-15058(-)	68.33
AYEL01035069.1:26669-26817(+)	62.33
AYEL01082386.1:1994-2131(+)	67.72
AYEL01044097.1:1399-1547(-)	65.07
AYEL01080694.1:29525-29659(-)	66.17
AYEL01069019.1:8503-8647(-)	67.65
AYEL01085028.1:7113-7264(-)	64.83
AYEL01075082.1:4009-4157(-)	63.57
AYEL01021095.1:281-430(+)	65.71
AYEL01064139.1:54393-54538(+)	71.33
AYEL01085312.1:13250-13401(-)	67.38
AYEL01076455.1:1412-1561(-)	67.14
AYEL01089662.1:1551-1694(-)	69.06
AYEL01063931.1:14510-14658(+)	63.57
AYEL01078750.1:2918-3116(+)	59.69
AYEL01067658.1:16400-16537(-)	61.83
AYEL01091167.1:13423-13697(-)	69.89
AYEL01085351.1:41634-41779(-)	67.88
AYEL01065347.1:20423-20571(+)	67.39
AYEL01055125.1:12262-12423(-)	62.14
AYEL01033176.1:24244-24375(-)	65.00
AYEL01072993.1:9708-9856(+)	61.43
AYEL01075416.1:97836-97978(+)	64.93
AYEL01071357.1:46813-46963(+)	68.09
AYEL01060221.1:16006-16156(-)	66.67
AYEL01064655.1:50915-51062(+)	69.57
AYEL01029713.1:28973-29120(-)	65.00
AYEL01089286.1:309-459(-)	68.71
AYEL01057628.1:19527-19659(-)	66.41
AYEL01083024.1:28176-28296(-)	60.00
AYEL01067267.1:470-620(+)	69.50
AYEL01080021.1:63052-63184(+)	63.11
AYEL01079900.1:130828-130977(-)	68.03
AYEL01091249.1:44006-44156(+)	70.63
AYEL01085057.1:37586-37731(-)	68.12
AYEL01054298.1:76153-76310(-)	66.67
AYEL01085524.1:36267-36417(-)	66.90
AYEL01084953.1:12986-13133(+)	69.39
AYEL01068529.1:30583-30731(+)	65.91
AYEL01078100.1:47313-47457(+)	65.47
AYEL01088849.1:53268-53415(-)	69.66
AYEL01071752.1:18161-18310(+)	68.24
AYEL01061290.1:14320-14469(-)	67.14
AYEL01088878.1:54581-54727(-)	66.44
AYEL01039456.1:10336-10486(+)	66.22
AYEL01053704.1:39629-39779(+)	68.09
AYEL01069973.1:60241-60390(-)	63.57
AYEL01075862.1:15038-15176(+)	65.94
AYEL01011888.1:5241-5398(+)	66.67
AYEL01089563.1:104119-104265(+)	67.36
AYEL01069372.1:6355-6504(+)	66.67
AYEL01082145.1:790-941(-)	68.92
AYEL01078484.1:176991-177140(-)	64.75
AYEL01058616.1:12032-12183(-)	63.51
AYEL01043678.1:13772-13924(+)	69.29
AYEL01053808.1:657-808(+)	62.59
AYEL01049819.1:63761-63912(+)	66.91
AYEL01070425.1:59104-59245(+)	67.21
AYEL01084741.1:7439-7588(+)	67.14
AYEL01090724.1:18064-18211(+)	64.54
AYEL01091551.1:39633-39767(+)	67.46
AYEL01022415.1:24143-24292(-)	64.19
AYEL01068587.1:52407-52556(+)	64.54
AYEL01061850.1:14314-14464(+)	67.14
AYEL01050762.1:27278-27413(+)	64.18
AYEL01063252.1:23954-24104(-)	68.46
AYEL01058575.1:2477-2630(+)	67.38
AYEL01065898.1:41027-41174(+)	66.44
AYEL01072178.1:19025-19174(+)	69.29
AYEL01055013.1:14928-15075(+)	70.14
AYEL01065634.1:1240-1386(-)	68.28
AYEL01076178.1:23088-23225(+)	65.91
AYEL01073727.1:128613-128744(-)	67.18
AYEL01090617.1:25495-25646(+)	65.25
AYEL01069968.1:10833-10991(+)	69.50
AYEL01072584.1:4414-4553(-)	65.89
AYEL01072144.1:21971-22121(+)	70.71
AYEL01078916.1:136367-136515(+)	68.71
AYEL01072412.1:6653-6802(-)	64.03
AYEL01091792.1:5928-6080(-)	66.44
AYEL01089868.1:22337-22486(+)	66.89
AYEL01052381.1:9651-9799(-)	67.12
AYEL01035927.1:20735-20885(+)	65.25
AYEL01089563.1:74423-74566(-)	68.94
AYEL01059759.1:24789-24938(+)	66.21
AYEL01085752.1:13367-13513(+)	71.32
AYEL01088626.1:12389-12538(+)	67.14
AYEL01092086.1:13379-13522(-)	67.63
AYEL01078380.1:119742-119896(+)	69.59
AYEL01083098.1:47596-47746(+)	67.35
AYEL01086882.1:31952-32102(-)	67.38
AYEL01083661.1:28847-29043(-)	63.73
AYEL01063250.1:939-1072(+)	69.70
AYEL01090811.1:6777-6929(+)	66.19
AYEL01071210.1:71755-71905(+)	67.35
AYEL01089541.1:3796-3945(-)	67.35
AYEL01081619.1:6731-6882(-)	68.79
AYEL01083744.1:12044-12194(-)	66.20
AYEL01084763.1:80538-80672(-)	69.84
AYEL01088291.1:6095-6245(-)	68.09
AYEL01060320.1:3750-3898(+)	57.25
AYEL01084728.1:6452-6603(+)	65.54
AYEL01062344.1:29920-30182(+)	62.75
AYEL01082488.1:56679-56931(-)	62.58
AYEL01033245.1:8950-9097(-)	64.96
AYEL01078482.1:60085-60233(-)	66.42
AYEL01089645.1:9810-9958(+)	66.19
AYEL01051591.1:5678-5817(+)	61.48
AYEL01076550.1:13235-13387(+)	72.66
AYEL01083283.1:64706-64853(+)	66.67
AYEL01034015.1:3413-3549(-)	65.19
AYEL01090241.1:18049-18199(-)	64.29
AYEL01085820.1:69938-70086(-)	65.07
AYEL01078039.1:25823-25946(-)	61.54
AYEL01076569.1:2291-2435(-)	66.67
AYEL01086267.1:26362-26510(-)	67.65
AYEL01048114.1:45363-45507(-)	67.65
AYEL01062759.1:4107-4257(+)	68.79
AYEL01079230.1:5269-5409(+)	65.67
AYEL01085817.1:50745-50894(-)	65.47
AYEL01063067.1:7320-7467(-)	67.41
AYEL01081947.1:176427-176576(+)	63.95
AYEL01064643.1:73650-73799(-)	69.06
AYEL01074828.1:29286-29428(+)	69.47
AYEL01078587.1:110954-111105(+)	63.38
AYEL01067968.1:80411-80561(-)	69.85
AYEL01077731.1:29930-30052(+)	67.71
AYEL01088204.1:7258-7406(-)	65.00
AYEL01083599.1:11129-11280(+)	63.12
AYEL01068000.1:24251-24399(-)	69.78
AYEL01078670.1:51662-51805(-)	65.69
AYEL01060046.1:37871-38019(-)	62.14
AYEL01088034.1:2584-2734(+)	70.27
AYEL01085316.1:4099-4226(+)	61.29
AYEL01053126.1:3641-3781(-)	63.31
AYEL01091890.1:82518-82667(-)	65.71
AYEL01079684.1:986-1112(-)	63.96
AYEL01050042.1:75914-76066(-)	66.44
AYEL01082081.1:184333-184482(+)	66.67
AYEL01066423.1:5729-5874(+)	69.44
AYEL01056090.1:28513-28709(-)	60.94
AYEL01091267.1:3384-3532(+)	65.31
AYEL01072053.1:28839-28966(-)	68.80
AYEL01068633.1:53858-54006(+)	69.85
AYEL01067731.1:6510-6653(-)	66.67
AYEL01079459.1:70990-71141(-)	62.14
AYEL01078446.1:29889-30034(+)	66.90
AYEL01075335.1:3935-4084(-)	64.43
AYEL01084104.1:247-386(+)	68.70
AYEL01091284.1:12149-12298(-)	70.75
AYEL01066720.1:11584-11734(-)	67.14
AYEL01091075.1:18379-18524(-)	65.28
AYEL01065526.1:70290-70426(-)	72.66
AYEL01058258.1:19096-19246(-)	64.43
AYEL01075312.1:93587-93729(+)	69.50
AYEL01059388.1:297-446(+)	69.78
AYEL01075151.1:33453-33604(-)	64.86
AYEL01091353.1:16520-16674(+)	66.44
AYEL01072858.1:28636-28784(-)	66.44
AYEL01063987.1:396-547(-)	65.88
AYEL01085489.1:10483-10633(+)	71.01
AYEL01086864.1:114102-114252(-)	65.25
AYEL01072311.1:9726-9876(-)	67.81
AYEL01084776.1:57902-58051(+)	68.57
AYEL01078772.1:31396-31546(+)	67.86
AYEL01083819.1:4117-4268(+)	63.12
AYEL01074728.1:1273-1404(+)	60.48
AYEL01080893.1:15920-16069(-)	69.18
AYEL01061769.1:10759-10909(-)	65.99
AYEL01088721.1:12737-12889(+)	67.11
AYEL01038037.1:16573-16722(-)	67.38
AYEL01060655.1:6170-6318(+)	67.14
AYEL01054023.1:22603-22753(-)	63.83
AYEL01075253.1:106508-106644(-)	66.67
AYEL01057269.1:109-251(+)	70.71
AYEL01085113.1:9601-9753(-)	68.49
AYEL01070617.1:23286-23438(-)	65.10
AYEL01056139.1:14104-14242(-)	64.23
AYEL01058470.1:31770-31921(+)	66.67
AYEL01066834.1:2369-2519(-)	66.67
AYEL01051299.1:1751-1885(+)	69.84
AYEL01070574.1:1666-1795(+)	63.73
AYEL01084848.1:22969-23094(+)	68.00
AYEL01012990.1:1357-1505(+)	61.02
AYEL01073909.1:6213-6354(+)	68.42
AYEL01073733.1:8323-8464(+)	69.34
AYEL01069921.1:42774-42913(+)	72.31
AYEL01075104.1:37560-37708(-)	70.50
AYEL01070960.1:10519-10759(+)	62.86
AYEL01090926.1:12684-12836(-)	66.17
AYEL01072053.1:9036-9185(-)	68.94
AYEL01086468.1:20814-20963(+)	65.47
AYEL01038771.1:21849-22005(-)	65.89
AYEL01077852.1:3378-3528(-)	65.25
AYEL01069875.1:91589-91744(-)	68.35
AYEL01051380.1:25310-25453(+)	64.08
AYEL01016930.1:30825-30980(-)	66.19
AYEL01070414.1:28807-28955(-)	68.49
AYEL01083223.1:65068-65198(-)	70.83
AYEL01069632.1:10049-10197(+)	70.37
AYEL01078638.1:24071-24235(+)	63.12
AYEL01072980.1:69084-69227(-)	65.93
AYEL01084583.1:70920-71068(-)	63.95
AYEL01074502.1:28842-28990(-)	66.44
AYEL01081804.1:2030-2178(+)	69.57
AYEL01071817.1:1120-1267(-)	63.04
AYEL01055617.1:7582-7732(-)	68.79
AYEL01081817.1:56363-56509(+)	66.67
AYEL01082784.1:44934-45073(+)	67.44
AYEL01044758.1:55305-55452(+)	65.47
AYEL01071047.1:35947-36095(+)	70.50
AYEL01083898.1:22152-22301(-)	67.81
AYEL01091884.1:86658-86803(+)	67.14
AYEL01067509.1:23017-23166(+)	70.00
AYEL01081946.1:19641-19790(+)	68.35
AYEL01087320.1:5686-5824(+)	63.97
AYEL01084314.1:1697-1843(+)	66.19
AYEL01064482.1:79341-79486(-)	66.67
AYEL01073022.1:24530-24679(-)	67.63
AYEL01074636.1:8365-8542(-)	65.26
AYEL01050062.1:31411-31562(-)	68.09
AYEL01080395.1:20468-20612(-)	66.67
AYEL01086702.1:42462-42610(-)	66.19
AYEL01037293.1:23656-23803(-)	70.50
AYEL01073235.1:4891-5039(-)	64.63
AYEL01090841.1:5972-6122(-)	61.76
AYEL01044262.1:101005-101156(+)	60.28
AYEL01061094.1:10868-11015(+)	61.87
AYEL01072980.1:1131-1279(+)	66.43
AYEL01078204.1:18369-18519(-)	67.57
AYEL01080905.1:11513-11662(+)	67.12
AYEL01086083.1:5542-5681(+)	66.41
AYEL01077067.1:13608-13758(-)	67.86
AYEL01085593.1:41462-41611(-)	67.86
AYEL01089559.1:34197-34362(+)	65.71
AYEL01070226.1:2510-2659(-)	66.89
AYEL01040565.1:33007-33155(+)	66.67
AYEL01087142.1:19085-19232(+)	71.85
AYEL01081253.1:6555-6684(-)	65.04
AYEL01072234.1:109250-109402(+)	67.38
AYEL01035859.1:38944-39099(-)	67.11
AYEL01051999.1:3168-3317(+)	66.91
AYEL01058688.1:3562-3705(+)	63.28
AYEL01060830.1:1125-1275(-)	64.86
AYEL01073126.1:8631-8781(-)	60.27
AYEL01065082.1:5442-5588(-)	69.57
AYEL01034350.1:20117-20251(+)	70.63
AYEL01076835.1:33668-33818(-)	66.22
AYEL01088560.1:25353-25502(+)	67.14
AYEL01066255.1:18743-18873(-)	68.85
AYEL01028130.1:4704-4858(-)	67.14
AYEL01070960.1:51334-51474(-)	67.69
AYEL01076428.1:15215-15364(-)	65.71
AYEL01071115.1:10613-10764(-)	65.25
AYEL01051054.1:26431-26583(-)	66.44
AYEL01082917.1:4035-4181(-)	71.22
AYEL01077106.1:20110-20251(-)	71.22
AYEL01079575.1:78253-78404(+)	67.35
AYEL01064246.1:5012-5158(+)	63.45
AYEL01066733.1:1794-1940(+)	66.19
AYEL01045733.1:26671-26814(+)	68.09
AYEL01071787.1:85413-85556(-)	65.93
AYEL01086992.1:2190-2337(+)	68.35
AYEL01088543.1:54597-54745(-)	64.63
AYEL01066897.1:22113-22262(-)	69.50
AYEL01070286.1:22640-22791(-)	66.44
AYEL01084774.1:43309-43460(-)	68.09
AYEL01066601.1:3707-3852(+)	64.58
AYEL01090369.1:103427-103573(-)	63.45
AYEL01087414.1:33587-33733(+)	63.31
AYEL01068482.1:3193-3332(+)	66.67
AYEL01084375.1:4124-4556(+)	66.54
AYEL01057328.1:2255-2404(+)	67.91
AYEL01066870.1:8409-8558(+)	67.86
AYEL01065588.1:3749-3896(+)	64.54
AYEL01089137.1:62905-63056(+)	65.25
AYEL01085876.1:9881-10030(+)	64.23
AYEL01076626.1:3091-3242(-)	67.79
AYEL01065872.1:55068-55222(+)	69.18
AYEL01026801.1:14753-14878(-)	71.30
AYEL01058569.1:13696-13831(-)	70.18
AYEL01074084.1:500-657(+)	69.29
AYEL01091782.1:18962-19112(+)	68.79
AYEL01084279.1:34683-34831(-)	64.63
AYEL01090198.1:1254-1405(-)	70.92
AYEL01085558.1:68053-68209(-)	69.78
AYEL01084752.1:275-488(+)	62.76
AYEL01080461.1:99907-100049(-)	66.67
AYEL01087495.1:7235-7383(+)	67.88
AYEL01088577.1:4190-4321(+)	67.74
AYEL01091917.1:19577-19727(+)	66.18
AYEL01087100.1:72267-72402(+)	60.20
AYEL01084494.1:1901-2044(+)	72.99
AYEL01089796.1:1786-1935(+)	64.75
AYEL01064154.1:13029-13181(-)	66.44
AYEL01075762.1:6665-6816(+)	62.86
AYEL01079216.1:28971-29123(-)	67.33
AYEL01083661.1:12473-12606(+)	62.41
AYEL01074263.1:18435-18568(+)	69.05
AYEL01065259.1:44344-44487(-)	70.00
AYEL01063483.1:17532-17674(-)	69.17
AYEL01084876.1:4429-4578(+)	66.19
AYEL01033707.1:13098-13246(+)	67.63
AYEL01048939.1:14007-14137(-)	67.48
AYEL01072318.1:745-892(-)	70.23
AYEL01080282.1:13277-13422(+)	63.77
AYEL01086316.1:63912-64063(-)	67.79
AYEL01077740.1:13237-13387(+)	65.54
AYEL01068496.1:67895-68091(-)	64.25
AYEL01076410.1:43315-43465(-)	63.76
AYEL01083172.1:21646-21792(+)	68.61
AYEL01053547.1:15772-15919(-)	68.12
AYEL01070219.1:1338-1475(+)	64.57
AYEL01081561.1:51973-52122(+)	67.35
AYEL01068981.1:8083-8227(+)	67.16
AYEL01076903.1:83569-83713(+)	65.19
AYEL01050427.1:1310-1461(+)	68.31
AYEL01046115.1:53816-53966(+)	66.43
AYEL01078729.1:70085-70212(-)	65.81
AYEL01089890.1:18875-19003(+)	65.57
AYEL01054790.1:39595-39743(-)	65.52
AYEL01085401.1:10779-10919(+)	68.35
AYEL01055586.1:86755-86905(-)	69.50
AYEL01077405.1:43810-43953(+)	69.47
AYEL01075680.1:8998-9132(-)	66.67
AYEL01049249.1:824-971(-)	67.59
AYEL01066035.1:50158-50306(+)	65.31
AYEL01079439.1:88042-88190(-)	69.06
AYEL01064171.1:2753-2890(-)	74.40
AYEL01034530.1:42866-43023(-)	69.50
AYEL01085578.1:1754-1902(-)	63.57
AYEL01088435.1:4437-4587(-)	65.96
AYEL01060854.1:18637-18777(+)	68.94
AYEL01063788.1:19261-19390(-)	65.89
AYEL01091887.1:23832-23981(+)	66.67
AYEL01071767.1:17035-17185(-)	66.22
AYEL01075936.1:6865-7015(-)	66.67
AYEL01086926.1:64946-65097(+)	65.44
AYEL01080379.1:13274-13452(-)	70.92
AYEL01090653.1:16057-16207(+)	66.89
AYEL01083542.1:34160-34308(+)	66.91
AYEL01091373.1:32296-32445(-)	63.12
AYEL01074967.1:43796-43945(+)	64.54
AYEL01085378.1:10503-10649(-)	72.46
AYEL01011967.1:29943-30137(-)	62.50
AYEL01064828.1:17901-18052(+)	67.38
AYEL01089277.1:77075-77219(+)	64.23
AYEL01008413.1:5068-5216(-)	69.78
AYEL01063292.1:14950-15081(+)	66.41
AYEL01065891.1:2046-2194(-)	65.00
AYEL01060497.1:45953-46085(-)	65.91
AYEL01071595.1:3020-3167(+)	66.41
AYEL01071446.1:59468-59620(-)	63.57
AYEL01088608.1:52927-53082(+)	70.29
AYEL01073655.1:14480-14627(+)	68.84
AYEL01085747.1:3854-4008(-)	65.00
AYEL01014024.1:1286-1422(+)	64.39
AYEL01089888.1:14098-14247(-)	69.06
AYEL01055564.1:1346-1496(-)	68.09
AYEL01060820.1:7733-7869(+)	65.41
AYEL01088806.1:18818-18966(-)	69.01
AYEL01085562.1:45567-45718(-)	70.71
AYEL01073327.1:50904-51024(-)	61.82
AYEL01055799.1:13481-13632(-)	66.67
AYEL01086202.1:4546-4697(-)	65.25
AYEL01061942.1:13866-14016(-)	66.89
AYEL01057728.1:5330-5463(-)	69.92
AYEL01076862.1:2464-2612(+)	69.84
AYEL01091902.1:45188-45314(+)	69.75
AYEL01082331.1:4892-5042(+)	67.38
AYEL01080256.1:9177-9325(-)	69.06
AYEL01070288.1:35831-35981(-)	69.39
AYEL01065240.1:525-673(-)	65.71
AYEL01051940.1:8703-8852(-)	69.29
AYEL01073786.1:1723-1874(+)	67.11
AYEL01075351.1:38102-38252(+)	70.21
AYEL01066535.1:9484-9630(-)	68.61
AYEL01054427.1:10033-10185(-)	68.57
AYEL01056047.1:23430-23580(+)	68.09
AYEL01043971.1:9346-9496(-)	66.18
AYEL01032332.1:15902-16051(-)	64.19
AYEL01052483.1:71659-71803(+)	66.67
AYEL01067421.1:28008-28162(-)	66.91
AYEL01062959.1:25767-25915(-)	65.25
AYEL01089391.1:5739-5889(-)	67.38
AYEL01026284.1:30719-30855(+)	68.89
AYEL01072645.1:3027-3173(+)	64.58
AYEL01056448.1:2591-2748(-)	67.38
AYEL01035044.1:10365-10516(+)	66.67
AYEL01083695.1:49551-49680(+)	67.48
AYEL01073733.1:29025-29166(-)	67.16
AYEL01039173.1:6260-6474(+)	64.97
AYEL01091858.1:35940-36088(+)	66.44
AYEL01067499.1:47454-47603(+)	64.93
AYEL01084696.1:35788-35938(+)	65.99
AYEL01080500.1:19636-19784(+)	64.29
AYEL01067415.1:2071-2220(+)	67.65
AYEL01075132.1:5355-5506(-)	65.96
AYEL01092307.1:8748-8897(-)	68.49
AYEL01039386.1:6363-6511(-)	69.57
AYEL01016745.1:53022-53169(+)	68.12
AYEL01083627.1:37473-37621(+)	63.45
AYEL01057321.1:43140-43286(-)	66.91
AYEL01083580.1:19894-20042(-)	65.94
AYEL01069073.1:4569-4718(-)	63.83
AYEL01059723.1:29760-29913(+)	69.32
AYEL01065840.1:37039-37173(+)	72.00
AYEL01042865.1:86-221(-)	64.93
AYEL01069893.1:12203-12350(-)	63.31
AYEL01067897.1:4180-4332(+)	65.10
AYEL01075869.1:30726-30878(-)	65.71
AYEL01066683.1:83571-83719(-)	63.31
AYEL01090231.1:11790-11928(+)	66.92
AYEL01086582.1:4228-4363(-)	70.87
AYEL01080619.1:2638-2785(+)	72.46
AYEL01068827.1:2516-2661(-)	68.89
AYEL01082598.1:4481-4632(+)	67.14
AYEL01075667.1:160505-160634(+)	62.79
AYEL01050789.1:4226-4377(-)	65.77
AYEL01090835.1:15937-16086(+)	63.12
AYEL01091862.1:6074-6223(+)	67.35
AYEL01088027.1:52282-52430(+)	68.75
AYEL01083096.1:2618-2801(-)	68.69
AYEL01091611.1:128460-128611(-)	65.54
AYEL01080843.1:18424-18574(-)	67.63
AYEL01052040.1:95367-95511(-)	68.15
AYEL01075362.1:26064-26215(+)	67.38
AYEL01089466.1:17573-17718(+)	62.59
AYEL01072017.1:6689-6837(-)	65.47
AYEL01083309.1:16992-17139(+)	65.71
AYEL01082689.1:15818-15965(-)	68.79
AYEL01081068.1:39217-39365(-)	68.57
AYEL01076113.1:25554-25700(+)	69.06
AYEL01089477.1:15566-15717(+)	69.50
AYEL01045383.1:3868-4061(-)	58.85
AYEL01072908.1:5629-5891(-)	67.32
AYEL01069728.1:5598-5810(+)	61.48
AYEL01079181.1:62331-62463(+)	70.53
AYEL01075851.1:13376-13513(+)	71.65
AYEL01073684.1:12002-12142(-)	59.09
AYEL01069995.1:48532-48680(-)	66.44
AYEL01090988.1:19182-19333(+)	64.43
AYEL01067609.1:17243-17393(-)	67.38
AYEL01084364.1:5791-5942(+)	63.83
AYEL01076587.1:2483-2621(-)	66.91
AYEL01082156.1:36007-36158(+)	70.00
AYEL01061655.1:89288-89436(+)	67.14
AYEL01086630.1:9374-9528(+)	66.91
AYEL01072616.1:4268-4417(-)	66.18
AYEL01074085.1:70069-70212(-)	70.90
AYEL01074468.1:45656-45805(-)	65.96
AYEL01062559.1:25244-25394(-)	68.09
AYEL01072000.1:14117-14267(-)	69.50
AYEL01071339.1:118956-119110(+)	67.14
AYEL01059468.1:13142-13295(+)	65.89
AYEL01042347.1:5802-5938(+)	67.41
AYEL01058659.1:4859-5008(-)	67.14
AYEL01076834.1:22833-22983(+)	70.21
AYEL01084682.1:7940-8086(-)	66.18
AYEL01090442.1:25794-25942(-)	65.49
AYEL01066870.1:17233-17406(+)	65.96
AYEL01085303.1:48079-48224(-)	66.43
AYEL01032136.1:15014-15163(-)	69.57
AYEL01069071.1:40213-40364(-)	69.29
AYEL01065794.1:58674-58820(-)	68.84
AYEL01050752.1:3043-3251(+)	60.51
AYEL01034318.1:18193-18341(-)	64.54
AYEL01081982.1:10204-10336(-)	67.97
AYEL01087934.1:54681-54829(+)	64.80
AYEL01058991.1:9864-10012(-)	59.59
AYEL01053420.1:15872-16031(+)	71.22
AYEL01040567.1:16447-16578(-)	70.99
AYEL01065952.1:19819-19967(+)	64.63
AYEL01037209.1:37929-38084(-)	61.74
AYEL01087982.1:119112-119253(-)	68.61
AYEL01088783.1:19051-19178(+)	66.93
AYEL01086851.1:5754-5885(+)	61.72
AYEL01067973.1:31557-31707(-)	65.77
AYEL01064962.1:50445-50594(-)	66.67
AYEL01069519.1:31983-32131(+)	66.90
AYEL01052036.1:70051-70195(+)	66.67
AYEL01089827.1:16319-16467(-)	69.06
AYEL01073789.1:33981-34131(-)	68.09
AYEL01038776.1:28801-28951(+)	63.12
AYEL01056382.1:7550-7699(+)	65.31
AYEL01087618.1:209209-209362(-)	62.41
AYEL01088528.1:6784-6923(-)	68.70
AYEL01015060.1:71017-71154(-)	64.66
AYEL01075806.1:14749-14897(-)	69.06
AYEL01084914.1:54937-55093(-)	64.44
AYEL01027296.1:63892-64038(+)	69.06
AYEL01053992.1:2378-2530(+)	67.38
AYEL01074089.1:30611-30736(-)	65.14
AYEL01083462.1:25614-25761(-)	62.86
AYEL01032847.1:22605-22756(+)	69.29
AYEL01081412.1:14714-14860(-)	68.84
AYEL01032569.1:59520-59670(+)	69.44
AYEL01072328.1:27162-27314(-)	70.92
AYEL01086372.1:2103-2253(+)	66.89
AYEL01079893.1:97258-97409(+)	68.03
AYEL01077566.1:2890-3042(-)	67.12
AYEL01085355.1:8229-8378(+)	66.43
AYEL01020852.1:23947-24085(+)	63.77
AYEL01066923.1:7449-7598(+)	63.51
AYEL01038479.1:403-553(+)	64.54
AYEL01034351.1:27298-27420(-)	68.10
AYEL01075949.1:14109-14258(+)	61.90
AYEL01090048.1:56153-56336(-)	65.75
AYEL01053883.1:0-137(+)	64.29
AYEL01060820.1:5583-5724(-)	66.92
AYEL01090885.1:16194-16358(-)	68.71
AYEL01087142.1:62960-63098(+)	66.97
AYEL01064522.1:6744-6879(+)	68.66
AYEL01061812.1:9080-9226(-)	66.67
AYEL01085684.1:18946-19104(-)	73.57
AYEL01063773.1:2411-2548(-)	62.79
AYEL01084537.1:61975-62102(-)	65.57
AYEL01086542.1:4207-4344(-)	62.41
AYEL01078361.1:924-1075(-)	67.11
AYEL01087238.1:93462-93597(+)	68.66
AYEL01009089.1:86-225(-)	65.38
AYEL01076947.1:13883-14022(-)	69.77
AYEL01058710.1:37715-37926(-)	67.11
AYEL01089155.1:13847-13996(+)	70.83
AYEL01070308.1:51182-51330(+)	64.62
AYEL01009613.1:12288-12412(+)	70.59
AYEL01086396.1:25344-25492(+)	62.50
AYEL01048735.1:6956-7105(+)	64.19
AYEL01080905.1:24802-24948(-)	68.84
AYEL01091229.1:3970-4121(+)	60.96
AYEL01087438.1:6998-7148(-)	63.70
AYEL01075573.1:13510-13658(-)	65.71
AYEL01065870.1:22668-22789(-)	67.54
AYEL01074601.1:24144-24298(-)	65.96
AYEL01090424.1:3568-3723(-)	67.79
AYEL01082269.1:1846-1994(-)	67.83
AYEL01066575.1:530-678(-)	64.79
AYEL01091823.1:27056-27205(-)	69.29
AYEL01049492.1:34856-34994(-)	73.13
AYEL01059046.1:2758-2905(+)	62.14
AYEL01071033.1:79043-79195(+)	71.43
AYEL01057969.1:47838-47984(+)	62.59
AYEL01091941.1:26363-26514(-)	64.29
AYEL01080989.1:13069-13219(-)	68.12
AYEL01078176.1:10570-10726(+)	66.43
AYEL01081201.1:9066-9215(-)	66.67
AYEL01073519.1:38610-38758(-)	69.78
AYEL01075831.1:33459-33609(+)	67.86
AYEL01092182.1:21024-21177(-)	67.06
AYEL01074249.1:139760-139907(-)	62.33
AYEL01074374.1:763-894(+)	72.22
AYEL01059712.1:1880-2030(-)	68.28
AYEL01064942.1:16860-17011(+)	62.14
AYEL01082412.1:5282-5433(+)	63.09
AYEL01085598.1:23727-23877(+)	65.47
AYEL01053410.1:6813-6949(-)	61.42
AYEL01069558.1:3017-3166(+)	66.43
AYEL01084202.1:30260-30410(+)	66.19
AYEL01067732.1:79826-79976(-)	66.90
AYEL01078194.1:0-128(+)	65.83
AYEL01071179.1:127586-127721(+)	67.94
AYEL01071284.1:38630-38767(-)	69.23
AYEL01090063.1:39638-39787(+)	65.96
AYEL01019841.1:2810-2952(+)	65.89
AYEL01084731.1:78325-78465(+)	69.17
AYEL01084575.1:51768-51915(-)	63.77
AYEL01085890.1:20908-21056(-)	68.35
AYEL01082397.1:2638-2788(+)	65.77
AYEL01081365.1:22759-22907(+)	64.38
AYEL01090950.1:8466-8612(+)	68.12
AYEL01086786.1:15621-15772(+)	67.38
AYEL01081796.1:11355-11504(-)	70.55
AYEL01042872.1:964-1147(+)	65.57
AYEL01070901.1:59896-60044(+)	63.04
AYEL01085147.1:28304-28453(+)	66.43
AYEL01077832.1:76863-76991(+)	64.21
AYEL01068905.1:11271-11416(+)	68.89
AYEL01086781.1:24985-25136(-)	70.21
AYEL01078332.1:23717-23863(-)	65.47
AYEL01090682.1:34896-35044(+)	64.75
AYEL01051156.1:21856-22006(-)	68.57
AYEL01092376.1:63911-64045(+)	67.16
AYEL01056451.1:25759-25907(+)	66.42
AYEL01072473.1:10323-10468(+)	67.15
AYEL01034530.1:22496-22643(+)	65.22
AYEL01056282.1:16423-16573(-)	63.83
AYEL01069698.1:57680-57830(-)	70.50
AYEL01054119.1:4635-4788(-)	68.46
AYEL01028036.1:20222-20371(+)	65.71
AYEL01085503.1:15194-15342(+)	67.81
AYEL01055793.1:17152-17300(+)	65.52
AYEL01090443.1:33661-33808(+)	71.63
AYEL01075388.1:40498-40647(+)	65.10
AYEL01087899.1:16597-16746(+)	62.14
AYEL01069341.1:1716-1868(-)	59.59
AYEL01077970.1:16559-16695(-)	64.18
AYEL01064111.1:17189-17336(+)	65.22
AYEL01071520.1:59849-59998(+)	68.49
AYEL01047202.1:34204-34355(+)	64.96
AYEL01062742.1:33154-33295(-)	68.35
AYEL01046041.1:5250-5388(+)	67.19
AYEL01060258.1:6536-6687(+)	65.96
AYEL01032081.1:3246-3394(-)	67.63
AYEL01085652.1:10208-10346(+)	61.59
AYEL01074665.1:6764-6900(+)	64.66
AYEL01054591.1:43958-44110(+)	71.43
AYEL01082615.1:12182-12329(+)	66.43
AYEL01052957.1:20007-20155(-)	64.63
AYEL01070411.1:1612-1753(-)	68.22
AYEL01012173.1:14266-14414(+)	65.91
AYEL01085360.1:24-168(+)	62.04
AYEL01072861.1:850-988(-)	69.67
AYEL01060628.1:5505-5664(+)	65.54
AYEL01038771.1:36608-36758(+)	65.10
AYEL01077405.1:12020-12168(+)	65.71
AYEL01090584.1:3331-3480(-)	69.29
AYEL01078113.1:542-696(+)	66.22
AYEL01052381.1:11511-11658(-)	63.77
AYEL01077247.1:1332-1481(+)	65.25
AYEL01011110.1:3471-3621(+)	67.57
AYEL01063143.1:14875-15018(-)	62.69
AYEL01066290.1:1427-1569(+)	63.71
AYEL01086193.1:9220-9369(-)	65.54
AYEL01066136.1:7091-7242(-)	67.38
AYEL01080957.1:79421-79570(-)	66.67
AYEL01047412.1:36239-36371(+)	65.60
AYEL01060934.1:125211-125344(-)	68.75
AYEL01052825.1:40244-40389(-)	62.76
AYEL01069731.1:9729-9879(+)	64.29
AYEL01090256.1:26205-26340(-)	69.29
AYEL01081361.1:23046-23184(-)	68.38
AYEL01085998.1:43788-43941(-)	69.47
AYEL01081768.1:72875-73021(+)	65.47
AYEL01062820.1:4706-4853(+)	70.07
AYEL01090278.1:41864-42012(-)	67.63
AYEL01048729.1:16317-16468(-)	68.99
AYEL01081808.1:29878-30028(+)	70.71
AYEL01077419.1:23477-23626(+)	65.25
AYEL01069123.1:20463-20613(+)	72.66
AYEL01037166.1:52439-52585(-)	65.08
AYEL01057758.1:79691-79837(-)	63.31
AYEL01091461.1:84434-84583(-)	67.86
AYEL01086067.1:42657-42806(-)	68.61
AYEL01067173.1:77360-77496(-)	64.57
AYEL01083723.1:721-869(-)	70.29
AYEL01052357.1:13264-13398(+)	64.49
AYEL01067916.1:12570-12722(-)	65.00
AYEL01088141.1:48041-48193(-)	65.71
AYEL01086441.1:73621-73769(+)	67.14
AYEL01070126.1:7856-7978(+)	66.67
AYEL01068925.1:10046-10189(-)	65.67
AYEL01069708.1:45810-45960(-)	67.35
AYEL01078474.1:4331-4483(+)	65.25
AYEL01060655.1:12750-12900(+)	64.86
AYEL01082741.1:2199-2350(-)	68.09
AYEL01062742.1:34576-34727(-)	66.91
AYEL01069146.1:1-150(+)	71.94
AYEL01089819.1:12747-12896(+)	68.57
AYEL01071634.1:13767-13918(+)	67.11
AYEL01061987.1:68076-68221(+)	66.42
AYEL01084861.1:300-449(-)	65.25
AYEL01085044.1:1729-1877(-)	65.94
AYEL01041227.1:49-199(-)	68.79
AYEL01092000.1:3582-3737(-)	66.67
AYEL01015532.1:11802-11932(-)	73.33
AYEL01084830.1:21235-21383(-)	64.19
AYEL01034383.1:933-1078(+)	63.16
AYEL01092322.1:22814-22961(+)	64.38
AYEL01065764.1:64893-65038(-)	66.18
AYEL01023135.1:14821-14942(+)	70.54
AYEL01091205.1:88213-88383(+)	63.40
AYEL01065989.1:22968-23113(+)	68.57
AYEL01069673.1:42756-42900(+)	65.49
AYEL01087859.1:13701-13850(-)	68.79
AYEL01079041.1:5105-5251(+)	63.08
AYEL01075781.1:32050-32183(-)	64.80
AYEL01091466.1:59335-59473(+)	67.39
AYEL01073516.1:20176-20324(-)	66.44
AYEL01088556.1:3032-3180(-)	61.70
AYEL01058680.1:39660-39810(-)	69.50
AYEL01027364.1:14210-14355(+)	69.12
AYEL01087260.1:23535-23683(+)	64.75
AYEL01071126.1:6823-6971(-)	66.19
AYEL01059759.1:26774-26922(-)	67.14
AYEL01048161.1:18948-19079(-)	62.79
AYEL01090464.1:83573-83718(-)	66.91
AYEL01086901.1:23063-23201(+)	65.93
AYEL01075522.1:24886-25032(-)	67.15
AYEL01091623.1:1296-1444(-)	64.75
AYEL01086179.1:49671-49817(-)	64.49
AYEL01076175.1:25629-25779(+)	63.45
AYEL01085454.1:78553-78703(+)	70.21
AYEL01092228.1:35109-35259(+)	69.44
AYEL01066178.1:55668-55820(-)	66.67
AYEL01072154.1:11168-11316(-)	64.38
AYEL01071084.1:13778-13925(+)	65.94
AYEL01086498.1:44969-45114(+)	67.15
AYEL01086388.1:60707-60857(-)	65.10
AYEL01085758.1:61410-61547(-)	63.70
AYEL01084905.1:15193-15348(-)	64.66
AYEL01072457.1:4992-5143(+)	70.92
AYEL01047075.1:12795-12945(+)	66.89
AYEL01046575.1:2093-2243(+)	68.24
AYEL01063987.1:950-1101(+)	65.88
AYEL01072870.1:58599-58749(-)	65.54
AYEL01064003.1:111455-111590(-)	71.64
AYEL01091369.1:22894-23032(-)	66.92
AYEL01069626.1:74764-74914(-)	65.96
AYEL01081005.1:10273-10425(+)	68.46
AYEL01076596.1:113-266(-)	63.83
AYEL01071753.1:75910-76060(+)	66.43
AYEL01089054.1:35616-35760(-)	71.32
AYEL01082505.1:53575-53724(+)	69.63
AYEL01063383.1:17071-17218(+)	68.75
AYEL01058684.1:16183-16357(-)	58.33
AYEL01055579.1:4393-4587(-)	65.49
AYEL01083633.1:269095-269238(+)	70.80
AYEL01037257.1:9896-10043(+)	62.59
AYEL01063465.1:29009-29157(+)	63.27
AYEL01088538.1:9694-9844(+)	67.67
AYEL01077559.1:42713-42857(-)	66.20
AYEL01069229.1:3852-4000(-)	67.14
AYEL01061416.1:8312-8461(+)	66.67
AYEL01067390.1:30964-31114(-)	65.71
AYEL01087826.1:2067-2217(-)	67.14
AYEL01051183.1:2998-3145(-)	65.94
AYEL01069396.1:12950-13095(-)	69.06
AYEL01037239.1:1881-2033(-)	62.41
AYEL01072060.1:39483-39617(-)	65.31
AYEL01072861.1:10312-10448(-)	67.16
AYEL01053707.1:18720-18869(-)	66.43
AYEL01038432.1:23193-23346(-)	66.20
AYEL01088047.1:31373-31525(+)	67.38
AYEL01075159.1:15745-15878(-)	69.47
AYEL01034976.1:855-988(-)	67.02
AYEL01079366.1:22985-23134(+)	68.66
AYEL01080465.1:4322-4470(-)	62.14
AYEL01088313.1:30516-30665(+)	69.50
AYEL01061826.1:80091-80215(+)	67.74
AYEL01064826.1:9853-10001(+)	66.91
AYEL01071813.1:17655-17804(-)	68.57
AYEL01022292.1:73726-73874(+)	67.39
AYEL01071783.1:3881-4030(-)	63.76
AYEL01069758.1:907-1057(-)	65.96
AYEL01012497.1:17666-17815(-)	65.00
AYEL01031026.1:7000-7149(-)	70.50
AYEL01086596.1:9075-9227(-)	65.71
AYEL01059719.1:5059-5203(-)	66.91
AYEL01074846.1:6313-6460(+)	66.19
AYEL01085954.1:73348-73488(+)	64.66
AYEL01091149.1:1646-1778(-)	64.23
AYEL01084003.1:100406-100558(+)	62.41
AYEL01076046.1:37275-37424(-)	66.22
AYEL01091010.1:4667-4802(+)	67.91
AYEL01070693.1:18068-18218(+)	64.54
AYEL01082695.1:97364-97520(+)	69.50
AYEL01069948.1:11909-12055(-)	66.42
AYEL01085606.1:33976-34108(-)	64.12
AYEL01062040.1:24585-24734(+)	62.84
AYEL01083970.1:13461-13601(-)	63.85
AYEL01070589.1:28744-28899(+)	64.49
AYEL01071176.1:61180-61327(+)	67.41
AYEL01073165.1:18608-18758(+)	66.43
AYEL01042524.1:1673-1794(-)	71.19
AYEL01011849.1:738-886(-)	65.71
AYEL01069772.1:27255-27402(+)	62.76
AYEL01082286.1:2085-2226(+)	69.53
AYEL01090275.1:6736-6868(+)	64.42
AYEL01090823.1:11059-11208(-)	66.43
AYEL01064041.1:29690-29839(+)	63.95
AYEL01074778.1:39700-39849(+)	67.86
AYEL01081301.1:7903-8036(-)	67.74
AYEL01075907.1:12335-12485(+)	67.14
AYEL01088087.1:22710-22858(+)	70.29
AYEL01060556.1:96232-96382(+)	66.89
AYEL01056180.1:20411-20561(-)	62.16
AYEL01075277.1:5442-5588(+)	63.31
AYEL01090926.1:15836-15979(+)	67.41
AYEL01055484.1:27744-27892(+)	70.63
AYEL01080625.1:27655-27799(+)	62.94
AYEL01040563.1:10310-10461(+)	67.81
AYEL01060631.1:7262-7408(+)	68.84
AYEL01055999.1:36765-36911(+)	66.42
AYEL01063806.1:49369-49497(-)	59.66
AYEL01078245.1:15391-15535(-)	61.03
AYEL01064368.1:102822-102961(+)	66.19
AYEL01088921.1:64692-64842(-)	65.71
AYEL01062200.1:97135-97281(-)	72.26
AYEL01084292.1:95623-95771(+)	67.63
AYEL01078594.1:38897-39050(-)	68.79
AYEL01077463.1:54317-54465(+)	66.91
AYEL01050476.1:16273-16454(-)	73.57
AYEL01026801.1:1636-1787(-)	65.96
AYEL01059633.1:5060-5207(-)	68.84
AYEL01073438.1:40536-40675(-)	72.22
AYEL01057241.1:5247-5395(-)	65.00
AYEL01072024.1:9413-9561(+)	68.49
AYEL01034340.1:17191-17323(-)	65.91
AYEL01091874.1:167342-167488(+)	66.15
AYEL01049759.1:875-1024(+)	67.63
AYEL01073870.1:4002-4151(-)	66.91
AYEL01077740.1:23668-23815(-)	65.31
AYEL01072318.1:11876-12022(+)	68.89
AYEL01074406.1:10403-10555(-)	65.10
AYEL01089633.1:7313-7456(-)	62.41
AYEL01069885.1:55530-55678(-)	65.71
AYEL01032843.1:42577-42723(-)	68.38
AYEL01076791.1:40658-40810(-)	69.17
AYEL01031954.1:12411-12566(-)	69.50
AYEL01081348.1:6866-7012(+)	67.94
AYEL01078539.1:20244-20388(+)	63.70
AYEL01058659.1:4242-4385(-)	63.24
AYEL01062678.1:68255-68397(+)	66.43
AYEL01049158.1:78412-78559(-)	66.43
AYEL01072644.1:14834-14983(-)	67.36
AYEL01079754.1:3476-3622(+)	65.94
AYEL01065864.1:3842-3989(+)	59.12
AYEL01072659.1:12660-12794(+)	67.42
AYEL01067499.1:24416-24567(-)	66.91
AYEL01081749.1:29450-29600(+)	69.78
AYEL01073023.1:22825-22959(-)	66.67
AYEL01034523.1:64626-64773(-)	65.47
AYEL01067853.1:12904-13052(-)	66.89
AYEL01078339.1:12571-12717(+)	66.19
AYEL01081205.1:17402-17551(-)	68.79
AYEL01064942.1:8041-8190(+)	65.25
AYEL01073118.1:990-1133(+)	66.91
AYEL01033729.1:30330-30476(+)	65.47
AYEL01037298.1:56299-56435(-)	66.42
AYEL01054267.1:5589-5738(-)	65.94
AYEL01089642.1:42937-43084(+)	63.77
AYEL01077505.1:51138-51309(-)	65.96
AYEL01077740.1:12358-12508(+)	66.22
AYEL01010333.1:14650-14791(+)	70.77
AYEL01080194.1:14212-14365(-)	71.43
AYEL01056034.1:9285-9435(+)	65.75
AYEL01090331.1:21038-21189(+)	67.38
AYEL01089238.1:8802-8950(+)	65.00
AYEL01040613.1:5664-5819(-)	65.14
AYEL01080564.1:8076-8227(+)	65.77
AYEL01047210.1:12590-12742(+)	70.21
AYEL01090302.1:58319-58452(-)	68.60
AYEL01087934.1:29395-29527(+)	68.55
AYEL01072017.1:7610-7758(-)	67.88
AYEL01091169.1:59647-59801(+)	71.72
AYEL01057632.1:93625-93758(+)	67.02
AYEL01047674.1:6929-7078(+)	66.42
AYEL01057384.1:3745-3897(+)	66.44
AYEL01065379.1:9484-9631(+)	69.85
AYEL01084120.1:45035-45186(+)	71.22
AYEL01044464.1:6409-6543(-)	69.05
AYEL01064127.1:51023-51170(+)	63.31
AYEL01069326.1:11173-11322(+)	66.43
AYEL01075005.1:29079-29228(+)	67.38
AYEL01069636.1:709-867(+)	71.22
AYEL01086208.1:3790-3940(+)	69.50
AYEL01076244.1:3823-3947(+)	63.06
AYEL01073397.1:40110-40361(+,-)	63.87
AYEL01067502.1:14678-14808(-)	70.73
AYEL01064206.1:2219-2369(+)	69.50
AYEL01040566.1:12318-12459(-)	64.89
AYEL01082586.1:27174-27678(+)	70.21
AYEL01043402.1:26407-26557(-)	64.54
AYEL01084417.1:14382-14532(+)	68.79
AYEL01069310.1:18549-18697(+)	64.29
AYEL01077100.1:2350-2474(+)	67.80
AYEL01081570.1:21159-21309(-)	67.38
AYEL01090909.1:32649-32788(-)	64.84
AYEL01054058.1:57514-57659(-)	65.69
AYEL01053781.1:27101-27231(+)	68.52
AYEL01077916.1:89770-89906(+)	70.59
AYEL01070867.1:36735-36866(+)	71.19
AYEL01063412.1:28705-28853(-)	64.29
AYEL01067743.1:59743-59894(-)	65.99
AYEL01010191.1:86-233(-)	63.16
AYEL01089152.1:20159-20304(-)	68.31
AYEL01083676.1:101351-101498(-)	67.81
AYEL01072338.1:63726-63878(+)	67.11
AYEL01084723.1:67515-67665(-)	68.57
AYEL01016745.1:25671-25821(+)	63.12
AYEL01048430.1:244-394(+)	69.50
AYEL01047092.1:18561-18706(-)	61.48
AYEL01084003.1:56769-56901(-)	66.67
AYEL01061330.1:12978-13127(+)	67.35
AYEL01057694.1:79273-79422(+)	67.14
AYEL01087704.1:43921-44068(-)	62.59
AYEL01090896.1:8872-9016(-)	61.76
AYEL01090786.1:19727-19875(-)	68.12
AYEL01068155.1:49867-50017(+)	66.43
AYEL01087255.1:10253-10390(-)	69.29
AYEL01077726.1:9899-10032(-)	69.60
AYEL01080461.1:95854-96004(+)	67.35
AYEL01061719.1:5879-6024(-)	67.15
AYEL01069326.1:10587-10736(+)	66.43
AYEL01027846.1:9200-9340(-)	68.57
AYEL01076219.1:24744-24893(-)	65.07
AYEL01089277.1:61677-61822(-)	62.61
AYEL01087501.1:2951-3094(-)	68.38
AYEL01005712.1:36-174(-)	64.71
AYEL01070927.1:3679-3815(-)	70.31
AYEL01081980.1:37773-37922(-)	67.38
AYEL01091899.1:53218-53349(-)	65.12
AYEL01081095.1:1741-1875(+)	67.72
AYEL01088438.1:4624-4772(+)	67.86
AYEL01080544.1:885-1034(+)	66.43
AYEL01086265.1:12939-13093(+)	70.29
AYEL01075469.1:8121-8267(-)	67.39
AYEL01086357.1:9771-9914(-)	67.65
AYEL01089677.1:57808-57945(-)	69.23
AYEL01072941.1:3694-3846(+)	67.38
AYEL01090595.1:3145-3293(+)	68.70
AYEL01069472.1:56372-56521(+)	64.75
AYEL01088261.1:64215-64363(-)	62.14
AYEL01065259.1:13481-13647(-)	74.02
AYEL01011814.1:51-184(-)	65.83
AYEL01089082.1:3861-4006(-)	67.83
AYEL01079222.1:5237-5385(-)	70.34
AYEL01088798.1:26744-26865(-)	65.52
AYEL01079459.1:109579-109730(-)	63.77
AYEL01066255.1:24286-24434(-)	67.91
AYEL01090594.1:4494-4633(-)	70.49
AYEL01082695.1:105137-105287(-)	68.03
AYEL01081751.1:3605-3754(-)	70.59
AYEL01049820.1:7967-8094(-)	67.23
AYEL01079954.1:61481-61630(+)	69.78
AYEL01079159.1:5913-6061(-)	68.06
AYEL01086088.1:19235-19388(-)	68.79
AYEL01092395.1:39008-39153(+)	67.41
AYEL01078729.1:23870-24020(+)	67.35
AYEL01079425.1:12264-12412(-)	63.12
AYEL01086317.1:46934-47086(-)	68.57
AYEL01052745.1:707-838(-)	69.11
AYEL01082611.1:9216-9368(-)	67.11
AYEL01063162.1:44302-44448(+)	64.75
AYEL01065864.1:7372-7521(+)	65.75
AYEL01071673.1:72893-73044(+)	65.96
AYEL01067502.1:36005-36152(-)	66.19
AYEL01072752.1:56031-56192(+)	74.26
AYEL01091252.1:7199-7348(+)	62.41
AYEL01084900.1:5799-5947(-)	64.38
AYEL01036144.1:1350-1492(-)	69.29
AYEL01081707.1:21504-21651(-)	66.43
AYEL01071063.1:286-435(-)	70.00
AYEL01090191.1:35751-35898(-)	64.03
AYEL01063058.1:44146-44280(+)	64.57
AYEL01089097.1:8012-8159(+)	65.71
AYEL01087859.1:180704-180858(-)	68.46
AYEL01090382.1:23762-23898(-)	67.41
AYEL01079047.1:7422-7575(-)	65.00
AYEL01090009.1:7223-7363(+)	66.18
AYEL01076626.1:5696-5848(-)	65.10
AYEL01073022.1:8988-9138(+)	71.22
AYEL01063772.1:22177-22302(+)	69.35
AYEL01052764.1:6586-6707(+)	61.95
AYEL01080477.1:4021-4170(+)	67.14
AYEL01090063.1:37836-37981(+)	67.18
AYEL01077951.1:16009-16136(+)	66.12
AYEL01085355.1:1019-1160(+)	70.45
AYEL01072325.1:38353-38495(-)	63.78
AYEL01028454.1:67388-67533(+)	66.91
AYEL01068228.1:73300-73428(+)	68.03
AYEL01075440.1:18343-18491(+)	68.09
AYEL01091810.1:7333-7462(+)	69.47
AYEL01015480.1:13391-13540(+)	67.14
AYEL01085267.1:19293-19443(-)	70.21
AYEL01081268.1:35560-35701(+)	67.16
AYEL01081743.1:33511-33658(+)	62.59
AYEL01059494.1:34394-34541(-)	65.52
AYEL01051382.1:7129-7278(+)	69.06
AYEL01070975.1:17058-17211(-)	66.19
AYEL01086508.1:82124-82270(-)	68.61
AYEL01087093.1:1295-1445(+)	68.92
AYEL01066938.1:1285-1432(+)	64.75
AYEL01067128.1:6613-6761(-)	63.31
AYEL01071652.1:7594-7737(+)	60.56
AYEL01014024.1:396-533(+)	67.91
AYEL01029527.1:47471-47620(+)	65.54
AYEL01080021.1:70963-71098(-)	67.67
AYEL01081097.1:27733-27878(+)	63.24
AYEL01079417.1:26578-26705(+)	69.05
AYEL01048567.1:44867-45018(+)	69.50
AYEL01068443.1:9757-9925(-)	62.14
AYEL01075306.1:327-477(+)	64.83
AYEL01088656.1:15641-15783(+)	65.94
AYEL01074586.1:13329-13472(-)	67.16
AYEL01081696.1:13893-14026(-)	66.92
AYEL01074600.1:71529-71678(+)	64.54
AYEL01073046.1:22739-22872(-)	64.84
AYEL01065854.1:113890-114027(-)	63.97
AYEL01089937.1:31449-31599(-)	66.43
AYEL01066328.1:148631-148779(-)	68.28
AYEL01072888.1:67568-67722(+)	62.88
AYEL01090063.1:44983-45134(+)	68.66
AYEL01074429.1:21434-21582(+)	64.29
AYEL01018512.1:17578-17729(+)	65.25
AYEL01040488.1:1967-2108(-)	70.77
AYEL01065449.1:11170-11310(+)	72.22
AYEL01058377.1:5149-5295(+)	67.36
AYEL01069084.1:112063-112202(+)	66.25
AYEL01052467.1:18037-18184(+)	67.59
AYEL01083372.1:1642-1788(-)	66.42
AYEL01056451.1:21982-22130(-)	66.42
AYEL01089185.1:57784-57932(+)	66.67
AYEL01074078.1:3347-3486(-)	66.41
AYEL01070797.1:11925-12073(-)	66.91
AYEL01071898.1:16819-16967(+)	63.95
AYEL01073723.1:25645-25785(+)	67.41
AYEL01074916.1:44623-44766(-)	66.91
AYEL01062857.1:3700-3849(+)	67.38
AYEL01068696.1:24410-24559(+)	65.31
AYEL01070271.1:73290-73487(-)	62.56
AYEL01067732.1:22562-22712(+)	68.79
AYEL01074249.1:155735-155883(-)	68.57
AYEL01091006.1:12914-13064(+)	63.83
AYEL01090303.1:43536-43691(-)	64.54
AYEL01039915.1:1395-1547(+)	65.10
AYEL01056052.1:32041-32187(-)	65.69
AYEL01061978.1:5493-5632(-)	68.46
AYEL01065138.1:28709-28860(-)	67.38
AYEL01074044.1:7084-7232(+)	67.59
AYEL01086322.1:49505-49651(-)	65.44
AYEL01087613.1:24818-24965(+)	65.47
AYEL01047989.1:42527-42676(+)	66.67
AYEL01067828.1:36958-37098(+)	66.42
AYEL01078380.1:9147-9291(+)	67.41
AYEL01086629.1:29707-29855(-)	68.57
AYEL01063174.1:91748-91886(-)	66.41
AYEL01057328.1:2689-2838(+)	67.39
AYEL01048448.1:5541-5687(-)	65.97
AYEL01086853.1:21462-21606(-)	68.38
AYEL01042709.1:249-398(-)	66.67
AYEL01058677.1:25416-25564(-)	66.22
AYEL01050791.1:8157-8291(+)	69.47
AYEL01035050.1:2468-2618(-)	69.06
AYEL01085822.1:61021-61161(+)	67.20
AYEL01040827.1:8884-9032(+)	66.42
AYEL01078715.1:5801-5947(+)	64.71
AYEL01089590.1:70356-70506(+)	66.43
AYEL01066127.1:12921-13060(-)	61.76
AYEL01077217.1:824-973(-)	61.87
AYEL01050275.1:4661-4809(+)	68.84
AYEL01079644.1:62200-62336(+)	64.29
AYEL01080734.1:28925-29073(+)	63.12
AYEL01083578.1:30813-30965(+)	67.38
AYEL01088878.1:19462-19609(+)	66.91
AYEL01082951.1:68226-68360(-)	68.80
AYEL01091148.1:25319-25463(-)	67.91
AYEL01061728.1:21599-21748(-)	65.00
AYEL01075977.1:38041-38189(+)	67.86
AYEL01086828.1:1218-1367(-)	67.39
AYEL01085066.1:16628-16780(-)	67.38
AYEL01045253.1:4397-4547(-)	68.09
AYEL01071233.1:5036-5179(+)	67.15
AYEL01065318.1:10120-10270(-)	69.06
AYEL01074116.1:32948-33097(+)	70.50
AYEL01079273.1:29626-29776(+)	70.00
AYEL01091957.1:15839-15988(+)	65.99
AYEL01054425.1:17967-18112(-)	66.67
AYEL01064726.1:3216-3352(-)	65.35
AYEL01077876.1:26046-26194(-)	66.19
AYEL01067280.1:7047-7184(-)	66.91
AYEL01070194.1:45289-45433(+)	62.12
AYEL01090771.1:11512-11662(+)	66.22
AYEL01067157.1:4856-5005(+)	70.92
AYEL01053583.1:47469-47620(+)	66.22
AYEL01069511.1:14959-15112(-)	66.67
AYEL01057920.1:10438-10684(-)	60.43
AYEL01036695.1:16-164(-)	62.16
AYEL01053699.1:9438-9587(-)	68.35
AYEL01066521.1:19305-19454(+)	66.19
AYEL01069028.1:10731-10878(-)	67.86
AYEL01070621.1:102767-102917(+)	70.29
AYEL01077873.1:3973-4113(+)	63.20
AYEL01074423.1:9002-9151(+)	67.14
AYEL01043665.1:19600-19755(+)	69.50
AYEL01084354.1:6250-6384(-)	63.92
AYEL01084691.1:21156-21307(+)	65.00
AYEL01009611.1:15633-15779(+)	68.84
AYEL01077578.1:189754-189905(+)	69.80
AYEL01091267.1:10719-10867(+)	68.42
AYEL01091251.1:32345-32492(-)	68.28
AYEL01084570.1:5392-5541(-)	65.49
AYEL01084292.1:57478-57620(-)	67.16
AYEL01083570.1:14232-14381(+)	66.67
AYEL01075541.1:27387-27523(+)	66.93
AYEL01087265.1:11140-11289(-)	66.89
AYEL01006760.1:393-542(+)	62.59
AYEL01055480.1:11824-11979(-)	67.91
AYEL01090564.1:14769-14912(-)	66.43
AYEL01067141.1:5629-5778(-)	62.14
AYEL01074886.1:56237-56387(+)	66.22
AYEL01071000.1:4082-4230(-)	70.00
AYEL01087771.1:17920-18067(+)	64.29
AYEL01020848.1:194-345(+)	68.79
AYEL01047365.1:17898-18046(-)	67.81
AYEL01089052.1:11756-11878(+)	60.34
AYEL01033890.1:25815-25965(-)	68.79
AYEL01078454.1:3030-3179(+)	65.22
AYEL01084322.1:102776-102926(+)	65.77
AYEL01078875.1:53445-53594(-)	65.96
AYEL01034367.1:8825-8971(-)	64.75
AYEL01046871.1:11808-11929(+)	70.48
AYEL01078690.1:3231-3371(-)	64.49
AYEL01015060.1:19028-19179(+)	67.79
AYEL01073361.1:25145-25295(+)	67.38
AYEL01080721.1:6858-7006(-)	68.12
AYEL01049211.1:1299-1433(-)	67.91
AYEL01059560.1:3464-3612(+)	73.38
AYEL01077313.1:22405-22556(-)	63.83
AYEL01064890.1:9296-9446(+)	69.39
AYEL01068157.1:31034-31182(-)	64.75
AYEL01038215.1:228-377(-)	66.43
AYEL01075117.1:44074-44219(+)	67.65
AYEL01074283.1:85776-85925(+)	69.50
AYEL01045721.1:4199-4351(+)	67.38
AYEL01065086.1:32806-32947(+)	66.67
AYEL01039878.1:4431-4563(-)	67.94
AYEL01083674.1:120134-120270(+)	68.50
AYEL01085901.1:787-935(+)	67.63
AYEL01017369.1:66-202(+)	64.84
AYEL01078238.1:150942-151085(+)	64.84
AYEL01063792.1:15058-15196(+)	68.22
AYEL01070624.1:19304-19450(+)	68.61
AYEL01080787.1:37970-38119(-)	66.19
AYEL01079149.1:23221-23377(-)	66.19
AYEL01089586.1:9262-9411(-)	68.38
AYEL01077629.1:5732-5882(-)	65.25
AYEL01090576.1:8795-8945(+)	70.21
AYEL01073762.1:12849-12987(+)	66.92
AYEL01068544.1:8505-8669(+)	70.75
AYEL01081093.1:24055-24205(-)	69.50
AYEL01072503.1:2609-2759(+)	66.91
AYEL01055540.1:15680-15824(+)	64.71
AYEL01083582.1:7540-7690(+)	68.79
AYEL01076707.1:1147-1284(+)	66.15
AYEL01076227.1:2304-2444(-)	66.67
AYEL01084152.1:30372-30499(+)	62.99
AYEL01069722.1:62469-62622(-)	69.59
AYEL01065913.1:29687-29826(-)	72.66
AYEL01035861.1:46457-46605(+)	67.63
AYEL01076842.1:20295-20444(+)	68.57
AYEL01068490.1:4477-4626(-)	66.67
AYEL01083289.1:77618-77779(+)	66.67
AYEL01068545.1:32201-32348(-)	68.06
AYEL01069242.1:14382-14529(+)	63.31
AYEL01065689.1:20630-20795(+)	68.46
AYEL01068442.1:10205-10352(+)	65.99
AYEL01087438.1:28935-29085(-)	62.86
AYEL01092041.1:11272-11420(-)	68.57
AYEL01080592.1:3629-3778(-)	66.89
AYEL01080694.1:25669-25814(-)	68.84
AYEL01065149.1:6137-6287(-)	70.00
AYEL01075770.1:28739-28865(-)	70.00
AYEL01080118.1:2432-2573(+)	68.94
AYEL01071784.1:7013-7178(+)	69.29
AYEL01067502.1:36687-36834(-)	66.67
AYEL01065911.1:8480-8629(+)	67.38
AYEL01079035.1:31291-31439(+)	64.54
AYEL01086888.1:31129-31275(-)	66.21
AYEL01067756.1:15663-15804(+)	64.54
AYEL01086738.1:19676-19826(+)	70.29
AYEL01084287.1:43089-43215(+)	64.96
AYEL01081439.1:8162-8297(-)	67.41
AYEL01053786.1:37959-38091(+)	64.12
AYEL01046656.1:7763-7908(+)	68.38
AYEL01071178.1:63070-63220(-)	64.86
AYEL01051716.1:6686-6838(-)	68.09
AYEL01088113.1:4331-4476(-)	69.12
AYEL01089804.1:61268-61415(-)	66.19
AYEL01066294.1:870-1018(+)	68.35
AYEL01089480.1:77615-77762(+)	70.71
AYEL01060139.1:7326-7467(+)	67.41
AYEL01083769.1:95465-95613(-)	67.38
AYEL01088318.1:4979-5130(-)	63.12
AYEL01072374.1:8262-8409(-)	70.59
AYEL01073710.1:12854-12987(+)	68.25
AYEL01081714.1:50987-51135(-)	68.12
AYEL01071268.1:33671-33818(-)	67.19
AYEL01060935.1:131451-131581(-)	68.24
AYEL01033890.1:1483-1633(-)	67.14
AYEL01083248.1:31538-31687(-)	70.71
AYEL01077372.1:24750-24879(+)	62.28
AYEL01019195.1:2867-3034(-)	67.38
AYEL01054306.1:15615-15765(+)	70.15
AYEL01031108.1:1006-1156(+)	65.25
AYEL01059967.1:943-1070(-)	66.39
AYEL01083051.1:28632-28782(-)	69.78
AYEL01061015.1:6838-6986(+)	67.86
AYEL01063130.1:16443-16596(-)	61.07
AYEL01046076.1:1731-1879(+)	65.07
AYEL01053333.1:3876-4006(-)	70.25
AYEL01071504.1:21671-21821(+)	66.91
AYEL01072772.1:59447-59599(+)	68.03
AYEL01047093.1:10547-10698(+)	65.25
AYEL01085765.1:57491-57654(-)	68.84
AYEL01069250.1:4661-4812(+)	68.57
AYEL01037451.1:3593-3743(-)	70.92
AYEL01087135.1:631-778(-)	71.13
AYEL01089662.1:7124-7272(+)	66.90
AYEL01071226.1:956-1105(-)	65.54
AYEL01086651.1:36175-36324(-)	64.75
AYEL01063564.1:27853-28003(-)	66.67
AYEL01067761.1:65274-65423(-)	58.16
AYEL01063393.1:27430-27575(-)	63.50
AYEL01085809.1:10259-10408(+)	71.22
AYEL01027846.1:5517-5668(-)	67.11
AYEL01085019.1:1430-1577(+)	66.67
AYEL01072584.1:22247-22396(+)	70.00
AYEL01034350.1:56109-56258(-)	62.86
AYEL01026971.1:20615-20758(-)	67.61
AYEL01055226.1:1315-1466(-)	65.71
AYEL01085612.1:11704-11854(+)	65.47
AYEL01084993.1:4538-4670(+)	66.32
AYEL01064776.1:1364-1514(-)	68.09
AYEL01059121.1:2495-2638(+)	64.44
AYEL01071013.1:20639-20790(-)	65.10
AYEL01078626.1:2492-2639(-)	68.12
AYEL01091883.1:16749-16900(-)	66.90
AYEL01088262.1:34977-35134(-)	68.94
AYEL01082070.1:14256-14401(+)	65.28
AYEL01083096.1:37584-37734(+)	68.97
AYEL01072987.1:7787-7938(+)	67.38
AYEL01092041.1:8363-8513(-)	67.57
AYEL01069844.1:99393-99543(-)	68.24
AYEL01091230.1:63116-63267(-)	64.63
AYEL01068088.1:44480-44607(-)	64.71
AYEL01027724.1:14506-14657(+)	74.82
AYEL01078451.1:8745-8895(+)	57.14
AYEL01075029.1:36863-37012(-)	64.54
AYEL01021110.1:136245-136393(+)	67.86
AYEL01063420.1:10691-10836(+)	67.39
AYEL01058834.1:30079-30234(+)	72.14
AYEL01074477.1:12470-12616(+)	63.77
AYEL01050805.1:34914-35064(+)	68.35
AYEL01077140.1:493-622(-)	62.10
AYEL01089726.1:30989-31326(+)	64.17
AYEL01072697.1:12831-12980(-)	66.67
AYEL01048162.1:17415-17553(-)	64.93
AYEL01039442.1:13490-13638(-)	64.54
AYEL01064699.1:31020-31169(+)	70.71
AYEL01087433.1:6983-7129(-)	71.65
AYEL01020689.1:5430-5580(-)	64.63
AYEL01089702.1:14791-14937(-)	67.88
AYEL01042551.1:45072-45212(+)	66.67
AYEL01080113.1:57891-58040(+)	68.84
AYEL01062530.1:35767-35916(+)	65.94
AYEL01011108.1:72816-72963(+)	64.29
AYEL01079620.1:25706-25831(-)	71.05
AYEL01089532.1:46300-46444(+)	64.66
AYEL01087636.1:9306-9457(+)	65.25
AYEL01084720.1:1703-1828(+)	61.74
AYEL01079217.1:35908-36052(-)	67.88
AYEL01071682.1:6646-6795(-)	68.71
AYEL01082707.1:42940-43088(-)	65.00
AYEL01089576.1:47547-47693(-)	62.12
AYEL01082435.1:1778-1929(-)	67.11
AYEL01039549.1:10194-10343(-)	66.91
AYEL01023992.1:43373-43515(+)	61.43
AYEL01089630.1:51189-51332(+)	64.89
AYEL01085130.1:71123-71285(+)	67.63
AYEL01081793.1:567-707(-)	68.84
AYEL01069199.1:1074-1197(+)	70.73
AYEL01060426.1:28745-28887(-)	70.00
AYEL01074859.1:10095-10243(-)	68.57
AYEL01052979.1:139289-139438(+)	66.67
AYEL01074696.1:36411-36564(-)	67.38
AYEL01086866.1:23307-23456(+)	64.75
AYEL01075991.1:4418-4568(-)	66.43
AYEL01063093.1:10095-10225(-)	62.38
AYEL01078737.1:16361-16512(-)	68.92
AYEL01072717.1:6156-6301(+)	62.32
AYEL01058988.1:75038-75187(+)	68.35
AYEL01077177.1:6776-6925(-)	67.63
AYEL01071695.1:23602-23753(+)	64.43
AYEL01077755.1:22826-22985(-)	67.14
AYEL01060848.1:44317-44465(-)	69.57
AYEL01050219.1:14998-15145(+)	64.71
AYEL01081501.1:3612-3732(-)	61.54
AYEL01074285.1:21928-22080(-)	63.95
AYEL01058908.1:6061-6193(+)	64.00
AYEL01072865.1:5120-5268(-)	69.06
AYEL01064694.1:76673-76820(+)	66.17
AYEL01090726.1:26580-26731(-)	66.91
AYEL01078151.1:4674-4815(+)	63.16
AYEL01071179.1:145242-145393(+)	65.10
AYEL01075518.1:9740-9897(+)	69.50
AYEL01089212.1:665-816(+)	67.12
AYEL01063383.1:8960-9108(+)	67.39
AYEL01058844.1:5988-6135(+)	58.16
AYEL01068932.1:17282-17430(-)	63.12
AYEL01072225.1:57882-58035(+)	66.43
AYEL01014277.1:172-320(+)	69.17
AYEL01086852.1:58020-58161(-)	68.35
AYEL01085890.1:239806-239955(-)	65.94
AYEL01053530.1:17455-17604(+)	66.22
AYEL01067182.1:48576-48712(-)	63.21
AYEL01027845.1:1690-1841(+)	68.79
AYEL01059748.1:31586-31714(+)	65.93
AYEL01031443.1:454-605(+)	68.09
AYEL01031809.1:135734-135879(-)	66.20
AYEL01080063.1:47242-47392(+)	63.09
AYEL01081281.1:4406-4559(+)	65.25
AYEL01073858.1:15452-15600(-)	64.19
AYEL01081939.1:4349-4497(+)	69.78
AYEL01070490.1:5264-5411(-)	69.34
AYEL01015937.1:1013-1162(-)	65.96
AYEL01079661.1:6996-7125(-)	62.64
AYEL01051138.1:4899-5049(+)	68.09
AYEL01070287.1:33337-33480(-)	67.88
AYEL01076903.1:36045-36195(+)	69.29
AYEL01075989.1:21347-21487(+)	58.70
AYEL01076551.1:3737-3885(-)	65.47
AYEL01063273.1:2067-2206(+)	64.71
AYEL01052518.1:12480-12649(+)	64.43
AYEL01075487.1:4339-4480(+)	64.12
AYEL01091461.1:16768-16915(-)	67.86
AYEL01078242.1:5268-5416(-)	69.78
AYEL01049926.1:48403-48527(-)	72.41
AYEL01074295.1:24987-25135(+)	65.75
AYEL01078737.1:38208-38350(+)	66.67
AYEL01087913.1:9993-10142(-)	65.47
AYEL01091160.1:3030-3171(+)	69.42
AYEL01075364.1:759-913(-)	71.43
AYEL01088758.1:38115-38269(+)	68.79
AYEL01072146.1:50395-50525(+)	64.46
AYEL01079163.1:28073-28210(-)	70.90
AYEL01051214.1:52706-52828(-)	68.33
AYEL01091940.1:20854-21000(-)	65.47
AYEL01082135.1:27029-27176(-)	65.03
AYEL01089958.1:86262-86408(+)	66.21
AYEL01056740.1:16456-16711(+)	63.87
AYEL01090302.1:54845-54996(-)	68.09
AYEL01084411.1:2838-2982(+)	59.57
AYEL01086712.1:81734-81885(-)	70.47
AYEL01076410.1:42587-42737(-)	63.76
AYEL01061495.1:34332-34474(+)	72.58
AYEL01059273.1:39848-39996(+)	64.19
AYEL01069236.1:68732-68853(+)	70.34
AYEL01071796.1:9388-9524(-)	68.42
AYEL01048564.1:10182-10338(-)	63.83
AYEL01090481.1:4075-4225(-)	68.09
AYEL01079928.1:144843-144990(+)	70.68
AYEL01037703.1:95-244(-)	67.35
AYEL01048476.1:9224-9372(-)	67.12
AYEL01065708.1:44391-44538(+)	64.75
AYEL01030753.1:12179-12328(-)	65.97
AYEL01084273.1:80378-80529(+)	60.81
AYEL01054587.1:2760-2906(-)	68.12
AYEL01084512.1:17499-17646(+)	65.00
AYEL01083539.1:21470-21616(-)	66.67
AYEL01069589.1:3082-3230(-)	63.04
AYEL01081149.1:2262-2402(+)	65.41
AYEL01039633.1:35847-35997(-)	68.57
AYEL01078320.1:41998-42145(+)	65.47
AYEL01083129.1:6705-6843(+)	65.87
AYEL01083896.1:4454-4605(-)	64.19
AYEL01070017.1:21687-21835(+)	68.35
AYEL01090132.1:2367-2518(+)	66.44
AYEL01084649.1:19119-19266(+)	66.91
AYEL01038992.1:62715-62864(+)	70.92
AYEL01088039.1:121899-122038(+)	69.29
AYEL01079389.1:23426-23576(-)	66.67
AYEL01078638.1:44679-44830(+)	60.40
AYEL01048728.1:39730-39880(-)	69.59
AYEL01076389.1:39551-39688(-)	61.42
AYEL01053324.1:175-324(+)	67.86
AYEL01069672.1:2132-2281(+)	68.97
AYEL01081227.1:23417-23561(+)	65.94
AYEL01085849.1:85898-86047(+)	69.50
AYEL01031133.1:755-881(+)	69.05
AYEL01076147.1:13670-13812(-)	65.41
AYEL01083796.1:25601-25752(-)	66.67
AYEL01059554.1:23219-23367(-)	65.75
AYEL01083925.1:745-893(-)	68.61
AYEL01047567.1:1956-2100(-)	67.91
AYEL01065319.1:13137-13282(-)	64.03
AYEL01063093.1:10237-10362(-)	61.16
AYEL01073993.1:5256-5401(-)	70.59
AYEL01020852.1:30372-30525(+)	65.96
AYEL01086030.1:110276-110431(-)	72.34
AYEL01060286.1:50-197(+)	67.12
AYEL01079095.1:124412-124557(+)	67.65
AYEL01083105.1:20702-20849(+)	63.57
AYEL01081786.1:28557-28707(-)	65.96
AYEL01068426.1:1277-1423(+)	64.14
AYEL01067940.1:25960-26108(-)	70.42
AYEL01082202.1:91423-91564(+)	67.41
AYEL01057309.1:6172-6315(+)	65.93
AYEL01075981.1:9781-9927(+)	64.54
AYEL01059105.1:22963-23110(+)	67.12
AYEL01083633.1:57421-57571(+)	69.29
AYEL01087125.1:90806-90956(+)	64.29
AYEL01051114.1:119598-119750(-)	65.25
AYEL01064408.1:39019-39167(-)	67.86
AYEL01076391.1:2440-2587(+)	64.75
AYEL01083919.1:3781-3932(-)	68.92
AYEL01055374.1:5850-5998(+)	66.19
AYEL01077753.1:27818-27969(+)	62.86
AYEL01054974.1:52577-52722(-)	64.23
AYEL01065794.1:1974-2124(-)	67.38
AYEL01073092.1:9697-9831(+)	66.92
AYEL01064182.1:10074-10220(+)	64.96
AYEL01039603.1:32502-32643(+)	64.91
AYEL01088410.1:50941-51138(-)	62.89
AYEL01063058.1:124998-125198(+)	67.88
AYEL01088115.1:17216-17364(-)	65.00
AYEL01087702.1:10076-10211(-)	65.35
AYEL01078774.1:15483-15632(-)	63.57
AYEL01070504.1:15649-15799(+)	68.03
AYEL01038340.1:1035-1173(+)	61.74
AYEL01070679.1:3930-4074(+)	64.71
AYEL01085745.1:42935-43084(+)	68.06
AYEL01077059.1:1879-2028(+)	65.00
AYEL01057278.1:1969-2107(-)	65.62
AYEL01068814.1:8835-8980(-)	74.07
AYEL01051214.1:19623-19766(-)	64.93
AYEL01086449.1:44880-45029(-)	65.91
AYEL01063301.1:8165-8314(-)	66.67
AYEL01090263.1:26798-26944(+)	63.19
AYEL01039549.1:8154-8304(-)	64.54
AYEL01036365.1:94309-94458(+)	66.22
AYEL01078251.1:12553-12699(+)	63.04
AYEL01087290.1:33789-33930(+)	64.89
AYEL01070121.1:22477-22627(+)	68.24
AYEL01063516.1:9473-9623(-)	68.18
AYEL01066393.1:8775-8922(-)	65.47
AYEL01085528.1:18675-18811(-)	63.22
AYEL01021107.1:14943-15077(+)	67.50
AYEL01069475.1:12743-12891(+)	69.39
AYEL01030847.1:75339-75498(+)	70.14
AYEL01085789.1:27885-28033(+)	68.03
AYEL01079548.1:38703-38853(-)	67.38
AYEL01085623.1:12251-12405(-)	66.44
AYEL01053912.1:82411-82556(+)	66.67
AYEL01072773.1:6050-6201(+)	67.39
AYEL01069562.1:37246-37379(-)	72.58
AYEL01073727.1:70361-70513(-)	68.75
AYEL01012497.1:11392-11526(+)	65.38
AYEL01056277.1:37461-37609(-)	68.12
AYEL01070286.1:34845-35001(+)	68.57
AYEL01078017.1:25886-26036(+)	66.91
AYEL01069924.1:5014-5163(-)	65.47
AYEL01072499.1:66587-66736(+)	64.63
AYEL01057497.1:4666-4816(+)	66.67
AYEL01085168.1:8833-8988(-)	67.38
AYEL01036707.1:71-217(+)	66.91
AYEL01089958.1:87548-87694(-)	66.21
AYEL01076844.1:8883-9015(-)	65.14
AYEL01020852.1:59331-59490(+)	65.69
AYEL01070794.1:10068-10215(-)	68.35
AYEL01059722.1:28739-28876(-)	66.92
AYEL01090443.1:72238-72389(+)	65.77
AYEL01057419.1:11353-11497(+)	66.43
AYEL01041564.1:14758-14905(+)	69.57
AYEL01090852.1:52205-52350(-)	65.94
AYEL01045722.1:902-1051(-)	69.29
AYEL01087328.1:81816-81973(+)	65.16
AYEL01050793.1:66571-66719(-)	68.84
AYEL01068846.1:1762-1924(-)	60.40
AYEL01090594.1:24816-24959(+)	65.94
AYEL01071006.1:62557-62705(+)	69.18
AYEL01072036.1:101784-101906(-)	70.00
AYEL01090113.1:6487-6635(-)	64.75
AYEL01056454.1:64792-64939(-)	65.97
AYEL01081050.1:4716-4865(+)	70.29
AYEL01087441.1:32203-32353(+)	67.38
AYEL01044294.1:19961-20111(-)	67.14
AYEL01079062.1:842-988(+)	66.67
AYEL01074152.1:28443-28593(+)	62.33
AYEL01088786.1:14220-14345(-)	62.81
AYEL01076310.1:18115-18270(+)	71.43
AYEL01088528.1:6553-6685(-)	66.67
AYEL01090609.1:1377-1524(+)	64.96
AYEL01065318.1:137703-137851(-)	62.14
AYEL01077567.1:18173-18296(-)	70.00
AYEL01078581.1:65394-65532(+)	66.91
AYEL01032808.1:258-409(-)	64.03
AYEL01028046.1:154833-154981(-)	63.57
AYEL01058817.1:85-229(-)	64.23
AYEL01057829.1:1538-1689(+)	69.50
AYEL01071942.1:3202-3354(+)	66.41
AYEL01091700.1:7502-7649(-)	69.34
AYEL01056685.1:20962-21110(+)	68.49
AYEL01085398.1:14459-14605(-)	68.97
AYEL01073035.1:82148-82292(-)	70.77
AYEL01057480.1:4667-4797(+)	64.29
AYEL01084212.1:29682-29830(+)	68.84
AYEL01072170.1:18940-19070(-)	63.56
AYEL01016997.1:831-979(-)	65.47
AYEL01086853.1:22843-22990(+)	70.07
AYEL01069360.1:12690-12836(+)	67.39
AYEL01046574.1:35643-35776(+)	70.40
AYEL01031053.1:1853-1994(+)	70.59
AYEL01089064.1:36831-36955(-)	65.42
AYEL01091955.1:8034-8192(+)	69.39
AYEL01079716.1:26352-26506(+)	63.83
AYEL01080506.1:9513-9659(-)	67.63
AYEL01047194.1:2252-2400(-)	68.71
AYEL01067731.1:19002-19149(+)	65.00
AYEL01064751.1:12436-12585(-)	73.19
AYEL01083637.1:30058-30191(+)	67.18
AYEL01083163.1:25826-25987(-)	63.76
AYEL01043976.1:18865-19012(+)	63.95
AYEL01079408.1:1200-1346(-)	67.39
AYEL01031576.1:275-421(-)	67.15
AYEL01064408.1:39477-39626(-)	67.38
AYEL01092048.1:146-275(-)	67.44
AYEL01064116.1:5855-6002(-)	66.67
AYEL01027361.1:16601-16751(+)	65.25
AYEL01082839.1:728-877(+)	70.50
AYEL01085449.1:6440-6592(-)	62.22
AYEL01069320.1:1632-1784(+)	62.14
AYEL01079031.1:8971-9149(-)	72.73
AYEL01052836.1:9912-10061(+)	68.35
AYEL01083839.1:3739-3886(-)	68.61
AYEL01071361.1:40976-41129(-)	64.41
AYEL01090972.1:186400-186548(-)	63.70
AYEL01075994.1:18954-19106(-)	66.44
AYEL01077176.1:8375-8499(-)	59.84
AYEL01068967.1:2200-2349(-)	68.35
AYEL01072036.1:53636-53784(-)	65.71
AYEL01083801.1:55462-55610(+)	66.67
AYEL01083593.1:1439-1587(-)	65.99
AYEL01055539.1:5327-5474(-)	67.14
AYEL01080461.1:75952-76098(+)	66.19
AYEL01090106.1:9384-9534(+)	68.28
AYEL01072499.1:77197-77344(+)	65.00
AYEL01088807.1:6830-7066(+)	64.23
AYEL01081035.1:24805-24954(-)	66.44
AYEL01028108.1:103740-103890(+)	64.75
AYEL01056454.1:3554-3702(-)	69.57
AYEL01069354.1:18817-18969(-)	68.79
AYEL01070355.1:6100-6249(+)	67.63
AYEL01038592.1:1282-1429(-)	69.78
AYEL01082084.1:47799-47950(-)	68.24
AYEL01090584.1:3653-3800(-)	66.67
AYEL01046937.1:20715-20843(+)	66.67
AYEL01089440.1:10894-11041(+)	68.35
AYEL01055861.1:34151-34300(+)	68.49
AYEL01086854.1:51307-51455(-)	57.82
AYEL01081499.1:4912-5060(+)	68.75
AYEL01088711.1:39961-40109(-)	69.57
AYEL01029379.1:33935-34059(+)	68.33
AYEL01075724.1:9986-10135(-)	62.86
AYEL01084373.1:10409-10557(+)	66.67
AYEL01064405.1:3274-3423(+)	63.83
AYEL01047905.1:11424-11562(-)	69.17
AYEL01069472.1:150137-150286(-)	66.91
AYEL01081411.1:4518-4661(-)	66.43
AYEL01006912.1:89-238(-)	65.96
AYEL01089996.1:14068-14194(+)	64.35
AYEL01070382.1:47111-47261(+)	65.96
AYEL01085196.1:32282-32431(-)	65.25
AYEL01085276.1:11007-11156(+)	65.47
AYEL01064111.1:18193-18329(+)	72.22
AYEL01086045.1:6667-6798(+)	67.39
AYEL01080012.1:46009-46155(+)	64.14
AYEL01042941.1:66841-66988(-)	69.72
AYEL01082216.1:34064-34214(+)	64.63
AYEL01065598.1:17186-17335(-)	61.07
AYEL01061381.1:14970-15121(+)	67.57
AYEL01079252.1:5261-5410(-)	65.25
AYEL01081677.1:29879-30026(+)	66.90
AYEL01048978.1:7327-7478(-)	67.38
AYEL01068544.1:8358-8495(+)	68.70
AYEL01052874.1:22137-22278(+)	72.26
AYEL01025818.1:5383-5533(-)	66.43
AYEL01065332.1:15408-15554(+)	63.04
AYEL01077227.1:8807-8956(+)	66.43
AYEL01065854.1:64400-64547(-)	65.73
AYEL01071787.1:156-304(+)	71.01
AYEL01074572.1:49920-50203(-)	61.06
AYEL01085702.1:23264-23395(-)	74.19
AYEL01075722.1:898-1053(-)	68.24
AYEL01069566.1:29898-30051(-)	69.18
AYEL01058535.1:3322-3471(-)	68.03
AYEL01082252.1:66359-66507(-)	65.99
AYEL01089515.1:33740-33881(+)	67.67
AYEL01064485.1:6040-6164(+)	70.73
AYEL01085697.1:54790-54939(+)	65.25
AYEL01039640.1:2201-2323(+)	66.99
AYEL01079912.1:22665-22824(+)	64.86
AYEL01072785.1:41931-42081(-)	66.44
AYEL01083672.1:27480-27631(-)	62.42
AYEL01048939.1:28196-28346(-)	70.50
AYEL01077300.1:6057-6205(+)	64.03
AYEL01030503.1:40315-40475(-)	67.14
AYEL01028043.1:40776-40922(-)	67.15
AYEL01071928.1:10552-10699(+)	67.39
AYEL01042805.1:21402-21551(-)	66.19
AYEL01083246.1:20461-20606(-)	67.13
AYEL01067828.1:8039-8186(+)	65.22
AYEL01087685.1:11520-11666(+)	67.63
AYEL01080045.1:33493-33630(+)	66.67
AYEL01071288.1:35844-35995(-)	68.09
AYEL01059837.1:10543-10692(+)	63.50
AYEL01026804.1:4985-5132(-)	71.22
AYEL01072702.1:58257-58464(+)	64.58
AYEL01077529.1:31102-31242(-)	66.41
AYEL01062974.1:13206-13359(+)	64.54
AYEL01080425.1:8352-8502(-)	63.83
AYEL01086979.1:6973-7098(+)	66.39
AYEL01056466.1:23054-23198(-)	66.67
AYEL01088316.1:22886-23035(-)	69.06
AYEL01072754.1:18960-19110(+)	67.38
AYEL01084776.1:20496-20642(-)	67.63
AYEL01072717.1:7724-7870(-)	67.39
AYEL01062934.1:11523-11669(-)	66.67
AYEL01079761.1:71431-71569(-)	67.21
AYEL01043670.1:11943-12076(-)	66.92
AYEL01060576.1:16145-16279(+)	69.70
AYEL01066824.1:61239-61386(+)	68.84
AYEL01067248.1:96887-97034(-)	66.91
AYEL01082649.1:45669-45792(+)	66.67
AYEL01080694.1:56208-56356(-)	65.47
AYEL01026806.1:155599-155749(-)	68.89
AYEL01010175.1:4004-4154(+)	63.12
AYEL01058671.1:14024-14157(+)	67.42
AYEL01052061.1:9676-9821(+)	67.39
AYEL01091088.1:61542-61692(-)	68.79
AYEL01074789.1:16372-16523(+)	65.54
AYEL01011814.1:2431-2566(+)	62.50
AYEL01061981.1:22259-22403(+)	64.71
AYEL01083234.1:22232-22379(+)	68.84
AYEL01077759.1:28146-28293(-)	70.50
AYEL01067576.1:43782-43931(+)	66.67
AYEL01080570.1:12483-12626(-)	67.94
AYEL01084504.1:15698-15848(-)	66.44
AYEL01089435.1:463-601(+)	61.79
AYEL01032852.1:10061-10200(+)	70.45
AYEL01066181.1:35396-35544(+)	66.43
AYEL01075026.1:6676-6822(+)	64.96
AYEL01068948.1:25559-25706(+)	64.54
AYEL01083674.1:41541-41690(-)	67.57
AYEL01091738.1:26352-26487(-)	65.93
AYEL01069204.1:26475-26608(+)	65.41
AYEL01090443.1:57016-57167(-)	63.27
AYEL01074138.1:2807-2940(+)	65.35
AYEL01023846.1:40107-40245(+)	68.75
AYEL01040566.1:2044-2177(+)	67.20
AYEL01073226.1:28996-29134(-)	70.37
AYEL01079661.1:8803-8953(-)	67.86
AYEL01038404.1:26971-27133(+)	72.15
AYEL01072567.1:18279-18427(+)	64.63
AYEL01066203.1:92581-92738(+)	66.67
AYEL01055085.1:21210-21350(-)	68.50
AYEL01063907.1:13971-14121(+)	66.22
AYEL01053974.1:2234-2383(-)	68.71
AYEL01085421.1:10474-10623(-)	63.70
AYEL01080824.1:2872-3021(-)	64.75
AYEL01012895.1:1797-1934(-)	68.42
AYEL01078599.1:20885-21032(+)	61.22
AYEL01080783.1:28517-28667(-)	68.24
AYEL01081034.1:3681-3813(+)	64.29
AYEL01048729.1:14913-15062(+)	68.03
AYEL01082586.1:13451-13600(+)	66.67
AYEL01060099.1:10807-10958(+)	67.86
AYEL01070017.1:96381-96506(+)	69.60
AYEL01058969.1:311-449(-)	69.77
AYEL01090879.1:6146-6301(+)	64.44
AYEL01088759.1:2235-2386(-)	68.35
AYEL01066682.1:18967-19112(+)	67.83
AYEL01076226.1:26752-26899(-)	66.67
AYEL01062387.1:2479-2612(+)	64.17
AYEL01077553.1:13172-13300(+)	69.53
AYEL01066824.1:62226-62367(+)	64.12
AYEL01033729.1:77670-77811(+)	70.45
AYEL01083806.1:19425-19591(+)	67.35
AYEL01026484.1:1000-1199(-)	60.10
AYEL01087537.1:222101-222230(+)	67.46
AYEL01078293.1:7303-7446(-)	65.69
AYEL01075835.1:53652-53788(-)	67.46
AYEL01079909.1:16243-16365(+)	60.67
AYEL01081345.1:14770-14919(-)	68.09
AYEL01070313.1:166-315(+)	63.83
AYEL01089559.1:7837-7984(+)	65.28
AYEL01072183.1:21133-21267(-)	69.29
AYEL01051042.1:52834-52984(-)	64.54
AYEL01063645.1:1236-1388(-)	63.95
AYEL01063356.1:10229-10378(-)	65.71
AYEL01066089.1:7085-7218(-)	67.35
AYEL01061652.1:58444-58594(-)	64.75
AYEL01068333.1:3398-3546(+)	65.94
AYEL01013152.1:9643-9788(+)	63.77
AYEL01064816.1:38759-38910(+)	68.79
AYEL01074189.1:13831-13982(-)	64.54
AYEL01066174.1:8125-8277(+)	67.11
AYEL01064188.1:14902-15046(-)	65.69
AYEL01067660.1:58097-58240(-)	65.44
AYEL01091105.1:36695-36820(+)	68.48
AYEL01069851.1:1849-1996(-)	69.66
AYEL01087791.1:21896-22044(+)	66.91
AYEL01065931.1:2353-2496(-)	72.06
AYEL01074057.1:65225-65374(+)	65.71
AYEL01079911.1:52710-52860(-)	59.59
AYEL01071890.1:29817-29968(-)	70.97
AYEL01089574.1:27253-27407(-)	66.89
AYEL01081005.1:42029-42179(-)	68.38
AYEL01089890.1:57754-57895(+)	69.70
AYEL01077243.1:39124-39295(+)	69.50
AYEL01090847.1:74883-75194(-)	64.44
AYEL01082505.1:43112-43281(-)	70.47
AYEL01025952.1:8968-9114(-)	68.61
AYEL01058576.1:815-960(+)	66.91
AYEL01069465.1:35765-35902(+)	65.62
AYEL01076791.1:18368-18512(-)	69.84
AYEL01057704.1:1515-1643(-)	60.63
AYEL01087147.1:42726-42879(+)	69.06
AYEL01088297.1:40064-40212(-)	69.57
AYEL01090904.1:4621-4770(-)	65.10
AYEL01029557.1:40528-40652(-)	68.33
AYEL01089377.1:9477-9622(+)	67.15
AYEL01074707.1:94853-95002(+)	69.06
AYEL01039823.1:3699-3870(-)	69.78
AYEL01051231.1:30890-31040(+)	70.21
AYEL01084672.1:52652-52798(+)	66.43
AYEL01071421.1:5881-6030(-)	69.39
AYEL01035233.1:76124-76281(+)	68.57
AYEL01061873.1:4273-4422(-)	66.22
AYEL01087797.1:3062-3210(-)	64.75
AYEL01088423.1:5588-5730(-)	64.29
AYEL01072631.1:16598-16745(+)	67.94
AYEL01079323.1:2557-2686(+)	66.67
AYEL01089093.1:3747-3895(-)	66.44
AYEL01054132.1:13047-13181(+)	68.42
AYEL01072100.1:24735-24882(-)	66.91
AYEL01055541.1:37992-38143(-)	67.11
AYEL01087238.1:54155-54304(-)	66.91
AYEL01079460.1:27985-28122(+)	67.97
AYEL01077362.1:21255-21401(+)	61.87
AYEL01069181.1:25580-25710(+)	65.89
AYEL01021622.1:39244-39396(+)	67.79
AYEL01081631.1:23340-23484(+)	65.19
AYEL01013495.1:0-144(+)	71.21
AYEL01044486.1:21101-21252(-)	66.44
AYEL01073372.1:13975-14106(-)	72.13
AYEL01073719.1:64464-64613(-)	65.96
AYEL01063599.1:52622-52762(-)	66.67
AYEL01081668.1:54000-54149(-)	67.35
AYEL01089756.1:3625-3774(-)	65.71
AYEL01062481.1:41565-41714(-)	69.50
AYEL01088931.1:31846-31991(+)	69.57
AYEL01084682.1:6876-7022(-)	66.18
AYEL01085024.1:19028-19179(-)	62.42
AYEL01073602.1:3759-3907(+)	70.07
AYEL01067895.1:42216-42350(-)	65.60
AYEL01064055.1:124494-124625(-)	60.47
AYEL01080895.1:40700-40852(+)	66.18
AYEL01069700.1:325969-326110(-)	63.70
AYEL01082080.1:1286-1435(+)	68.57
AYEL01082940.1:36593-36737(-)	67.38
AYEL01081590.1:26054-26202(+)	60.71
AYEL01080929.1:50852-50994(+)	64.93
AYEL01086214.1:14031-14181(-)	67.38
AYEL01079793.1:11535-11682(+)	69.34
AYEL01073093.1:3746-3892(+)	69.57
AYEL01006587.1:991-1138(+)	67.86
AYEL01065806.1:25067-25216(+)	70.50
AYEL01091096.1:61289-61426(-)	61.83
AYEL01086700.1:11222-11367(-)	70.07
AYEL01058257.1:11761-11908(-)	68.84
AYEL01089307.1:11327-11461(-)	64.80
AYEL01091445.1:45642-45787(-)	72.73
AYEL01062198.1:15131-15273(-)	67.41
AYEL01044296.1:22113-22262(+)	66.22
AYEL01090582.1:3820-3950(+)	68.29
AYEL01079226.1:84550-84715(+)	68.57
AYEL01038432.1:27535-27684(-)	68.35
AYEL01072121.1:2809-2957(-)	64.34
AYEL01082317.1:8026-8169(-)	63.83
AYEL01088667.1:5826-5968(+)	66.15
AYEL01046573.1:498-646(-)	69.78
AYEL01083964.1:10481-10613(-)	72.36
AYEL01085319.1:55356-55505(-)	68.57
AYEL01079912.1:39928-40079(+)	64.54
AYEL01082035.1:34575-34712(+)	64.66
AYEL01068416.1:100993-101134(+)	67.91
AYEL01074275.1:8726-8871(+)	71.03
AYEL01069366.1:28565-28713(-)	64.19
AYEL01075026.1:84838-84986(-)	65.75
AYEL01089343.1:46430-46578(-)	68.61
AYEL01052382.1:50623-50768(-)	66.19
AYEL01064035.1:7804-7935(+)	69.92
AYEL01089108.1:12326-12476(+)	66.43
AYEL01041575.1:1695-1844(-)	70.00
AYEL01056804.1:75850-75997(-)	63.27
AYEL01010970.1:11225-11371(+)	67.39
AYEL01060864.1:3962-4109(-)	66.19
AYEL01078149.1:58807-58958(+)	63.97
AYEL01084338.1:248-398(-)	60.99
AYEL01091062.1:99340-99490(+)	69.66
AYEL01042011.1:1353-1502(-)	65.25
AYEL01078441.1:1979-2127(+)	68.12
AYEL01077226.1:3757-3907(+)	68.61
AYEL01083061.1:13143-13291(-)	67.39
AYEL01075473.1:8769-8904(-)	69.40
AYEL01029666.1:5877-6014(-)	62.12
AYEL01058489.1:20356-20503(-)	64.75
AYEL01070948.1:18762-18910(-)	68.35
AYEL01091217.1:28181-28330(-)	66.44
AYEL01058926.1:1656-1813(-)	65.10
AYEL01083242.1:22552-22702(-)	66.18
AYEL01010070.1:17271-17416(+)	65.69
AYEL01068045.1:29593-29741(+)	66.43
AYEL01069906.1:8553-8698(-)	62.77
AYEL01073705.1:5740-5882(+)	63.38
AYEL01075748.1:49394-49550(-)	62.68
AYEL01081213.1:40171-40301(-)	63.78
AYEL01086872.1:7950-8082(+)	70.41
AYEL01064923.1:12509-12659(+)	69.06
AYEL01080517.1:37821-37971(+)	69.63
AYEL01086102.1:38447-38584(+)	67.19
AYEL01087068.1:24982-25133(-)	68.79
AYEL01088560.1:39096-39243(+)	69.06
AYEL01075364.1:1020-1174(-)	70.21
AYEL01090949.1:16385-16537(+)	67.14
AYEL01013628.1:24-171(-)	68.61
AYEL01077876.1:27524-27662(-)	62.60
AYEL01063770.1:19005-19153(+)	67.39
AYEL01056848.1:9066-9197(+)	67.31
AYEL01069230.1:1312-1459(-)	65.73
AYEL01088578.1:12015-12165(-)	65.25
AYEL01091355.1:6576-6724(+)	67.35
AYEL01069259.1:13676-13891(+)	66.49
AYEL01076825.1:45687-45837(-)	67.57
AYEL01082217.1:81306-81490(+)	67.18
AYEL01067661.1:22157-22308(+)	68.79
AYEL01046402.1:36620-36770(+)	63.77
AYEL01063400.1:5729-5878(-)	65.47
AYEL01077679.1:13649-13795(-)	65.67
AYEL01089187.1:37712-37860(-)	71.97
AYEL01090611.1:25573-25719(-)	66.67
AYEL01090649.1:13780-13934(-)	70.21
AYEL01086357.1:57133-57266(+)	68.70
AYEL01087588.1:79867-80018(-)	65.77
AYEL01026518.1:477-627(+)	66.67
AYEL01067580.1:47242-47396(-)	67.11
AYEL01080445.1:69244-69387(-)	65.19
AYEL01060852.1:12290-12413(-)	68.60
AYEL01091866.1:2788-2942(-)	70.50
AYEL01057896.1:12489-12640(-)	67.81
AYEL01080721.1:84928-85076(+)	64.03
AYEL01050583.1:1779-1919(+)	65.93
AYEL01086897.1:104638-104788(+)	63.28
AYEL01077099.1:9978-10130(-)	58.57
AYEL01089137.1:65240-65382(+)	64.71
AYEL01088541.1:43349-43500(-)	68.84
AYEL01073519.1:8723-8871(-)	64.18
AYEL01090977.1:48650-48799(+)	63.95
AYEL01068920.1:8855-9005(+)	66.43
AYEL01068334.1:482-611(-)	63.72
AYEL01051937.1:55379-55518(-)	66.93
AYEL01081149.1:31051-31198(+)	66.43
AYEL01022645.1:8883-9016(+)	68.00
AYEL01072137.1:47131-47280(+)	67.14
AYEL01057437.1:28466-28611(-)	64.34
AYEL01078181.1:37550-37694(+)	68.89
AYEL01055973.1:233-372(-)	63.97
AYEL01076817.1:132322-132458(-)	62.12
AYEL01088243.1:42614-42759(+)	68.31
AYEL01085542.1:146049-146195(-)	65.28
AYEL01069922.1:4686-4809(-)	66.94
AYEL01090017.1:58060-58208(+)	65.47
AYEL01086471.1:15248-15396(-)	66.19
AYEL01072074.1:56192-56334(+)	69.12
AYEL01051744.1:10566-10718(-)	68.24
AYEL01085682.1:28299-28432(+)	73.17
AYEL01016911.1:37177-37326(-)	66.43
AYEL01061314.1:14331-14479(+)	67.69
AYEL01052766.1:15027-15163(+)	66.67
AYEL01087448.1:8347-8495(-)	65.07
AYEL01078981.1:11340-11478(-)	65.87
AYEL01081408.1:9022-9174(+)	66.67
AYEL01080663.1:28-163(+)	67.18
AYEL01091881.1:42248-42399(+)	65.10
AYEL01085016.1:66879-67014(+)	73.60
AYEL01089189.1:5515-5664(+)	70.00
AYEL01086338.1:726-880(+)	68.79
AYEL01038776.1:14356-14504(+)	69.06
AYEL01054004.1:3976-4124(-)	71.94
AYEL01043372.1:992-1141(+)	66.67
AYEL01080244.1:33348-33519(+)	70.54
AYEL01088381.1:1415-1564(+)	72.46
AYEL01081209.1:4838-4984(+)	62.76
AYEL01070176.1:5524-5648(-)	64.91
AYEL01055315.1:385-544(-)	62.86
AYEL01074281.1:9163-9308(-)	69.85
AYEL01078616.1:41407-41558(-)	67.86
AYEL01073295.1:23139-23289(-)	66.67
AYEL01090847.1:41552-41732(-)	62.96
AYEL01015934.1:24527-24676(+)	68.09
AYEL01057328.1:3097-3219(+)	66.09
AYEL01081205.1:20214-20364(-)	70.21
AYEL01071784.1:2801-2951(-)	70.59
AYEL01086112.1:54610-54759(+)	71.43
AYEL01073651.1:11232-11380(+)	65.99
AYEL01070411.1:1217-1355(-)	68.99
AYEL01075852.1:9044-9186(+)	69.78
AYEL01072273.1:34257-34411(-)	64.39
AYEL01051223.1:15377-15532(+)	65.67
AYEL01071560.1:14811-14960(-)	62.41
AYEL01091096.1:74182-74327(-)	69.12
AYEL01091908.1:14567-14717(+)	64.62
AYEL01090577.1:10306-10451(+)	69.40
AYEL01052036.1:40031-40178(+)	66.17
AYEL01068403.1:77374-77520(-)	69.06
AYEL01070308.1:59948-60094(-)	67.39
AYEL01091933.1:21858-22054(+)	65.00
AYEL01086153.1:5940-6072(+)	67.20
AYEL01077314.1:24841-24986(-)	65.73
AYEL01070355.1:9761-9917(-)	66.67
AYEL01064953.1:14576-14723(+)	68.12
AYEL01084724.1:4785-4933(-)	67.14
AYEL01071268.1:33873-34003(-)	67.19
AYEL01061433.1:9406-9557(-)	63.09
AYEL01091823.1:20250-20375(+)	68.29
AYEL01089999.1:1334-1482(+)	64.19
AYEL01056026.1:19198-19349(+)	71.63
AYEL01083366.1:12018-12153(-)	60.50
AYEL01078802.1:38042-38187(+)	66.42
AYEL01087214.1:49952-50093(+)	68.46
AYEL01056912.1:6818-6962(+)	69.67
AYEL01057091.1:13669-13814(+)	67.39
AYEL01075326.1:14667-14822(+)	64.19
AYEL01078893.1:21905-22034(+)	65.09
AYEL01063904.1:16065-16293(-)	62.61
AYEL01088239.1:1022-1170(+)	65.00
AYEL01084273.1:21922-22063(-)	63.43
AYEL01072461.1:7388-7535(-)	66.67
AYEL01039456.1:10533-10684(+)	66.89
AYEL01082313.1:74465-74614(-)	70.21
AYEL01075312.1:94650-94798(+)	65.71
AYEL01086314.1:40917-41074(+)	65.96
AYEL01083556.1:8704-8853(-)	72.66
AYEL01075165.1:21563-21711(+)	65.47
AYEL01063580.1:6681-6832(-)	67.14
AYEL01022936.1:2527-2676(-)	65.96
AYEL01083373.1:10514-10640(+)	64.52
AYEL01079856.1:22651-22800(+)	64.63
AYEL01059141.1:5988-6142(-)	68.03
AYEL01072797.1:50012-50157(-)	67.15
AYEL01068588.1:37738-37884(+)	63.77
AYEL01090894.1:57157-57304(-)	65.96
AYEL01073651.1:75932-76078(+)	67.83
AYEL01085811.1:34125-34269(+)	70.68
AYEL01071116.1:4131-4279(-)	64.03
AYEL01064912.1:3192-3342(-)	69.29
AYEL01053794.1:19575-19717(+)	70.71
AYEL01091317.1:6500-6651(+)	68.09
AYEL01068226.1:37855-38004(+)	68.57
AYEL01054502.1:8383-8532(+)	67.35
AYEL01081231.1:19939-20076(+)	67.19
AYEL01076235.1:49405-49567(-)	68.24
AYEL01088605.1:33359-33496(-)	68.75
