AYEL01072731.1:4280-4484(+)	66.89
AYEL01088451.1:47867-48099(+)	65.24
AYEL01084735.1:12647-12894(-)	67.08
AYEL01060507.1:3023-3267(+)	62.67
AYEL01047427.1:17957-18166(-)	67.30
AYEL01090349.1:44572-44807(-)	62.39
AYEL01067472.1:12337-12580(-)	60.52
AYEL01089012.1:106015-106248(+)	63.81
AYEL01069698.1:68453-68668(+)	63.08
AYEL01043670.1:4403-4617(+)	60.40
AYEL01066402.1:44838-45058(-)	62.07
AYEL01091398.1:27715-27941(-)	58.04
AYEL01059273.1:14659-14887(-)	66.90
AYEL01071858.1:36376-36616(+)	66.06
AYEL01088712.1:2439-2681(-)	65.24
AYEL01091886.1:31020-31246(-)	60.19
AYEL01063525.1:22988-23216(-)	58.11
AYEL01074991.1:1273-1584(-)	56.00
AYEL01056615.1:33747-33969(+)	64.63
AYEL01090334.1:5077-5321(+)	58.40
AYEL01061319.1:117-336(+)	63.73
AYEL01062972.1:5597-5828(-)	63.35
AYEL01084585.1:4951-5175(+)	62.32
AYEL01081558.1:24056-24285(-)	62.50
AYEL01042941.1:78362-78602(-)	64.56
AYEL01083889.1:1035-1236(-)	60.80
AYEL01036752.1:6176-6389(-)	61.14
AYEL01063705.1:11924-12152(+)	67.81
AYEL01086733.1:35353-35591(+)	63.30
AYEL01076817.1:12310-12514(-)	63.70
AYEL01080921.1:16182-16429(-)	66.45
AYEL01083460.1:116945-117169(-)	62.20
AYEL01088656.1:6602-6822(+)	63.58
AYEL01086918.1:304-548(-)	65.66
AYEL01083304.1:24278-24490(+)	62.81
AYEL01087956.1:14377-14627(-)	62.39
AYEL01089141.1:52534-52773(+)	61.21
AYEL01083194.1:18690-18915(+)	62.15
AYEL01074059.1:8768-8979(-)	58.89
AYEL01066770.1:36303-36613(+)	60.42
AYEL01089750.1:59435-59662(-)	61.65
AYEL01076234.1:7271-7469(+)	63.41
AYEL01068598.1:7584-7820(-)	65.33
AYEL01048853.1:74227-74435(-)	60.20
AYEL01027531.1:1867-2113(-)	63.47
AYEL01089506.1:3961-4188(+)	63.24
AYEL01089924.1:3993-4211(-)	58.51
AYEL01083453.1:10067-10285(-)	66.92
AYEL01086247.1:30231-30473(-)	62.29
AYEL01063402.1:8143-8342(+)	63.41
AYEL01086411.1:16758-16964(-)	61.62
AYEL01090861.1:22773-22993(-)	59.43
AYEL01079553.1:27764-28010(+)	65.79
AYEL01068094.1:80608-80824(-)	58.21
AYEL01085623.1:66761-67003(+)	67.78
AYEL01049036.1:21270-21498(-)	71.08
AYEL01076565.1:17888-18117(-)	66.67
AYEL01080574.1:16963-17164(-)	67.19
AYEL01066779.1:5517-5753(-)	64.20
AYEL01061919.1:36321-36531(+)	67.30
AYEL01083674.1:93764-93996(-)	58.88
AYEL01067088.1:5194-5440(+)	62.34
AYEL01075777.1:17526-17750(+)	61.88
AYEL01074542.1:45629-45854(-)	62.07
AYEL01084738.1:14572-14809(-)	59.73
AYEL01081454.1:17441-17682(+)	65.38
AYEL01091560.1:649-853(-)	68.12
AYEL01075507.1:74872-75096(+)	58.96
AYEL01079894.1:3176-3433(+)	59.62
AYEL01069472.1:142665-142872(+)	62.50
AYEL01070638.1:11265-11477(-)	63.10
AYEL01043830.1:10833-11070(-)	58.22
AYEL01091240.1:39146-39371(+)	62.89
AYEL01037251.1:11901-12114(+)	63.29
AYEL01082259.1:10723-10920(-)	60.00
AYEL01053607.1:8139-8345(+)	59.26
AYEL01066279.1:14949-15181(-)	67.31
AYEL01074119.1:11910-12113(-)	61.54
AYEL01075651.1:41751-41963(+)	62.76
AYEL01059614.1:5758-5998(-)	61.97
AYEL01077046.1:24339-24536(+)	59.87
AYEL01026355.1:1218-1457(+)	64.85
AYEL01078615.1:38284-38527(-)	60.19
AYEL01074724.1:8902-9147(+)	62.38
AYEL01074443.1:41200-41399(+)	58.64
AYEL01074177.1:127603-127832(-)	66.98
AYEL01088977.1:1024-1244(+)	63.08
AYEL01080475.1:12560-12802(-)	61.72
AYEL01083098.1:67007-67234(+)	70.44
AYEL01089466.1:63795-64040(+)	58.69
AYEL01072499.1:37719-37940(+)	60.87
AYEL01053575.1:58604-58839(-)	59.39
AYEL01032498.1:52205-52448(-)	65.10
AYEL01089284.1:4628-4850(-)	63.79
AYEL01074817.1:11959-12166(+)	58.33
AYEL01057790.1:2824-3052(-)	65.42
AYEL01070816.1:461-724(-)	66.32
AYEL01091150.1:5408-5684(+)	66.83
AYEL01070258.1:24708-24912(-)	61.11
AYEL01061761.1:1050-1297(-)	63.45
AYEL01071401.1:57084-57311(-)	63.19
AYEL01077181.1:42035-42234(+)	60.13
AYEL01085542.1:116243-116487(-)	59.63
AYEL01066805.1:28463-28683(-)	62.20
AYEL01008912.1:13184-13390(-)	61.50
AYEL01059274.1:9274-9553(+)	61.51
AYEL01076695.1:17831-18047(-)	63.01
AYEL01089321.1:41089-41320(-)	62.77
AYEL01090680.1:86576-86817(-)	66.10
AYEL01070960.1:79116-79316(-)	66.45
AYEL01081889.1:78091-78329(-)	59.35
AYEL01090189.1:4789-4994(+)	60.70
AYEL01066703.1:39865-40110(+)	65.16
AYEL01064878.1:8978-9186(-)	66.87
AYEL01055335.1:55664-55916(+)	61.88
AYEL01061829.1:2479-2721(-)	65.22
AYEL01076720.1:32845-33053(-)	60.40
AYEL01090444.1:5804-6046(-)	64.79
AYEL01079548.1:36074-36303(+)	61.59
AYEL01066416.1:1117-1326(+)	63.33
AYEL01059227.1:2854-3057(+)	63.53
AYEL01069694.1:8870-9098(-)	65.14
AYEL01048755.1:18045-18288(+)	59.06
AYEL01063730.1:27976-28218(+)	63.16
AYEL01077300.1:9786-10023(-)	61.81
AYEL01072892.1:42063-42330(+)	57.48
AYEL01084946.1:6306-6536(+)	58.39
AYEL01067536.1:33020-33235(-)	60.20
AYEL01045720.1:67101-67338(+)	63.70
AYEL01076992.1:118128-118363(+)	66.47
AYEL01078965.1:39727-39951(+)	60.47
AYEL01059496.1:5625-5851(-)	69.43
AYEL01090146.1:15319-15540(-)	63.86
AYEL01074168.1:42150-42379(-)	62.33
AYEL01077058.1:4145-4437(-)	64.74
AYEL01084365.1:12196-12429(+)	60.44
AYEL01075227.1:50121-50354(-)	62.81
AYEL01080727.1:24147-24355(-)	68.79
AYEL01075137.1:61375-61604(-)	60.93
AYEL01082856.1:26833-27072(-)	68.55
AYEL01069071.1:12535-12757(-)	63.74
AYEL01074827.1:1097-1343(-)	61.54
AYEL01069432.1:21218-21449(+)	63.25
AYEL01057318.1:1564-1812(-)	66.86
AYEL01085587.1:72893-73139(+)	58.37
AYEL01065055.1:18342-18580(+)	70.25
AYEL01088093.1:27504-27746(+)	65.38
AYEL01057335.1:930-1160(-)	61.58
AYEL01055042.1:14301-14541(-)	65.61
AYEL01056804.1:2680-2916(-)	66.03
AYEL01086203.1:26087-26330(+)	63.16
AYEL01072595.1:3650-3869(-)	61.03
AYEL01072036.1:119662-119861(-)	60.94
AYEL01068415.1:29242-29491(+)	59.83
AYEL01091281.1:55093-55335(+)	64.25
AYEL01054492.1:14794-15012(+)	60.45
AYEL01083627.1:24361-24561(+)	61.15
AYEL01039633.1:33740-33990(+)	61.45
AYEL01076349.1:301-524(+)	61.20
AYEL01070472.1:70651-70863(-)	63.12
AYEL01081810.1:39328-39545(-)	65.70
AYEL01091160.1:20057-20297(+)	59.82
AYEL01085658.1:31010-31276(+)	64.55
AYEL01078050.1:20228-20472(+)	65.22
AYEL01090138.1:164356-164598(+)	60.93
AYEL01069058.1:32534-32763(+)	61.11
AYEL01071344.1:14115-14363(-)	65.69
AYEL01078537.1:22862-23092(+)	64.29
AYEL01083604.1:11200-11412(+)	63.18
AYEL01079901.1:45427-45630(-)	64.24
AYEL01080382.1:16446-16673(+)	58.88
AYEL01036749.1:18253-18475(+)	62.66
AYEL01092170.1:9994-10240(+)	59.42
AYEL01071458.1:15109-15348(-)	63.11
AYEL01065156.1:25953-26196(+)	61.01
AYEL01066994.1:78191-78433(-)	61.95
AYEL01074472.1:3373-3598(+)	64.81
AYEL01037293.1:27323-27565(+)	70.93
AYEL01083188.1:5442-5642(+)	65.32
AYEL01076646.1:14762-14970(-)	60.33
AYEL01061586.1:7252-7492(-)	67.48
AYEL01074243.1:3465-3691(-)	61.68
AYEL01092405.1:30311-30542(-)	66.87
AYEL01064656.1:2677-2910(-)	59.26
AYEL01085684.1:10656-10897(-)	64.42
AYEL01080543.1:10253-10500(+)	67.47
AYEL01029890.1:20194-20418(-)	63.50
AYEL01022374.1:8219-8441(+)	65.19
AYEL01081856.1:24718-24963(+)	57.63
AYEL01048644.1:2598-2840(-)	61.86
AYEL01033245.1:2489-2726(+)	58.50
AYEL01090254.1:86820-87061(-)	66.67
AYEL01066780.1:4191-4415(-)	68.46
AYEL01060921.1:13968-14201(+)	66.88
AYEL01047911.1:35289-35497(-)	58.03
AYEL01060363.1:1549-1798(-)	62.30
AYEL01052040.1:78571-78778(-)	59.89
AYEL01080775.1:33577-33811(+)	61.79
AYEL01089906.1:405-605(+)	61.96
AYEL01076853.1:2394-2611(+)	63.64
AYEL01042052.1:13065-13293(-)	66.83
AYEL01056702.1:354-582(+)	55.25
AYEL01064614.1:2062-2284(+)	68.89
AYEL01090221.1:3363-3584(-)	65.94
AYEL01030827.1:1693-1935(-)	59.73
AYEL01077609.1:40771-40985(+)	67.97
AYEL01086864.1:168931-169167(+)	61.66
AYEL01050183.1:33705-33944(+)	55.61
AYEL01082478.1:8055-8294(-)	61.06
AYEL01078114.1:51356-51588(+)	62.68
AYEL01070554.1:28903-29138(-)	71.17
AYEL01080960.1:31441-31658(+)	61.85
AYEL01060657.1:870-1118(-)	61.95
AYEL01083647.1:29549-29773(-)	59.78
AYEL01078128.1:7115-7328(+)	70.63
AYEL01074040.1:10444-10675(+)	67.30
AYEL01066869.1:26829-27059(+)	56.67
AYEL01084950.1:83806-84050(+)	61.11
AYEL01082217.1:23297-23521(+)	67.08
AYEL01082523.1:6360-6612(+)	59.13
AYEL01057630.1:44631-44858(-)	61.93
AYEL01065057.1:1740-1944(-)	66.18
AYEL01068758.1:25909-26143(+)	57.83
AYEL01082295.1:47532-47771(+)	60.18
AYEL01060250.1:1481-1724(+)	64.80
AYEL01047905.1:7488-7701(-)	64.52
AYEL01080792.1:5184-5400(-)	67.02
AYEL01081786.1:16232-16430(-)	59.68
AYEL01084914.1:30349-30568(-)	53.62
AYEL01059426.1:2410-2624(-)	61.11
AYEL01047936.1:47263-47510(-)	64.67
AYEL01091004.1:11986-12225(-)	65.17
AYEL01069561.1:69338-69562(+)	59.81
AYEL01087650.1:1131-1346(-)	66.67
AYEL01086582.1:2977-3200(+)	57.08
AYEL01087290.1:45238-45461(+)	64.49
AYEL01070826.1:47229-47457(+)	62.50
AYEL01083129.1:31980-32183(-)	63.41
AYEL01061134.1:19274-19508(-)	59.90
AYEL01080798.1:19583-19794(+)	64.19
AYEL01030768.1:9432-9630(-)	65.00
AYEL01052352.1:2031-2255(+)	61.33
AYEL01071367.1:9664-9900(+)	58.82
AYEL01072806.1:11124-11334(+)	67.94
AYEL01089154.1:12514-12740(+)	61.54
AYEL01054472.1:40643-40871(+)	64.22
AYEL01085219.1:18558-18795(+)	59.81
AYEL01072419.1:13774-14022(+)	63.51
AYEL01086212.1:38582-38821(+)	63.18
AYEL01077987.1:23166-23414(-)	63.68
AYEL01075305.1:7619-7901(+)	62.99
AYEL01084848.1:49418-49667(+)	62.09
AYEL01061653.1:2476-2686(+)	63.04
AYEL01070538.1:10779-10999(-)	64.71
AYEL01063099.1:21687-21900(+)	65.85
AYEL01062383.1:42656-42895(+)	67.40
AYEL01047079.1:10751-10970(+)	65.41
AYEL01084026.1:16439-16649(+)	58.19
AYEL01068452.1:21405-21609(-)	67.65
AYEL01026802.1:14100-14342(-)	64.81
AYEL01070660.1:13281-13487(-)	63.10
AYEL01086925.1:14183-14424(+)	66.67
AYEL01081251.1:3651-3861(+)	63.59
AYEL01086109.1:53480-53732(+)	62.39
AYEL01090451.1:68423-68651(+)	60.98
AYEL01085542.1:155445-155675(+)	61.86
AYEL01066511.1:23145-23348(+)	60.51
AYEL01074782.1:28147-28358(-)	66.88
AYEL01073330.1:29842-30062(-)	63.26
AYEL01073453.1:22666-22878(-)	66.17
AYEL01051118.1:6842-7089(-)	61.35
AYEL01055845.1:12941-13158(-)	64.48
AYEL01021501.1:86-334(-)	63.47
AYEL01091277.1:496-734(+)	63.09
AYEL01076901.1:80796-81026(+)	66.46
AYEL01091970.1:23119-23346(-)	62.21
AYEL01085733.1:1639-1888(+)	59.26
AYEL01076113.1:20477-20676(-)	60.22
AYEL01042550.1:22428-22676(+)	62.30
AYEL01074090.1:9106-9355(-)	64.35
AYEL01088157.1:22865-23096(+)	68.26
AYEL01045732.1:109386-109628(-)	67.47
AYEL01022437.1:34-244(+)	56.59
AYEL01072785.1:53745-53990(+)	61.50
AYEL01051938.1:6153-6402(-)	66.03
AYEL01064164.1:17425-17672(+)	63.16
AYEL01091766.1:90540-90767(-)	62.14
AYEL01084735.1:14520-14745(+)	63.13
AYEL01054392.1:3531-3769(-)	60.78
AYEL01055574.1:6854-7092(-)	66.26
AYEL01080500.1:182011-182255(-)	60.50
AYEL01081947.1:132080-132328(+)	61.24
AYEL01091081.1:15906-16140(+)	65.64
AYEL01081068.1:15769-15983(-)	62.80
AYEL01084914.1:31050-31288(+)	58.44
AYEL01090215.1:14622-14847(-)	65.33
AYEL01068986.1:23052-23280(+)	62.96
AYEL01079339.1:25648-25891(+)	62.65
AYEL01068222.1:13186-13401(-)	60.32
AYEL01088788.1:33830-34045(+)	62.21
AYEL01042712.1:36801-37026(-)	60.10
AYEL01084163.1:9567-9792(-)	62.61
AYEL01077367.1:63044-63305(+)	62.20
AYEL01089971.1:28182-28382(-)	59.76
AYEL01075015.1:12771-12986(+)	56.19
AYEL01019800.1:85328-85567(-)	65.71
AYEL01061621.1:16219-16460(+)	60.64
AYEL01081000.1:15646-15909(-)	65.74
AYEL01086402.1:726-959(-)	63.51
AYEL01004995.1:8181-8392(-)	63.50
AYEL01081544.1:65501-65726(+)	58.10
AYEL01073652.1:37559-37797(-)	65.61
AYEL01091479.1:53845-54078(+)	59.03
AYEL01088290.1:19568-19799(+)	61.64
AYEL01076720.1:33095-33300(-)	59.41
AYEL01074789.1:37600-37829(-)	65.16
AYEL01071791.1:2936-3149(+)	65.47
AYEL01084914.1:64853-65070(+)	65.61
AYEL01015683.1:1028-1277(-)	61.90
AYEL01089915.1:1076-1308(-)	60.29
AYEL01080146.1:12996-13293(-)	64.73
AYEL01031796.1:2482-2727(-)	62.68
AYEL01064734.1:32701-32937(+)	63.51
AYEL01029413.1:19398-19604(-)	61.58
AYEL01064116.1:32581-32817(-)	57.51
AYEL01086881.1:15333-15583(+)	60.54
AYEL01090719.1:61420-61668(+)	62.03
AYEL01064816.1:10245-10464(-)	60.89
AYEL01058926.1:16936-17165(-)	67.55
AYEL01067715.1:8887-9117(+)	64.00
AYEL01078965.1:30681-30907(-)	65.48
AYEL01059739.1:50013-50238(-)	61.58
AYEL01057869.1:32866-33070(-)	58.95
AYEL01081992.1:6346-6550(-)	58.73
AYEL01082201.1:30533-30765(-)	63.16
AYEL01073352.1:44027-44259(-)	66.85
AYEL01074986.1:46542-46782(+)	64.77
AYEL01076772.1:8245-8489(+)	62.02
AYEL01084293.1:7359-7603(+)	61.76
AYEL01058670.1:26318-26559(-)	67.76
AYEL01077488.1:4041-4257(+)	62.18
AYEL01079011.1:8630-8859(-)	64.90
AYEL01056361.1:63179-63427(-)	61.78
AYEL01089804.1:39332-39558(-)	60.29
AYEL01089103.1:18220-18446(+)	61.25
AYEL01070413.1:19956-20204(-)	67.28
AYEL01075024.1:1954-2181(-)	63.41
AYEL01071927.1:7875-8097(-)	67.83
AYEL01048311.1:6570-6793(+)	62.88
AYEL01065380.1:3337-3586(+)	66.08
AYEL01072044.1:36165-36396(-)	62.09
AYEL01085716.1:4359-4591(+)	67.31
AYEL01059714.1:9610-9814(-)	59.39
AYEL01048569.1:19564-19786(+)	62.43
AYEL01072797.1:31497-31713(-)	66.42
AYEL01061825.1:16935-17145(+)	64.92
AYEL01082585.1:5353-5561(+)	63.82
AYEL01071066.1:62930-63149(-)	80.88
AYEL01058957.1:14781-14997(+)	60.80
AYEL01051756.1:1967-2212(+)	64.25
AYEL01063885.1:12555-12762(-)	57.35
AYEL01073527.1:23714-23949(-)	59.71
AYEL01088606.1:12832-13061(-)	60.35
AYEL01068103.1:2788-3019(-)	61.72
AYEL01089470.1:10458-10688(+)	58.49
AYEL01071679.1:14448-14685(-)	62.67
AYEL01087679.1:48490-48708(+)	63.49
AYEL01091648.1:4983-5216(+)	63.29
AYEL01052363.1:8722-8967(-)	58.68
AYEL01026679.1:70190-70429(+)	65.02
AYEL01075762.1:3952-4184(-)	57.65
AYEL01069726.1:36228-36426(+)	64.33
AYEL01073557.1:45336-45562(+)	63.33
AYEL01073360.1:63576-63784(-)	61.05
AYEL01036024.1:34082-34300(-)	68.34
AYEL01079100.1:53210-53448(+)	64.38
AYEL01087521.1:13073-13301(+)	62.50
AYEL01084294.1:2121-2324(-)	64.55
AYEL01091834.1:36296-36512(+)	62.94
AYEL01068569.1:8853-9065(-)	63.08
AYEL01063521.1:18619-18832(+)	63.58
AYEL01082250.1:20029-20250(-)	64.49
AYEL01069248.1:2349-2560(+)	56.84
AYEL01086225.1:26342-26574(+)	66.37
AYEL01070554.1:8166-8401(-)	71.17
AYEL01033245.1:17006-17218(+)	63.89
AYEL01080065.1:41559-41771(-)	64.43
AYEL01072990.1:13435-13646(+)	59.62
AYEL01072017.1:16836-17045(-)	64.62
AYEL01070669.1:5329-5578(+)	65.42
AYEL01092370.1:91822-92058(+)	63.26
AYEL01073995.1:599-861(+)	75.34
AYEL01068151.1:58812-59053(-)	64.44
AYEL01034009.1:26312-26538(-)	64.85
AYEL01086544.1:62753-62972(-)	64.66
AYEL01035582.1:48404-48629(-)	64.21
AYEL01088412.1:44561-44953(-)	58.22
AYEL01080959.1:10637-10889(-)	69.23
AYEL01090990.1:5775-6017(+)	62.26
AYEL01067759.1:117667-117910(+)	58.82
AYEL01082390.1:8837-9088(-)	62.03
AYEL01051756.1:1489-1703(+)	62.14
AYEL01065844.1:7839-8092(+)	62.82
AYEL01077879.1:13269-13495(-)	61.24
AYEL01084287.1:22154-22388(-)	66.67
AYEL01040417.1:621-840(-)	59.38
AYEL01045295.1:6160-6414(+)	61.00
AYEL01091890.1:5461-5706(+)	65.09
AYEL01087939.1:7646-7924(+)	64.08
AYEL01073330.1:47274-47504(+)	65.13
AYEL01091196.1:10026-10256(+)	68.79
AYEL01061826.1:90065-90290(-)	63.33
AYEL01058062.1:43011-43213(-)	61.70
AYEL01081845.1:99979-100226(+)	62.59
AYEL01070861.1:6025-6265(+)	64.39
AYEL01090836.1:1725-1968(-)	66.84
AYEL01077149.1:6149-6392(+)	60.19
AYEL01074954.1:2186-2401(-)	61.14
AYEL01066994.1:36920-37185(+)	67.47
AYEL01075835.1:86531-86773(-)	56.63
AYEL01076964.1:13938-14143(+)	67.18
AYEL01073128.1:75070-75307(-)	59.62
AYEL01076680.1:3238-3477(+)	60.10
AYEL01085562.1:39567-39816(-)	62.66
AYEL01068693.1:21418-21648(-)	61.69
AYEL01027677.1:78504-78748(-)	64.19
AYEL01072357.1:30079-30331(+)	63.72
AYEL01076556.1:21046-21263(+)	65.45
AYEL01054023.1:19042-19266(-)	64.97
AYEL01067157.1:24545-24749(+)	64.79
AYEL01083203.1:6270-6476(+)	61.84
AYEL01072279.1:9089-9319(+)	59.62
AYEL01039916.1:22599-22868(-)	61.85
AYEL01042955.1:3731-3964(+)	65.26
AYEL01048065.1:64472-64694(+)	63.94
AYEL01082772.1:18038-18285(+)	62.08
AYEL01087900.1:65723-65967(+)	65.29
AYEL01074292.1:29991-30189(-)	59.24
AYEL01089548.1:19741-19986(+)	60.18
AYEL01051383.1:5469-5670(-)	62.92
AYEL01041304.1:3227-3449(-)	61.03
AYEL01066393.1:15043-15286(+)	59.66
AYEL01065066.1:20054-20284(-)	66.01
AYEL01042343.1:6975-7246(+)	60.67
AYEL01090122.1:64027-64265(-)	64.71
AYEL01077472.1:28397-28624(-)	57.83
AYEL01073541.1:75074-75271(+)	62.70
AYEL01079558.1:1724-1963(-)	61.43
AYEL01068172.1:1387-1600(+)	61.87
AYEL01077797.1:8981-9191(+)	62.50
AYEL01061224.1:1436-1653(-)	61.65
AYEL01090829.1:1646-1887(+)	63.76
AYEL01082644.1:11495-11723(-)	60.58
AYEL01073760.1:54379-54607(+)	60.75
AYEL01084582.1:12682-12883(+)	62.22
AYEL01047930.1:26146-26392(+)	62.05
AYEL01079029.1:617-863(+)	64.90
AYEL01033967.1:2414-2657(-)	63.96
AYEL01055741.1:28197-28409(+)	61.90
AYEL01071042.1:14735-14949(+)	63.53
AYEL01022414.1:27290-27539(+)	62.95
AYEL01070333.1:40037-40314(-)	59.87
AYEL01075235.1:9772-10015(-)	62.10
AYEL01084530.1:23307-23551(+)	61.97
AYEL01061211.1:11922-12151(-)	65.03
AYEL01088984.1:1917-2152(-)	62.86
AYEL01073942.1:22853-23078(-)	62.96
AYEL01086409.1:40089-40288(-)	62.84
AYEL01076826.1:12076-12321(+)	65.38
AYEL01082127.1:39302-39509(-)	57.61
AYEL01085735.1:54844-55077(-)	59.36
AYEL01073656.1:42480-42720(+)	62.67
AYEL01089700.1:48201-48402(-)	69.46
AYEL01068881.1:79934-80162(+)	65.07
AYEL01050444.1:905-1130(-)	60.75
AYEL01076296.1:11342-11590(+)	60.29
AYEL01088220.1:5546-5760(+)	60.91
AYEL01085934.1:5367-5609(+)	65.29
AYEL01091214.1:94366-94605(-)	60.98
AYEL01009865.1:11880-12092(+)	57.00
AYEL01069110.1:31696-31913(-)	62.90
AYEL01069278.1:2269-2506(+)	63.18
AYEL01086620.1:6125-6354(+)	82.72
AYEL01064759.1:9677-9887(-)	64.52
AYEL01071583.1:27353-27553(+)	73.08
AYEL01009865.1:749-995(+)	60.77
AYEL01066934.1:4748-4994(+)	61.19
AYEL01083801.1:12318-12550(-)	64.42
AYEL01083637.1:34710-34955(-)	61.50
AYEL01078624.1:10468-10714(+)	63.13
AYEL01078616.1:43054-43283(+)	65.79
AYEL01060584.1:30845-31091(-)	62.38
AYEL01064815.1:24308-24545(-)	65.00
AYEL01073863.1:32464-32662(-)	66.67
AYEL01086937.1:26478-26708(-)	68.70
AYEL01052483.1:256157-256376(-)	62.15
AYEL01061461.1:76430-76631(-)	63.22
AYEL01077797.1:23523-23750(-)	59.62
AYEL01076141.1:4554-4821(+)	63.92
AYEL01081151.1:24476-24705(-)	65.62
AYEL01089633.1:69003-69238(+)	60.75
AYEL01046574.1:26477-26704(-)	64.02
AYEL01087785.1:460-680(+)	66.27
AYEL01083258.1:32168-32400(+)	60.80
AYEL01062530.1:37937-38163(+)	64.56
AYEL01047184.1:46784-46986(+)	64.05
AYEL01083590.1:74214-74461(-)	66.06
AYEL01071182.1:11356-11564(+)	67.20
AYEL01082903.1:20386-20608(+)	64.46
AYEL01080658.1:16017-16235(+)	62.96
AYEL01066639.1:8235-8467(-)	66.41
AYEL01079387.1:14579-14798(+)	64.60
AYEL01059839.1:2418-2651(-)	65.02
AYEL01073323.1:25249-25465(+)	61.78
AYEL01073998.1:78946-79166(-)	60.00
AYEL01089752.1:24432-24631(-)	57.98
AYEL01087577.1:10133-10365(+)	66.49
AYEL01065494.1:41082-41294(+)	57.14
AYEL01066069.1:3163-3387(-)	65.13
AYEL01077362.1:20261-20488(-)	63.47
AYEL01057995.1:21644-21848(+)	65.19
AYEL01089848.1:68324-68557(+)	59.34
AYEL01086749.1:26273-26513(-)	64.03
AYEL01078919.1:32056-32277(-)	58.85
AYEL01058831.1:5327-5571(-)	61.80
AYEL01051849.1:9748-9985(+)	63.51
AYEL01076045.1:27976-28209(-)	60.89
AYEL01070295.1:55712-55950(+)	62.33
AYEL01089188.1:16284-16516(-)	63.51
AYEL01067576.1:4416-4651(+)	62.94
AYEL01085676.1:137311-137548(+)	62.07
AYEL01060228.1:27072-27293(+)	68.00
AYEL01090471.1:11945-12165(-)	60.89
AYEL01069698.1:36434-36668(-)	59.65
AYEL01079937.1:6093-6341(-)	64.49
AYEL01072713.1:35725-35954(+)	62.20
AYEL01064182.1:16207-16439(-)	64.44
AYEL01071540.1:15968-16199(+)	64.25
AYEL01075014.1:29354-29581(-)	64.53
AYEL01090787.1:39795-40013(-)	63.33
AYEL01015480.1:28918-29146(+)	63.03
AYEL01080046.1:819-1041(+)	58.50
AYEL01069756.1:87953-88184(-)	62.68
AYEL01073264.1:2508-2732(+)	61.54
AYEL01077986.1:32542-32772(-)	65.13
AYEL01063129.1:10984-11236(+)	63.59
AYEL01087220.1:6295-6498(+)	59.70
AYEL01084855.1:6538-6762(-)	59.34
AYEL01083578.1:40678-40910(+)	63.46
AYEL01074600.1:48708-48942(-)	61.93
AYEL01075562.1:25990-26204(-)	58.10
AYEL01031807.1:9484-9696(+)	62.50
AYEL01081676.1:7788-8001(+)	61.36
AYEL01067253.1:44927-45180(-)	60.89
AYEL01080682.1:3509-3716(-)	64.97
AYEL01086449.1:13-249(-)	65.30
AYEL01064486.1:21834-22063(+)	66.19
AYEL01049022.1:21723-21939(-)	61.88
AYEL01058034.1:5813-6037(+)	64.18
AYEL01089166.1:11935-12165(-)	60.82
AYEL01063769.1:30541-30794(+)	57.14
AYEL01079610.1:12072-12295(+)	64.71
AYEL01070687.1:14201-14442(+)	61.57
AYEL01083744.1:14062-14297(+)	66.03
AYEL01055281.1:14168-14394(+)	59.82
AYEL01072723.1:32824-33072(-)	64.36
AYEL01060178.1:1345-1598(+)	63.76
AYEL01080989.1:12519-12761(-)	60.18
AYEL01087093.1:16857-17094(+)	62.25
AYEL01081799.1:24614-24840(+)	61.73
AYEL01084863.1:138400-138613(+)	63.11
AYEL01089853.1:1980-2208(+)	62.33
AYEL01077955.1:17948-18194(-)	62.20
AYEL01025952.1:8685-8894(+)	59.90
AYEL01076158.1:4828-5058(-)	59.39
AYEL01085581.1:25202-25456(-)	66.67
AYEL01084776.1:4941-5172(+)	63.35
AYEL01063798.1:988-1215(+)	61.68
AYEL01092383.1:19315-19556(-)	61.64
AYEL01077142.1:16891-17105(+)	61.39
AYEL01030740.1:3080-3297(-)	70.83
AYEL01077371.1:25442-25679(+)	59.52
AYEL01048732.1:14154-14402(+)	61.64
AYEL01060597.1:378-638(+)	60.67
AYEL01052036.1:43833-44077(-)	62.27
AYEL01069731.1:20547-20777(+)	60.80
AYEL01081315.1:12400-12643(+)	64.63
AYEL01068524.1:20798-21015(-)	59.52
AYEL01092383.1:101024-101261(-)	67.70
AYEL01091665.1:3254-3464(+)	61.18
AYEL01077611.1:26815-27131(+)	56.95
AYEL01078608.1:35323-35548(+)	65.32
AYEL01091150.1:2572-2848(-)	66.83
AYEL01083583.1:154233-154460(+)	61.50
AYEL01081943.1:17800-18034(+)	63.44
AYEL01069874.1:14677-14905(-)	61.88
AYEL01060682.1:20732-20953(+)	60.87
AYEL01062060.1:743-969(+)	56.36
AYEL01007814.1:512-760(-)	57.45
AYEL01081839.1:25589-25805(+)	59.71
AYEL01069798.1:2606-2828(+)	60.87
AYEL01067813.1:10824-11064(+)	69.92
AYEL01038452.1:13662-13882(-)	65.46
AYEL01090648.1:5185-5429(-)	63.93
AYEL01082216.1:41755-41995(+)	64.94
AYEL01019199.1:35488-35733(+)	59.45
AYEL01074837.1:19142-19396(+)	60.56
AYEL01064870.1:11376-11595(+)	65.27
AYEL01072555.1:46444-46869(-)	62.68
AYEL01091504.1:16146-16357(+)	62.50
AYEL01090046.1:5513-5754(-)	62.27
AYEL01084439.1:3605-3815(-)	61.62
AYEL01088545.1:18232-18439(+)	63.36
AYEL01091381.1:20974-21234(-)	82.19
AYEL01017522.1:4528-4743(+)	67.19
AYEL01077756.1:62052-62258(+)	61.29
AYEL01076944.1:21461-21678(-)	60.51
AYEL01065893.1:7319-7550(-)	60.22
AYEL01079179.1:3322-3533(-)	63.80
AYEL01050474.1:9537-9785(-)	61.25
AYEL01075685.1:30176-30432(-)	70.81
AYEL01023228.1:2121-2351(+)	66.48
AYEL01091062.1:112288-112595(+)	67.68
AYEL01084258.1:12703-12938(+)	62.26
AYEL01084573.1:1038-1256(+)	62.70
AYEL01045480.1:24274-24501(-)	60.59
AYEL01037250.1:10500-10726(+)	57.74
AYEL01089899.1:87998-88258(-)	67.18
AYEL01074400.1:1602-1841(+)	62.68
AYEL01071429.1:507-749(-)	61.47
AYEL01059443.1:8731-8956(+)	61.65
AYEL01085875.1:18242-18439(-)	61.26
AYEL01089163.1:6486-6731(-)	64.59
AYEL01057629.1:41153-41390(+)	62.70
AYEL01078380.1:102776-102975(+)	57.36
AYEL01081408.1:6494-6720(+)	58.06
AYEL01049826.1:10804-11050(+)	59.67
AYEL01073330.1:9229-9468(-)	59.36
AYEL01028559.1:13597-13836(+)	65.45
AYEL01071521.1:46683-46923(+)	59.63
AYEL01025974.1:11863-12103(+)	57.14
AYEL01088594.1:1040-1275(-)	61.88
AYEL01059089.1:730-938(-)	60.73
AYEL01074059.1:8350-8592(+)	62.63
AYEL01083437.1:110947-111179(-)	65.27
AYEL01066092.1:35357-35575(+)	63.43
AYEL01081361.1:37671-37868(-)	67.11
AYEL01091647.1:5424-5671(-)	61.74
AYEL01083261.1:8023-8252(+)	58.29
AYEL01059151.1:8196-8440(+)	61.51
AYEL01090321.1:19176-19388(-)	62.05
AYEL01083093.1:4264-4505(+)	65.38
AYEL01090273.1:26699-26905(+)	60.49
AYEL01087310.1:57706-57926(+)	62.56
AYEL01087597.1:34729-34970(+)	61.61
AYEL01080741.1:72804-73026(-)	59.60
AYEL01076507.1:90145-90396(-)	60.78
AYEL01048853.1:58507-58734(-)	66.27
AYEL01061621.1:52520-52751(-)	60.27
AYEL01087613.1:26020-26271(-)	59.81
AYEL01085583.1:62909-63116(-)	60.91
AYEL01039888.1:19145-19431(+)	62.58
AYEL01070959.1:3645-3858(-)	64.19
AYEL01081712.1:103649-103883(+)	63.73
AYEL01064321.1:30717-30934(-)	63.06
AYEL01086909.1:36049-36256(+)	59.56
AYEL01089804.1:45375-45617(-)	62.93
AYEL01068995.1:70329-70548(-)	63.87
AYEL01081753.1:17429-17634(-)	66.67
AYEL01042379.1:7739-7986(+)	60.26
AYEL01085352.1:511-743(-)	68.33
AYEL01067723.1:10368-10576(-)	62.59
AYEL01066931.1:74158-74387(+)	61.11
AYEL01087644.1:22263-22478(-)	67.37
AYEL01086633.1:29524-29787(+)	59.82
AYEL01072747.1:7404-7641(-)	62.94
AYEL01038593.1:509-739(+)	60.39
AYEL01077541.1:4033-4241(-)	63.82
AYEL01091759.1:10167-10399(+)	65.00
AYEL01086212.1:33531-33735(+)	68.87
AYEL01051226.1:6775-7019(-)	61.06
AYEL01059174.1:4541-4850(-)	61.51
AYEL01080661.1:59787-59993(-)	62.42
AYEL01030973.1:8039-8274(+)	64.86
AYEL01076954.1:53375-53614(-)	64.63
AYEL01091573.1:13438-13670(+)	62.70
AYEL01076297.1:240797-241026(+)	60.99
AYEL01092010.1:16780-17013(+)	61.00
AYEL01052750.1:4466-4695(-)	60.85
AYEL01079689.1:5763-5993(+)	59.39
AYEL01084335.1:1786-2000(-)	67.40
AYEL01083712.1:7953-8179(+)	60.68
AYEL01052209.1:4726-4973(-)	63.27
AYEL01068552.1:91841-92075(-)	63.92
AYEL01002187.1:0-252(-)	63.33
AYEL01060277.1:11080-11336(-)	62.74
AYEL01051003.1:14207-14437(-)	63.58
AYEL01063099.1:27435-27665(-)	59.09
AYEL01058384.1:23305-23533(+)	60.71
AYEL01070916.1:75306-75510(+)	60.82
AYEL01064942.1:73154-73362(-)	61.11
AYEL01089962.1:19771-19974(-)	66.67
AYEL01078237.1:49732-50034(-)	65.75
AYEL01075327.1:9929-10128(+)	67.46
AYEL01081044.1:3153-3399(+)	60.29
AYEL01069896.1:72428-72708(-)	66.51
AYEL01088813.1:96348-96625(+)	66.87
AYEL01081176.1:4645-4847(-)	63.59
AYEL01063499.1:474-686(+)	65.29
AYEL01080744.1:51830-52144(+)	69.79
AYEL01076984.1:1938-2153(-)	69.42
AYEL01067532.1:189917-190135(-)	63.54
AYEL01075427.1:45886-46116(+)	56.42
AYEL01076253.1:17330-17567(-)	59.24
AYEL01037298.1:125661-125869(+)	61.65
AYEL01080233.1:41616-41839(+)	64.18
AYEL01046094.1:10110-10357(-)	66.83
AYEL01033645.1:12880-13125(+)	63.89
AYEL01082703.1:44835-45069(-)	69.18
AYEL01087625.1:23486-23726(+)	59.31
AYEL01090451.1:62599-62818(-)	61.27
AYEL01070513.1:13581-13837(-)	64.17
AYEL01066093.1:26492-26719(-)	63.13
AYEL01058449.1:9361-9605(+)	66.67
AYEL01079303.1:19528-19751(+)	61.46
AYEL01055988.1:979-1205(-)	64.09
AYEL01054177.1:10873-11119(-)	59.04
AYEL01069399.1:20933-21166(-)	62.56
AYEL01071380.1:17868-18095(+)	60.54
AYEL01084753.1:28946-29168(+)	63.29
AYEL01086607.1:38634-38857(+)	63.72
AYEL01077756.1:57156-57371(-)	67.16
AYEL01072746.1:30214-30431(+)	57.07
AYEL01091044.1:36939-37152(+)	60.20
AYEL01066945.1:21684-21932(+)	68.72
AYEL01070287.1:14612-14828(+)	62.94
AYEL01072960.1:14023-14243(+)	60.48
AYEL01084869.1:13092-13347(+)	80.56
AYEL01064327.1:4622-4820(+)	61.67
AYEL01075073.1:20030-20274(+)	68.26
AYEL01067144.1:5765-6002(-)	60.78
AYEL01041604.1:14178-14394(+)	60.19
AYEL01071856.1:46795-47026(+)	63.10
AYEL01071354.1:31623-31834(-)	61.61
AYEL01066136.1:17985-18187(-)	65.22
AYEL01029557.1:2021-2244(-)	62.80
AYEL01068733.1:9292-9496(+)	58.29
AYEL01025952.1:54989-55233(-)	65.06
AYEL01078685.1:61997-62214(-)	60.51
AYEL01069693.1:16667-16877(-)	62.37
AYEL01087180.1:8544-8776(-)	65.70
AYEL01083092.1:30401-30654(+)	61.67
AYEL01039439.1:1687-1911(-)	58.56
AYEL01085926.1:13833-14030(+)	61.42
AYEL01075298.1:22192-22408(+)	58.64
AYEL01017118.1:862-1080(-)	65.38
AYEL01060901.1:24703-24940(-)	62.11
AYEL01084454.1:28668-28933(+)	68.35
AYEL01081546.1:2890-3106(-)	63.58
AYEL01068574.1:5943-6164(+)	63.49
AYEL01088755.1:22301-22501(-)	62.50
AYEL01057595.1:26885-27126(+)	62.10
AYEL01080733.1:7656-7855(+)	63.58
AYEL01091961.1:21171-21394(-)	60.25
AYEL01082256.1:113592-113800(+)	70.44
AYEL01084384.1:18738-18951(-)	59.39
AYEL01081807.1:150186-150432(-)	60.77
AYEL01024322.1:11036-11280(-)	60.76
AYEL01090452.1:81762-81969(+)	58.62
AYEL01078730.1:27089-27323(-)	60.51
AYEL01081046.1:95522-95737(+)	63.33
AYEL01077163.1:1103-1316(-)	67.09
AYEL01084549.1:29828-30072(+)	66.67
AYEL01067159.1:69710-69935(+)	62.73
AYEL01064870.1:27898-28132(+)	62.11
AYEL01070352.1:6341-6584(-)	60.73
AYEL01089646.1:32290-32506(+)	67.88
AYEL01062062.1:18901-19105(+)	65.41
AYEL01078352.1:1228-1425(-)	65.00
AYEL01091591.1:103910-104136(+)	59.90
AYEL01087032.1:3224-3436(-)	63.91
AYEL01070699.1:3414-3637(+)	57.59
AYEL01079907.1:3357-3558(-)	66.67
AYEL01091044.1:22365-22596(-)	64.25
AYEL01015680.1:46974-47222(+)	67.55
AYEL01089549.1:33151-33420(+)	68.60
AYEL01066743.1:9676-9891(-)	64.33
AYEL01081544.1:33211-33454(+)	64.08
AYEL01077852.1:54473-54718(-)	64.29
AYEL01068833.1:118582-118929(-)	60.38
AYEL01085705.1:17273-17498(+)	58.77
AYEL01015679.1:5304-5545(-)	61.84
AYEL01042709.1:31912-32161(-)	59.02
AYEL01086638.1:22543-22784(+)	65.90
AYEL01077163.1:7319-7550(-)	63.41
AYEL01091849.1:1981-2229(-)	65.70
AYEL01082636.1:18165-18362(+)	59.38
AYEL01089918.1:8592-8831(+)	60.36
AYEL01078638.1:21389-21586(+)	71.01
AYEL01071684.1:47227-47433(-)	61.83
AYEL01064616.1:8400-8633(-)	65.84
AYEL01088739.1:120146-120362(+)	65.03
AYEL01021110.1:94160-94403(-)	61.20
AYEL01064270.1:31874-32083(+)	64.71
AYEL01024322.1:46292-46531(-)	63.41
AYEL01035850.1:1726-1948(-)	63.73
AYEL01033671.1:2088-2291(+)	68.67
AYEL01064969.1:22521-22798(-)	66.67
AYEL01068041.1:53236-53478(+)	60.36
AYEL01066092.1:8005-8243(+)	62.16
AYEL01079632.1:43417-43635(+)	67.79
AYEL01087464.1:17135-17349(-)	62.72
AYEL01081329.1:157877-158126(+)	64.11
AYEL01074189.1:90508-90737(+)	59.65
AYEL01060584.1:29837-30085(-)	62.38
AYEL01091137.1:54742-54987(-)	62.20
AYEL01067897.1:36954-37178(+)	61.96
AYEL01079087.1:10078-10322(+)	58.54
AYEL01088761.1:67108-67336(+)	64.42
AYEL01047306.1:3783-4030(-)	63.47
AYEL01089211.1:32752-32978(+)	64.25
AYEL01044132.1:5594-5817(-)	60.10
AYEL01058195.1:7164-7436(+)	69.14
AYEL01087244.1:13399-13624(-)	64.71
AYEL01077198.1:27586-27817(-)	67.48
AYEL01033707.1:27458-27696(+)	66.67
AYEL01089465.1:1700-1962(-)	64.71
AYEL01077625.1:8162-8388(-)	67.47
AYEL01073851.1:57960-58202(-)	60.00
AYEL01045649.1:2890-3118(+)	66.87
AYEL01065110.1:7665-7901(-)	63.32
AYEL01026809.1:5618-5818(+)	57.05
AYEL01066945.1:102444-102673(-)	61.88
AYEL01074237.1:8657-8901(-)	61.90
AYEL01068664.1:6106-6308(+)	65.22
AYEL01068646.1:32745-32946(-)	64.29
AYEL01069744.1:22023-22258(-)	63.03
AYEL01088928.1:13987-14187(-)	59.79
AYEL01066574.1:163163-163390(-)	61.98
AYEL01076869.1:8089-8300(+)	61.71
AYEL01082931.1:803-1051(-)	64.59
AYEL01077300.1:13011-13209(-)	68.42
AYEL01090468.1:12148-12391(-)	64.56
AYEL01079937.1:16731-16975(-)	59.62
AYEL01090243.1:1649-1849(+)	63.70
AYEL01079537.1:42453-42683(-)	66.67
AYEL01087175.1:15263-15486(-)	61.57
AYEL01090541.1:141932-142176(+)	66.29
AYEL01080189.1:104571-104772(+)	56.32
AYEL01056964.1:1783-2031(+)	57.51
AYEL01025950.1:16475-16701(+)	63.54
AYEL01083727.1:20019-20234(+)	67.01
AYEL01076587.1:16624-16860(-)	65.69
AYEL01077045.1:18000-18205(+)	61.76
AYEL01067053.1:6117-6347(-)	62.20
AYEL01090888.1:30593-30828(-)	63.09
AYEL01089012.1:109790-110010(-)	65.07
AYEL01085040.1:41470-41716(-)	60.63
AYEL01032846.1:46051-46289(+)	58.99
AYEL01057443.1:22102-22346(-)	66.25
AYEL01088269.1:63145-63371(+)	66.40
AYEL01087905.1:38576-38804(-)	68.12
AYEL01082787.1:16547-16764(-)	59.71
AYEL01086606.1:15111-15344(-)	60.20
AYEL01082439.1:14321-14520(-)	61.59
AYEL01077583.1:2922-3158(-)	60.00
AYEL01066498.1:6063-6266(+)	66.48
AYEL01079421.1:647-867(+)	65.85
AYEL01072767.1:4415-4669(+)	63.47
AYEL01064688.1:5224-5450(+)	64.42
AYEL01080403.1:59324-59546(-)	62.80
AYEL01064638.1:19140-19386(+)	63.64
AYEL01073453.1:1914-2157(+)	63.98
AYEL01029414.1:2151-2394(-)	65.53
AYEL01083899.1:21622-21857(-)	63.84
AYEL01091690.1:83251-83470(-)	61.74
AYEL01069619.1:2699-2900(-)	64.80
AYEL01084850.1:5661-5894(-)	63.75
AYEL01090863.1:75805-76043(+)	64.64
AYEL01080864.1:47334-47531(+)	64.00
AYEL01063414.1:48700-48929(-)	62.62
AYEL01080508.1:6963-7196(-)	61.50
AYEL01081589.1:14766-14987(-)	64.33
AYEL01077770.1:37613-37844(+)	65.03
AYEL01027719.1:98005-98220(-)	67.19
AYEL01070774.1:6618-6820(-)	65.06
AYEL01067685.1:63506-63754(+)	61.97
AYEL01069064.1:29490-29700(-)	59.90
AYEL01041585.1:19183-19419(+)	61.46
AYEL01092211.1:8939-9172(-)	63.89
AYEL01062108.1:29500-29737(-)	63.29
AYEL01072851.1:9060-9289(-)	61.99
AYEL01089292.1:150813-151114(+)	60.22
AYEL01026806.1:66312-66537(+)	60.75
AYEL01081124.1:68797-69006(+)	65.69
AYEL01088781.1:10657-10906(+)	62.21
AYEL01075997.1:38948-39173(+)	60.28
AYEL01042409.1:6635-6892(-)	65.22
AYEL01064002.1:9162-9414(-)	61.06
AYEL01084326.1:129457-129696(-)	61.88
AYEL01084816.1:13022-13240(-)	63.58
AYEL01083776.1:15822-16077(+)	67.36
AYEL01072472.1:17468-17686(-)	57.67
AYEL01090027.1:3405-3611(+)	59.11
AYEL01091914.1:39647-39865(-)	65.97
AYEL01091249.1:47727-47971(-)	62.50
AYEL01058668.1:14162-14404(-)	61.99
AYEL01087260.1:24709-24924(+)	61.75
AYEL01047088.1:25233-25445(+)	60.75
AYEL01091877.1:28273-28491(+)	58.54
AYEL01082630.1:8836-9064(+)	60.59
AYEL01088423.1:14083-14322(+)	60.38
AYEL01078923.1:4326-4528(+)	64.61
AYEL01052979.1:104852-105061(+)	59.90
AYEL01070213.1:4163-4406(-)	64.84
AYEL01080161.1:18710-18941(+)	62.56
AYEL01091251.1:50555-50776(-)	61.42
AYEL01085061.1:8393-8615(-)	62.50
AYEL01080127.1:10165-10402(+)	63.50
AYEL01091310.1:31418-31652(+)	61.45
AYEL01088369.1:42617-42848(-)	63.31
AYEL01088863.1:33182-33425(-)	61.65
AYEL01092027.1:5922-6160(+)	59.45
AYEL01074469.1:45949-46181(+)	62.02
AYEL01071178.1:21915-22125(+)	62.31
AYEL01025957.1:6196-6399(+)	70.43
AYEL01045571.1:25265-25492(+)	58.97
AYEL01067988.1:19018-19259(-)	65.66
AYEL01024306.1:2844-3076(+)	61.72
AYEL01084605.1:70559-70800(+)	65.19
AYEL01061376.1:9985-10211(-)	61.11
AYEL01087143.1:27938-28171(+)	62.63
AYEL01085676.1:83155-83366(+)	60.73
AYEL01069834.1:6818-7026(+)	68.66
AYEL01075584.1:14052-14257(+)	65.90
AYEL01087441.1:106208-106447(+)	61.17
AYEL01070719.1:16240-16445(+)	65.64
AYEL01085013.1:9612-9840(+)	60.77
AYEL01070023.1:112322-112536(+)	62.30
AYEL01080345.1:4619-4852(+)	63.58
AYEL01089236.1:21482-21710(-)	62.44
AYEL01078074.1:22208-22454(+)	65.85
AYEL01088303.1:5096-5320(+)	65.71
AYEL01078432.1:45963-46199(-)	65.08
AYEL01080379.1:6660-6900(+)	64.29
AYEL01088734.1:11002-11214(-)	64.38
AYEL01066894.1:7963-8170(+)	65.97
AYEL01049522.1:340-566(-)	61.43
AYEL01070729.1:2009-2222(-)	62.35
AYEL01078833.1:36791-36990(-)	60.30
AYEL01056001.1:66487-66733(+)	64.42
AYEL01064446.1:12425-12627(-)	64.93
AYEL01079469.1:25280-25500(+)	64.25
AYEL01067489.1:20528-20770(-)	62.09
AYEL01084201.1:46347-46581(+)	67.68
AYEL01062835.1:5880-6110(-)	61.72
AYEL01082821.1:2545-2772(-)	65.31
AYEL01072837.1:1161-1391(+)	69.80
AYEL01075175.1:4345-4588(+)	65.22
AYEL01068253.1:4107-4328(-)	57.21
AYEL01051341.1:9716-9943(-)	64.29
AYEL01088652.1:1029-1257(-)	66.46
AYEL01084849.1:554-786(-)	66.67
AYEL01078862.1:2562-2778(+)	63.21
AYEL01085318.1:4561-4778(-)	65.50
AYEL01076781.1:4119-4361(-)	64.86
AYEL01064340.1:56253-56458(-)	68.70
AYEL01046605.1:8870-9109(-)	62.71
AYEL01073809.1:2348-2548(-)	65.19
AYEL01066182.1:12743-12971(+)	61.27
AYEL01063353.1:1513-1718(-)	65.05
AYEL01069128.1:29300-29545(-)	61.54
AYEL01045160.1:68710-68921(-)	59.69
AYEL01071430.1:29998-30231(+)	58.10
AYEL01063403.1:58135-58336(-)	63.24
AYEL01078083.1:52482-52691(+)	65.07
AYEL01092009.1:5188-5411(-)	58.02
AYEL01062742.1:7391-7667(+)	68.55
AYEL01082870.1:82683-82888(+)	63.31
AYEL01063506.1:1033-1285(-)	61.43
AYEL01091415.1:1650-1864(+)	60.10
AYEL01064572.1:51616-51816(+)	55.00
AYEL01079078.1:1453-1695(-)	65.27
AYEL01077638.1:3835-4077(+)	64.88
AYEL01064617.1:62622-62862(-)	64.50
AYEL01072974.1:2796-3010(-)	62.91
AYEL01087512.1:10929-11159(-)	62.69
AYEL01091951.1:13971-14177(-)	67.53
AYEL01021742.1:14422-14681(+)	64.32
AYEL01074232.1:6283-6529(+)	60.26
AYEL01069314.1:4492-4728(+)	56.25
AYEL01088316.1:10168-10376(+)	60.32
AYEL01086840.1:39775-40030(-)	59.67
AYEL01049449.1:1045-1272(+)	59.90
AYEL01049827.1:40795-41025(+)	58.85
AYEL01068546.1:5602-5840(+)	60.56
AYEL01090780.1:44864-45064(+)	64.67
AYEL01089980.1:25253-25458(+)	65.84
AYEL01086308.1:65675-65886(-)	59.20
AYEL01077667.1:23359-23593(+)	68.55
AYEL01091599.1:72024-72286(-)	63.18
AYEL01090888.1:2280-2524(-)	53.95
AYEL01080985.1:22964-23218(-)	66.82
AYEL01060631.1:21088-21298(-)	57.23
AYEL01090475.1:9642-9870(+)	60.77
AYEL01088625.1:59027-59224(+)	60.58
AYEL01058611.1:39241-39469(+)	63.00
AYEL01043019.1:1049-1283(+)	64.86
AYEL01087718.1:14492-14739(-)	67.03
AYEL01082529.1:4441-4668(+)	63.16
AYEL01052357.1:28532-28783(+)	61.33
AYEL01070948.1:9527-9770(+)	60.76
AYEL01047411.1:59651-59886(+)	64.57
AYEL01079109.1:36512-36736(-)	68.26
AYEL01048206.1:7162-7394(+)	60.89
AYEL01063065.1:6305-6530(-)	61.27
AYEL01072164.1:71523-71753(-)	59.33
AYEL01090421.1:29941-30182(-)	61.76
AYEL01059089.1:6628-6871(-)	59.73
AYEL01080510.1:9442-9675(-)	62.65
AYEL01080504.1:54783-55024(+)	60.00
AYEL01059633.1:7261-7477(+)	63.05
AYEL01085706.1:4123-4339(-)	68.16
AYEL01025511.1:102-303(+)	62.02
AYEL01078084.1:32673-32898(+)	64.88
AYEL01071355.1:14998-15211(+)	66.30
AYEL01052358.1:7876-8100(+)	58.45
AYEL01051136.1:22544-22774(-)	61.58
AYEL01087636.1:14189-14420(-)	64.12
AYEL01056051.1:62716-62959(-)	61.54
AYEL01085100.1:550-784(-)	59.91
AYEL01067948.1:28981-29196(+)	62.35
AYEL01067663.1:3488-3706(-)	60.94
AYEL01079950.1:4714-4911(-)	60.22
AYEL01090342.1:86223-86444(+)	63.44
AYEL01085746.1:2713-2950(+)	63.73
AYEL01068583.1:9671-10154(+,-)	64.73
AYEL01033185.1:6600-6824(+)	66.67
AYEL01062261.1:14801-15052(+)	67.58
AYEL01089662.1:48041-48363(+)	58.31
AYEL01027984.1:3469-3724(-)	61.46
AYEL01060912.1:5620-5856(-)	57.64
AYEL01089913.1:9213-9454(-)	63.40
AYEL01026503.1:45379-45626(+)	61.24
AYEL01082119.1:7642-7884(+)	62.44
AYEL01054975.1:37192-37425(+)	58.96
AYEL01066877.1:11415-11644(+)	66.67
AYEL01060147.1:9750-9976(-)	64.96
AYEL01078837.1:922-1161(-)	60.64
AYEL01088201.1:6368-6595(+)	61.68
AYEL01078547.1:15908-16132(-)	64.20
AYEL01084244.1:6497-6737(+)	61.54
AYEL01085637.1:12574-12812(-)	66.99
AYEL01063939.1:8312-8535(-)	63.16
AYEL01089723.1:34467-34692(-)	56.67
AYEL01090461.1:9718-9946(+)	61.93
AYEL01090071.1:37534-37737(-)	62.87
AYEL01076747.1:33468-33677(-)	65.02
AYEL01089321.1:30855-31067(-)	61.93
AYEL01082196.1:49239-49480(-)	60.98
AYEL01087979.1:46565-46786(+)	65.35
AYEL01009844.1:18938-19201(+)	67.80
AYEL01088760.1:5470-5698(+)	65.09
AYEL01018952.1:5347-5594(+)	63.84
AYEL01090599.1:654-866(-)	62.76
AYEL01083995.1:56622-56825(+)	67.02
AYEL01088842.1:22635-22870(-)	60.19
AYEL01061880.1:15026-15240(+)	62.93
AYEL01059638.1:25483-25732(-)	64.06
AYEL01081348.1:25555-25769(+)	65.22
AYEL01080312.1:43881-44109(-)	61.08
AYEL01072616.1:3828-4061(-)	65.41
AYEL01073197.1:9321-9523(-)	68.21
AYEL01065639.1:2588-2794(-)	64.24
AYEL01018952.1:20182-20406(-)	65.94
AYEL01073219.1:19177-19403(-)	62.02
AYEL01076179.1:93676-93925(+)	63.11
AYEL01081099.1:34273-34479(+)	62.29
AYEL01060319.1:14730-14935(-)	62.64
AYEL01070912.1:7019-7226(+)	61.65
AYEL01089100.1:38416-38661(-)	65.95
AYEL01077770.1:15407-15637(-)	62.44
AYEL01087930.1:17407-17617(+)	61.19
AYEL01086691.1:14529-14736(-)	69.37
AYEL01089468.1:13900-14137(+)	59.05
AYEL01069733.1:3216-3450(-)	63.83
AYEL01074276.1:64158-64389(-)	66.03
AYEL01065299.1:36827-37068(+)	64.07
AYEL01071586.1:50411-50635(-)	77.46
AYEL01084544.1:1645-1890(-)	67.06
AYEL01078867.1:2561-2796(+)	59.09
AYEL01081038.1:499-752(-)	60.67
AYEL01075583.1:2730-2969(-)	62.24
AYEL01050469.1:29192-29435(+)	63.47
AYEL01070152.1:4881-5106(-)	60.32
AYEL01086044.1:13252-13484(-)	64.29
AYEL01061490.1:40515-40748(-)	64.32
AYEL01039896.1:1308-1548(-)	60.80
AYEL01044746.1:14594-14823(+)	61.54
AYEL01059261.1:17156-17379(-)	60.71
AYEL01084723.1:36759-36997(-)	60.00
AYEL01072905.1:9215-9456(+)	62.98
AYEL01069698.1:14978-15229(-)	63.35
AYEL01067816.1:10616-10829(-)	66.67
AYEL01078705.1:23682-23894(-)	59.90
AYEL01070229.1:22776-22992(+)	63.46
AYEL01080083.1:19306-19508(-)	63.29
AYEL01032854.1:26191-26442(+)	64.97
AYEL01080996.1:13571-13771(-)	61.41
AYEL01081984.1:15390-15626(+)	60.29
AYEL01078939.1:21114-21327(+)	67.10
AYEL01061752.1:11913-12154(-)	64.06
AYEL01073981.1:70146-70380(+)	56.40
AYEL01084653.1:69838-70063(+)	68.32
AYEL01071605.1:5832-6031(-)	55.83
AYEL01078471.1:13625-13871(-)	58.26
AYEL01032843.1:50314-50529(-)	62.18
AYEL01086495.1:7514-7736(-)	64.29
AYEL01061089.1:35163-35386(-)	69.63
AYEL01071583.1:42102-42331(-)	63.64
AYEL01056733.1:14567-14809(-)	63.78
AYEL01008924.1:456-695(-)	67.01
AYEL01077314.1:17841-18078(+)	60.56
AYEL01077862.1:3509-3736(+)	60.00
AYEL01079892.1:3565-3827(-)	59.77
AYEL01083248.1:12606-12852(+)	65.37
AYEL01082985.1:39593-39802(+)	62.18
AYEL01051219.1:13299-13536(-)	61.46
AYEL01084526.1:33182-33398(+)	58.64
AYEL01077832.1:98950-99148(+)	59.24
AYEL01077578.1:181178-181427(-)	65.28
AYEL01063079.1:13727-13953(-)	60.85
AYEL01071131.1:516-749(+)	64.67
AYEL01071784.1:59247-59479(+)	59.77
AYEL01082350.1:1021-1301(-)	73.24
AYEL01058979.1:2732-2943(-)	60.45
AYEL01084853.1:91991-92220(-)	63.03
AYEL01065258.1:26108-26310(-)	65.85
AYEL01058287.1:6432-6650(-)	59.38
AYEL01066182.1:19426-19626(-)	66.48
AYEL01077639.1:301-534(+)	63.11
AYEL01082399.1:3590-3811(+)	63.64
AYEL01049155.1:35043-35240(+)	60.11
AYEL01077314.1:72903-73136(-)	61.65
AYEL01089712.1:8604-8810(+)	64.24
AYEL01090639.1:72898-73132(-)	68.79
AYEL01062881.1:6649-6873(+)	65.00
AYEL01071983.1:1141-1346(-)	69.33
AYEL01076126.1:9323-9547(+)	63.46
AYEL01082782.1:9428-9658(-)	75.70
AYEL01076229.1:23631-23874(-)	63.53
AYEL01088975.1:1017-1261(-)	64.86
AYEL01085676.1:55228-55474(-)	60.78
AYEL01073219.1:21827-22105(-)	67.90
AYEL01074564.1:69649-69872(-)	66.01
AYEL01089866.1:10905-11119(+)	66.43
AYEL01090481.1:30873-31125(+)	60.76
AYEL01092111.1:2374-2613(+)	61.46
AYEL01084914.1:3044-3295(-)	65.85
AYEL01077025.1:1491-1735(-)	58.88
AYEL01064710.1:22802-23057(+)	66.47
AYEL01084463.1:61885-62137(+)	64.24
AYEL01065125.1:38187-38413(-)	60.77
AYEL01076826.1:14075-14279(-)	68.61
AYEL01072502.1:6269-6497(-)	62.57
AYEL01064213.1:7133-7369(-)	62.73
AYEL01072508.1:7432-7655(+)	60.93
AYEL01062937.1:2977-3183(+)	58.75
AYEL01088039.1:144002-144236(+)	66.99
AYEL01071181.1:8373-8635(-)	62.70
AYEL01078259.1:5413-5645(+)	64.81
AYEL01085999.1:17470-17684(-)	59.22
AYEL01088781.1:8059-8257(-)	69.37
AYEL01062729.1:22805-23051(-)	58.54
AYEL01083551.1:2651-2888(-)	65.62
AYEL01091955.1:14823-15055(-)	60.49
AYEL01034338.1:3851-4115(-)	66.88
AYEL01077360.1:21638-21869(+)	66.67
AYEL01075977.1:43138-43370(+)	64.25
AYEL01082408.1:4546-4782(-)	66.06
AYEL01085542.1:192144-192389(-)	60.00
AYEL01052374.1:12191-12433(-)	61.39
AYEL01090592.1:26395-26640(-)	59.75
AYEL01039620.1:9987-10201(+)	60.50
AYEL01044599.1:28881-29112(+)	67.62
AYEL01073998.1:76455-76686(+)	59.68
AYEL01063438.1:9649-9870(+)	64.24
AYEL01087089.1:43119-43334(+)	68.52
AYEL01065563.1:83470-83707(-)	59.11
AYEL01064688.1:1649-1884(-)	66.46
AYEL01082336.1:21203-21439(+)	69.23
AYEL01070775.1:13194-13417(-)	65.52
AYEL01086132.1:52195-52443(+)	63.68
AYEL01077920.1:11990-12235(+)	60.27
AYEL01051771.1:4311-4555(-)	59.91
AYEL01069029.1:6771-7009(-)	62.64
AYEL01068251.1:730-945(+)	65.85
AYEL01070548.1:45348-45561(-)	69.12
AYEL01083206.1:16667-16908(-)	60.52
AYEL01089962.1:19160-19396(-)	66.67
AYEL01076954.1:37698-37920(-)	62.80
AYEL01061157.1:4058-4271(+)	66.26
AYEL01054424.1:2681-2915(+)	65.71
AYEL01077009.1:19581-19810(-)	61.78
AYEL01033428.1:11176-11431(-)	63.35
AYEL01084416.1:5358-5595(-)	65.77
AYEL01090027.1:20630-20869(+)	58.86
AYEL01078892.1:35198-35437(-)	61.67
AYEL01089385.1:9123-9335(+)	66.67
AYEL01078245.1:7616-7822(+)	64.52
AYEL01080355.1:1649-1850(-)	62.70
AYEL01053814.1:1199-1424(+)	62.33
AYEL01069562.1:1376-1613(+)	58.47
AYEL01057907.1:995-1242(+)	59.61
AYEL01086693.1:42107-42361(-)	63.91
AYEL01085620.1:47736-48008(-)	71.63
AYEL01081081.1:6154-6383(-)	62.56
AYEL01090461.1:5364-5617(+)	68.86
AYEL01088304.1:5235-5464(+)	59.56
AYEL01081227.1:22623-22822(-)	59.59
AYEL01033707.1:46864-47079(-)	66.01
AYEL01091488.1:461-710(-)	67.76
AYEL01079622.1:10699-10899(+)	65.67
AYEL01071673.1:4210-4455(+)	62.34
AYEL01065084.1:36070-36290(-)	63.68
AYEL01043480.1:1089-1318(+)	60.85
AYEL01045168.1:9262-9505(+)	60.78
AYEL01083088.1:8358-8575(-)	62.31
AYEL01064942.1:68942-69169(-)	65.24
AYEL01088963.1:10253-10471(+)	66.26
AYEL01073801.1:20495-20723(+)	69.38
AYEL01086229.1:52733-52979(-)	65.04
AYEL01082200.1:10154-10377(+)	68.46
AYEL01056527.1:2604-2841(+)	59.07
AYEL01088807.1:20085-20284(-)	61.70
AYEL01056851.1:16692-16925(+)	59.73
AYEL01067395.1:24322-24526(-)	69.73
AYEL01080187.1:10796-11001(+)	63.36
AYEL01086431.1:41583-41817(-)	62.20
AYEL01061795.1:8302-8512(-)	61.19
AYEL01076480.1:17646-17875(+)	57.41
AYEL01086680.1:3109-3320(-)	60.98
AYEL01058293.1:44536-44764(+)	59.73
AYEL01063508.1:8095-8320(-)	62.62
AYEL01088261.1:33408-33638(-)	62.16
AYEL01081755.1:16812-17037(-)	62.15
AYEL01084526.1:29174-29382(+)	60.87
AYEL01067764.1:13555-13793(+)	62.56
AYEL01088047.1:2793-3003(+)	59.59
AYEL01077367.1:65054-65264(-)	66.01
AYEL01079754.1:35199-35436(-)	66.00
AYEL01067548.1:7968-8206(+)	64.46
AYEL01072882.1:3038-3270(+)	63.12
AYEL01091928.1:34113-34343(-)	63.46
AYEL01059031.1:75777-76016(+)	61.11
AYEL01079584.1:13291-13531(-)	65.93
AYEL01058668.1:30378-30602(-)	60.62
AYEL01072717.1:41407-41631(-)	58.95
AYEL01074092.1:32262-32478(-)	58.00
AYEL01063461.1:39881-40105(+)	60.26
AYEL01077344.1:7060-7278(-)	61.80
AYEL01088027.1:38339-38574(+)	59.13
AYEL01084018.1:3803-4019(+)	62.89
AYEL01080752.1:3687-3901(-)	60.40
AYEL01091502.1:38435-38634(-)	63.95
AYEL01069369.1:2453-2708(-)	63.93
AYEL01090504.1:64794-65028(-)	60.70
AYEL01083583.1:159437-159666(-)	58.76
AYEL01091033.1:1809-2023(+)	59.39
AYEL01090607.1:38880-39106(-)	64.07
AYEL01062294.1:39521-39751(-)	60.27
AYEL01091955.1:8379-8605(-)	63.54
AYEL01088080.1:48411-48627(-)	61.39
AYEL01051578.1:20531-20770(+)	62.87
AYEL01018942.1:637-872(-)	68.29
AYEL01067109.1:1571-1782(+)	60.00
AYEL01009612.1:31835-32063(+)	61.06
AYEL01028038.1:8866-9105(-)	57.83
AYEL01091611.1:112753-112976(-)	65.73
AYEL01082225.1:49131-49352(-)	61.17
AYEL01066911.1:61516-61798(-)	58.94
AYEL01084950.1:79221-79475(-)	60.81
AYEL01074821.1:34587-34848(+)	64.62
AYEL01057202.1:478-784(+)	67.31
AYEL01068624.1:12117-12359(+)	63.46
AYEL01061539.1:14557-14796(+)	57.51
AYEL01091801.1:549-783(-)	59.39
AYEL01091719.1:56693-56923(+)	68.21
AYEL01074695.1:16555-16780(+)	64.36
AYEL01059775.1:8263-8482(+)	61.45
AYEL01076791.1:46616-46839(+)	70.14
AYEL01067152.1:2642-2860(+)	66.04
AYEL01057164.1:15204-15429(-)	64.00
AYEL01043664.1:15799-16046(+)	67.65
AYEL01065412.1:41634-41879(+)	63.01
AYEL01015679.1:45782-46017(-)	61.69
AYEL01090548.1:2095-2331(-)	64.73
AYEL01088926.1:8530-8763(+)	60.89
AYEL01067990.1:14303-14522(-)	63.24
AYEL01052867.1:16892-17121(-)	60.00
AYEL01069941.1:23662-23901(+)	62.35
AYEL01085362.1:4020-4229(-)	60.41
AYEL01091563.1:96457-96698(+)	64.29
AYEL01091561.1:6718-6939(+)	60.00
AYEL01089836.1:6959-7160(+)	57.87
AYEL01080631.1:17806-18045(-)	66.47
AYEL01048161.1:44057-44285(-)	62.87
AYEL01076964.1:23712-23968(-)	68.93
AYEL01024306.1:4600-4830(+)	60.99
AYEL01078599.1:48361-48594(+)	63.73
AYEL01089610.1:3855-4102(+)	62.95
AYEL01084259.1:60085-60299(+)	67.31
AYEL01087194.1:11208-11419(-)	64.29
AYEL01079639.1:32420-32641(+)	62.50
AYEL01091094.1:6855-7098(-)	66.67
AYEL01080041.1:75171-75565(+,-)	60.27
AYEL01085180.1:11924-12136(-)	58.54
AYEL01078533.1:23381-23622(-)	62.34
AYEL01049853.1:1352-1603(-)	60.63
AYEL01088363.1:18494-18705(+)	62.30
AYEL01088931.1:22111-22356(-)	63.93
AYEL01088292.1:106786-106992(-)	67.31
AYEL01079570.1:17547-17755(-)	64.67
AYEL01078181.1:29983-30213(+)	60.89
AYEL01032855.1:30959-31185(-)	61.84
AYEL01088573.1:5398-5622(+)	62.74
AYEL01082636.1:73662-73899(+)	62.99
AYEL01085066.1:8522-8734(+)	65.15
AYEL01033952.1:1842-2048(-)	63.80
AYEL01071257.1:6019-6259(+)	60.94
AYEL01028033.1:1894-2101(+)	62.34
AYEL01083963.1:12179-12410(+)	65.66
AYEL01087674.1:1060-1290(-)	67.38
AYEL01063828.1:3098-3333(-)	61.95
AYEL01056776.1:27080-27284(-)	61.90
AYEL01078037.1:5017-5223(+)	63.48
AYEL01066173.1:16843-17076(+)	61.26
AYEL01081901.1:27298-27535(-)	67.16
AYEL01075378.1:387-587(+)	58.66
AYEL01076235.1:124141-124384(-)	64.32
AYEL01057832.1:11821-12025(+)	74.83
AYEL01089841.1:20758-20985(+)	57.89
AYEL01088755.1:19369-19585(-)	65.67
AYEL01082950.1:48664-48873(+)	59.66
AYEL01083818.1:17409-17617(-)	62.43
AYEL01058258.1:25167-25391(-)	63.06
AYEL01066405.1:8738-8939(+)	59.46
AYEL01054590.1:6208-6433(+)	64.07
AYEL01085593.1:85338-85586(+)	63.73
AYEL01050214.1:28533-28752(-)	65.62
AYEL01055831.1:21728-21972(-)	59.34
AYEL01073097.1:17285-17529(+)	59.83
AYEL01086032.1:57559-57766(-)	61.96
AYEL01074993.1:7466-7701(+)	63.05
AYEL01064734.1:30375-30598(+)	62.04
AYEL01078307.1:9780-10028(+)	62.22
AYEL01075686.1:35161-35409(+)	63.49
AYEL01085262.1:20071-20301(+)	56.79
AYEL01023616.1:15335-15551(+)	68.07
AYEL01084197.1:166574-166819(-)	60.51
AYEL01075863.1:33321-33543(-)	64.49
AYEL01083038.1:89936-90157(+)	65.68
AYEL01071147.1:100148-100375(-)	65.59
AYEL01038417.1:21175-21414(+)	62.56
AYEL01074937.1:73887-74108(+)	56.78
AYEL01074057.1:75222-75421(-)	60.26
AYEL01064127.1:58520-58722(+)	62.18
AYEL01084994.1:27804-28151(-)	65.32
AYEL01053411.1:70630-70858(+)	59.09
AYEL01072849.1:43220-43431(-)	62.18
AYEL01013454.1:13789-14020(+)	62.50
AYEL01023450.1:20928-21171(+)	59.46
AYEL01092109.1:49399-49624(-)	61.61
AYEL01087913.1:2448-2651(-)	61.54
AYEL01055821.1:16383-16668(+)	68.10
AYEL01087624.1:13441-13670(+)	65.03
AYEL01078135.1:101134-101361(-)	65.08
AYEL01082457.1:31135-31349(+)	61.14
AYEL01080714.1:14127-14390(-)	63.07
AYEL01062633.1:26602-26835(-)	61.85
AYEL01084017.1:2467-2701(-)	60.99
AYEL01073000.1:15367-15613(-)	62.05
AYEL01046730.1:6151-6351(+)	62.33
AYEL01072872.1:23477-23701(-)	59.91
AYEL01071788.1:40570-40806(-)	65.17
AYEL01083261.1:258-477(-)	61.63
AYEL01083367.1:4497-4715(-)	64.93
AYEL01055125.1:8126-8354(-)	60.96
AYEL01080041.1:81675-81941(-)	64.73
AYEL01086850.1:46991-47235(-)	63.03
AYEL01072503.1:18387-18630(+)	60.85
AYEL01065610.1:10510-10751(+)	66.11
AYEL01091140.1:20596-20825(+)	66.04
AYEL01048567.1:43701-43952(+)	62.68
AYEL01063774.1:4608-4829(+)	66.41
AYEL01071428.1:14524-14749(-)	60.89
AYEL01077981.1:10561-10796(-)	61.05
AYEL01090253.1:9800-10035(-)	65.45
AYEL01062206.1:246-474(+)	62.75
AYEL01060641.1:3817-4050(-)	67.83
AYEL01009610.1:33266-33519(+)	63.46
AYEL01090633.1:1264-1473(+)	63.30
AYEL01023232.1:21826-22059(+)	66.87
AYEL01080181.1:25182-25388(-)	58.68
AYEL01078489.1:34217-34469(+)	66.67
AYEL01044409.1:227-454(+)	63.04
AYEL01057421.1:17068-17275(-)	69.03
AYEL01089482.1:9764-10006(-)	65.62
AYEL01081927.1:49321-49545(-)	64.71
AYEL01087170.1:8911-9182(-)	63.77
AYEL01063655.1:1701-1933(-)	61.32
AYEL01034167.1:3034-3258(-)	62.62
AYEL01091201.1:4515-4778(+)	63.06
AYEL01086279.1:10515-10742(-)	62.37
AYEL01090754.1:13120-13344(+)	63.54
AYEL01087398.1:3708-3937(+)	59.90
AYEL01070308.1:1447-1682(+)	59.31
AYEL01086416.1:29081-29324(+)	65.22
AYEL01026498.1:961-1158(-)	67.08
AYEL01086587.1:63144-63388(-)	61.93
AYEL01073453.1:42122-42352(-)	63.91
AYEL01033707.1:41721-41954(+)	61.17
AYEL01075375.1:25684-25928(-)	71.52
AYEL01091930.1:36577-36820(-)	67.72
AYEL01090694.1:6560-6780(-)	63.93
AYEL01074850.1:18083-18305(-)	61.90
AYEL01022414.1:13971-14176(+)	65.38
AYEL01038734.1:972-1216(-)	60.00
AYEL01054694.1:18302-18524(-)	60.78
AYEL01086738.1:4021-4262(+)	60.89
AYEL01063932.1:58981-59209(+)	65.12
AYEL01052040.1:23279-23527(+)	62.60
AYEL01083334.1:23926-24150(-)	68.94
AYEL01091914.1:38682-38915(-)	61.69
AYEL01070475.1:9898-10113(+)	60.98
AYEL01064632.1:5130-5420(+)	62.68
AYEL01081649.1:29553-29798(-)	60.74
AYEL01087618.1:100516-100766(+)	60.54
AYEL01080608.1:36024-36253(-)	64.06
AYEL01084317.1:28491-28695(+)	67.41
AYEL01089269.1:7901-8139(+)	62.98
AYEL01084670.1:33284-33539(-)	62.84
AYEL01062752.1:3206-3420(+)	62.57
AYEL01055578.1:2703-2916(-)	63.55
AYEL01091138.1:21245-21453(-)	61.90
AYEL01074760.1:32974-33181(+)	65.00
AYEL01085786.1:95045-95277(+)	63.16
AYEL01088967.1:50591-50797(+)	63.87
AYEL01052474.1:16533-16776(+)	62.42
AYEL01084934.1:6631-6852(+)	63.02
AYEL01065618.1:42449-42682(+)	72.38
AYEL01053912.1:14240-14477(+)	62.02
AYEL01072523.1:16324-16545(+)	59.89
AYEL01039643.1:12048-12275(+)	62.26
AYEL01086495.1:1564-1768(-)	61.90
AYEL01079639.1:44359-44575(-)	62.65
AYEL01083826.1:1234-1455(-)	67.24
AYEL01066808.1:85715-85916(+)	66.67
AYEL01061795.1:9548-9784(-)	71.64
AYEL01084774.1:31218-31455(-)	63.98
AYEL01079572.1:52700-52901(-)	73.75
AYEL01071284.1:37014-37220(+)	60.31
AYEL01046747.1:43906-44118(+)	60.53
AYEL01072335.1:41610-41822(+)	65.93
AYEL01073403.1:6904-7109(-)	66.24
AYEL01074751.1:7301-7550(-)	59.76
AYEL01087061.1:26620-26840(+)	59.13
AYEL01077897.1:21946-22176(+)	63.13
AYEL01074306.1:12434-12677(-)	64.55
AYEL01079835.1:11734-11973(-)	62.50
AYEL01051369.1:28921-29159(+)	60.28
AYEL01090271.1:2476-2721(-)	66.03
AYEL01089003.1:18415-18638(+)	64.10
AYEL01092210.1:2576-2786(+)	71.05
AYEL01089216.1:122698-122930(-)	60.68
AYEL01047471.1:16087-16314(-)	60.78
AYEL01039889.1:145231-145460(+)	66.36
AYEL01065760.1:92375-92585(-)	64.25
AYEL01083510.1:847-1069(+)	67.66
AYEL01078954.1:2557-2780(-)	60.83
AYEL01079041.1:19185-19404(+)	62.15
AYEL01086310.1:8868-9095(-)	62.23
AYEL01086508.1:4657-4884(-)	62.72
AYEL01089919.1:26838-27073(-)	58.49
AYEL01086028.1:29114-29364(-)	60.12
AYEL01076772.1:5735-5988(+)	58.29
AYEL01052527.1:7666-7909(-)	59.71
AYEL01069057.1:35149-35360(+)	60.95
AYEL01015644.1:77368-77599(-)	60.64
AYEL01087941.1:38489-38716(-)	58.26
AYEL01091062.1:103622-103833(+)	58.16
AYEL01089445.1:1580-1841(+)	62.75
AYEL01026594.1:70952-71184(-)	61.06
AYEL01091805.1:73704-73994(-)	72.29
AYEL01066280.1:1127-1400(-)	60.68
AYEL01080841.1:8992-9226(-)	77.33
AYEL01089012.1:92150-92396(-)	61.11
AYEL01078705.1:24444-24690(-)	63.29
AYEL01053690.1:35570-35790(+)	66.27
AYEL01076256.1:2808-3047(-)	62.78
AYEL01080257.1:61273-61479(+)	60.14
AYEL01091091.1:32796-33033(-)	65.22
AYEL01082151.1:1191-1429(+)	61.40
AYEL01089968.1:69750-69982(+)	70.62
AYEL01027981.1:21219-21453(+)	63.29
AYEL01077482.1:41884-42113(+)	62.33
AYEL01070690.1:18913-19122(+)	58.06
AYEL01050813.1:11542-11773(+)	66.87
AYEL01083194.1:16585-16834(+)	60.73
AYEL01066896.1:9225-9447(+)	63.02
AYEL01089034.1:58315-58587(+)	67.66
AYEL01071249.1:3055-3280(+)	61.88
AYEL01016898.1:4102-4317(-)	66.49
AYEL01090184.1:1463-1669(+)	60.31
AYEL01065248.1:13976-14193(-)	62.50
AYEL01083447.1:12934-13157(-)	66.67
AYEL01057069.1:90299-90541(+)	61.39
AYEL01091071.1:12690-12917(-)	63.10
AYEL01069210.1:45260-45464(+)	65.10
AYEL01078916.1:110899-111126(+)	62.35
AYEL01086425.1:53205-53450(+)	65.87
AYEL01069695.1:7043-7274(-)	61.58
AYEL01070833.1:20128-20374(-)	59.17
AYEL01070550.1:15152-15385(-)	60.77
AYEL01068234.1:76995-77270(+)	65.69
AYEL01071032.1:14209-14444(-)	65.19
AYEL01062062.1:12031-12248(+)	62.89
AYEL01082286.1:11925-12160(-)	62.50
AYEL01090972.1:178629-178880(+)	65.85
AYEL01048574.1:35313-35552(+)	66.67
AYEL01089517.1:3232-3490(-)	62.87
AYEL01081919.1:28014-28235(+)	65.99
AYEL01090964.1:35938-36140(+)	62.86
AYEL01074639.1:2938-3160(+)	62.88
AYEL01076269.1:10597-10833(-)	62.89
AYEL01079186.1:23804-24026(-)	61.24
AYEL01056353.1:13512-13759(+)	59.83
AYEL01070945.1:16711-16913(+)	69.03
AYEL01062038.1:14363-14587(-)	59.75
AYEL01078199.1:22043-22244(-)	58.33
AYEL01074368.1:54286-54502(+)	63.07
AYEL01086177.1:8308-8555(-)	64.23
AYEL01068149.1:34033-34256(-)	58.12
AYEL01063680.1:11879-12134(+)	63.47
AYEL01078944.1:29209-29448(-)	58.45
AYEL01085262.1:20595-20849(+)	61.90
AYEL01091013.1:17874-18083(+)	60.42
AYEL01070684.1:2669-2898(-)	68.93
AYEL01078849.1:3397-3649(-)	61.79
AYEL01073669.1:41020-41232(-)	59.43
AYEL01087021.1:9366-9581(+)	62.23
AYEL01091874.1:164749-164961(+)	58.79
AYEL01011888.1:18813-19012(+)	69.54
AYEL01056197.1:6349-6581(-)	64.77
AYEL01083329.1:9011-9226(-)	62.35
AYEL01040584.1:13899-14131(-)	61.62
AYEL01087940.1:31211-31459(-)	64.44
AYEL01012253.1:19497-19743(-)	62.38
AYEL01060711.1:6661-6894(-)	66.25
AYEL01064042.1:2026-2272(+)	61.67
AYEL01085746.1:4625-4851(-)	61.31
AYEL01087260.1:9724-9947(-)	64.33
AYEL01077569.1:2271-2491(-)	64.20
AYEL01068997.1:1739-1957(+)	62.96
AYEL01037292.1:9451-9693(-)	65.70
AYEL01074292.1:30705-30930(-)	66.29
AYEL01058691.1:4577-4809(-)	65.76
AYEL01072864.1:51102-51312(+)	59.30
AYEL01054070.1:35675-35887(+)	60.37
AYEL01021973.1:32043-32284(-)	66.04
AYEL01076895.1:118332-118564(-)	64.43
AYEL01087353.1:5074-5307(-)	63.35
AYEL01081251.1:55647-55863(-)	58.79
AYEL01063704.1:22358-22572(-)	64.55
AYEL01069646.1:21952-22180(-)	59.81
AYEL01068595.1:25463-25704(+)	63.01
AYEL01064012.1:3808-4011(-)	63.45
AYEL01069752.1:5672-5900(+)	68.07
AYEL01076887.1:1422-1632(-)	61.14
AYEL01080442.1:10254-10453(+)	54.77
AYEL01073486.1:23246-23460(+)	65.38
AYEL01075685.1:12508-12740(-)	63.74
AYEL01077574.1:36635-36886(+)	61.54
AYEL01063752.1:30447-30663(-)	61.49
AYEL01047440.1:13778-14050(+)	63.64
AYEL01053547.1:10708-10942(-)	65.14
AYEL01066601.1:1372-1603(-)	64.04
AYEL01074666.1:6303-6549(+)	67.03
AYEL01086761.1:1728-1949(+)	66.90
AYEL01067638.1:3767-3983(+)	62.69
AYEL01089262.1:52227-52452(+)	62.20
AYEL01075409.1:14689-14927(-)	67.08
AYEL01024505.1:4427-4657(+)	59.55
AYEL01083600.1:63501-63745(+)	63.98
AYEL01069905.1:7309-7509(+)	64.54
AYEL01070228.1:24140-24368(-)	63.95
AYEL01066069.1:3798-4023(-)	66.01
AYEL01091934.1:13348-13553(-)	63.40
AYEL01065640.1:53055-53287(+)	64.67
AYEL01083746.1:29044-29243(-)	61.49
AYEL01074556.1:37405-37646(+)	63.58
AYEL01076517.1:20021-20261(-)	62.56
AYEL01080257.1:56009-56220(+)	61.18
AYEL01089823.1:18690-18890(-)	69.08
AYEL01082116.1:8249-8473(-)	61.49
AYEL01015679.1:19802-20013(-)	60.70
AYEL01079655.1:2314-2536(+)	58.19
AYEL01063770.1:17027-17272(-)	65.85
AYEL01060195.1:1484-1683(-)	66.89
AYEL01074570.1:43695-43920(-)	62.86
AYEL01081840.1:36835-37077(-)	68.10
AYEL01061621.1:44476-44711(+)	63.23
AYEL01089210.1:9943-10177(+)	64.94
AYEL01091359.1:3802-4050(-)	65.43
AYEL01026355.1:12235-12463(-)	63.64
AYEL01034530.1:16451-16699(-)	60.69
AYEL01089809.1:13678-13930(+)	67.26
AYEL01049544.1:29710-29916(-)	69.18
AYEL01060552.1:1790-2075(+)	73.65
AYEL01076287.1:1211-1454(-)	65.26
AYEL01063888.1:21226-21451(-)	61.54
AYEL01088633.1:40318-40545(-)	60.82
AYEL01074290.1:49993-50239(-)	63.94
AYEL01085367.1:16876-17098(-)	62.38
AYEL01070425.1:6030-6276(+)	61.68
AYEL01087525.1:27466-27680(+)	59.51
AYEL01079280.1:18421-18665(+)	60.96
AYEL01086307.1:73464-73698(-)	71.03
AYEL01083867.1:38528-38773(-)	62.92
AYEL01085938.1:29592-29815(+)	56.85
AYEL01089200.1:1450-1692(-)	65.26
AYEL01078297.1:1366-1578(+)	75.21
AYEL01082365.1:3918-4166(-)	66.47
AYEL01039898.1:22656-22878(-)	61.08
AYEL01076825.1:48831-49071(+)	60.18
AYEL01077016.1:86393-86620(+)	57.85
AYEL01028163.1:61988-62218(-)	57.95
AYEL01075233.1:34256-34481(+)	61.31
AYEL01052450.1:33578-33783(+)	63.85
AYEL01092057.1:11799-12008(-)	63.44
AYEL01076071.1:1032-1280(-)	64.25
AYEL01058078.1:45124-45360(-)	63.58
AYEL01074830.1:6445-6669(-)	61.05
AYEL01082968.1:31273-31502(+)	60.66
AYEL01086495.1:20572-20805(-)	63.41
AYEL01072114.1:161823-162074(-)	64.24
AYEL01081673.1:13923-14174(+)	62.38
AYEL01085604.1:149337-149534(-)	65.16
AYEL01089677.1:81709-81955(+)	63.04
AYEL01083069.1:7386-7629(-)	70.11
AYEL01091483.1:19340-19541(+)	71.05
AYEL01082564.1:18702-18916(+)	60.11
AYEL01077817.1:59590-59837(+)	60.00
AYEL01058062.1:49556-49757(-)	62.21
AYEL01034995.1:9768-9978(+)	70.07
AYEL01091127.1:2159-2403(+)	62.50
AYEL01092348.1:48896-49137(+)	59.90
AYEL01055460.1:230-465(-)	63.08
AYEL01018506.1:4044-4270(-)	62.32
AYEL01078170.1:10686-10914(+)	61.05
AYEL01080395.1:32486-32705(-)	61.76
AYEL01086317.1:46440-46664(+)	58.55
AYEL01064569.1:32983-33199(+)	68.05
AYEL01078554.1:12740-12996(+)	63.03
AYEL01075658.1:100864-101093(+)	66.18
AYEL01088938.1:10688-10891(-)	61.05
AYEL01043307.1:25833-26043(+)	56.95
AYEL01086337.1:2785-3023(+)	58.47
AYEL01073163.1:36228-36448(-)	69.78
AYEL01083279.1:403-614(-)	61.71
AYEL01078898.1:35284-35534(+)	61.69
AYEL01091143.1:3003-3251(+)	62.38
AYEL01069179.1:19368-19608(+)	66.88
AYEL01065201.1:2797-3041(+)	65.04
AYEL01091510.1:29079-29277(+)	62.93
AYEL01079818.1:30680-30909(-)	64.45
AYEL01087220.1:21912-22145(+)	65.16
AYEL01078039.1:51542-51764(+)	65.50
AYEL01083038.1:86428-86658(-)	63.33
AYEL01065272.1:15722-15968(+)	66.85
AYEL01085172.1:9168-9389(-)	65.73
AYEL01088701.1:11822-12052(+)	66.18
AYEL01081531.1:14718-14963(+)	59.33
AYEL01077211.1:39786-40013(-)	61.69
AYEL01088456.1:9288-9537(-)	65.61
AYEL01082870.1:40946-41177(-)	62.09
AYEL01070467.1:38946-39173(-)	65.79
AYEL01078731.1:46548-46787(+)	64.12
AYEL01085413.1:12643-12858(-)	60.62
AYEL01059118.1:4009-4235(+)	68.39
AYEL01071246.1:36381-36602(-)	66.67
AYEL01083932.1:13571-13807(+)	66.28
AYEL01033886.1:13812-14041(+)	63.47
AYEL01042710.1:3796-4032(-)	63.76
AYEL01051319.1:313-538(-)	65.27
AYEL01083455.1:29448-29700(-)	64.16
AYEL01071245.1:3059-3278(+)	62.25
AYEL01019411.1:36950-37186(-)	64.25
AYEL01079334.1:73012-73227(-)	63.70
AYEL01015473.1:27747-27979(-)	64.38
AYEL01066124.1:21424-21638(+)	65.22
AYEL01078307.1:38919-39161(-)	66.48
AYEL01071867.1:11980-12223(-)	62.72
AYEL01073403.1:7660-7859(+)	59.02
AYEL01088042.1:22743-22990(-)	64.56
AYEL01033237.1:12636-12864(-)	69.51
AYEL01074117.1:36955-37197(-)	59.66
AYEL01089195.1:69740-69983(+)	61.64
AYEL01057567.1:10369-10572(-)	63.03
AYEL01089608.1:68904-69114(+)	60.12
AYEL01086671.1:11763-11998(-)	61.11
AYEL01065780.1:18654-18884(-)	54.64
AYEL01091481.1:27339-27562(+)	61.08
AYEL01089543.1:6706-6918(+)	62.00
AYEL01079971.1:7024-7244(+)	61.31
AYEL01069780.1:15446-15672(+)	66.42
AYEL01051930.1:3125-3370(-)	62.50
AYEL01075812.1:33389-33633(+)	63.53
AYEL01048401.1:14753-14997(+)	63.35
AYEL01045282.1:67858-68071(-)	58.55
AYEL01077377.1:3479-3688(+)	64.00
AYEL01061979.1:10642-10851(+)	66.26
AYEL01001343.1:88-314(+)	64.56
AYEL01080063.1:29377-29599(-)	60.68
AYEL01078201.1:42941-43178(-)	62.43
AYEL01081894.1:6314-6564(+)	65.45
AYEL01061691.1:27285-27529(-)	59.02
AYEL01071560.1:104203-104431(-)	62.10
AYEL01055580.1:28916-29128(-)	62.90
AYEL01084244.1:2842-3088(+)	61.24
AYEL01021110.1:158275-158499(+)	59.22
AYEL01081427.1:3132-3356(+)	60.19
AYEL01091240.1:61114-61332(+)	68.31
AYEL01089668.1:5674-5913(+)	63.53
AYEL01089047.1:60976-61231(+)	66.18
AYEL01020617.1:101-347(+)	61.64
AYEL01088991.1:15516-15759(-)	61.84
AYEL01047411.1:56288-56530(-)	61.54
AYEL01081991.1:56929-57154(+)	61.96
AYEL01089087.1:123072-123297(+)	62.91
AYEL01054491.1:5916-6143(+)	64.06
AYEL01076438.1:12628-12848(-)	63.55
AYEL01052079.1:18688-18913(+)	61.90
AYEL01072482.1:20978-21183(-)	69.70
AYEL01061094.1:13770-13999(-)	59.81
AYEL01058289.1:108548-108766(-)	59.79
AYEL01025760.1:32114-32347(-)	64.52
AYEL01085576.1:10397-10625(+)	60.39
AYEL01061058.1:11064-11290(-)	66.49
AYEL01085828.1:1572-1798(+)	64.86
AYEL01074972.1:122816-123047(-)	63.77
AYEL01056281.1:19550-19774(-)	62.96
AYEL01069434.1:7662-7909(-)	57.55
AYEL01059373.1:30295-30575(+)	65.07
AYEL01082122.1:12319-12609(-)	57.35
AYEL01091579.1:14599-14842(+)	63.24
AYEL01049439.1:12047-12266(-)	62.44
AYEL01023453.1:20326-20573(+)	58.18
AYEL01074210.1:12428-12640(+)	60.33
AYEL01082613.1:20682-20914(-)	59.29
AYEL01080534.1:16585-16811(-)	67.07
AYEL01078685.1:50551-50779(+)	58.11
AYEL01091309.1:65669-65895(-)	64.13
AYEL01075807.1:2226-2455(+)	56.52
AYEL01083514.1:6016-6238(-)	56.22
AYEL01083135.1:30444-30674(+)	61.43
AYEL01086965.1:38840-39073(+)	62.67
AYEL01060277.1:10700-10900(+)	60.51
AYEL01065259.1:43122-43355(-)	62.09
AYEL01063506.1:10461-10672(-)	66.47
AYEL01050283.1:35625-35836(+)	71.81
AYEL01080118.1:35622-35865(-)	61.93
AYEL01090352.1:20349-20591(+)	64.12
AYEL01065158.1:176489-176716(-)	61.43
AYEL01077759.1:30011-30266(-)	67.20
AYEL01086037.1:14070-14301(+)	59.15
AYEL01066585.1:29098-29342(+)	64.71
AYEL01088318.1:102028-102262(+)	63.55
AYEL01043958.1:28845-29070(+)	69.78
AYEL01073983.1:14419-14651(+)	67.07
AYEL01015939.1:11852-12091(+)	65.52
AYEL01009613.1:9925-10172(+)	66.67
AYEL01065376.1:14135-14369(-)	64.16
AYEL01086229.1:23497-23706(-)	64.74
AYEL01065656.1:23373-23573(+)	62.24
AYEL01050905.1:596-816(-)	66.67
AYEL01091653.1:2310-2547(+)	66.34
AYEL01059227.1:17612-17818(+)	62.35
AYEL01078233.1:1104-1339(-)	65.08
AYEL01055374.1:23106-23354(+)	59.91
AYEL01049348.1:28341-28583(+)	57.08
AYEL01075664.1:13960-14203(+)	57.44
AYEL01090504.1:96517-96762(+)	66.51
AYEL01067257.1:1027-1288(-)	70.70
AYEL01086558.1:13461-13668(-)	60.40
AYEL01089292.1:142158-142375(-)	58.94
AYEL01080078.1:16275-16524(+)	69.59
AYEL01087212.1:16471-16710(+)	61.18
AYEL01028570.1:2608-2845(-)	66.51
AYEL01084120.1:19038-19263(-)	60.73
AYEL01077637.1:9269-9501(+)	66.67
AYEL01068588.1:82276-82486(-)	57.69
AYEL01079536.1:41087-41309(+)	62.50
AYEL01075231.1:2321-2519(+)	64.02
AYEL01068065.1:35140-35352(-)	66.67
AYEL01058272.1:1572-1787(+)	62.57
AYEL01080724.1:118813-119060(+)	60.53
AYEL01051219.1:29809-30035(-)	66.17
AYEL01071533.1:5220-5430(+)	55.49
AYEL01073029.1:46700-46935(+)	64.88
AYEL01080661.1:129623-129863(+)	64.73
AYEL01089113.1:42426-42767(+)	61.99
AYEL01086949.1:12017-12251(-)	63.87
AYEL01084463.1:134936-135166(+)	65.64
AYEL01070047.1:29538-29784(+)	63.52
AYEL01035726.1:14569-14774(-)	63.54
AYEL01071132.1:31534-31778(+)	62.80
AYEL01080467.1:15431-15641(-)	67.88
AYEL01085200.1:36833-37080(-)	63.08
AYEL01070414.1:8034-8246(-)	64.19
AYEL01047085.1:7189-7419(-)	59.72
AYEL01080564.1:13107-13334(-)	62.34
AYEL01065443.1:8510-8746(-)	60.66
AYEL01065559.1:29580-29788(+)	61.19
AYEL01079181.1:73194-73425(-)	62.93
AYEL01088231.1:7007-7235(+)	65.28
AYEL01087290.1:41727-41975(-)	63.64
AYEL01088026.1:17970-18198(+)	58.88
AYEL01036793.1:102550-102760(+)	59.69
AYEL01077853.1:29507-29755(+)	63.38
AYEL01072329.1:7452-7662(+)	68.55
AYEL01089550.1:14583-14832(-)	64.84
AYEL01071684.1:100398-100625(-)	65.27
AYEL01063852.1:5096-5353(-)	60.83
AYEL01074474.1:3837-4039(-)	66.67
AYEL01070195.1:15252-15469(-)	66.04
AYEL01077348.1:49728-49966(+)	62.57
AYEL01084398.1:19309-19542(-)	68.16
AYEL01070400.1:43740-43983(-)	65.64
AYEL01089195.1:234810-235033(-)	63.68
AYEL01057879.1:33881-34126(+)	62.50
AYEL01082216.1:56459-56672(-)	64.94
AYEL01068416.1:47773-48034(-)	67.09
AYEL01091668.1:9295-9533(-)	60.66
AYEL01062463.1:31105-31307(-)	60.81
AYEL01074830.1:8801-9038(-)	61.43
AYEL01087472.1:10113-10357(+)	61.93
AYEL01080894.1:49412-49625(-)	62.02
AYEL01087244.1:57324-57544(-)	59.68
AYEL01067198.1:4888-5122(+)	65.07
AYEL01078280.1:26757-27001(-)	58.99
AYEL01090374.1:1416-1642(+)	65.38
AYEL01060814.1:10571-10791(-)	63.87
AYEL01037451.1:24534-24793(-)	66.26
AYEL01090447.1:2445-2682(+)	59.50
AYEL01075457.1:36859-37081(+)	66.85
AYEL01069723.1:81530-81814(-)	68.21
AYEL01070160.1:23275-23497(+)	60.39
AYEL01048958.1:6730-6940(-)	61.08
AYEL01055791.1:229-450(-)	62.21
AYEL01064807.1:35467-35682(+)	62.91
AYEL01077403.1:21196-21516(-)	65.88
AYEL01066081.1:18597-18816(-)	57.95
AYEL01045116.1:82805-83023(-)	63.59
AYEL01071286.1:6875-7135(-)	65.43
AYEL01082228.1:46827-47049(-)	56.74
AYEL01077154.1:46355-46610(-)	63.76
AYEL01085242.1:17388-17619(-)	66.25
AYEL01078199.1:8651-8870(-)	60.31
AYEL01066488.1:6299-6517(-)	67.63
AYEL01073371.1:25122-25349(-)	60.80
AYEL01078063.1:7953-8223(-)	60.38
AYEL01063166.1:47488-47745(+)	60.54
AYEL01068664.1:19933-20149(+)	59.62
AYEL01066255.1:29777-30021(-)	64.52
AYEL01059882.1:19346-19565(-)	61.20
AYEL01079424.1:14385-14630(-)	56.90
AYEL01083032.1:5534-5758(-)	58.85
AYEL01055028.1:6451-6674(+)	65.60
AYEL01075073.1:88668-88891(-)	62.64
AYEL01036746.1:21603-21840(+)	62.78
AYEL01087856.1:21026-21248(+)	61.36
AYEL01068649.1:70764-71030(-)	66.46
AYEL01087089.1:9342-9563(+)	61.29
AYEL01072742.1:70692-70931(-)	60.09
AYEL01075780.1:55074-55339(+)	61.64
AYEL01050954.1:4653-4876(-)	62.80
AYEL01056069.1:41207-41435(+)	58.38
AYEL01091970.1:2154-2383(+)	70.00
AYEL01090453.1:11777-11987(+)	63.30
AYEL01087829.1:27252-27471(-)	62.13
AYEL01092344.1:11404-11655(+)	63.47
AYEL01071647.1:668-913(-)	66.03
AYEL01052361.1:5883-6121(-)	64.46
AYEL01049982.1:33004-33226(+)	60.47
AYEL01029413.1:35054-35260(+)	57.76
AYEL01039910.1:15511-15712(+)	72.94
AYEL01077638.1:10109-10314(-)	58.49
AYEL01037263.1:17692-17914(-)	59.33
AYEL01054712.1:20892-21148(+)	67.65
AYEL01080613.1:24427-24669(-)	62.99
AYEL01091882.1:94157-94374(-)	61.88
AYEL01051947.1:23647-23852(-)	58.90
AYEL01061253.1:61995-62240(-)	64.11
AYEL01069236.1:46491-46716(+)	61.88
AYEL01055926.1:6157-6357(+)	63.57
AYEL01091958.1:16391-16592(-)	61.94
AYEL01089343.1:52227-52440(-)	66.44
AYEL01070799.1:24778-24991(-)	64.07
AYEL01049528.1:9023-9262(-)	65.00
AYEL01066494.1:2407-2612(+)	68.35
AYEL01077211.1:71647-71889(+)	66.88
AYEL01076575.1:47744-47972(+)	63.81
AYEL01090320.1:35627-35845(+)	62.26
AYEL01055590.1:7154-7391(-)	59.33
AYEL01020856.1:13995-14217(-)	65.77
AYEL01085435.1:71793-72021(+)	62.84
AYEL01057831.1:32079-32310(-)	62.74
AYEL01071310.1:32843-33077(+)	63.29
AYEL01086801.1:631-892(+)	60.73
AYEL01057060.1:2243-2451(-)	61.90
AYEL01079973.1:18064-18304(-)	60.68
AYEL01078649.1:22793-23023(+)	64.25
AYEL01087923.1:54907-55155(-)	61.54
AYEL01077397.1:74590-74797(-)	62.68
AYEL01088813.1:141031-141250(+)	61.54
AYEL01088884.1:835-1044(+)	66.87
AYEL01050778.1:4925-5123(-)	62.94
AYEL01006437.1:58083-58322(-)	61.64
AYEL01053414.1:3955-4201(+)	62.78
AYEL01089830.1:24857-25094(-)	64.97
AYEL01079999.1:14491-14735(-)	60.66
AYEL01088640.1:19579-19808(-)	61.11
AYEL01072036.1:60090-60311(-)	62.50
AYEL01089456.1:43334-43567(+)	62.87
AYEL01035829.1:952-1194(+)	60.89
AYEL01074629.1:29451-29675(+)	66.13
AYEL01080652.1:27950-28192(-)	61.61
AYEL01072148.1:48657-48905(+)	60.53
AYEL01085880.1:1879-2088(+)	59.15
AYEL01069613.1:12491-12730(-)	63.76
AYEL01042181.1:4467-4690(-)	63.08
AYEL01088247.1:23975-24205(+)	63.16
AYEL01065144.1:18893-19107(-)	67.53
AYEL01059899.1:20418-20657(-)	63.68
AYEL01058779.1:18430-18650(+)	62.90
AYEL01090587.1:13536-13783(-)	58.62
AYEL01090787.1:71291-71521(-)	61.66
AYEL01059767.1:1077-1307(+)	63.40
AYEL01084535.1:14642-14855(+)	62.07
AYEL01046374.1:5928-6131(-)	62.94
AYEL01088194.1:59177-59399(+)	61.59
AYEL01078780.1:10289-10503(-)	60.96
AYEL01088126.1:1324-1565(-)	56.13
AYEL01061965.1:17774-18006(-)	61.58
AYEL01078168.1:11557-11764(+)	62.96
AYEL01075592.1:16013-16252(-)	64.25
AYEL01045165.1:24600-24797(+)	64.24
AYEL01085044.1:53928-54162(-)	61.50
AYEL01084868.1:12756-12989(+)	60.82
AYEL01084463.1:129290-129528(+)	64.39
AYEL01089722.1:13573-13813(-)	64.15
AYEL01087852.1:38351-38575(+)	65.64
AYEL01077146.1:11027-11229(-)	63.70
AYEL01080013.1:7800-8044(-)	62.84
AYEL01061247.1:2248-2480(+)	63.11
AYEL01063799.1:328-592(+)	60.00
AYEL01048739.1:18618-18836(+)	62.37
AYEL01070569.1:13660-13890(-)	61.06
AYEL01046207.1:1024-1226(+)	59.90
AYEL01080572.1:41945-42155(+)	59.59
AYEL01068881.1:74154-74395(+)	64.02
AYEL01085820.1:71360-71593(-)	63.10
AYEL01086840.1:67455-67706(+)	61.32
AYEL01071192.1:32485-32739(+)	62.69
AYEL01092395.1:24835-25090(-)	66.18
AYEL01071268.1:17915-18161(-)	66.08
AYEL01074676.1:884-1098(-)	66.27
AYEL01081789.1:9691-9934(+)	62.50
AYEL01082703.1:107047-107280(+)	64.71
AYEL01073397.1:87707-87937(-)	66.16
AYEL01040566.1:86497-86723(-)	56.11
AYEL01056846.1:39929-40153(-)	69.67
AYEL01058675.1:25309-25552(-)	61.35
AYEL01090977.1:12695-12907(+)	63.13
AYEL01089630.1:58690-58897(-)	65.73
AYEL01088053.1:13917-14152(+)	69.29
AYEL01046367.1:818-1055(-)	65.13
AYEL01080954.1:31027-31271(+)	56.62
AYEL01071500.1:21579-21812(+)	61.04
AYEL01080844.1:186723-186942(+)	61.19
AYEL01076407.1:16537-16785(-)	61.49
AYEL01013638.1:5656-5870(+)	63.86
AYEL01091277.1:151425-151692(+)	70.52
AYEL01022645.1:11535-11755(-)	56.54
AYEL01062079.1:98491-98726(-)	60.34
AYEL01023908.1:5435-5652(+)	67.11
AYEL01071412.1:4511-4735(-)	60.43
AYEL01065928.1:3287-3530(+)	58.80
AYEL01088047.1:32804-33057(+)	64.59
AYEL01020696.1:777-1015(+)	61.06
AYEL01086587.1:50329-50529(-)	59.69
AYEL01092023.1:13767-13983(+)	67.50
AYEL01078308.1:14619-14826(-)	59.90
AYEL01085144.1:22320-22522(-)	59.78
AYEL01011732.1:124-352(-)	62.33
AYEL01085524.1:8349-8557(-)	64.56
AYEL01087615.1:48055-48289(+)	61.95
AYEL01059510.1:4124-4340(+)	62.66
AYEL01072892.1:15066-15265(-)	64.20
AYEL01066369.1:23976-24204(-)	59.36
AYEL01089799.1:62646-62881(-)	63.22
AYEL01070066.1:78257-78488(-)	59.33
AYEL01081777.1:1945-2160(+)	61.67
AYEL01064819.1:72595-72824(+)	59.52
AYEL01065142.1:34958-35159(+)	67.11
AYEL01091353.1:47011-47227(-)	60.11
AYEL01077983.1:794-1036(+)	60.27
AYEL01069896.1:98320-98554(-)	62.04
AYEL01091549.1:20281-20495(+)	63.19
AYEL01038450.1:40098-40307(-)	67.96
AYEL01086331.1:10501-10719(-)	56.31
AYEL01092355.1:22606-22825(+)	64.00
AYEL01066265.1:75959-76169(+)	67.15
AYEL01054692.1:6212-6444(+)	65.42
AYEL01073797.1:2246-2458(-)	63.16
AYEL01072959.1:65704-65947(+)	65.09
AYEL01063173.1:20573-20825(-)	61.11
AYEL01067154.1:15804-16027(+)	64.33
AYEL01082891.1:15444-15680(+)	66.16
AYEL01072432.1:46413-46638(-)	69.06
AYEL01029661.1:3525-3729(-)	58.20
AYEL01092182.1:17310-17551(+)	67.03
AYEL01075432.1:20126-20333(+)	62.88
AYEL01072502.1:56960-57215(-)	69.94
AYEL01057748.1:1995-2245(+)	62.03
AYEL01070147.1:8692-8924(-)	60.90
AYEL01090795.1:12663-12888(-)	58.00
AYEL01025950.1:1424-1630(-)	68.00
AYEL01022644.1:31975-32193(+)	64.84
AYEL01083426.1:9891-10121(+)	62.39
AYEL01085248.1:44656-44857(+)	63.86
AYEL01066035.1:210-446(+)	61.07
AYEL01080840.1:3889-4129(-)	65.22
AYEL01032332.1:113285-113527(+)	64.02
AYEL01051850.1:122118-122333(-)	64.82
AYEL01072140.1:77008-77239(-)	58.70
AYEL01072010.1:25906-26128(+)	62.76
AYEL01076597.1:102-316(+)	62.02
AYEL01027981.1:23842-24089(+)	60.27
AYEL01082355.1:66276-66496(-)	57.69
AYEL01062327.1:8251-8495(+)	60.30
AYEL01086091.1:972-1265(+)	72.97
AYEL01089831.1:46238-46440(-)	61.11
AYEL01075279.1:23943-24141(+)	60.13
AYEL01087363.1:630-856(-)	61.14
AYEL01091961.1:27780-27998(-)	57.94
AYEL01077794.1:24699-24954(+)	63.90
AYEL01071290.1:2879-3115(-)	65.24
AYEL01076139.1:4541-4788(+)	62.91
AYEL01087936.1:61853-62066(-)	60.31
AYEL01085544.1:46445-46642(-)	63.91
AYEL01076160.1:3360-3573(+)	67.14
AYEL01065378.1:6276-6505(-)	58.30
AYEL01024923.1:96966-97166(+)	64.75
AYEL01072554.1:730-991(+)	61.97
AYEL01064759.1:13179-13400(+)	69.59
AYEL01059337.1:14568-14821(+)	61.25
AYEL01076762.1:25871-26083(-)	63.98
AYEL01075041.1:20361-20599(+)	62.87
AYEL01089323.1:59178-59392(+)	64.94
AYEL01084139.1:39093-39325(+)	66.51
AYEL01073760.1:43934-44144(+)	63.45
AYEL01070669.1:15723-15952(-)	62.26
AYEL01083157.1:7515-7742(-)	66.18
AYEL01062204.1:1127-1328(-)	63.64
AYEL01080091.1:15894-16100(-)	63.78
AYEL01054859.1:4164-4425(-)	67.55
AYEL01089993.1:4848-5096(-)	66.87
AYEL01069975.1:16993-17200(-)	69.34
AYEL01079709.1:4607-4820(-)	62.71
AYEL01063628.1:3636-3855(-)	68.42
AYEL01078705.1:33757-33989(-)	64.74
AYEL01065457.1:27683-27899(+)	69.06
AYEL01056449.1:15909-16161(-)	58.48
AYEL01079622.1:6320-6541(-)	63.59
AYEL01089056.1:2108-2354(-)	65.87
AYEL01070693.1:11805-12030(+)	63.51
AYEL01085943.1:6880-7157(+)	58.61
AYEL01085604.1:172960-173178(+)	62.14
AYEL01067759.1:19874-20080(+)	66.25
AYEL01086331.1:10189-10395(-)	57.22
AYEL01055836.1:8641-8856(+)	64.14
AYEL01083447.1:13583-13829(-)	68.60
AYEL01016150.1:1416-1662(+)	63.81
AYEL01070976.1:29344-29593(-)	66.67
AYEL01071898.1:4608-4866(+)	61.88
AYEL01067587.1:25546-25757(+)	65.04
AYEL01079992.1:9014-9250(-)	63.64
AYEL01089421.1:9541-9742(-)	65.91
AYEL01085421.1:82691-82916(-)	57.28
AYEL01051850.1:140528-140735(+)	64.71
AYEL01055844.1:40985-41234(+)	57.96
AYEL01083715.1:22453-22667(-)	63.90
AYEL01085755.1:67904-68121(-)	82.00
AYEL01034476.1:5416-5638(-)	63.77
AYEL01072168.1:49227-49450(-)	60.67
AYEL01075304.1:6263-6491(-)	61.95
AYEL01083633.1:56170-56413(-)	62.65
AYEL01079393.1:12467-12674(-)	62.33
AYEL01068340.1:25879-26140(+)	64.88
AYEL01080041.1:76448-76726(+)	58.62
AYEL01085885.1:22255-22493(-)	62.15
AYEL01076931.1:4690-4928(+)	65.48
AYEL01087438.1:51648-51890(+)	64.43
AYEL01089165.1:97895-98102(-)	58.33
AYEL01065882.1:44397-44661(-)	64.04
AYEL01043476.1:23902-24112(-)	65.45
AYEL01082859.1:17045-17256(-)	58.05
AYEL01067660.1:47394-47624(+)	60.44
AYEL01087285.1:8635-8861(-)	63.80
AYEL01015680.1:132411-132657(-)	62.13
AYEL01090658.1:2606-2839(+)	67.88
AYEL01015685.1:98482-98784(+)	60.00
AYEL01085876.1:6514-6753(+)	65.82
AYEL01072515.1:23719-23956(+)	65.77
AYEL01086700.1:8435-8679(-)	61.16
AYEL01087467.1:31760-31984(-)	62.50
AYEL01091828.1:10809-11017(-)	60.49
AYEL01073561.1:9463-9688(+)	62.16
AYEL01077085.1:9253-9478(-)	64.08
AYEL01031809.1:70036-70265(+)	66.30
AYEL01070576.1:10395-10633(+)	61.28
AYEL01073326.1:7584-7810(-)	58.33
AYEL01040589.1:23741-24038(-)	62.32
AYEL01063604.1:23663-23887(-)	60.24
AYEL01086487.1:40868-41114(-)	63.84
AYEL01051099.1:6693-6915(-)	66.67
AYEL01077046.1:25155-25354(+)	58.79
AYEL01050482.1:531-779(+)	65.04
AYEL01064740.1:11427-11672(+)	60.65
AYEL01081006.1:87614-87852(+)	62.91
AYEL01083676.1:27462-27706(+)	64.90
AYEL01076191.1:18259-18469(-)	63.27
AYEL01020083.1:46055-46268(+)	63.74
AYEL01082843.1:29737-29971(+)	67.50
AYEL01060160.1:26940-27185(-)	62.80
AYEL01072502.1:23616-23831(-)	60.87
AYEL01085469.1:3458-3701(-)	67.73
AYEL01090146.1:24099-24339(+)	61.69
AYEL01091893.1:42775-42990(+)	62.09
AYEL01074485.1:56292-56504(+)	59.59
AYEL01090048.1:26462-26696(-)	62.84
AYEL01080701.1:4057-4276(+)	62.68
AYEL01007466.1:2487-2714(+)	59.86
AYEL01067470.1:28479-28711(+)	59.35
AYEL01083901.1:19101-19303(+)	63.97
AYEL01080468.1:25826-26074(+)	61.16
AYEL01072288.1:1767-2074(+)	65.36
AYEL01073596.1:9315-9520(-)	61.76
AYEL01091281.1:123140-123356(+)	65.41
AYEL01080235.1:20701-20904(+)	69.83
AYEL01080306.1:711-920(-)	56.65
AYEL01087584.1:10537-10754(-)	66.67
AYEL01037293.1:1816-2049(-)	68.86
AYEL01061986.1:1084-1281(+)	64.06
AYEL01080468.1:16691-16929(+)	67.79
AYEL01088454.1:41121-41348(+)	61.11
AYEL01086609.1:2535-2742(+)	62.44
AYEL01052979.1:36424-36623(+)	65.66
AYEL01052970.1:7625-7862(-)	63.24
AYEL01076155.1:20086-20304(+)	64.52
AYEL01063383.1:12076-12312(-)	61.24
AYEL01086658.1:6550-6783(+)	59.31
AYEL01080869.1:3058-3297(+)	65.42
AYEL01073575.1:55341-55563(+)	61.35
AYEL01081778.1:25857-26067(+)	66.96
AYEL01080242.1:76529-76736(+)	67.67
AYEL01044484.1:905-1152(-)	61.64
AYEL01072395.1:10985-11228(+)	63.59
AYEL01084017.1:3296-3522(-)	60.99
AYEL01042808.1:4273-4493(+)	69.23
AYEL01088156.1:78755-78981(+)	63.29
AYEL01052383.1:16369-16596(-)	62.10
AYEL01083764.1:48456-48697(-)	56.49
AYEL01012495.1:21441-21652(-)	68.35
AYEL01059700.1:7241-7462(+)	68.90
AYEL01091751.1:13418-13662(-)	53.36
AYEL01081704.1:26457-26702(-)	61.43
AYEL01066548.1:43847-44070(+)	61.69
AYEL01080685.1:3810-4016(-)	64.09
AYEL01063730.1:9057-9290(+)	60.81
AYEL01069723.1:36291-36498(+)	68.38
AYEL01078235.1:6221-6466(-)	67.72
AYEL01089779.1:52304-52530(+)	59.09
AYEL01086785.1:2942-3168(+)	61.26
AYEL01091460.1:19582-19813(-)	57.87
AYEL01083222.1:58560-58800(-)	63.05
AYEL01084409.1:185879-186125(-)	71.34
AYEL01066911.1:59689-59941(+)	61.40
AYEL01072207.1:6267-6516(+)	65.93
AYEL01066017.1:21247-21497(-)	66.83
AYEL01076649.1:3321-3563(+)	57.73
AYEL01091460.1:15548-15789(-)	61.95
AYEL01081134.1:54950-55198(-)	65.17
AYEL01091335.1:8103-8348(-)	66.03
AYEL01090545.1:41915-42123(-)	63.41
AYEL01053428.1:45600-45844(+)	63.04
AYEL01089980.1:6355-6601(+)	58.25
AYEL01072234.1:33423-33681(+)	64.52
AYEL01077796.1:2129-2353(-)	58.74
AYEL01064481.1:51365-51589(+)	63.98
AYEL01088080.1:24988-25217(-)	61.90
AYEL01023612.1:12525-12765(-)	69.14
AYEL01062732.1:21249-21464(+)	60.87
AYEL01079933.1:19405-19666(+)	60.18
AYEL01080257.1:64490-64735(-)	63.64
AYEL01069624.1:14609-14857(-)	66.27
AYEL01038782.1:5820-6038(+)	59.13
AYEL01012252.1:76805-77052(+)	54.92
AYEL01078024.1:16766-17043(-)	68.42
AYEL01088367.1:25558-25790(-)	61.78
AYEL01090486.1:42741-42968(+)	66.67
AYEL01082422.1:17083-17323(+)	63.13
AYEL01079922.1:80060-80303(-)	62.26
AYEL01083890.1:551-799(-)	69.88
AYEL01039917.1:20328-20588(+)	62.50
AYEL01074683.1:3751-3954(+)	63.40
AYEL01075592.1:11709-11940(-)	61.43
AYEL01088606.1:1366-1612(-)	65.71
AYEL01083262.1:11236-11462(+)	58.10
AYEL01089468.1:28835-29083(+)	64.94
AYEL01091400.1:13043-13283(+)	65.22
AYEL01067417.1:1533-1749(-)	66.39
AYEL01059466.1:20778-21020(+)	67.70
AYEL01070176.1:12633-12862(+)	64.06
AYEL01039367.1:26275-26502(+)	57.92
AYEL01078977.1:34443-34674(+)	63.57
AYEL01092019.1:4902-5101(+)	60.42
AYEL01070800.1:36738-36966(-)	63.13
AYEL01027986.1:24922-25125(-)	67.02
AYEL01087381.1:17263-17475(+)	64.36
AYEL01080395.1:32950-33160(+)	64.15
AYEL01069259.1:22928-23148(+)	66.88
AYEL01076924.1:36415-36618(-)	64.16
AYEL01069651.1:6562-6787(-)	57.32
AYEL01084420.1:49643-49863(-)	59.78
AYEL01067418.1:30015-30242(+)	63.05
AYEL01066089.1:9485-9704(-)	61.96
AYEL01089685.1:14660-14871(+)	65.79
AYEL01053691.1:4635-4851(-)	65.09
AYEL01076542.1:144838-145076(-)	62.84
AYEL01037264.1:20765-21009(-)	60.56
AYEL01090592.1:17290-17513(-)	61.93
AYEL01069254.1:27102-27332(+)	65.44
AYEL01067711.1:21137-21369(-)	64.32
AYEL01076117.1:10103-10332(+)	64.67
AYEL01065868.1:9767-10008(+)	59.26
AYEL01046529.1:28403-28637(-)	61.19
AYEL01065367.1:18083-18330(+)	63.76
AYEL01067786.1:35204-35447(-)	66.67
AYEL01078848.1:26637-26837(-)	55.80
AYEL01078608.1:46956-47202(+)	63.41
AYEL01079248.1:3306-3550(-)	61.73
AYEL01074545.1:7861-8063(+)	60.44
AYEL01086896.1:30200-30427(+)	61.18
AYEL01089465.1:28803-29034(-)	63.03
AYEL01069074.1:42233-42446(+)	67.44
AYEL01079205.1:13454-13666(+)	61.14
AYEL01077364.1:59433-59655(-)	62.86
AYEL01088347.1:24269-24479(+)	58.12
AYEL01072045.1:36015-36246(-)	58.49
AYEL01071927.1:27525-27753(-)	60.10
AYEL01084626.1:7082-7306(+)	64.78
AYEL01091918.1:31612-31827(+)	62.01
AYEL01081754.1:2390-2623(+)	61.81
AYEL01015223.1:343-564(+)	66.27
AYEL01070945.1:10773-11015(+)	63.59
AYEL01063179.1:9506-9726(-)	60.00
AYEL01076182.1:17570-17771(-)	60.56
AYEL01073548.1:16361-16570(-)	65.41
AYEL01047253.1:5058-5271(+)	61.50
AYEL01087760.1:94543-94779(-)	59.02
AYEL01090243.1:2627-2850(+)	65.09
AYEL01083331.1:8456-8690(+)	61.47
AYEL01090806.1:42432-42658(+)	67.26
AYEL01074575.1:30982-31186(+)	65.90
AYEL01085550.1:61001-61240(-)	59.55
AYEL01081855.1:49492-49714(+)	60.20
AYEL01053417.1:23979-24193(-)	59.64
AYEL01090294.1:31603-31823(-)	72.17
AYEL01087255.1:9354-9599(+)	59.19
AYEL01076215.1:120963-121209(-)	65.77
AYEL01070628.1:12881-13082(-)	60.98
AYEL01090925.1:6366-6569(+)	60.22
AYEL01078869.1:1624-1843(+)	63.01
AYEL01084107.1:115336-115564(+)	65.07
AYEL01085890.1:16599-16826(-)	63.70
AYEL01085765.1:67299-67526(-)	64.00
AYEL01072073.1:22822-23052(-)	62.20
AYEL01051118.1:7175-7422(-)	64.73
AYEL01091910.1:54144-54385(+)	57.33
AYEL01083595.1:94833-95044(-)	65.00
AYEL01074152.1:24574-24802(+)	58.85
AYEL01072942.1:28246-28489(-)	63.64
AYEL01064666.1:18608-18829(+)	65.35
AYEL01077574.1:36399-36602(-)	60.34
AYEL01085890.1:82640-82867(+)	64.02
AYEL01092044.1:25016-25265(-)	65.75
AYEL01081124.1:34430-34646(-)	65.85
AYEL01080957.1:12137-12358(-)	61.88
AYEL01081135.1:10144-10441(+)	60.28
AYEL01013640.1:34899-35115(+)	60.00
AYEL01081749.1:22559-22770(-)	64.54
AYEL01071134.1:8446-8669(-)	69.62
AYEL01082703.1:131094-131314(+)	60.85
AYEL01081768.1:96357-96573(+)	61.17
AYEL01073831.1:27280-27499(-)	66.46
AYEL01092109.1:91602-91809(-)	61.11
AYEL01089734.1:4607-4827(+)	54.12
AYEL01083082.1:7223-7448(+)	59.07
AYEL01082636.1:34829-35035(+)	60.25
AYEL01084255.1:3259-3503(+)	62.11
AYEL01081794.1:5949-6163(-)	60.40
AYEL01088099.1:4910-5138(+)	60.00
AYEL01062481.1:76381-76609(+)	64.24
AYEL01017319.1:26352-26563(+)	60.77
AYEL01091991.1:7835-8067(-)	66.50
AYEL01082370.1:47945-48164(-)	62.40
AYEL01083179.1:43405-43615(+)	60.74
AYEL01037706.1:47-270(+)	58.45
AYEL01015476.1:1095-1320(-)	63.93
AYEL01079987.1:10356-10558(-)	63.57
AYEL01033764.1:23020-23256(-)	65.00
AYEL01051166.1:6443-6662(+)	64.56
AYEL01053645.1:29203-29435(-)	58.26
AYEL01081696.1:7105-7352(-)	65.74
AYEL01077163.1:16175-16413(-)	61.72
AYEL01037427.1:11767-12012(+)	64.22
AYEL01086063.1:17899-18137(+)	59.41
AYEL01083676.1:9604-9845(-)	63.59
AYEL01066832.1:5111-5355(+)	63.98
AYEL01002179.1:1117-1347(-)	61.05
AYEL01060484.1:36816-37035(+)	65.88
AYEL01046261.1:9819-10042(-)	63.33
AYEL01061826.1:48284-48514(+)	61.24
AYEL01080864.1:24733-24989(-)	71.25
AYEL01084449.1:4288-4507(+)	63.05
AYEL01088279.1:14148-14356(-)	66.42
AYEL01072843.1:32311-32539(+)	70.00
AYEL01091776.1:26012-26255(-)	59.09
AYEL01063782.1:10633-10833(+)	64.85
AYEL01047748.1:2205-2440(+)	64.24
AYEL01091409.1:2809-3064(-)	69.33
AYEL01091839.1:9935-10167(-)	63.78
AYEL01077016.1:9055-9286(-)	67.63
AYEL01090280.1:1044-1253(-)	61.27
AYEL01083679.1:132177-132394(-)	57.95
AYEL01070882.1:12234-12457(+)	59.79
AYEL01089992.1:16221-16429(-)	61.94
AYEL01064607.1:16977-17191(+)	63.24
AYEL01078833.1:10033-10267(+)	61.66
AYEL01076630.1:14258-14492(-)	63.86
AYEL01066574.1:171510-171733(-)	64.59
AYEL01077405.1:36694-36933(+)	61.88
AYEL01067522.1:24306-24540(+)	60.91
AYEL01081678.1:3789-4017(-)	62.05
AYEL01070364.1:13136-13381(+)	61.25
AYEL01032855.1:6787-7036(-)	62.09
AYEL01073005.1:20629-20875(+)	62.28
AYEL01047976.1:29393-29593(-)	63.98
AYEL01091617.1:3873-4091(+)	59.38
AYEL01065374.1:15045-15273(-)	62.81
AYEL01089942.1:154500-154709(-)	64.60
AYEL01086466.1:12584-12821(+)	59.22
AYEL01086497.1:32526-32765(-)	62.07
AYEL01080504.1:34854-35077(+)	61.03
AYEL01090520.1:15367-15597(-)	64.86
AYEL01079209.1:82646-82855(+)	61.31
AYEL01088949.1:6489-6718(-)	61.47
AYEL01065822.1:61571-61802(-)	68.05
AYEL01088933.1:7958-8174(+)	60.67
AYEL01012510.1:214-457(-)	65.48
AYEL01070391.1:7843-8093(-)	67.08
AYEL01091532.1:19384-19595(+)	63.01
AYEL01084529.1:23679-23917(+)	61.86
AYEL01081131.1:20722-20941(-)	60.44
AYEL01061451.1:13267-13498(+)	58.77
AYEL01065985.1:21788-22019(-)	60.00
AYEL01074068.1:124079-124283(-)	67.39
AYEL01089249.1:156788-157007(-)	59.50
AYEL01081813.1:6835-7082(+)	60.62
AYEL01081151.1:42573-42805(+)	60.29
AYEL01064576.1:61344-61550(+)	60.20
AYEL01084277.1:4195-4407(+)	65.03
AYEL01081042.1:11368-11593(-)	65.64
AYEL01085196.1:30451-30704(+)	67.26
AYEL01048492.1:16661-16875(-)	70.74
AYEL01049229.1:9127-9368(-)	68.48
AYEL01085351.1:16938-17162(+)	66.67
AYEL01082565.1:8609-8911(+)	59.47
AYEL01087594.1:10395-10640(-)	60.95
AYEL01046014.1:3895-4135(-)	59.32
AYEL01075620.1:53147-53364(+)	59.81
AYEL01088883.1:14929-15167(-)	61.32
AYEL01090422.1:29664-29908(+)	66.12
AYEL01068529.1:785-1023(-)	63.78
AYEL01078355.1:47952-48170(+)	62.03
AYEL01061586.1:20329-20541(+)	66.45
AYEL01089754.1:15031-15230(-)	62.37
AYEL01071401.1:80350-80576(-)	65.56
AYEL01073666.1:5268-5473(+)	59.51
AYEL01053933.1:32622-32862(+)	60.61
AYEL01054059.1:12584-12814(-)	67.58
AYEL01082138.1:30185-30409(-)	65.20
AYEL01087698.1:16229-16474(+)	63.47
AYEL01064292.1:41956-42168(+)	62.63
AYEL01091730.1:55959-56183(-)	60.12
AYEL01083932.1:3999-4243(+)	60.54
AYEL01066612.1:10644-10867(+)	56.88
AYEL01071485.1:2095-2301(-)	58.54
AYEL01079539.1:8361-8602(+)	62.20
AYEL01091615.1:10278-10521(-)	67.07
AYEL01080581.1:11510-11744(-)	59.51
AYEL01079090.1:10367-10630(+)	61.69
AYEL01081227.1:22105-22306(-)	58.78
AYEL01058452.1:40880-41109(-)	66.42
AYEL01060928.1:48798-49022(+)	60.27
AYEL01074000.1:36983-37225(-)	64.68
AYEL01081306.1:13792-13994(+)	61.98
AYEL01075369.1:120506-120724(+)	62.86
AYEL01086277.1:15700-15947(+)	63.95
AYEL01085682.1:16747-16986(-)	63.87
AYEL01068758.1:28587-28797(+)	58.88
AYEL01073267.1:24910-25179(+)	62.07
AYEL01066813.1:18680-18933(-)	62.82
AYEL01083273.1:51605-51845(-)	66.87
AYEL01089848.1:42832-43046(+)	63.79
AYEL01073626.1:3432-3646(+)	63.68
AYEL01077241.1:33998-34234(+)	65.48
AYEL01052983.1:7438-7683(+)	63.78
AYEL01091095.1:6537-6775(-)	61.83
AYEL01016911.1:56769-57010(+)	69.38
AYEL01090481.1:53598-53827(+)	62.50
AYEL01062754.1:11638-11851(-)	66.12
AYEL01057933.1:14725-14957(-)	62.80
AYEL01061151.1:8726-8981(-)	59.51
AYEL01069084.1:55958-56192(+)	65.06
AYEL01072803.1:14695-14902(-)	64.02
AYEL01086449.1:107668-107883(-)	57.69
AYEL01080385.1:13374-13614(+)	62.50
AYEL01085648.1:45412-45654(-)	63.53
AYEL01091340.1:210836-211142(+)	63.57
AYEL01064317.1:17403-17607(-)	58.13
AYEL01068653.1:6757-6965(-)	62.13
AYEL01070644.1:12802-13015(+)	72.36
AYEL01081845.1:55576-55821(+)	59.81
AYEL01065806.1:9101-9346(+)	61.50
AYEL01069801.1:94470-94736(+)	61.04
AYEL01051380.1:50393-50610(+)	63.64
AYEL01071898.1:60788-61012(+)	67.80
AYEL01027677.1:73174-73381(-)	59.52
AYEL01079303.1:50506-50718(+)	58.25
AYEL01068970.1:1095-1320(-)	72.90
AYEL01080150.1:76889-77125(+)	65.71
AYEL01080714.1:322-535(+)	60.49
AYEL01049781.1:13953-14198(-)	65.57
AYEL01087120.1:37833-38054(-)	62.31
AYEL01075137.1:79434-79644(-)	66.43
AYEL01051127.1:85176-85395(+)	60.30
AYEL01078127.1:2178-2414(-)	65.03
AYEL01078670.1:3383-3609(+)	62.84
AYEL01065842.1:376-679(-)	64.04
AYEL01091653.1:122512-122710(+)	62.42
AYEL01087759.1:11859-12087(+)	60.29
AYEL01032577.1:21753-21983(-)	54.59
AYEL01071787.1:24698-24931(-)	60.10
AYEL01073395.1:8928-9167(-)	64.29
AYEL01075713.1:7150-7374(+)	67.47
AYEL01080702.1:1901-2113(+)	65.22
AYEL01064876.1:3168-3389(+)	63.54
AYEL01070749.1:6308-6523(-)	62.76
AYEL01085500.1:4172-4464(+)	65.41
AYEL01090277.1:20977-21203(+)	61.11
AYEL01067715.1:3695-3907(-)	64.08
AYEL01071784.1:79783-79984(-)	58.88
AYEL01060927.1:72442-72672(+)	64.11
AYEL01080007.1:24789-25019(-)	68.05
AYEL01091030.1:33662-33889(+)	59.38
AYEL01089395.1:1954-2166(-)	65.05
AYEL01072787.1:24192-24392(-)	60.12
AYEL01085750.1:98102-98334(+)	63.24
AYEL01070288.1:79883-80118(+)	58.29
AYEL01065845.1:5897-6098(-)	59.47
AYEL01058470.1:3940-4154(+)	62.43
AYEL01086783.1:5017-5259(-)	61.93
AYEL01089459.1:2065-2306(-)	59.81
AYEL01080661.1:58431-58644(+)	64.09
AYEL01078708.1:8528-8758(+)	64.46
AYEL01023452.1:8532-8740(+)	62.19
AYEL01045404.1:18291-18524(+)	62.21
AYEL01071673.1:24825-25071(+)	60.96
AYEL01062561.1:63651-63886(-)	62.56
AYEL01088523.1:9993-10212(-)	58.77
AYEL01065112.1:8128-8371(+)	63.83
AYEL01088486.1:27540-27789(+)	73.33
AYEL01072012.1:71304-71528(-)	64.25
AYEL01060884.1:47048-47289(-)	62.38
AYEL01072667.1:59051-59295(-)	63.35
AYEL01082139.1:3548-3757(-)	60.76
AYEL01047989.1:63031-63268(-)	64.71
AYEL01066781.1:25507-25736(-)	64.67
AYEL01057466.1:13421-13651(-)	60.59
AYEL01086569.1:9643-9884(-)	60.75
AYEL01084969.1:34910-35125(-)	61.68
AYEL01080798.1:13519-13746(+)	67.08
AYEL01058752.1:11663-11882(+)	64.38
AYEL01048739.1:17487-17738(-)	63.59
AYEL01072401.1:2564-2787(+)	59.70
AYEL01077930.1:6881-7089(-)	62.99
AYEL01066398.1:4527-4757(-)	60.77
AYEL01072753.1:3382-3602(-)	55.14
AYEL01050582.1:4416-4625(+)	68.15
AYEL01090300.1:58998-59248(+)	68.27
AYEL01015477.1:49725-49950(-)	61.01
AYEL01090504.1:1738-1963(+)	67.30
AYEL01088473.1:45542-45788(+)	65.06
AYEL01074970.1:69357-69561(+)	61.54
AYEL01069804.1:107517-107763(+)	62.20
AYEL01062263.1:1168-1408(-)	61.82
AYEL01085477.1:7177-7417(+)	61.24
AYEL01083680.1:33769-33972(-)	61.54
AYEL01085077.1:13373-13590(+)	58.76
AYEL01087969.1:69939-70152(-)	63.82
AYEL01068226.1:14181-14388(+)	61.03
AYEL01015679.1:1455-1661(+)	60.89
AYEL01078977.1:33739-33970(+)	63.57
AYEL01047434.1:13206-13412(+)	64.29
AYEL01060718.1:221-466(+)	64.57
AYEL01078473.1:41581-41823(-)	62.16
AYEL01074472.1:2707-2933(+)	63.29
AYEL01045384.1:17454-17683(-)	62.38
AYEL01089503.1:33784-34005(-)	57.21
AYEL01082909.1:241665-241894(-)	65.64
AYEL01065837.1:33648-33907(+)	68.26
AYEL01039437.1:18905-19151(-)	65.19
AYEL01077411.1:54913-55139(-)	60.93
AYEL01070400.1:13270-13550(+)	69.15
AYEL01068937.1:34994-35214(-)	64.39
AYEL01070066.1:22506-22736(-)	60.95
AYEL01048914.1:63860-64079(+)	64.02
AYEL01028046.1:11410-11624(-)	63.89
AYEL01064724.1:39086-39318(-)	62.09
AYEL01081589.1:20753-20974(-)	64.33
AYEL01029949.1:14526-14769(-)	65.76
AYEL01065333.1:7825-8083(-)	62.25
AYEL01090486.1:23978-24219(+)	60.29
AYEL01053534.1:12476-12706(+)	63.03
AYEL01069805.1:19744-19970(-)	61.64
AYEL01084029.1:9883-10113(-)	66.67
AYEL01082291.1:129847-130082(-)	58.56
AYEL01070952.1:26169-26387(+)	60.45
AYEL01082933.1:4542-4834(-)	64.16
AYEL01064842.1:17314-17516(+)	65.15
AYEL01081108.1:1070-1311(+)	57.01
AYEL01081841.1:1067-1309(-)	68.10
AYEL01087380.1:15567-15805(-)	60.00
AYEL01091524.1:15398-15647(-)	63.64
AYEL01079502.1:59812-60053(-)	61.46
AYEL01056274.1:20600-20834(+)	60.71
AYEL01082127.1:59427-59641(-)	63.16
AYEL01080012.1:86768-86989(-)	65.06
AYEL01092312.1:56605-56809(-)	64.82
AYEL01055862.1:14044-14262(+)	63.92
AYEL01025824.1:45094-45317(-)	70.71
AYEL01081641.1:100391-100636(-)	66.00
AYEL01045091.1:16278-16486(-)	68.38
AYEL01003794.1:4525-4765(+)	66.89
AYEL01057238.1:58-299(-)	58.24
AYEL01085897.1:3367-3600(-)	57.31
AYEL01075287.1:36138-36341(+)	64.15
AYEL01061090.1:18936-19147(+)	62.89
AYEL01092314.1:16539-16766(+)	59.05
AYEL01086337.1:2002-2218(+)	61.19
AYEL01087262.1:76869-77067(+)	59.65
AYEL01078314.1:74611-74836(+)	57.49
AYEL01079923.1:7420-7638(-)	63.37
AYEL01078966.1:156-373(+)	69.05
AYEL01064531.1:47598-47799(+)	61.18
AYEL01088093.1:4536-4789(+)	69.23
AYEL01067892.1:5213-5442(+)	66.67
AYEL01052569.1:18088-18301(+)	62.91
AYEL01063985.1:53804-54043(+)	62.56
AYEL01076445.1:20949-21184(-)	56.29
AYEL01071048.1:726-948(-)	61.50
AYEL01081153.1:60680-60916(+)	69.46
AYEL01086224.1:21675-21901(-)	62.86
AYEL01064694.1:10747-10989(-)	64.04
AYEL01049126.1:12169-12384(-)	62.42
AYEL01070577.1:4400-4605(+)	66.67
AYEL01078820.1:1906-2124(+)	64.52
AYEL01079665.1:13773-13980(+)	67.77
AYEL01052556.1:1853-2095(-)	67.70
AYEL01034168.1:10195-10432(+)	64.56
AYEL01082312.1:120460-120705(+)	65.55
AYEL01076226.1:67221-67454(-)	63.49
AYEL01087772.1:19256-19496(+)	62.20
AYEL01077103.1:31883-32115(+)	63.38
AYEL01077494.1:22400-22603(+)	63.01
AYEL01034913.1:5326-5545(-)	67.43
AYEL01067490.1:9103-9327(+)	61.87
AYEL01042347.1:20371-20611(-)	61.06
AYEL01086030.1:48496-48722(+)	57.53
AYEL01063058.1:46592-46854(-)	65.55
AYEL01057716.1:81139-81368(+)	67.66
AYEL01074637.1:5142-5376(-)	59.89
AYEL01084168.1:1935-2146(-)	60.87
AYEL01032409.1:513-715(+)	63.97
AYEL01073346.1:2563-2783(+)	59.52
AYEL01062546.1:22470-22686(+)	58.17
AYEL01091871.1:53510-53717(+)	61.66
AYEL01065104.1:9887-10098(-)	58.64
AYEL01078565.1:70948-71158(+)	67.19
AYEL01090383.1:13007-13224(+)	65.41
AYEL01063128.1:17866-18099(-)	64.20
AYEL01076179.1:103237-103471(-)	64.12
AYEL01045417.1:34080-34308(-)	60.44
AYEL01079087.1:12300-12499(+)	62.84
AYEL01075584.1:5684-5920(+)	67.93
AYEL01091525.1:4803-5047(+)	63.13
AYEL01048737.1:39589-39829(+)	61.74
AYEL01068881.1:62955-63185(-)	66.21
AYEL01036006.1:30696-30897(-)	74.34
AYEL01084457.1:23868-24112(-)	62.21
AYEL01075111.1:9676-9879(-)	64.13
AYEL01087631.1:4075-4289(+)	64.19
AYEL01065101.1:13831-14077(+)	62.43
AYEL01057917.1:14364-14594(+)	61.66
AYEL01085557.1:2982-3184(-)	66.88
AYEL01037294.1:8857-9078(-)	58.50
AYEL01060152.1:9896-10112(+)	66.07
AYEL01078397.1:2360-2566(-)	62.37
AYEL01067385.1:11249-11468(+)	61.07
AYEL01081628.1:73676-73920(-)	64.06
AYEL01082882.1:39856-40101(+)	58.77
AYEL01047824.1:85765-85966(-)	68.67
AYEL01059844.1:5748-5951(+)	63.58
AYEL01086471.1:70652-70928(+)	64.71
AYEL01048199.1:17778-17987(-)	57.50
AYEL01077926.1:26799-27017(-)	61.06
AYEL01082870.1:93912-94119(-)	59.28
AYEL01085349.1:10591-10837(+)	60.44
AYEL01064985.1:5871-6087(+)	61.38
AYEL01080500.1:13283-13524(-)	58.74
AYEL01072234.1:25879-26103(+)	63.87
AYEL01050405.1:9718-9932(+)	61.79
AYEL01081127.1:16105-16310(+)	65.28
AYEL01068315.1:55704-55933(-)	62.68
AYEL01053419.1:31383-31611(-)	61.75
AYEL01052668.1:19404-19630(+)	62.50
AYEL01070948.1:32284-32528(+)	62.90
AYEL01087556.1:12350-12553(-)	64.94
AYEL01090878.1:11938-12150(-)	61.31
AYEL01091261.1:1920-2151(-)	59.47
AYEL01080661.1:60072-60301(-)	64.00
AYEL01083179.1:38963-39197(+)	60.95
AYEL01084687.1:4266-4507(-)	61.24
AYEL01067536.1:32535-32756(+)	67.39
AYEL01071673.1:143197-143405(+)	61.74
AYEL01083275.1:42172-42409(+)	62.50
AYEL01062741.1:23030-23244(+)	55.88
AYEL01074090.1:13828-14077(-)	63.91
AYEL01080428.1:7736-7961(+)	61.50
AYEL01087858.1:47631-47855(+)	61.86
AYEL01058725.1:346-600(+)	65.70
AYEL01087679.1:47829-48048(-)	66.16
AYEL01086854.1:68555-68766(-)	64.33
AYEL01076638.1:15556-15772(-)	65.67
AYEL01084611.1:3358-3598(+)	61.67
AYEL01072892.1:19435-19674(-)	60.10
AYEL01089769.1:11612-11826(+)	56.22
AYEL01079699.1:8448-8684(+)	66.89
AYEL01090614.1:33856-34081(-)	63.76
AYEL01067434.1:13988-14229(+)	58.24
AYEL01088289.1:31182-31431(-)	65.55
AYEL01084663.1:40673-40897(-)	69.29
AYEL01059885.1:3972-4216(+)	65.68
AYEL01081497.1:83496-83724(-)	65.26
AYEL01075674.1:62268-62573(-)	62.96
AYEL01073195.1:6449-6648(-)	60.67
AYEL01069573.1:36383-36605(+)	65.06
AYEL01088107.1:55981-56193(+)	64.07
AYEL01079397.1:7615-7845(+)	63.33
AYEL01048408.1:1641-1873(-)	62.80
AYEL01054330.1:13268-13500(+)	62.25
AYEL01091579.1:2321-2528(-)	63.19
AYEL01087575.1:1292-1527(+)	68.32
AYEL01066392.1:30372-30586(-)	64.42
AYEL01079065.1:49112-49363(+)	66.67
AYEL01034166.1:9963-10204(+)	58.76
AYEL01049358.1:60223-60450(+)	60.77
AYEL01066754.1:1209-1413(-)	64.38
AYEL01061756.1:38952-39194(-)	62.56
AYEL01092356.1:10994-11228(-)	58.33
AYEL01064408.1:9644-9914(+)	64.42
AYEL01064407.1:14019-14246(-)	61.47
AYEL01084429.1:14618-14845(+)	62.90
AYEL01087375.1:8537-8752(+)	60.41
AYEL01043470.1:6356-6577(-)	67.24
AYEL01073606.1:6121-6366(+)	59.64
AYEL01067622.1:14117-14353(-)	67.00
AYEL01088042.1:32662-32905(+)	62.56
AYEL01058258.1:5171-5402(+)	60.77
AYEL01076400.1:7997-8214(+)	63.24
AYEL01069601.1:18437-18653(-)	54.46
AYEL01081982.1:11290-11518(-)	60.00
AYEL01067871.1:7581-7826(-)	62.44
AYEL01079691.1:7299-7529(+)	63.59
AYEL01071290.1:3185-3428(-)	65.24
AYEL01055267.1:5537-5757(+)	62.14
AYEL01074236.1:28778-29030(-)	64.59
AYEL01031809.1:45730-46007(+)	61.06
AYEL01084510.1:7493-7716(-)	61.54
AYEL01081139.1:18829-19072(+)	61.58
AYEL01066683.1:85312-85557(-)	62.96
AYEL01081292.1:31327-31538(+)	61.29
AYEL01076901.1:68309-68520(-)	64.66
AYEL01091096.1:8565-8799(+)	63.59
AYEL01080581.1:22788-23031(+)	59.43
AYEL01071448.1:3808-4056(+)	59.30
AYEL01080397.1:16649-16852(+)	64.96
AYEL01050279.1:75592-75836(-)	58.72
AYEL01088307.1:34962-35181(+)	63.31
AYEL01070728.1:72446-72657(+)	57.35
AYEL01053990.1:32562-32761(-)	60.21
AYEL01085868.1:7018-7265(+)	61.88
AYEL01077793.1:20024-20263(+)	62.95
AYEL01057506.1:69379-69613(-)	64.50
AYEL01051596.1:81655-81915(-)	65.52
AYEL01023233.1:383-620(-)	66.88
AYEL01039444.1:25394-25611(-)	64.11
AYEL01056802.1:40946-41154(-)	59.11
AYEL01056912.1:2859-3091(+)	59.82
AYEL01081828.1:48564-48787(+)	59.19
AYEL01056855.1:286278-286490(-)	64.97
AYEL01038533.1:2023-2268(-)	63.27
AYEL01044758.1:48557-48779(-)	67.97
AYEL01081957.1:18079-18308(+)	63.64
AYEL01079249.1:62326-62558(+)	61.08
AYEL01090980.1:8639-8880(-)	65.55
AYEL01065559.1:29267-29500(-)	60.81
AYEL01086491.1:110966-111189(+)	67.96
AYEL01072605.1:1952-2182(+)	60.87
AYEL01071693.1:564-805(-)	62.03
AYEL01061488.1:149044-149244(-)	66.14
AYEL01087091.1:23714-23922(+)	53.88
AYEL01085735.1:20460-20701(-)	67.33
AYEL01074204.1:27586-27832(+)	63.64
AYEL01078489.1:56291-56499(-)	62.10
AYEL01070427.1:9466-9689(+)	61.85
AYEL01070134.1:5260-5467(-)	60.53
AYEL01069687.1:2771-2989(+)	59.90
AYEL01084197.1:160754-160968(+)	62.50
AYEL01090122.1:59602-59828(-)	59.69
AYEL01029890.1:10956-11202(-)	61.93
AYEL01052764.1:13444-13682(+)	61.86
AYEL01080804.1:34088-34316(-)	61.35
AYEL01064025.1:1424-1652(+)	59.69
AYEL01049339.1:823-1064(+)	67.40
AYEL01071586.1:35677-35893(-)	64.96
AYEL01051137.1:53934-54166(-)	60.00
AYEL01023990.1:20712-20952(+)	60.00
AYEL01052552.1:12207-12451(-)	58.52
AYEL01086139.1:10326-10537(+)	64.43
AYEL01088176.1:16822-17044(+)	62.73
AYEL01091023.1:139348-139600(-)	63.83
AYEL01076960.1:20286-20510(-)	60.65
AYEL01005228.1:404-607(+)	65.55
AYEL01078563.1:34038-34278(-)	60.30
AYEL01090579.1:23911-24179(+)	68.10
AYEL01055876.1:13657-13921(+)	68.10
AYEL01086142.1:3510-3759(-)	63.29
AYEL01071137.1:11613-11822(-)	60.45
AYEL01059148.1:9175-9398(-)	65.24
AYEL01082353.1:67131-67347(-)	57.42
AYEL01074952.1:28872-29100(+)	59.26
AYEL01083287.1:14039-14283(-)	61.47
AYEL01057464.1:23774-23976(-)	58.44
AYEL01079747.1:8414-8637(-)	69.94
AYEL01085209.1:23531-23793(-)	63.55
AYEL01068950.1:67785-68006(+)	66.42
AYEL01077728.1:5525-5770(-)	59.72
AYEL01078114.1:86465-86701(+)	65.84
AYEL01083112.1:60044-60289(-)	66.86
AYEL01076473.1:19521-19752(+)	63.64
AYEL01078217.1:12881-13125(-)	66.67
AYEL01016797.1:1085-1329(-)	61.44
AYEL01088830.1:3234-3479(+)	63.58
AYEL01023990.1:12477-12719(+)	57.34
AYEL01077397.1:87311-87570(-)	69.93
AYEL01035939.1:1112-1340(+)	62.64
AYEL01084381.1:43124-43368(-)	65.87
AYEL01084222.1:35512-35748(+)	63.55
AYEL01067828.1:5784-6001(+)	65.76
AYEL01076468.1:11777-12018(-)	60.83
AYEL01069209.1:4745-4984(+)	69.59
AYEL01091306.1:4820-5028(-)	64.42
AYEL01079867.1:38302-38502(+)	58.85
AYEL01087301.1:39104-39307(-)	67.83
AYEL01086939.1:40370-40595(-)	63.59
AYEL01088434.1:89713-89940(-)	59.26
AYEL01084463.1:114320-114550(-)	60.00
AYEL01091882.1:104766-105010(+)	65.45
AYEL01081628.1:68924-69148(-)	60.09
AYEL01065656.1:19623-19869(-)	64.59
AYEL01088582.1:1296-1508(-)	65.13
AYEL01075628.1:66842-67076(+)	67.76
AYEL01075033.1:4147-4355(+)	61.67
AYEL01068482.1:28847-29100(+)	62.16
AYEL01091973.1:2327-2561(-)	65.87
AYEL01079317.1:13018-13249(+)	62.44
AYEL01084758.1:1750-1982(+)	57.78
AYEL01074079.1:53840-54083(-)	60.18
AYEL01063501.1:7417-7641(+)	62.43
AYEL01072351.1:32753-32983(+)	64.32
AYEL01076548.1:6204-6471(-)	66.99
AYEL01064139.1:14561-14814(+)	71.90
AYEL01090925.1:13712-13942(-)	65.24
AYEL01064691.1:3029-3241(-)	62.18
AYEL01087905.1:50207-50421(-)	68.35
AYEL01091668.1:3797-4046(-)	64.11
AYEL01033178.1:8013-8258(-)	55.83
AYEL01078758.1:2920-3156(-)	62.50
AYEL01086827.1:11780-11986(-)	61.21
AYEL01082614.1:8248-8452(-)	58.17
AYEL01085200.1:25827-26043(-)	67.76
AYEL01080625.1:7039-7271(+)	67.27
AYEL01081813.1:11272-11526(-)	62.56
AYEL01064723.1:47244-47508(-)	61.40
AYEL01083139.1:27662-27867(-)	61.58
AYEL01088554.1:11276-11505(-)	70.06
AYEL01076575.1:41634-41867(-)	58.15
AYEL01082932.1:15519-15764(+)	61.95
AYEL01062309.1:1724-1955(-)	61.33
AYEL01086508.1:52508-52724(+)	71.07
AYEL01083063.1:37188-37385(-)	63.09
AYEL01089999.1:8001-8231(+)	58.82
AYEL01091886.1:69234-69438(-)	63.31
AYEL01071324.1:56436-56637(-)	57.53
AYEL01054974.1:32612-32840(+)	62.11
AYEL01087336.1:2062-2306(-)	57.02
AYEL01088443.1:32140-32365(-)	64.96
AYEL01042941.1:95579-95820(+)	66.67
AYEL01076876.1:12516-12760(+)	63.68
AYEL01085424.1:62878-63086(+)	57.14
AYEL01086465.1:119868-120120(-)	60.87
AYEL01090948.1:2734-2963(-)	62.15
AYEL01012986.1:6186-6406(+)	66.14
AYEL01073285.1:1623-1862(-)	60.10
AYEL01058908.1:28590-28797(+)	58.92
AYEL01086854.1:105559-105765(+)	67.09
AYEL01090168.1:97961-98176(+)	62.86
AYEL01086219.1:84552-84796(-)	63.68
AYEL01090841.1:33706-33932(+)	64.64
AYEL01091933.1:17303-17523(+)	60.23
AYEL01029920.1:7161-7394(-)	64.05
AYEL01090804.1:8850-9092(-)	61.08
AYEL01070435.1:3196-3425(-)	62.38
AYEL01085528.1:15166-15400(+)	58.99
AYEL01064658.1:1948-2183(+)	58.86
AYEL01039170.1:12449-12674(-)	63.38
AYEL01060764.1:99067-99270(+)	62.28
AYEL01090401.1:11617-11860(-)	62.35
AYEL01088596.1:1599-1823(-)	60.10
AYEL01052522.1:5507-5709(+)	64.24
AYEL01086004.1:21145-21368(+)	61.01
AYEL01076862.1:3527-3751(+)	62.20
AYEL01078135.1:83277-83520(+)	59.09
AYEL01042052.1:21061-21262(+)	61.97
AYEL01024383.1:2557-2779(-)	61.80
AYEL01038992.1:96270-96501(-)	65.27
AYEL01068881.1:76712-76940(+)	65.07
AYEL01080350.1:7576-7810(-)	60.49
AYEL01083007.1:37313-37545(+)	62.93
AYEL01056794.1:7847-8085(+)	67.53
AYEL01053299.1:6854-7056(+)	60.94
AYEL01045165.1:1391-1636(+)	61.72
AYEL01060793.1:78472-78678(+)	57.04
AYEL01036112.1:207-458(-)	63.33
AYEL01080113.1:37113-37430(-)	63.91
AYEL01071136.1:16905-17135(+)	60.00
AYEL01076379.1:39180-39393(+)	71.17
AYEL01086149.1:40345-40567(+)	57.00
AYEL01075362.1:5295-5544(-)	59.91
AYEL01075226.1:18485-18734(-)	60.20
AYEL01085831.1:39693-39935(-)	58.04
AYEL01055547.1:19281-19511(-)	59.03
AYEL01084586.1:46587-46815(-)	59.11
AYEL01050048.1:3938-4175(-)	61.47
AYEL01084409.1:121434-121659(-)	65.06
AYEL01086456.1:21275-21509(+)	60.42
AYEL01085938.1:14110-14357(-)	58.82
AYEL01073884.1:26888-27114(+)	63.84
AYEL01072016.1:35791-36011(+)	62.01
AYEL01051307.1:9537-9792(+)	67.74
AYEL01089064.1:11781-11981(-)	59.51
AYEL01057649.1:739-948(+)	63.10
AYEL01056456.1:17382-17624(-)	61.08
AYEL01060807.1:10064-10288(+)	58.05
AYEL01081680.1:10824-11056(+)	65.38
AYEL01052989.1:9889-10110(+)	63.75
AYEL01052624.1:57511-57740(+)	62.05
AYEL01076922.1:8427-8649(+)	61.18
AYEL01084298.1:9608-9829(+)	62.12
AYEL01064047.1:40367-40609(-)	66.45
AYEL01070945.1:18921-19185(-)	65.55
AYEL01076669.1:29432-29654(+)	65.04
AYEL01085201.1:7184-7402(-)	66.46
AYEL01076320.1:20567-20786(+)	58.49
AYEL01090719.1:26460-26689(-)	59.69
AYEL01024928.1:10652-10890(+)	70.20
AYEL01079065.1:12741-12969(+)	58.90
AYEL01042594.1:48474-48686(+)	62.90
AYEL01064691.1:44748-45000(+)	68.60
AYEL01076241.1:12576-12810(+)	66.27
AYEL01090448.1:5959-6201(-)	60.84
AYEL01080594.1:53257-53481(-)	61.90
AYEL01091862.1:8056-8260(+)	65.54
AYEL01079610.1:9553-9800(+)	60.79
AYEL01084093.1:24491-24701(+)	66.23
AYEL01065970.1:51221-51467(-)	62.03
AYEL01091790.1:8667-8865(+)	63.93
AYEL01071640.1:4697-4944(-)	62.20
AYEL01063263.1:141554-141753(-)	63.98
AYEL01071769.1:2904-3127(+)	60.42
AYEL01063301.1:22951-23198(-)	64.84
AYEL01082888.1:21840-22063(-)	63.24
AYEL01087998.1:32195-32432(+)	55.90
AYEL01083315.1:73667-73864(+)	64.90
AYEL01079582.1:16498-16731(+)	61.32
AYEL01069499.1:1487-1713(-)	60.89
AYEL01083644.1:24986-25213(-)	65.12
AYEL01078143.1:20226-20441(+)	63.28
AYEL01078066.1:40797-41021(-)	59.82
AYEL01066699.1:16090-16307(-)	68.64
AYEL01048402.1:14128-14357(-)	66.15
AYEL01042594.1:49502-49723(+)	68.32
AYEL01072990.1:21599-21827(-)	61.40
AYEL01076392.1:59173-59418(-)	63.19
AYEL01058814.1:791-1007(-)	64.06
AYEL01079228.1:52961-53164(-)	64.00
AYEL01090847.1:94109-94355(+)	61.37
AYEL01084736.1:43142-43357(+)	59.90
AYEL01077819.1:18665-18883(+)	62.07
AYEL01029912.1:14831-15052(+)	58.67
AYEL01066212.1:7285-7511(+)	63.07
AYEL01047486.1:18922-19129(+)	62.37
AYEL01074441.1:2561-2800(+)	58.74
AYEL01061158.1:7056-7292(+)	64.81
AYEL01084755.1:9988-10233(+)	64.02
AYEL01077641.1:27699-27943(-)	68.52
AYEL01085780.1:7709-7943(-)	65.88
AYEL01086052.1:4688-4925(+)	61.61
AYEL01091746.1:46538-46745(-)	57.50
AYEL01051343.1:15516-15730(+)	59.91
AYEL01087054.1:22336-22643(-)	67.46
AYEL01069896.1:49502-49732(+)	59.45
AYEL01086832.1:23786-23991(-)	55.21
AYEL01048853.1:73929-74137(-)	61.19
AYEL01065478.1:32650-32884(-)	61.43
AYEL01072186.1:9081-9314(+)	60.68
AYEL01061421.1:4187-4411(+)	63.23
AYEL01085262.1:21950-22174(-)	63.33
AYEL01070546.1:11585-11813(-)	62.62
AYEL01085171.1:2841-3039(-)	67.14
AYEL01042343.1:20052-20293(+)	62.70
AYEL01077210.1:11975-12215(+)	56.36
AYEL01071446.1:67498-67726(+)	63.16
AYEL01088951.1:1755-1998(-)	61.88
AYEL01077727.1:2203-2434(-)	61.84
AYEL01071741.1:4635-4879(-)	64.24
AYEL01014892.1:26535-26754(+)	62.93
AYEL01090027.1:26188-26428(-)	64.29
AYEL01077775.1:40149-40365(+)	60.66
AYEL01081207.1:20396-20628(+)	60.37
AYEL01086576.1:6005-6254(-)	61.73
AYEL01061769.1:33301-33529(-)	66.43
AYEL01091457.1:27910-28149(+)	63.58
AYEL01076591.1:22135-22364(+)	63.04
AYEL01056052.1:12483-12702(-)	61.27
AYEL01072502.1:51860-52103(-)	60.85
AYEL01061826.1:92417-92645(-)	60.29
AYEL01056788.1:7858-8088(+)	62.83
AYEL01057189.1:23866-24082(+)	60.62
AYEL01070229.1:23212-23433(-)	60.15
AYEL01082751.1:4604-4837(-)	63.55
AYEL01083322.1:16281-16507(-)	64.22
AYEL01040586.1:200-444(-)	61.24
AYEL01026724.1:61570-61823(+)	62.44
AYEL01077968.1:9793-10037(+)	65.53
AYEL01084696.1:49454-49701(-)	59.83
AYEL01084011.1:5480-5701(+)	63.64
AYEL01081561.1:13870-14091(+)	62.70
AYEL01081980.1:95570-95787(-)	63.97
AYEL01059936.1:11725-11930(-)	65.00
AYEL01069156.1:7940-8184(-)	61.01
AYEL01081757.1:90164-90406(-)	65.93
AYEL01072104.1:4183-4412(-)	60.59
AYEL01088902.1:9317-9542(-)	59.09
AYEL01091831.1:24921-25151(-)	60.71
AYEL01062079.1:36422-36713(-)	66.42
AYEL01091823.1:3584-3817(-)	70.71
AYEL01074177.1:136392-136637(-)	62.94
AYEL01072658.1:10177-10436(-)	64.16
AYEL01037287.1:15978-16208(+)	69.59
AYEL01073886.1:48168-48388(+)	61.72
AYEL01083276.1:21729-21949(-)	63.83
AYEL01060589.1:21700-21927(-)	65.07
AYEL01085774.1:1668-1919(-)	64.76
AYEL01063495.1:35267-35480(+)	65.55
AYEL01092029.1:13598-13807(-)	69.75
AYEL01077335.1:51046-51265(+)	65.24
AYEL01086449.1:68942-69176(-)	64.52
AYEL01059084.1:6891-7129(-)	64.80
AYEL01076381.1:9040-9247(+)	59.12
AYEL01088849.1:27422-27633(-)	60.62
AYEL01074744.1:1628-1872(+)	59.41
AYEL01060411.1:37991-38224(+)	67.27
AYEL01090017.1:1902-2134(+)	62.79
AYEL01080098.1:1090-1302(-)	65.34
AYEL01066550.1:35642-35882(+)	66.67
AYEL01078642.1:4545-4783(+)	61.59
AYEL01074727.1:14758-14959(+)	64.74
AYEL01089001.1:31059-31302(-)	63.98
AYEL01083523.1:27318-27547(-)	57.56
AYEL01014817.1:3637-3842(+)	66.45
AYEL01067872.1:23446-23686(-)	66.46
AYEL01066585.1:31256-31474(-)	68.84
AYEL01005095.1:2474-2727(+)	60.37
AYEL01083913.1:24188-24426(+)	64.67
AYEL01045387.1:1669-1882(-)	58.94
AYEL01067342.1:29420-29669(-)	61.54
AYEL01074630.1:4761-4987(+)	63.30
AYEL01057042.1:79690-79890(+)	67.55
AYEL01060487.1:42304-42525(-)	60.87
AYEL01073606.1:3049-3254(-)	64.00
AYEL01065653.1:1526-1772(+)	65.92
AYEL01066769.1:721-962(-)	60.27
AYEL01080555.1:3277-3537(+)	63.64
AYEL01087100.1:31684-31910(-)	67.16
AYEL01007087.1:16543-16760(-)	60.69
AYEL01035648.1:11391-11636(+)	57.42
AYEL01078607.1:8695-8941(+)	61.33
AYEL01055013.1:22772-22981(+)	57.78
AYEL01054952.1:137144-137361(+)	61.42
AYEL01088369.1:26210-26420(+)	58.25
AYEL01052516.1:30735-30943(+)	70.64
AYEL01026498.1:15799-16004(+)	63.45
AYEL01080112.1:29012-29269(+)	63.47
AYEL01068696.1:2899-3146(-)	62.33
AYEL01072551.1:5017-5259(+)	69.10
AYEL01052619.1:2447-2660(-)	63.59
AYEL01069657.1:5439-5685(+)	63.08
AYEL01015680.1:173283-173511(+)	65.33
AYEL01087171.1:32363-32600(+)	62.02
AYEL01067897.1:16313-16540(+)	60.48
AYEL01069140.1:42114-42362(+)	62.03
AYEL01086200.1:238-480(+)	62.02
AYEL01065329.1:13868-14097(-)	61.70
AYEL01059974.1:18661-18888(-)	63.46
AYEL01081782.1:44128-44375(+)	58.10
AYEL01069432.1:58594-58802(+)	64.47
AYEL01069847.1:685-913(-)	64.82
AYEL01055068.1:4939-5169(+)	60.63
AYEL01073519.1:27819-28065(+)	62.50
AYEL01049030.1:10733-10947(-)	65.36
AYEL01029284.1:13357-13567(+)	58.86
AYEL01073821.1:17962-18175(-)	60.70
AYEL01080549.1:42208-42443(-)	59.20
AYEL01038901.1:1755-1986(-)	58.93
AYEL01055580.1:2278-2486(+)	61.64
AYEL01063904.1:88913-89131(+)	58.33
AYEL01087109.1:21767-22001(+)	64.29
AYEL01051044.1:7412-7623(-)	56.86
AYEL01090165.1:10763-11011(-)	58.77
AYEL01077825.1:57936-58142(-)	65.22
AYEL01074556.1:41742-41956(+)	68.33
AYEL01078923.1:31766-31975(+)	65.22
AYEL01063539.1:79714-79969(+)	64.38
AYEL01088209.1:19122-19322(+)	59.54
AYEL01074497.1:14552-14797(-)	59.90
AYEL01074107.1:24287-24520(-)	59.56
AYEL01073135.1:78908-79138(-)	60.89
AYEL01064124.1:62795-63040(-)	61.50
AYEL01092375.1:29926-30172(-)	60.42
AYEL01087790.1:9933-10215(+)	63.43
AYEL01079918.1:2682-2908(-)	67.52
AYEL01075253.1:61061-61263(+)	58.86
AYEL01065050.1:33263-33468(+)	64.06
AYEL01052382.1:72024-72251(+)	66.18
AYEL01088782.1:5612-5833(-)	67.35
AYEL01083761.1:43946-44162(+)	63.27
AYEL01088289.1:24030-24253(+)	57.95
AYEL01090004.1:28359-28576(+)	63.44
AYEL01063765.1:14824-15048(-)	63.46
AYEL01057837.1:5089-5305(-)	63.21
AYEL01074420.1:2440-2663(+)	62.71
AYEL01091477.1:20984-21201(-)	62.74
AYEL01070847.1:78180-78415(+)	61.50
AYEL01087522.1:47027-47246(-)	63.06
AYEL01070880.1:79695-79936(-)	66.85
AYEL01088367.1:14727-14965(-)	64.73
AYEL01058671.1:38144-38378(+)	65.84
AYEL01064019.1:20949-21192(-)	58.37
AYEL01081522.1:61555-61755(+)	69.64
AYEL01069236.1:46144-46369(+)	62.78
AYEL01057060.1:2496-2731(-)	61.49
AYEL01044474.1:14501-14758(+)	65.27
AYEL01091941.1:28780-29015(+)	63.81
AYEL01074592.1:37244-37441(-)	65.43
AYEL01086219.1:93307-93515(-)	62.11
AYEL01061680.1:970-1191(-)	59.30
AYEL01077968.1:11559-11806(+)	65.07
AYEL01083540.1:13647-13963(-)	68.24
AYEL01085706.1:9445-9679(+)	61.76
AYEL01019895.1:48307-48518(-)	64.60
AYEL01002308.1:639-845(-)	59.47
AYEL01080459.1:32849-33076(+)	63.24
AYEL01045615.1:4121-4354(+)	65.05
AYEL01075329.1:2052-2253(+)	60.99
AYEL01064160.1:38976-39204(-)	61.11
AYEL01048858.1:811-1042(-)	60.28
AYEL01079095.1:92637-92868(-)	71.13
AYEL01018595.1:24662-24874(-)	62.74
AYEL01066808.1:6559-6791(+)	63.83
AYEL01050008.1:23133-23365(-)	64.57
AYEL01078772.1:61875-62120(+)	61.16
AYEL01069142.1:23933-24162(+)	62.68
AYEL01088748.1:4262-4546(-)	58.87
AYEL01056047.1:35905-36109(+)	61.82
AYEL01087379.1:30934-31169(-)	61.19
AYEL01068674.1:28590-28814(-)	66.13
AYEL01073914.1:10002-10242(-)	61.95
AYEL01083214.1:4731-4945(+)	59.91
AYEL01043961.1:12622-12836(-)	65.48
AYEL01083897.1:17141-17352(+)	61.25
AYEL01072012.1:10192-10417(+)	60.00
AYEL01050044.1:3374-3582(+)	66.46
AYEL01039634.1:8413-8655(-)	64.85
AYEL01078958.1:7525-7752(-)	63.89
AYEL01087704.1:25807-26032(-)	69.15
AYEL01071028.1:36838-37064(-)	62.50
AYEL01029015.1:13786-14071(+)	69.01
AYEL01069192.1:8726-8971(+)	63.11
AYEL01045091.1:5623-5843(-)	60.29
AYEL01056057.1:68886-69115(-)	61.54
AYEL01061855.1:55234-55480(+)	64.41
AYEL01052483.1:164101-164341(+)	63.47
AYEL01060030.1:11796-12018(+)	63.08
AYEL01074376.1:4293-4508(-)	65.82
AYEL01091007.1:27060-27281(+)	63.52
AYEL01060041.1:40217-40428(+)	69.19
AYEL01074172.1:4097-4313(+)	67.76
AYEL01085648.1:8246-8455(+)	60.66
AYEL01081841.1:13399-13611(-)	66.90
AYEL01075791.1:37118-37329(+)	58.08
AYEL01076955.1:10966-11171(+)	58.48
AYEL01065234.1:21986-22207(+)	61.71
AYEL01054952.1:58988-59256(-)	72.02
AYEL01063203.1:68750-69004(+)	66.46
AYEL01014020.1:386-586(+)	61.93
AYEL01065634.1:104943-105181(+)	59.24
AYEL01075630.1:15281-15523(+)	60.29
AYEL01080889.1:8893-9097(-)	64.63
AYEL01085890.1:201065-201312(-)	63.69
AYEL01089826.1:4312-4517(+)	66.05
AYEL01086490.1:15855-16057(-)	58.05
AYEL01069345.1:19998-20206(+)	61.71
AYEL01090500.1:11269-11524(+)	68.67
AYEL01068151.1:41806-42259(-)	78.31
AYEL01040579.1:25690-25911(-)	57.35
AYEL01088723.1:10229-10442(-)	62.12
AYEL01054863.1:24951-25258(-)	61.69
AYEL01081753.1:15790-16006(+)	60.80
AYEL01041343.1:1100-1348(+)	62.05
AYEL01089752.1:9638-9845(+)	63.57
AYEL01070146.1:4450-4683(-)	65.09
AYEL01077138.1:42775-42995(+)	56.76
AYEL01077474.1:940-1151(-)	67.30
AYEL01071354.1:16382-16593(-)	68.63
AYEL01080000.1:8554-8781(+)	64.25
AYEL01051691.1:12578-12842(+)	70.06
AYEL01087095.1:3823-4127(+)	61.02
AYEL01085305.1:2438-2655(-)	61.65
AYEL01064027.1:24473-24707(+)	61.64
AYEL01085300.1:45005-45226(-)	59.31
AYEL01049808.1:4418-4656(+)	65.79
AYEL01054735.1:24662-24872(+)	64.71
AYEL01087313.1:13836-14039(-)	58.50
AYEL01067197.1:11379-11600(-)	63.19
AYEL01073022.1:10415-10672(-)	67.54
AYEL01072672.1:55606-55851(-)	61.54
AYEL01091575.1:10365-10582(-)	67.08
AYEL01060999.1:6315-6543(-)	64.77
AYEL01061128.1:2685-2922(+)	65.73
AYEL01089178.1:34967-35191(-)	64.81
AYEL01068733.1:49166-49396(-)	60.73
AYEL01058257.1:51599-51819(-)	61.03
AYEL01084797.1:2628-2845(+)	61.05
AYEL01090239.1:7073-7288(+)	60.82
AYEL01075233.1:9675-9917(-)	63.33
AYEL01086707.1:5519-5716(+)	65.28
AYEL01045093.1:41136-41380(+)	63.43
AYEL01066568.1:26751-26963(+)	61.08
AYEL01090162.1:67736-67971(+)	62.15
AYEL01065278.1:6575-6834(-)	60.56
AYEL01047194.1:708-932(-)	66.99
AYEL01048114.1:23625-23832(-)	61.72
AYEL01088224.1:17354-17598(+)	63.24
AYEL01038347.1:11071-11287(-)	60.94
AYEL01088108.1:4808-5020(+)	69.77
AYEL01042052.1:12710-12960(-)	64.32
AYEL01072403.1:9802-10038(-)	65.07
AYEL01092356.1:14304-14501(+)	71.30
AYEL01088942.1:25849-26062(+)	62.09
AYEL01088581.1:7898-8125(+)	64.67
AYEL01086431.1:29001-29229(-)	59.42
AYEL01032647.1:1527-1751(+)	60.10
AYEL01057919.1:22391-22607(+)	62.33
AYEL01065929.1:13074-13310(-)	62.75
AYEL01057447.1:6154-6394(+)	64.11
AYEL01063774.1:36866-37095(+)	61.86
AYEL01077956.1:108753-108988(+)	60.51
AYEL01083109.1:25859-26072(+)	57.84
AYEL01075314.1:16464-16686(-)	60.70
AYEL01069392.1:43042-43292(+)	63.40
AYEL01049688.1:593-837(-)	64.84
AYEL01029901.1:10597-10854(-)	63.94
AYEL01076422.1:1090-1309(-)	67.52
AYEL01091230.1:20475-20711(-)	60.67
AYEL01079320.1:2470-2695(+)	58.45
AYEL01065623.1:74010-74239(-)	61.97
AYEL01076221.1:12024-12224(-)	63.44
AYEL01067895.1:39313-39553(+)	67.10
AYEL01079316.1:334-591(+)	67.54
AYEL01081307.1:7136-7346(-)	60.59
AYEL01056383.1:103814-104025(+)	62.73
AYEL01054952.1:85638-85842(+)	64.07
AYEL01056301.1:18831-19058(+)	56.80
AYEL01084213.1:51001-51233(-)	60.96
AYEL01064317.1:29572-29790(+)	66.83
AYEL01087958.1:6209-6407(+)	60.38
AYEL01060950.1:81728-81973(-)	61.09
AYEL01076429.1:4701-4914(-)	61.45
AYEL01053797.1:47014-47248(+)	66.99
AYEL01091730.1:9642-9842(+)	63.12
AYEL01083587.1:78087-78323(-)	63.76
AYEL01088684.1:33989-34201(-)	65.68
AYEL01083139.1:23139-23380(+)	59.41
AYEL01078489.1:26297-26528(-)	71.11
AYEL01076767.1:27612-27839(-)	64.16
AYEL01087158.1:13293-13529(-)	57.63
AYEL01069556.1:44545-44784(+)	60.00
AYEL01089260.1:12333-12563(+)	64.97
AYEL01079610.1:27758-27979(+)	65.05
AYEL01073549.1:28599-28837(-)	60.09
AYEL01081610.1:4392-4641(-)	64.74
AYEL01081999.1:53378-53594(-)	64.03
AYEL01067156.1:22447-22648(-)	58.64
AYEL01067715.1:13811-14029(-)	60.29
AYEL01086314.1:24467-24669(-)	62.12
AYEL01083396.1:5248-5464(+)	66.15
AYEL01051563.1:30377-30615(+)	64.67
AYEL01064532.1:27154-27393(+)	69.51
AYEL01061217.1:4564-4794(+)	64.14
AYEL01056095.1:6988-7212(+)	63.35
AYEL01063882.1:656-884(+)	64.88
AYEL01083573.1:10283-10532(+)	63.27
AYEL01078300.1:56997-57212(-)	62.86
AYEL01088141.1:90739-90961(-)	61.45
AYEL01087467.1:10972-11227(+)	63.27
AYEL01085542.1:247489-247722(+)	62.43
AYEL01005057.1:648-852(+)	68.85
AYEL01077758.1:14399-14661(-)	73.29
AYEL01080996.1:3788-4034(+)	60.42
AYEL01076806.1:74754-74979(+)	62.50
AYEL01043679.1:23847-24093(-)	65.24
AYEL01060944.1:1012-1249(-)	57.07
AYEL01074089.1:6898-7155(+)	66.67
AYEL01051127.1:8765-8978(-)	60.10
AYEL01068529.1:533-760(-)	62.11
AYEL01067509.1:23726-23931(-)	63.01
AYEL01086234.1:68461-68687(-)	62.32
AYEL01048873.1:8205-8436(+)	63.27
AYEL01057588.1:29701-29933(-)	56.72
AYEL01089454.1:16400-16627(+)	62.50
AYEL01009611.1:4639-4884(-)	66.23
AYEL01075791.1:99474-99722(-)	59.75
AYEL01066402.1:43346-43576(-)	65.64
AYEL01039916.1:36660-36873(-)	60.61
AYEL01084824.1:3455-3709(-)	66.46
AYEL01090004.1:41051-41264(+)	64.60
AYEL01082940.1:27049-27276(+)	65.16
AYEL01019437.1:209-438(+)	65.26
AYEL01081108.1:12012-12224(-)	60.19
AYEL01085657.1:1947-2175(-)	60.00
AYEL01091134.1:16227-16461(-)	63.01
AYEL01069608.1:6215-6447(+)	62.30
AYEL01067950.1:6804-7020(-)	65.83
AYEL01050405.1:12460-12685(-)	69.28
AYEL01071988.1:7291-7534(+)	62.69
AYEL01091624.1:78299-78545(+)	63.56
AYEL01082968.1:54560-54761(+)	64.25
AYEL01063867.1:58116-58335(-)	67.20
AYEL01085435.1:104161-104386(-)	62.43
AYEL01081080.1:74045-74278(+)	65.81
AYEL01062204.1:86458-86679(+)	59.82
AYEL01079256.1:15907-16149(+)	62.07
AYEL01065331.1:7053-7288(+)	62.86
AYEL01082638.1:4353-4580(+)	62.69
AYEL01076954.1:36232-36444(-)	63.04
AYEL01071459.1:3160-3383(+)	60.59
AYEL01065038.1:19550-19813(+)	63.64
AYEL01089087.1:190061-190300(+)	61.68
AYEL01072153.1:5517-5748(+)	57.60
AYEL01088990.1:1380-1624(-)	66.26
AYEL01066373.1:55631-55834(-)	64.93
AYEL01017118.1:571-800(-)	58.95
AYEL01056443.1:38540-38782(-)	64.02
AYEL01070576.1:23395-23633(+)	63.82
AYEL01055581.1:693-931(+)	63.19
AYEL01071055.1:24858-25088(-)	59.62
AYEL01091563.1:470-704(+)	59.89
AYEL01084916.1:7927-8146(-)	65.99
AYEL01085492.1:6700-6908(-)	65.87
AYEL01076422.1:2385-2593(-)	69.23
AYEL01063709.1:11797-12047(+)	65.45
AYEL01078122.1:2282-2517(-)	65.61
AYEL01082312.1:89047-89287(-)	63.03
AYEL01092074.1:3159-3431(-)	66.40
AYEL01083822.1:26164-26391(-)	67.16
AYEL01069698.1:51479-51683(-)	61.94
AYEL01092071.1:3469-3715(-)	64.63
AYEL01063638.1:66021-66243(+)	64.80
AYEL01061655.1:14376-14575(-)	62.18
AYEL01045020.1:12791-13029(-)	64.38
AYEL01086310.1:11544-11785(+)	62.43
AYEL01087678.1:15067-15326(+)	59.53
AYEL01085703.1:24045-24248(-)	63.27
AYEL01044465.1:29862-30076(+)	64.32
AYEL01081177.1:1611-1830(+)	62.19
AYEL01055586.1:54473-54701(-)	64.71
AYEL01068350.1:4477-4719(-)	64.50
AYEL01089486.1:11501-11788(-)	58.54
AYEL01078672.1:5182-5395(-)	63.92
AYEL01071607.1:20878-21115(+)	63.35
AYEL01065044.1:1622-1866(+)	63.78
AYEL01049336.1:25270-25478(+)	65.67
AYEL01008914.1:5662-5872(-)	61.85
AYEL01066014.1:10298-10506(+)	62.57
AYEL01037249.1:18808-19043(+)	63.95
AYEL01079226.1:19190-19392(+)	63.76
AYEL01049926.1:30041-30280(+)	66.30
AYEL01080844.1:8302-8533(-)	60.31
AYEL01067154.1:30449-30661(-)	64.24
AYEL01077657.1:16816-17066(-)	61.57
AYEL01077240.1:1273-1536(-)	60.18
AYEL01063564.1:13794-14044(+)	59.24
AYEL01035847.1:24054-24264(+)	60.39
AYEL01085130.1:40994-41233(+)	65.32
AYEL01059834.1:56306-56515(+)	79.69
AYEL01077582.1:8210-8436(+)	62.09
AYEL01061421.1:30438-30691(+)	66.50
AYEL01086979.1:58958-59189(+)	60.27
AYEL01090981.1:37955-38188(-)	62.57
AYEL01063461.1:36496-36723(-)	62.82
AYEL01069804.1:81289-81526(+)	59.81
AYEL01081153.1:46158-46366(-)	66.26
AYEL01077060.1:6973-7227(-)	62.80
AYEL01085161.1:64998-65205(-)	63.53
AYEL01064572.1:6153-6358(-)	67.70
AYEL01080536.1:30012-30223(+)	65.36
AYEL01025955.1:80574-80778(-)	64.83
AYEL01034779.1:100-347(-)	69.18
AYEL01071380.1:23308-23545(+)	67.86
AYEL01037166.1:33010-33242(-)	61.32
AYEL01056486.1:41770-41996(+)	62.16
AYEL01091637.1:18444-18674(+)	60.40
AYEL01058708.1:3695-3945(-)	64.58
AYEL01082106.1:4585-4832(+)	59.21
AYEL01069747.1:4421-4639(-)	65.67
AYEL01092199.1:1309-1550(+)	58.55
AYEL01058061.1:12498-12731(-)	60.20
AYEL01080063.1:330-570(-)	60.33
AYEL01092385.1:12623-12838(-)	63.53
AYEL01071411.1:2539-2779(-)	66.07
AYEL01075860.1:24623-24840(+)	61.57
AYEL01079065.1:28031-28238(+)	63.69
AYEL01046294.1:7725-8036(-)	64.96
AYEL01078276.1:7049-7289(+)	67.74
AYEL01058917.1:9440-9656(+)	64.68
AYEL01064086.1:15429-15660(+)	59.29
AYEL01077927.1:15058-15289(+)	68.55
AYEL01080144.1:21371-21580(+)	58.67
AYEL01083301.1:76078-76323(+)	62.37
AYEL01065808.1:96940-97163(-)	64.75
AYEL01051118.1:4816-5034(-)	61.82
AYEL01066846.1:10884-11085(+)	56.59
AYEL01077394.1:51846-52092(+)	66.46
AYEL01052555.1:36301-36519(-)	58.79
AYEL01086067.1:45847-46090(+)	63.69
AYEL01064810.1:8834-9054(-)	60.21
AYEL01083209.1:31671-31894(+)	66.49
AYEL01076107.1:2552-2760(+)	63.51
AYEL01079390.1:7271-7502(+)	65.96
AYEL01078715.1:6150-6446(-)	63.41
AYEL01050469.1:29957-30170(-)	62.18
AYEL01049970.1:15722-15965(-)	59.05
AYEL01067981.1:1865-2093(+)	59.91
AYEL01084426.1:29709-29921(+)	64.11
AYEL01009780.1:125-326(+)	60.41
AYEL01062327.1:6660-6882(+)	63.32
AYEL01072821.1:2985-3223(+)	58.13
AYEL01091610.1:1155-1392(-)	64.82
AYEL01065250.1:49154-49391(+)	63.33
AYEL01045009.1:60286-60527(-)	61.54
AYEL01079934.1:13162-13364(+)	63.95
AYEL01070344.1:18703-18921(+)	59.24
AYEL01073220.1:34693-34927(-)	61.14
AYEL01086486.1:41714-41925(-)	64.21
AYEL01064995.1:388-623(+)	68.87
AYEL01068337.1:44294-44519(+)	59.22
AYEL01063729.1:28131-28329(-)	65.13
AYEL01083399.1:27049-27289(+)	59.81
AYEL01073005.1:64169-64394(+)	63.20
AYEL01088018.1:11235-11475(-)	64.53
AYEL01040596.1:29981-30266(+)	57.20
AYEL01091016.1:974-1171(+)	56.28
AYEL01067195.1:9844-10075(+)	60.11
AYEL01039550.1:34811-35031(+)	58.95
AYEL01086960.1:76579-76808(-)	65.24
AYEL01072039.1:39589-39810(-)	65.15
AYEL01068432.1:18791-19007(+)	64.77
AYEL01090983.1:5753-5993(+)	64.50
AYEL01088205.1:1112-1313(+)	66.67
AYEL01065618.1:34070-34305(+)	64.60
AYEL01023074.1:160-419(-)	60.51
AYEL01034971.1:7152-7382(+)	65.79
AYEL01071084.1:1738-1987(+)	62.07
AYEL01047626.1:9035-9284(-)	63.47
AYEL01082589.1:2817-3048(+)	66.44
AYEL01090273.1:10196-10426(+)	60.39
AYEL01064816.1:7030-7233(-)	58.75
AYEL01070387.1:3540-3754(-)	64.80
AYEL01092019.1:12606-12821(-)	63.37
AYEL01079735.1:28038-28270(-)	67.95
AYEL01087145.1:67266-67504(-)	66.03
AYEL01072432.1:46050-46258(-)	67.54
AYEL01068859.1:1954-2222(-)	64.53
AYEL01066503.1:7010-7260(-)	60.83
AYEL01087784.1:19232-19434(+)	60.41
AYEL01068638.1:40139-40351(-)	59.43
AYEL01091721.1:49309-49540(-)	61.46
AYEL01070298.1:15566-15788(+)	62.22
AYEL01081991.1:56129-56333(-)	58.73
AYEL01088047.1:2399-2612(+)	59.59
AYEL01077025.1:23179-23435(-)	62.21
AYEL01071179.1:140527-140769(-)	63.03
AYEL01075738.1:18960-19187(-)	64.24
AYEL01081845.1:92221-92454(-)	63.64
AYEL01073582.1:79275-79498(-)	68.32
AYEL01077755.1:336-546(+)	64.71
AYEL01081528.1:12923-13183(+)	62.28
AYEL01091843.1:42807-43053(-)	60.99
AYEL01073606.1:63493-63729(-)	65.66
AYEL01066288.1:3313-3561(-)	67.65
AYEL01090178.1:16583-16818(-)	66.49
AYEL01080857.1:43260-43484(+)	57.41
AYEL01048867.1:39560-39808(-)	60.95
AYEL01082050.1:880-1098(-)	67.88
AYEL01059273.1:18936-19161(+)	61.93
AYEL01060411.1:41645-41890(-)	64.53
AYEL01070280.1:44196-44423(-)	64.73
AYEL01076694.1:61606-61819(+)	68.84
AYEL01079227.1:825-1058(-)	63.47
AYEL01043224.1:63585-63800(-)	61.58
AYEL01058767.1:8745-8984(+)	62.92
AYEL01027299.1:3576-3825(-)	59.38
AYEL01082765.1:30579-30819(+)	66.67
AYEL01070761.1:19891-20101(-)	61.03
AYEL01075977.1:15126-15351(+)	59.80
AYEL01091653.1:101324-101561(+)	60.09
AYEL01048873.1:7480-7707(-)	62.50
AYEL01055980.1:5848-6068(+)	57.50
AYEL01085826.1:103418-103638(+)	70.70
AYEL01075258.1:3156-3387(+)	62.50
AYEL01066831.1:1446-1685(-)	63.23
AYEL01077561.1:4379-4624(-)	64.60
AYEL01076480.1:35551-35783(-)	58.23
AYEL01069166.1:173650-173878(+)	61.06
AYEL01074438.1:340-579(-)	64.95
AYEL01088749.1:667-906(+)	64.46
AYEL01075790.1:36586-36811(-)	65.97
AYEL01070006.1:13196-13422(-)	67.07
AYEL01090421.1:158468-158688(-)	62.11
AYEL01090152.1:114767-114999(-)	69.39
AYEL01081687.1:39257-39494(-)	67.61
AYEL01080479.1:54631-54843(+)	68.42
AYEL01086440.1:9396-9627(+)	68.05
AYEL01087472.1:1820-2060(-)	64.71
AYEL01069207.1:13828-14091(+)	66.82
AYEL01085171.1:23785-24006(+)	65.41
AYEL01073151.1:15775-16018(+)	60.26
AYEL01075924.1:41555-41759(+)	62.50
AYEL01044426.1:10820-11067(+)	64.73
AYEL01076978.1:4081-4331(-)	62.57
AYEL01070160.1:19606-19827(-)	63.47
AYEL01090277.1:3858-4096(-)	64.63
AYEL01035211.1:17567-17808(+)	60.73
AYEL01074470.1:7034-7287(-)	62.21
AYEL01051691.1:8331-8548(+)	65.38
AYEL01089890.1:24775-24999(+)	59.42
AYEL01084620.1:357-566(-)	65.75
AYEL01067087.1:1168-1370(+)	64.81
AYEL01071019.1:483-688(-)	66.15
AYEL01071857.1:8208-8446(-)	61.01
AYEL01090925.1:15087-15301(+)	59.50
AYEL01048074.1:6063-6294(-)	58.57
AYEL01060870.1:29080-29280(+)	64.32
AYEL01082870.1:64439-64658(-)	60.80
AYEL01057042.1:51907-52112(-)	64.81
AYEL01082863.1:4152-4359(-)	61.07
AYEL01084578.1:16088-16334(-)	64.46
AYEL01080474.1:10010-10267(-)	64.86
AYEL01071723.1:40828-41028(+)	62.43
AYEL01085925.1:19180-19399(+)	61.08
AYEL01089091.1:50677-50915(+)	62.87
AYEL01087795.1:15356-15595(+)	64.32
AYEL01087979.1:84852-85096(-)	60.66
AYEL01068948.1:30675-30900(-)	63.89
AYEL01068851.1:19039-19252(-)	61.85
AYEL01088100.1:33175-33403(+)	59.47
AYEL01068203.1:2801-3011(-)	66.67
AYEL01079826.1:15949-16176(-)	62.09
AYEL01080865.1:55531-55778(+)	66.06
AYEL01061070.1:5271-5501(-)	74.77
AYEL01064842.1:17010-17241(+)	64.58
AYEL01084869.1:61970-62175(+)	63.01
AYEL01081152.1:5170-5396(-)	65.52
AYEL01074364.1:3575-3778(-)	60.20
AYEL01069722.1:22791-23010(-)	69.06
AYEL01082137.1:10417-10654(-)	64.59
AYEL01048077.1:36128-36331(-)	63.70
AYEL01071719.1:21153-21367(-)	67.63
AYEL01045096.1:1355-1623(+)	60.00
AYEL01089808.1:66091-66296(-)	62.92
AYEL01077632.1:22906-23141(+)	66.26
AYEL01074778.1:25866-26089(-)	62.10
AYEL01052956.1:14157-14400(+)	62.94
AYEL01083482.1:20803-21017(+)	67.67
AYEL01029013.1:11530-11741(+)	63.32
AYEL01064482.1:115859-116085(-)	68.90
AYEL01071989.1:23322-23533(+)	63.00
AYEL01090591.1:43475-43704(+)	63.18
AYEL01073468.1:31418-31665(+)	61.19
AYEL01063596.1:2829-3065(+)	63.69
AYEL01064365.1:36647-36886(-)	67.66
AYEL01072953.1:2839-3051(+)	72.00
AYEL01066203.1:16950-17155(+)	66.88
AYEL01082574.1:37526-37778(-)	65.50
AYEL01090869.1:39997-40217(+)	68.64
AYEL01078051.1:9332-9571(-)	55.26
AYEL01090446.1:26117-26356(+)	59.02
AYEL01072942.1:25446-25685(-)	60.32
AYEL01077030.1:26711-26926(+)	58.74
AYEL01068408.1:18932-19147(-)	62.71
AYEL01082950.1:47361-47609(-)	61.75
AYEL01086053.1:12218-12441(+)	61.22
AYEL01056056.1:2540-2773(+)	62.50
AYEL01072373.1:32707-32946(+)	61.65
AYEL01076801.1:32523-32726(-)	61.74
AYEL01076881.1:13695-13912(+)	63.49
AYEL01086199.1:115-343(+)	63.80
AYEL01083560.1:53721-53963(-)	60.54
AYEL01062609.1:3059-3295(+)	66.23
AYEL01069624.1:18695-18943(-)	66.27
AYEL01051244.1:293-537(-)	62.42
AYEL01074751.1:13069-13298(-)	61.43
AYEL01081175.1:5988-6210(-)	62.38
AYEL01091736.1:2821-3048(+)	61.68
AYEL01063867.1:117334-117553(+)	61.87
AYEL01061641.1:25792-26040(-)	64.42
AYEL01077207.1:20361-20580(-)	64.44
AYEL01077191.1:25511-25732(+)	65.31
AYEL01086796.1:8242-8458(-)	66.67
AYEL01025906.1:4398-4638(-)	70.09
AYEL01079043.1:37210-37437(+)	64.67
AYEL01023318.1:31917-32133(-)	58.06
AYEL01078615.1:16948-17176(+)	63.64
AYEL01068691.1:14188-14412(+)	68.42
AYEL01087333.1:24374-24600(+)	59.36
AYEL01070692.1:25411-25628(-)	65.32
AYEL01070709.1:37276-37526(-)	62.84
AYEL01086142.1:9119-9364(+)	63.04
AYEL01076861.1:407-655(-)	65.37
AYEL01077673.1:13166-13395(+)	68.46
AYEL01061542.1:10280-10631(+)	58.22
AYEL01070798.1:33108-33316(-)	61.08
AYEL01052954.1:44963-45192(+)	67.07
AYEL01055999.1:78919-79149(-)	61.09
AYEL01056837.1:13605-13816(+)	61.63
AYEL01082843.1:42908-43147(+)	63.16
AYEL01061669.1:1942-2180(+)	59.74
AYEL01064321.1:24895-25140(-)	61.43
AYEL01089665.1:7310-7557(-)	63.64
AYEL01057121.1:12619-12823(-)	59.14
AYEL01088123.1:13614-13840(+)	65.06
AYEL01077371.1:40147-40371(-)	58.29
AYEL01066570.1:148327-148529(-)	66.49
AYEL01080291.1:6695-6922(-)	68.71
AYEL01060238.1:21086-21297(+)	66.15
AYEL01076413.1:9599-9845(+)	61.78
AYEL01083542.1:62769-62997(+)	62.67
AYEL01091721.1:96190-96431(+)	62.32
AYEL01077453.1:808-1018(+)	65.41
AYEL01074859.1:31716-31940(+)	61.47
AYEL01088355.1:501-701(+)	63.78
AYEL01068552.1:21176-21404(+)	66.14
AYEL01077087.1:1177-1378(-)	61.19
AYEL01075674.1:7295-7525(-)	63.46
AYEL01079536.1:2078-2312(+)	63.41
AYEL01061629.1:4408-4655(+)	62.91
AYEL01076765.1:80994-81223(-)	70.78
AYEL01092379.1:21144-21347(-)	70.09
AYEL01074281.1:76711-76954(+)	61.16
AYEL01089012.1:37674-37878(-)	65.85
AYEL01083419.1:46263-46500(-)	65.37
AYEL01076806.1:181159-181387(-)	62.96
AYEL01080015.1:1020-1233(-)	61.59
AYEL01012080.1:16224-16465(-)	61.17
AYEL01085864.1:9546-9782(-)	66.45
AYEL01087053.1:19482-19685(+)	59.85
AYEL01068151.1:16175-16410(-)	77.17
AYEL01063263.1:128359-128572(-)	64.54
AYEL01073022.1:21775-22013(-)	65.17
AYEL01080775.1:3737-3989(+)	62.58
AYEL01090613.1:12592-12807(+)	65.48
AYEL01089220.1:51337-51576(-)	65.28
AYEL01088975.1:7778-8014(+)	60.19
AYEL01090150.1:4854-5092(+)	58.77
AYEL01078039.1:70851-71095(-)	66.95
AYEL01064531.1:91599-91821(+)	60.80
AYEL01059762.1:37184-37381(+)	65.79
AYEL01086897.1:156824-157065(-)	62.68
AYEL01020691.1:44631-44849(+)	78.21
AYEL01075537.1:2336-2579(-)	63.89
AYEL01078071.1:9564-9786(+)	59.33
AYEL01078215.1:25938-26151(+)	55.31
AYEL01088806.1:20278-20515(+)	67.14
AYEL01084429.1:14923-15128(+)	58.54
AYEL01024705.1:18349-18548(+)	60.00
AYEL01063160.1:20158-20383(+)	60.32
AYEL01077311.1:178902-179145(+)	61.67
AYEL01084067.1:22717-22923(-)	59.67
AYEL01052518.1:61678-61906(+)	62.95
AYEL01047428.1:1110-1323(-)	64.29
AYEL01063263.1:111520-111751(-)	63.90
AYEL01083288.1:5975-6223(-)	57.14
AYEL01088307.1:8911-9116(-)	70.73
AYEL01091275.1:57490-57724(-)	61.26
AYEL01080727.1:21903-22143(+)	61.32
AYEL01045868.1:16984-17191(+)	62.12
AYEL01079967.1:33615-33851(+)	67.28
AYEL01071179.1:102829-103059(+)	62.74
AYEL01072374.1:13278-13495(+)	61.36
AYEL01037778.1:4565-4778(+)	65.54
AYEL01032083.1:8653-8873(+)	59.17
AYEL01087139.1:7984-8227(+)	62.69
AYEL01079745.1:22070-22290(-)	60.13
AYEL01085421.1:82382-82607(-)	57.28
AYEL01054472.1:40910-41132(+)	59.81
AYEL01078590.1:52945-53165(-)	66.25
AYEL01077665.1:36964-37178(-)	64.19
AYEL01053432.1:3871-4105(+)	65.88
AYEL01081030.1:9134-9348(-)	60.00
AYEL01066027.1:11186-11394(+)	64.00
AYEL01033769.1:46306-46552(+)	63.46
AYEL01053104.1:819-1044(-)	63.37
AYEL01085178.1:21616-21846(+)	66.51
AYEL01016305.1:20430-20678(-)	66.27
AYEL01085528.1:13072-13301(-)	63.27
AYEL01058290.1:50752-50987(-)	65.38
AYEL01081424.1:20861-21095(-)	65.29
AYEL01077118.1:8408-8826(+)	60.16
AYEL01070017.1:17131-17348(-)	58.01
AYEL01082347.1:8162-8376(+)	62.50
AYEL01075053.1:3070-3290(-)	63.84
AYEL01071895.1:5890-6121(+)	62.69
AYEL01028046.1:2635-2880(-)	61.80
AYEL01083244.1:43711-43951(+)	61.57
AYEL01053419.1:19952-20183(+)	59.15
AYEL01063079.1:1926-2169(+)	63.35
AYEL01080226.1:4648-4893(-)	64.11
AYEL01083209.1:51253-51504(-)	62.68
AYEL01090371.1:374-610(-)	60.19
AYEL01083799.1:2495-2720(+)	59.33
AYEL01038237.1:39591-39836(-)	62.16
AYEL01066551.1:35423-35671(-)	65.04
AYEL01063420.1:55471-55683(+)	65.12
AYEL01071865.1:78762-78987(+)	65.24
AYEL01090869.1:39627-39862(+)	69.74
AYEL01068649.1:17304-17542(+)	61.06
AYEL01081260.1:19266-19503(-)	60.10
AYEL01023992.1:59172-59385(+)	58.55
AYEL01091249.1:24278-24512(+)	65.55
AYEL01086970.1:27725-27992(-)	67.16
AYEL01076901.1:166390-166615(-)	62.38
AYEL01069571.1:41264-41485(-)	68.31
AYEL01073486.1:5168-5394(+)	63.45
AYEL01045649.1:14556-14779(+)	63.76
AYEL01082538.1:18336-18581(-)	65.87
AYEL01048914.1:11929-12156(-)	67.07
AYEL01064140.1:8036-8237(+)	67.47
AYEL01081301.1:11699-11944(+)	63.77
AYEL01078615.1:115827-116068(+)	64.53
AYEL01091340.1:171110-171307(-)	64.63
AYEL01070545.1:14042-14286(+)	57.99
AYEL01074481.1:12430-12643(+)	64.46
AYEL01089862.1:23899-24129(-)	64.06
AYEL01088650.1:58892-59122(-)	62.78
AYEL01073488.1:18076-18319(+)	66.27
AYEL01075735.1:33821-34055(+)	65.56
AYEL01082488.1:12737-12944(+)	63.95
AYEL01077840.1:3451-3692(+)	66.82
AYEL01062834.1:4829-5071(+)	60.45
AYEL01084986.1:17531-17783(+)	69.75
AYEL01072559.1:11249-11470(-)	69.14
AYEL01053857.1:77691-77944(-)	55.74
AYEL01074064.1:31385-31628(+)	58.92
AYEL01079246.1:81092-81329(-)	63.29
AYEL01068074.1:5858-6105(-)	62.20
AYEL01072221.1:1432-1735(-)	56.36
AYEL01027723.1:8816-9039(+)	61.70
AYEL01087005.1:36071-36296(-)	66.27
AYEL01062690.1:3546-3750(+)	57.30
AYEL01091877.1:79537-79769(-)	65.00
AYEL01078800.1:558-790(-)	65.09
AYEL01044673.1:2861-3079(-)	66.93
AYEL01063293.1:25161-25364(-)	61.54
AYEL01088075.1:2859-3134(-)	60.20
AYEL01091646.1:21068-21293(-)	62.98
AYEL01057506.1:66513-66753(+)	66.50
AYEL01091033.1:20359-20596(+)	66.67
AYEL01076179.1:35113-35356(+)	65.32
AYEL01084987.1:11589-11829(+)	64.94
AYEL01082094.1:14325-14532(-)	62.44
AYEL01076788.1:20029-20241(+)	64.83
AYEL01081557.1:18172-18400(-)	63.64
AYEL01091830.1:55032-55264(-)	65.71
AYEL01052729.1:567-814(-)	60.00
AYEL01072484.1:117242-117446(+)	62.29
AYEL01085348.1:24112-24322(+)	66.21
AYEL01074811.1:81298-81519(-)	65.41
AYEL01071642.1:6514-6754(-)	61.65
AYEL01063791.1:25395-25592(-)	65.22
AYEL01069121.1:15897-16112(+)	77.55
AYEL01078299.1:36087-36290(-)	65.47
AYEL01089806.1:27738-27981(+)	63.84
AYEL01080242.1:33336-33533(+)	63.33
AYEL01066410.1:16283-16505(-)	60.87
AYEL01076839.1:39312-39546(-)	63.64
AYEL01090349.1:48919-49170(-)	64.84
AYEL01079797.1:35621-35870(-)	61.99
AYEL01077570.1:8815-9051(+)	58.85
AYEL01072036.1:13675-13906(-)	68.59
AYEL01059620.1:5220-5447(+)	65.31
AYEL01041465.1:1994-2244(+)	61.16
AYEL01084774.1:27261-27514(+)	62.02
AYEL01092025.1:12592-12830(+)	62.44
AYEL01030958.1:6335-6565(-)	63.16
AYEL01086012.1:25564-25791(+)	62.50
AYEL01046014.1:6379-6604(-)	63.51
AYEL01067905.1:28721-28961(+)	60.91
AYEL01060480.1:17383-17614(-)	66.47
AYEL01065281.1:18748-18979(+)	68.46
AYEL01082682.1:3016-3246(+)	69.33
AYEL01090764.1:34043-34285(-)	66.67
AYEL01075950.1:18371-18618(+)	61.75
AYEL01086118.1:27992-28226(-)	66.47
AYEL01067171.1:64743-64990(+)	65.07
AYEL01015679.1:19324-19586(+)	59.17
AYEL01082635.1:18277-18512(-)	61.75
AYEL01067786.1:21690-21916(-)	59.20
AYEL01055265.1:21252-21452(-)	63.03
AYEL01090294.1:45926-46124(+)	61.85
AYEL01033707.1:39660-39893(+)	61.17
AYEL01053421.1:81506-81763(+)	60.28
AYEL01055081.1:476-704(-)	61.14
AYEL01087753.1:17901-18145(+)	61.23
AYEL01091087.1:90274-90508(-)	61.72
AYEL01085093.1:34530-34740(+)	62.36
AYEL01066587.1:45990-46261(-)	70.99
AYEL01078736.1:13991-14201(+)	59.90
AYEL01086491.1:115862-116075(+)	66.19
AYEL01063850.1:877-1100(-)	68.00
AYEL01051343.1:9830-10091(+)	66.00
AYEL01069230.1:20704-20947(+)	60.87
AYEL01087928.1:16760-17004(-)	62.30
AYEL01078252.1:23856-24095(-)	64.85
AYEL01086364.1:21231-21454(+)	59.26
AYEL01068819.1:11709-11912(+)	61.38
AYEL01084682.1:5740-5982(-)	65.65
AYEL01064548.1:22138-22360(+)	61.01
AYEL01085838.1:27959-28204(-)	57.75
AYEL01086326.1:39951-40171(+)	67.27
AYEL01069756.1:86812-87040(-)	68.07
AYEL01071165.1:25667-25882(-)	66.67
AYEL01061760.1:7243-7472(+)	61.11
AYEL01075320.1:1612-1811(+)	68.60
AYEL01081558.1:8464-8694(-)	62.02
AYEL01074198.1:5360-5599(+)	62.16
AYEL01090785.1:2057-2302(+)	68.07
AYEL01073575.1:130576-130801(-)	65.24
AYEL01089383.1:4057-4278(+)	61.59
AYEL01066634.1:15733-15970(+)	63.19
AYEL01076992.1:137002-137233(+)	62.68
AYEL01043679.1:22737-22971(-)	61.81
AYEL01081789.1:134141-134390(+)	59.04
AYEL01065640.1:28138-28375(+)	63.03
AYEL01075288.1:4936-5184(-)	61.64
AYEL01051061.1:1434-1669(-)	68.87
AYEL01083632.1:13585-13830(-)	59.75
AYEL01063701.1:28945-29178(+)	59.24
AYEL01038295.1:194-426(+)	64.74
AYEL01079772.1:35813-36044(-)	57.79
AYEL01047824.1:22398-22672(+)	71.00
AYEL01056061.1:12032-12283(+)	61.06
AYEL01072752.1:43012-43257(-)	65.50
AYEL01090579.1:36020-36255(-)	64.20
AYEL01090507.1:9634-9847(+)	58.38
AYEL01075658.1:103705-103931(-)	64.56
AYEL01073798.1:9816-10058(+)	61.36
AYEL01030958.1:9450-9662(-)	58.08
AYEL01064807.1:16342-16557(+)	58.66
AYEL01080595.1:9079-9297(+)	64.36
AYEL01023224.1:20598-20840(+)	65.00
AYEL01084428.1:27385-27626(+)	58.79
AYEL01073308.1:36698-36938(+)	61.45
AYEL01081432.1:5103-5318(+)	59.09
AYEL01050040.1:16021-16221(-)	66.46
AYEL01076867.1:40870-41077(+)	63.29
AYEL01078273.1:46863-47133(-)	65.55
AYEL01055059.1:12864-13100(-)	63.29
AYEL01013586.1:14299-14527(+)	58.85
AYEL01068338.1:879-1123(-)	62.87
AYEL01086776.1:33564-33795(-)	62.79
AYEL01037163.1:7919-8164(+)	62.50
AYEL01086992.1:19109-19316(-)	72.06
AYEL01079736.1:10976-11227(-)	64.71
AYEL01054328.1:7076-7298(-)	61.46
AYEL01026237.1:784-1018(-)	63.76
AYEL01048745.1:18640-18841(+)	71.01
AYEL01071446.1:33700-33919(+)	60.71
AYEL01039600.1:16422-16637(+)	64.96
AYEL01081169.1:18000-18250(+)	66.84
AYEL01089314.1:10171-10402(-)	65.56
AYEL01046115.1:24536-24763(+)	72.73
AYEL01067895.1:21070-21301(+)	66.90
AYEL01072068.1:47145-47384(-)	64.81
AYEL01090227.1:31532-31757(-)	60.30
AYEL01080007.1:10674-10913(-)	64.97
AYEL01092020.1:4840-5085(-)	61.90
AYEL01013151.1:1544-1797(+)	64.63
AYEL01074776.1:22605-22835(-)	70.13
AYEL01080496.1:13142-13369(+)	62.25
AYEL01055520.1:9996-10204(+)	62.25
AYEL01083965.1:22802-23043(+)	63.08
AYEL01049880.1:8286-8513(-)	61.54
AYEL01077640.1:8674-8882(-)	59.56
AYEL01060357.1:54235-54475(-)	68.97
AYEL01077108.1:34480-34710(-)	72.73
AYEL01069699.1:33365-33606(+)	66.67
AYEL01086555.1:6696-6962(-)	70.81
AYEL01091330.1:3830-4061(-)	60.66
AYEL01047977.1:16990-17223(+)	62.38
AYEL01080156.1:5653-5873(+)	63.04
AYEL01091653.1:97747-97948(+)	65.65
AYEL01083282.1:55151-55397(+)	61.75
AYEL01087495.1:25682-25931(+)	65.42
AYEL01084656.1:78593-78831(+)	64.46
AYEL01058289.1:30861-31066(-)	61.74
AYEL01088223.1:10383-10655(+)	64.60
AYEL01076807.1:99717-99942(-)	65.88
AYEL01091905.1:49793-50058(-)	71.79
AYEL01088176.1:11688-11919(-)	63.64
AYEL01073656.1:41109-41349(-)	64.11
AYEL01058375.1:82794-83094(-)	71.57
AYEL01039616.1:99774-99992(-)	62.09
AYEL01075743.1:2538-2749(+)	63.64
AYEL01065299.1:57498-57735(+)	62.20
AYEL01068797.1:9044-9245(-)	64.89
AYEL01063875.1:10980-11211(+)	62.78
AYEL01089642.1:22944-23180(+)	65.79
AYEL01069830.1:23616-23872(+)	64.23
AYEL01058387.1:8089-8335(+)	63.24
AYEL01075201.1:13969-14203(-)	65.84
AYEL01078083.1:51830-52064(+)	63.21
AYEL01066450.1:10055-10301(+)	62.81
AYEL01055028.1:2085-2306(+)	63.27
AYEL01085547.1:37370-37584(-)	62.86
AYEL01090545.1:21519-21762(-)	63.33
AYEL01069627.1:16986-17228(-)	65.19
AYEL01077942.1:6747-6980(-)	65.55
AYEL01061196.1:1961-2190(-)	64.00
AYEL01074556.1:41408-41641(-)	61.14
AYEL01083633.1:239703-239942(+)	60.77
AYEL01060863.1:4863-5103(+)	62.78
AYEL01073352.1:24151-24396(+)	64.76
AYEL01031061.1:472-689(-)	57.44
AYEL01057561.1:5751-5995(-)	60.77
AYEL01078568.1:50906-51110(+)	69.03
AYEL01073350.1:20591-20814(+)	62.70
AYEL01066124.1:346-549(+)	59.88
AYEL01046605.1:2221-2451(-)	62.09
AYEL01067761.1:48897-49108(+)	58.62
AYEL01059722.1:1304-1505(-)	74.16
AYEL01078431.1:101827-102058(+)	67.07
AYEL01088496.1:51223-51449(-)	66.67
AYEL01050882.1:18638-18859(-)	65.75
AYEL01073220.1:42779-43001(-)	67.05
AYEL01088126.1:54558-54781(+)	60.77
AYEL01067522.1:32490-32705(+)	57.08
AYEL01079255.1:86436-86674(-)	63.47
AYEL01073796.1:3840-4080(+)	60.98
AYEL01079540.1:6179-6427(+)	61.50
AYEL01057626.1:22371-22604(+)	66.47
AYEL01075233.1:124366-124615(+)	66.88
AYEL01058767.1:13388-13602(-)	62.07
AYEL01079439.1:106039-106252(+)	64.24
AYEL01015940.1:83957-84158(+)	64.10
AYEL01065281.1:4776-4985(+)	62.11
AYEL01082089.1:25882-26122(-)	68.39
AYEL01065677.1:8999-9208(-)	65.64
AYEL01077694.1:14696-14937(+)	61.34
AYEL01069771.1:50789-51011(-)	65.00
AYEL01089216.1:1467-1682(-)	59.89
AYEL01067020.1:15903-16129(-)	65.07
AYEL01076368.1:3200-3404(+)	54.46
AYEL01070800.1:39813-40037(+)	60.93
AYEL01053856.1:11540-11786(-)	59.91
AYEL01090583.1:10387-10632(-)	57.58
AYEL01070288.1:54257-54493(-)	61.25
AYEL01086068.1:18998-19221(-)	61.49
AYEL01024928.1:29470-29692(-)	65.62
AYEL01087362.1:393-636(-)	59.70
AYEL01081068.1:12962-13175(+)	62.84
AYEL01077411.1:22091-22334(-)	59.66
AYEL01060934.1:128782-129003(-)	71.95
AYEL01066811.1:561-809(+)	65.43
AYEL01085355.1:4307-4538(-)	66.51
AYEL01027720.1:115755-115965(+)	64.00
AYEL01066523.1:500-704(+)	60.56
AYEL01061878.1:7960-8192(+)	64.42
AYEL01085576.1:2597-2829(-)	66.06
AYEL01083055.1:4258-4489(+)	65.07
AYEL01087497.1:28334-28567(+)	61.36
AYEL01082295.1:44608-44815(+)	56.44
AYEL01068282.1:17743-17963(-)	64.43
AYEL01089504.1:23075-23301(-)	61.03
AYEL01026287.1:58698-58925(+)	64.36
AYEL01077986.1:21598-21842(-)	59.33
AYEL01077233.1:28839-29043(-)	63.58
AYEL01067253.1:1725-1969(+)	59.24
AYEL01073726.1:6520-6746(+)	62.75
AYEL01083780.1:13344-13573(-)	62.02
AYEL01065849.1:457-688(-)	59.49
AYEL01037262.1:5975-6211(-)	62.50
AYEL01082858.1:20325-20546(+)	67.06
AYEL01082580.1:5157-5378(-)	65.45
AYEL01058380.1:11689-11906(+)	66.41
AYEL01084372.1:8639-8869(+)	65.25
AYEL01077614.1:40629-40869(-)	61.51
AYEL01067171.1:17436-17651(+)	60.76
AYEL01069876.1:3344-3569(+)	59.19
AYEL01072937.1:60992-61258(-)	67.74
AYEL01067164.1:18870-19099(-)	62.99
AYEL01082312.1:10722-10934(-)	70.49
AYEL01077672.1:11510-11739(+)	60.27
AYEL01083769.1:32874-33112(-)	56.81
AYEL01062041.1:56791-57007(-)	59.80
AYEL01080185.1:43987-44235(+)	59.33
AYEL01087180.1:37825-38042(+)	63.68
AYEL01074494.1:14605-14861(+)	67.28
AYEL01081563.1:98517-98750(-)	62.98
AYEL01049528.1:1748-1949(-)	58.71
AYEL01068592.1:9517-9759(+)	62.98
AYEL01015679.1:48906-49137(+)	64.89
AYEL01087245.1:201804-202027(+)	62.77
AYEL01092234.1:9670-9913(+)	63.06
AYEL01055821.1:35121-35351(-)	64.08
AYEL01083441.1:30477-30708(+)	57.55
AYEL01046509.1:899-1116(-)	62.93
AYEL01071012.1:2534-2761(+)	63.47
AYEL01058363.1:54660-54894(-)	59.28
AYEL01080053.1:4905-5133(-)	64.86
AYEL01063548.1:616-853(-)	67.72
AYEL01058289.1:29484-29689(+)	61.74
AYEL01048958.1:14261-14506(-)	61.11
AYEL01081734.1:20766-20996(+)	67.53
AYEL01071413.1:718-945(+)	62.07
AYEL01040947.1:5301-5507(+)	63.75
AYEL01083743.1:19621-19860(-)	63.37
AYEL01021622.1:46266-46510(-)	59.01
AYEL01063228.1:49973-50194(-)	64.42
AYEL01077016.1:24010-24212(+)	55.21
AYEL01052480.1:14354-14584(+)	62.83
AYEL01060411.1:13777-13984(-)	53.62
AYEL01074547.1:89953-90182(+)	58.85
AYEL01081754.1:4112-4345(+)	61.81
AYEL01087550.1:1128-1375(-)	65.88
AYEL01072970.1:40404-40619(+)	57.55
AYEL01029901.1:16925-17149(-)	65.82
AYEL01085829.1:5238-5482(-)	63.46
AYEL01047975.1:13285-13513(+)	61.88
AYEL01080628.1:13409-13655(+)	62.89
AYEL01060393.1:611-835(-)	67.47
AYEL01036678.1:7818-8049(+)	60.94
AYEL01079448.1:20453-20697(+)	61.05
AYEL01076003.1:60728-60930(+)	65.09
AYEL01044597.1:41842-42071(-)	63.59
AYEL01090215.1:31826-32056(-)	61.72
AYEL01078758.1:22289-22487(-)	61.82
AYEL01073122.1:22501-22728(+)	62.56
AYEL01036785.1:19893-20126(+)	58.33
AYEL01087235.1:4884-5114(+)	68.35
AYEL01074282.1:14250-14464(+)	61.22
AYEL01084326.1:108105-108350(+)	60.52
AYEL01082973.1:6191-6424(-)	68.12
AYEL01081110.1:4731-4994(+)	69.38
AYEL01087244.1:53456-53685(-)	64.32
AYEL01045720.1:31771-31981(-)	57.95
AYEL01081029.1:24742-24992(-)	63.76
AYEL01055046.1:4744-4943(+)	60.41
AYEL01058273.1:9594-9839(-)	62.98
AYEL01086483.1:434-642(+)	63.53
AYEL01079325.1:4763-4992(-)	64.29
AYEL01089893.1:3114-3353(+)	65.09
AYEL01090680.1:68571-68794(-)	66.84
AYEL01081154.1:16760-16976(+)	61.94
AYEL01090803.1:3035-3258(+)	60.00
AYEL01051137.1:33315-33534(-)	63.28
AYEL01079554.1:10933-11139(-)	69.57
AYEL01074592.1:39492-39727(-)	59.61
AYEL01065983.1:6690-6945(+)	64.54
AYEL01072060.1:42950-43193(-)	63.89
AYEL01089175.1:30785-31002(-)	57.14
AYEL01090509.1:27753-27983(+)	58.82
AYEL01079177.1:22995-23235(+)	61.84
AYEL01058349.1:14954-15173(-)	61.82
AYEL01057816.1:1889-2133(-)	62.16
AYEL01085820.1:69138-69337(+)	63.45
AYEL01059631.1:35676-35921(+)	62.20
AYEL01088157.1:37946-38193(-)	65.24
AYEL01054589.1:12619-12849(-)	61.45
AYEL01066452.1:35486-35696(-)	68.00
AYEL01042260.1:7065-7302(+)	61.78
AYEL01082006.1:13100-13302(+)	62.70
AYEL01079054.1:15383-15602(-)	65.71
AYEL01081943.1:13974-14364(+)	63.56
AYEL01060935.1:45029-45245(-)	68.57
AYEL01065142.1:31541-31785(+)	60.44
AYEL01076003.1:45488-45687(+)	64.62
AYEL01087428.1:4362-4608(-)	59.91
AYEL01069875.1:55135-55373(+)	65.71
AYEL01056282.1:38725-38962(-)	63.76
AYEL01070692.1:4953-5164(-)	61.96
AYEL01062011.1:30262-30534(-)	62.60
AYEL01086934.1:22129-22373(+)	66.67
AYEL01092228.1:251-465(-)	62.77
AYEL01086507.1:2059-2298(-)	61.14
AYEL01084876.1:16223-16469(+)	63.64
AYEL01084094.1:39880-40113(-)	60.61
AYEL01075792.1:8368-8618(-)	64.45
AYEL01075073.1:93249-93470(+)	61.86
AYEL01052348.1:8495-8720(+)	64.09
AYEL01070999.1:55308-55510(-)	64.89
AYEL01089296.1:44539-44738(+)	66.91
AYEL01060457.1:46751-46997(+)	57.92
AYEL01081089.1:9047-9245(+)	59.24
AYEL01076931.1:38722-38943(-)	63.59
AYEL01062820.1:226-448(-)	67.59
AYEL01079398.1:40826-41049(-)	58.77
AYEL01083612.1:14187-14413(+)	62.50
AYEL01070778.1:58731-58984(+)	67.73
AYEL01085262.1:1586-1803(-)	64.06
AYEL01085199.1:34769-35003(-)	60.85
AYEL01083717.1:6264-6471(-)	64.49
AYEL01072168.1:52578-52824(-)	63.19
AYEL01056277.1:45443-45685(-)	58.58
AYEL01085467.1:33798-34041(-)	62.38
AYEL01091977.1:13318-13553(+)	68.31
AYEL01067968.1:42871-43133(-)	62.35
AYEL01049348.1:26096-26340(+)	65.45
AYEL01087049.1:52186-52391(+)	62.89
AYEL01087448.1:11421-11676(+)	65.77
AYEL01089012.1:86298-86518(+)	61.34
AYEL01092031.1:15567-15816(+)	60.33
AYEL01090027.1:48877-49082(+)	65.25
AYEL01073991.1:10189-10420(+)	68.15
AYEL01073209.1:19575-19781(-)	63.10
AYEL01080889.1:81518-81765(-)	66.28
AYEL01091016.1:3297-3494(+)	56.28
AYEL01087255.1:36015-36236(+)	59.56
AYEL01087216.1:2361-2600(-)	61.01
AYEL01056635.1:12223-12428(-)	61.27
AYEL01077382.1:30043-30278(-)	62.39
AYEL01068652.1:966-1215(+)	62.07
AYEL01085378.1:51197-51401(-)	62.88
AYEL01088961.1:9979-10198(+)	67.69
AYEL01069303.1:37539-37787(-)	62.83
AYEL01065100.1:9518-9725(+)	63.45
AYEL01087751.1:21817-22033(+)	65.84
AYEL01090062.1:36790-36994(+)	63.44
AYEL01065692.1:1293-1538(+)	61.03
AYEL01078431.1:102563-102794(+)	67.07
AYEL01078274.1:25528-25748(-)	63.29
AYEL01015533.1:20921-21153(+)	67.21
AYEL01064505.1:49450-49660(-)	68.03
AYEL01069016.1:20614-20853(-)	61.65
AYEL01084189.1:67055-67296(+)	60.56
AYEL01083215.1:32821-33044(+)	65.41
AYEL01077102.1:5383-5630(-)	59.24
AYEL01091890.1:58330-58562(-)	60.50
AYEL01091931.1:4071-4315(+)	61.16
AYEL01074276.1:64541-64755(+)	62.72
AYEL01065713.1:2654-2860(-)	66.90
AYEL01081702.1:117515-117714(-)	59.15
AYEL01055883.1:195-430(-)	66.29
AYEL01086727.1:11631-11863(-)	63.11
AYEL01036052.1:15823-16063(+)	63.83
AYEL01057559.1:1538-1785(-)	65.20
AYEL01082352.1:22261-22500(+)	65.75
AYEL01062458.1:2415-2633(-)	63.21
AYEL01067715.1:9697-9915(-)	60.29
AYEL01091259.1:63010-63227(-)	62.92
AYEL01085378.1:50775-51002(-)	58.76
AYEL01072851.1:51788-52026(-)	60.41
AYEL01077015.1:15577-15917(+,-)	61.46
AYEL01069562.1:26605-26838(-)	59.57
AYEL01080202.1:89029-89243(+)	63.44
AYEL01065380.1:10015-10235(-)	57.87
AYEL01058447.1:2791-3012(-)	64.16
AYEL01054163.1:4453-4650(-)	64.90
AYEL01083480.1:64647-64910(+)	62.91
AYEL01073029.1:49889-50117(+)	58.85
AYEL01032842.1:6153-6386(+)	60.34
AYEL01051792.1:1749-1976(+)	62.28
AYEL01091916.1:24804-25010(-)	63.28
AYEL01088977.1:16236-16475(+)	60.78
AYEL01076180.1:9093-9320(+)	64.24
AYEL01075137.1:26153-26380(+)	63.46
AYEL01036146.1:85586-85828(+)	65.68
AYEL01081188.1:31703-31926(+)	59.22
AYEL01076155.1:13283-13491(-)	59.13
AYEL01070709.1:46277-46483(-)	57.29
AYEL01082400.1:18938-19165(-)	58.08
AYEL01068851.1:53082-53297(-)	62.26
AYEL01079973.1:29592-29798(-)	62.94
AYEL01068196.1:35317-35528(+)	61.81
AYEL01078556.1:61140-61370(-)	63.81
AYEL01079211.1:46283-46531(-)	60.54
AYEL01081403.1:36796-37028(+)	69.14
AYEL01081943.1:16639-16863(+)	61.24
AYEL01084718.1:17056-17301(+)	61.76
AYEL01071310.1:7096-7338(+)	60.66
AYEL01085107.1:4186-4388(-)	61.64
AYEL01084848.1:42138-42391(-)	62.24
AYEL01075518.1:28267-28478(-)	60.64
AYEL01073211.1:116611-116854(+)	62.44
AYEL01070271.1:77892-78203(+)	66.09
AYEL01090607.1:5280-5493(+)	71.89
AYEL01074204.1:94109-94326(+)	66.48
AYEL01080594.1:58230-58477(+)	60.54
AYEL01076791.1:57867-58111(-)	58.46
AYEL01075668.1:47317-47539(+)	64.46
AYEL01035068.1:33687-33916(+)	61.73
AYEL01035858.1:45620-45823(+)	65.48
AYEL01086589.1:26047-26268(+)	71.34
AYEL01091648.1:5990-6208(+)	62.33
AYEL01068696.1:37249-37459(-)	64.55
AYEL01067553.1:77222-77468(+)	63.85
AYEL01077734.1:7197-7433(-)	60.51
AYEL01083647.1:11726-11975(+)	66.25
AYEL01058062.1:36927-37163(-)	65.50
AYEL01059715.1:8985-9205(-)	62.94
AYEL01052378.1:36580-36827(+)	60.29
AYEL01075790.1:24947-25157(+)	60.77
AYEL01078084.1:20457-20691(-)	63.46
AYEL01083746.1:8811-9032(-)	62.05
AYEL01081778.1:44272-44511(-)	60.37
AYEL01034527.1:10027-10250(-)	61.58
AYEL01075010.1:29970-30211(+)	64.12
AYEL01062409.1:142-370(-)	61.21
AYEL01081361.1:41645-41863(+)	64.00
AYEL01045010.1:2575-2821(-)	62.74
AYEL01085625.1:1312-1524(+)	61.72
AYEL01089237.1:4660-4887(+)	62.05
AYEL01063018.1:28361-28592(+)	68.67
AYEL01038771.1:11990-12227(+)	65.92
AYEL01071945.1:23641-23870(-)	63.64
AYEL01067380.1:19120-19352(-)	61.82
AYEL01063094.1:916-1142(-)	60.39
AYEL01070945.1:11245-11546(-)	65.62
AYEL01007356.1:2269-2500(+)	64.24
AYEL01079736.1:7171-7385(+)	60.67
AYEL01080889.1:34875-35119(+)	60.83
AYEL01083417.1:29600-29811(-)	63.32
AYEL01085712.1:40176-40421(-)	59.62
AYEL01078017.1:21454-21686(+)	66.23
AYEL01043979.1:2408-2607(+)	60.23
AYEL01077573.1:2254-2484(+)	62.78
AYEL01078984.1:53129-53380(-)	65.14
AYEL01089906.1:19359-19572(+)	60.11
AYEL01073700.1:7086-7313(+)	60.63
AYEL01076297.1:54563-54796(-)	62.96
AYEL01089890.1:76247-76581(-)	64.38
AYEL01078196.1:47595-47837(+)	63.87
AYEL01031720.1:4446-4679(-)	59.42
AYEL01086576.1:6946-7159(-)	62.82
AYEL01088883.1:6836-7070(+)	63.43
AYEL01078411.1:24704-24910(-)	56.84
AYEL01083292.1:18565-18793(+)	59.91
AYEL01076624.1:2961-3203(-)	64.19
AYEL01055623.1:23721-23968(+)	65.04
AYEL01086840.1:32818-33039(+)	64.23
AYEL01084747.1:19155-19390(-)	68.42
AYEL01089191.1:15487-15714(-)	61.34
AYEL01077968.1:10480-10727(+)	65.07
AYEL01078943.1:3735-3977(-)	63.73
AYEL01071906.1:2916-3147(+)	66.42
AYEL01061791.1:29381-29625(+)	66.46
AYEL01090993.1:48961-49190(+)	61.29
AYEL01049335.1:10532-10763(+)	67.28
AYEL01072140.1:93953-94183(-)	57.89
AYEL01091354.1:3385-3615(+)	60.19
AYEL01080440.1:48587-48823(-)	60.87
AYEL01089590.1:41061-41303(+)	59.24
AYEL01006344.1:13491-13731(-)	64.79
AYEL01087941.1:39538-39742(-)	65.19
AYEL01077335.1:55585-55785(-)	58.09
AYEL01089975.1:17385-17604(-)	64.20
AYEL01080609.1:23631-23875(+)	65.26
AYEL01070153.1:3771-4008(+)	64.18
AYEL01062728.1:17625-17878(-)	65.99
AYEL01079181.1:60228-60432(-)	62.82
AYEL01069512.1:5300-5503(+)	64.74
AYEL01078608.1:38994-39221(-)	62.98
AYEL01076327.1:17964-18194(-)	62.05
AYEL01069008.1:6549-6750(-)	62.25
AYEL01080379.1:12109-12347(+)	63.30
AYEL01088926.1:19181-19438(-)	68.29
AYEL01056054.1:31134-31411(-)	69.03
AYEL01040393.1:3182-3411(+)	58.51
AYEL01082851.1:4245-4476(-)	62.56
AYEL01039637.1:76733-76975(-)	61.08
AYEL01079867.1:37628-37835(+)	61.87
AYEL01085192.1:48843-49080(-)	62.94
AYEL01076819.1:10747-10967(+)	59.22
AYEL01088975.1:19200-19445(+)	64.22
AYEL01091862.1:857-1062(+)	63.43
AYEL01076669.1:54821-55038(+)	59.59
AYEL01066202.1:24202-24439(-)	62.89
AYEL01064913.1:39670-39898(+)	62.50
AYEL01077207.1:20882-21101(-)	63.70
AYEL01082783.1:549-765(+)	66.24
AYEL01052378.1:13350-13547(+)	69.16
AYEL01079536.1:32250-32465(+)	62.77
AYEL01027723.1:9502-9730(+)	61.26
AYEL01089441.1:19550-19778(+)	62.26
AYEL01048728.1:29359-29577(+)	61.39
AYEL01074484.1:10741-10949(-)	69.77
AYEL01075620.1:8054-8297(-)	64.84
AYEL01071900.1:375-760(-)	63.18
AYEL01065735.1:13470-13690(-)	68.00
AYEL01080746.1:1443-1649(-)	59.80
AYEL01074544.1:34234-34459(+)	67.98
AYEL01080189.1:99216-99471(+)	69.40
AYEL01062486.1:3308-3544(-)	74.07
AYEL01052483.1:34458-34687(-)	62.78
AYEL01075327.1:17942-18206(-)	65.17
AYEL01084998.1:3943-4192(+)	61.96
AYEL01085432.1:2273-2494(-)	63.45
AYEL01065874.1:11545-11768(-)	65.61
AYEL01073575.1:140700-140928(+)	60.77
AYEL01060950.1:54665-54907(-)	65.35
AYEL01030257.1:2831-3062(+)	61.42
AYEL01046381.1:26803-27038(-)	60.62
AYEL01022644.1:32971-33178(+)	61.49
AYEL01081481.1:9048-9282(-)	62.44
AYEL01080754.1:7865-8075(+)	64.12
AYEL01066043.1:7755-7995(-)	60.35
AYEL01047973.1:12486-12705(-)	65.91
AYEL01045585.1:14002-14244(+)	65.20
AYEL01035395.1:12526-12753(+)	58.71
AYEL01082318.1:32971-33227(+)	62.16
AYEL01083698.1:1335-1595(+)	65.22
AYEL01082216.1:49912-50145(-)	70.30
AYEL01061219.1:13966-14203(-)	62.67
AYEL01034975.1:10516-10720(-)	63.38
AYEL01061753.1:4439-4693(+)	62.61
AYEL01079249.1:72989-73221(-)	62.05
AYEL01057626.1:47223-47472(-)	65.64
AYEL01003874.1:3908-4127(-)	60.80
AYEL01051744.1:6408-6610(+)	59.69
AYEL01062439.1:47604-47813(-)	64.91
AYEL01075188.1:39808-40020(+)	64.07
AYEL01086231.1:67815-68048(+)	62.28
AYEL01068860.1:734-970(-)	62.81
AYEL01069562.1:66753-66968(+)	59.07
AYEL01083482.1:20426-20646(+)	63.92
AYEL01089195.1:272104-272345(+)	61.29
AYEL01077620.1:46721-46966(-)	61.16
AYEL01077546.1:9497-9724(-)	58.21
AYEL01080521.1:7358-7612(+)	64.35
AYEL01067129.1:13970-14182(+)	61.38
AYEL01019891.1:20868-21087(-)	61.81
AYEL01071534.1:21625-21835(+)	64.10
AYEL01073400.1:27167-27378(-)	61.82
AYEL01043665.1:1868-2082(-)	66.43
AYEL01083695.1:15085-15310(-)	63.73
AYEL01049338.1:4261-4503(+)	63.80
AYEL01091149.1:33528-33809(-)	68.79
AYEL01068660.1:282-501(+)	62.25
AYEL01089296.1:59374-59610(+)	60.85
AYEL01074334.1:4570-4863(+)	58.76
AYEL01078326.1:3421-3648(+)	59.55
AYEL01045647.1:36399-36599(+)	63.04
AYEL01085453.1:4397-4649(+)	64.76
AYEL01090349.1:44073-44279(-)	57.67
AYEL01072382.1:29906-30142(+)	63.02
AYEL01067974.1:47025-47228(+)	62.50
AYEL01073851.1:71334-71578(-)	65.45
AYEL01069426.1:87125-87351(-)	60.50
AYEL01029376.1:26355-26584(-)	64.73
AYEL01061907.1:4881-5131(-)	62.79
AYEL01073155.1:12728-12969(-)	59.67
AYEL01076468.1:18670-18904(+)	61.29
AYEL01068674.1:17127-17357(-)	67.59
AYEL01088289.1:83671-83901(-)	62.44
AYEL01027720.1:71811-72009(+)	64.34
AYEL01080189.1:11502-11726(+)	62.72
AYEL01039168.1:5023-5233(+)	63.21
AYEL01080860.1:2596-2841(-)	62.70
AYEL01051211.1:9299-9530(+)	61.61
AYEL01070898.1:13534-13766(-)	67.09
AYEL01072174.1:8618-8826(-)	66.41
AYEL01069742.1:26560-26780(-)	61.66
AYEL01070818.1:12490-12717(-)	59.55
AYEL01081497.1:86003-86230(-)	59.13
AYEL01091519.1:5693-5897(-)	75.00
AYEL01078004.1:38757-39004(-)	60.98
AYEL01062729.1:22480-22701(+)	60.66
AYEL01055618.1:36208-36435(-)	57.92
AYEL01069556.1:32202-32433(+)	59.07
AYEL01075867.1:6624-6859(-)	58.91
AYEL01089112.1:40474-40713(-)	62.43
AYEL01087339.1:76967-77200(-)	58.11
AYEL01059638.1:64365-64567(-)	58.50
AYEL01070513.1:6144-6372(+)	62.39
AYEL01057879.1:37216-37420(-)	58.67
AYEL01080403.1:18793-19036(-)	63.73
AYEL01072937.1:37567-37807(-)	64.71
AYEL01069084.1:47790-48019(+)	59.51
AYEL01086847.1:4061-4295(+)	60.83
AYEL01074212.1:30837-31047(-)	61.38
AYEL01060764.1:32538-32768(-)	61.18
AYEL01084709.1:9288-9523(-)	60.89
AYEL01079724.1:34776-35141(+,-)	58.41
AYEL01038381.1:3757-3982(-)	63.98
AYEL01087746.1:1589-1821(-)	62.05
AYEL01062377.1:4417-4625(-)	61.93
AYEL01066741.1:4667-4884(+)	59.18
AYEL01076307.1:51652-51863(-)	63.69
AYEL01076011.1:31711-31984(+)	67.70
AYEL01075563.1:216-424(-)	62.75
AYEL01071986.1:11280-11481(+)	71.60
AYEL01090836.1:7510-7714(-)	65.36
AYEL01070170.1:22017-22249(-)	67.59
AYEL01085938.1:13231-13438(+)	62.63
AYEL01066570.1:29109-29338(+)	65.31
AYEL01067968.1:84318-84556(+)	67.09
AYEL01008669.1:746-980(-)	63.50
AYEL01073283.1:59304-59516(+)	60.98
AYEL01075950.1:54274-54493(-)	62.23
AYEL01075938.1:36259-36485(+)	61.99
AYEL01052979.1:127825-128056(-)	63.49
AYEL01084241.1:37742-38024(-)	61.21
AYEL01064539.1:59645-59871(+)	60.19
AYEL01060340.1:109102-109338(-)	58.25
AYEL01077743.1:48513-48760(+)	60.71
AYEL01061969.1:24622-24865(-)	64.20
AYEL01086082.1:10000-10208(-)	58.97
AYEL01090207.1:1965-2163(+)	72.64
AYEL01083870.1:17322-17522(-)	62.50
AYEL01075230.1:23307-23538(+)	62.66
AYEL01090128.1:11905-12133(-)	61.79
AYEL01045165.1:31717-31952(-)	65.03
AYEL01065751.1:20996-21225(-)	61.66
AYEL01083723.1:1922-2147(+)	60.19
AYEL01027984.1:756-985(+)	61.39
AYEL01083379.1:4557-4823(+)	63.22
AYEL01062242.1:2534-2779(-)	62.28
AYEL01092140.1:211-421(+)	70.00
AYEL01085366.1:21639-21884(+)	63.59
AYEL01056588.1:12175-12411(-)	64.19
AYEL01085205.1:17025-17231(-)	63.74
AYEL01085197.1:67182-67409(-)	64.29
AYEL01028045.1:7383-7622(-)	67.48
AYEL01084423.1:22620-22850(-)	60.61
AYEL01080856.1:26684-26931(+)	60.36
AYEL01081708.1:22733-22945(+)	59.90
AYEL01071408.1:14605-14834(+)	58.45
AYEL01089964.1:36566-36773(+)	63.00
AYEL01052360.1:20558-20796(-)	66.88
AYEL01076890.1:91038-91262(-)	61.46
AYEL01025604.1:26230-26471(+)	65.56
AYEL01074193.1:91261-91480(+)	60.91
AYEL01087638.1:11094-11339(-)	60.85
AYEL01070185.1:2942-3171(+)	66.45
AYEL01092273.1:3105-3348(-)	63.76
AYEL01078764.1:73343-73570(+)	67.46
AYEL01056361.1:63482-63710(+)	62.56
AYEL01065769.1:2293-2595(+)	60.00
AYEL01034527.1:53285-53509(-)	69.23
AYEL01067222.1:23981-24182(+)	67.46
AYEL01084437.1:67113-67331(+)	63.08
AYEL01082858.1:71567-71806(-)	57.21
AYEL01066317.1:18802-19000(-)	71.76
AYEL01082828.1:9282-9487(-)	67.79
AYEL01090579.1:36404-36623(+)	64.11
AYEL01082418.1:33129-33364(-)	58.33
AYEL01081227.1:12472-12697(+)	59.26
AYEL01065142.1:32293-32541(-)	60.69
AYEL01087787.1:9763-10004(+)	59.38
AYEL01056456.1:2485-2706(+)	63.03
AYEL01070778.1:66986-67212(+)	62.12
AYEL01091277.1:160991-161223(-)	66.49
AYEL01088984.1:10184-10407(+)	62.84
AYEL01082135.1:67930-68202(-)	67.80
AYEL01077372.1:52437-52646(-)	68.42
AYEL01022422.1:3655-3883(+)	65.49
AYEL01082373.1:29388-29627(-)	60.18
AYEL01070425.1:77764-78017(-)	65.22
AYEL01075891.1:5911-6114(+)	59.30
AYEL01077022.1:42804-43020(-)	62.42
AYEL01067819.1:7761-7989(-)	64.63
AYEL01089260.1:7602-7802(+)	61.08
AYEL01079967.1:30996-31197(+)	66.44
AYEL01029576.1:33514-33741(-)	61.17
AYEL01081260.1:1241-1465(+)	65.75
AYEL01070385.1:48863-49079(+)	66.67
AYEL01021973.1:31276-31495(+)	65.10
AYEL01070953.1:3349-3581(-)	64.39
AYEL01087277.1:9814-10037(-)	66.23
AYEL01087054.1:25139-25397(+)	65.60
AYEL01074193.1:112392-112619(+)	67.93
AYEL01085970.1:14703-14934(+)	61.93
AYEL01050256.1:2376-2594(-)	65.96
AYEL01068128.1:6541-6766(+)	64.29
AYEL01073212.1:19569-19790(-)	62.19
AYEL01063529.1:56532-56764(+)	63.70
AYEL01087305.1:15320-15541(+)	58.96
AYEL01065622.1:21459-21688(-)	64.25
AYEL01082247.1:17358-17570(-)	65.12
AYEL01091916.1:47512-47748(-)	65.38
AYEL01087099.1:2162-2364(+)	64.93
AYEL01071127.1:4052-4265(+)	60.19
AYEL01069942.1:30901-31146(+)	65.14
AYEL01018949.1:7531-7859(-)	66.21
AYEL01051743.1:2137-2347(+)	58.51
AYEL01048733.1:672-870(-)	61.54
AYEL01078760.1:491-727(+)	62.03
AYEL01045381.1:2628-2846(-)	60.33
AYEL01009438.1:42547-42802(+)	65.24
AYEL01074370.1:17360-17600(+)	68.24
AYEL01084105.1:12999-13205(+)	62.42
AYEL01067376.1:10075-10313(+)	62.25
AYEL01070800.1:16511-16720(+)	59.07
AYEL01063420.1:15087-15317(-)	66.23
AYEL01075755.1:1091-1304(-)	59.59
AYEL01082680.1:58634-58862(-)	61.21
AYEL01075668.1:45462-45676(+)	65.85
AYEL01074830.1:33999-34232(+)	62.04
AYEL01074600.1:46232-46459(+)	63.69
AYEL01078299.1:39832-40088(+)	63.47
AYEL01042379.1:12668-12905(-)	59.62
AYEL01059563.1:4781-5025(+)	63.56
AYEL01054952.1:85895-86113(+)	61.50
AYEL01077211.1:3549-3767(-)	62.90
AYEL01058741.1:12023-12263(+)	67.11
AYEL01089398.1:21927-22180(-)	57.21
AYEL01070163.1:11774-12011(-)	71.01
AYEL01055485.1:32758-33010(-)	60.39
AYEL01072403.1:25597-25813(+)	58.59
AYEL01086194.1:24352-24597(+)	61.41
AYEL01077258.1:1163-1407(-)	62.80
AYEL01087732.1:1290-1526(-)	61.84
AYEL01082053.1:102922-103131(+)	67.72
AYEL01042941.1:26931-27145(+)	62.57
AYEL01050971.1:4638-4851(+)	66.29
AYEL01086058.1:24030-24268(-)	60.75
AYEL01068342.1:5495-5696(+)	60.76
AYEL01037264.1:21717-21941(-)	61.45
AYEL01068315.1:35760-35988(-)	59.56
AYEL01076963.1:38546-38758(-)	62.98
AYEL01072186.1:20006-20237(+)	67.16
AYEL01060340.1:5217-5441(-)	72.86
AYEL01072667.1:18394-18609(-)	63.07
AYEL01088656.1:48893-49118(+)	68.39
AYEL01089750.1:55277-55506(-)	62.75
AYEL01071532.1:18373-18612(+)	64.04
AYEL01087032.1:31273-31480(+)	66.43
AYEL01090464.1:53610-53823(-)	64.62
AYEL01046039.1:20703-20922(-)	61.49
AYEL01073918.1:9441-9685(-)	64.94
AYEL01062980.1:1032-1254(-)	66.67
AYEL01081504.1:16434-16646(-)	58.29
AYEL01065681.1:38738-38957(-)	63.64
AYEL01080833.1:12227-12446(-)	68.90
AYEL01082498.1:32224-32470(+)	64.42
AYEL01068175.1:6759-7001(+)	64.59
AYEL01059443.1:8047-8252(-)	58.66
AYEL01079181.1:29080-29322(+)	61.54
AYEL01088269.1:53666-53886(-)	66.00
AYEL01086465.1:60237-60513(-)	68.60
AYEL01045166.1:9758-9960(+)	66.67
AYEL01080833.1:21012-21215(+)	64.02
AYEL01056047.1:26499-26728(+)	63.01
AYEL01082644.1:40069-40281(+)	63.19
AYEL01073332.1:8718-8938(-)	61.29
AYEL01061680.1:5424-5627(-)	66.43
AYEL01054837.1:15987-16222(-)	59.22
AYEL01023129.1:64594-64839(-)	60.27
AYEL01082366.1:79146-79384(-)	62.19
AYEL01048981.1:14851-15086(-)	60.10
AYEL01081329.1:10573-10804(+)	63.54
AYEL01054427.1:89325-89541(-)	62.24
AYEL01022786.1:946-1189(-)	62.20
AYEL01087087.1:819-1018(+)	62.30
AYEL01054864.1:12947-13146(+)	59.70
AYEL01090360.1:6611-6853(+)	68.59
AYEL01088188.1:11332-11574(+)	59.47
AYEL01083898.1:3035-3258(-)	62.63
AYEL01053366.1:70010-70230(+)	61.80
AYEL01066149.1:30342-30558(+)	63.84
AYEL01074475.1:13439-13671(+)	58.59
AYEL01067538.1:13935-14144(-)	64.29
AYEL01046894.1:12189-12400(-)	55.61
AYEL01092354.1:11702-11917(-)	68.10
AYEL01078611.1:6753-6995(+)	64.19
AYEL01015943.1:10778-10997(+)	65.54
AYEL01034838.1:5942-6169(+)	58.65
AYEL01079803.1:26870-27182(+)	60.82
AYEL01053648.1:6762-6972(-)	66.06
AYEL01089936.1:72706-72947(+)	66.67
AYEL01089251.1:9873-10116(-)	60.83
AYEL01078456.1:430-634(-)	67.21
AYEL01074500.1:2825-3085(+)	66.85
AYEL01075369.1:10495-10729(+)	62.39
AYEL01056047.1:42828-43060(-)	63.68
AYEL01091137.1:30042-30286(+)	66.99
AYEL01060540.1:13452-13656(+)	63.10
AYEL01050227.1:20056-20272(+)	63.43
AYEL01069177.1:5047-5257(+)	67.88
AYEL01089569.1:48007-48224(-)	60.21
AYEL01085756.1:3586-3813(+)	64.22
AYEL01079553.1:33187-33411(+)	64.08
AYEL01078499.1:30223-30451(+)	63.06
AYEL01085186.1:8615-8819(+)	64.23
AYEL01091307.1:34922-35138(+)	61.05
AYEL01085166.1:60721-60952(-)	62.50
AYEL01089698.1:22373-22596(-)	62.04
AYEL01061477.1:9256-9464(+)	63.33
AYEL01089195.1:271430-271659(-)	60.16
AYEL01087516.1:20062-20269(-)	56.04
AYEL01087900.1:69342-69584(+)	61.35
AYEL01090816.1:32951-33151(+)	66.20
AYEL01069804.1:80108-80362(-)	65.14
AYEL01086587.1:35608-35836(+)	64.90
AYEL01065536.1:3513-3748(-)	67.92
AYEL01052381.1:1943-2148(+)	62.77
AYEL01082649.1:18224-18452(+)	67.06
AYEL01064041.1:76030-76262(-)	58.99
AYEL01073769.1:20319-20546(+)	66.06
AYEL01084669.1:73483-73687(+)	64.09
AYEL01091687.1:305-535(+)	57.67
AYEL01084800.1:16477-16724(+)	63.44
AYEL01072953.1:2280-2506(+)	63.38
AYEL01065536.1:2056-2275(+)	63.08
AYEL01078829.1:86103-86336(-)	63.38
AYEL01088883.1:17744-17982(-)	63.04
AYEL01083901.1:27560-27789(+)	58.60
AYEL01078711.1:7492-7691(-)	58.85
AYEL01039637.1:83446-83645(-)	62.37
AYEL01019418.1:32074-32302(+)	67.70
AYEL01044996.1:26900-27127(-)	59.28
AYEL01073749.1:16755-16991(+)	63.33
AYEL01048732.1:13109-13350(-)	64.50
AYEL01066453.1:31822-32027(-)	68.26
AYEL01091137.1:58813-59053(-)	67.60
AYEL01075610.1:7582-7814(-)	61.26
AYEL01077106.1:32914-33167(+)	63.13
AYEL01042551.1:36194-36400(-)	63.00
AYEL01059638.1:22451-22695(-)	59.23
AYEL01079787.1:12221-12448(+)	60.00
AYEL01088309.1:17450-17670(-)	63.03
AYEL01076984.1:43969-44216(+)	65.62
AYEL01080091.1:37821-38065(+)	63.93
AYEL01090852.1:57392-57639(+)	67.89
AYEL01057960.1:21851-22096(-)	58.85
AYEL01049809.1:4092-4320(+)	63.24
AYEL01038803.1:16817-17027(+)	60.61
AYEL01039637.1:50846-51047(+)	60.21
AYEL01071896.1:38713-38943(-)	61.75
AYEL01075162.1:950-1206(-)	64.83
AYEL01063498.1:26672-26880(+)	62.01
AYEL01088279.1:5069-5278(-)	56.98
AYEL01069166.1:22166-22381(-)	59.80
AYEL01055926.1:3119-3341(+)	61.95
AYEL01078502.1:7348-7585(+)	66.46
AYEL01063420.1:55778-56008(-)	62.10
AYEL01031026.1:4362-4584(+)	61.68
AYEL01056802.1:30565-30802(+)	61.46
AYEL01083005.1:41542-41761(+)	61.02
AYEL01056802.1:56049-56264(-)	68.87
AYEL01082113.1:15707-15930(+)	65.00
AYEL01066604.1:23267-23493(-)	62.63
AYEL01083186.1:20812-21024(+)	62.04
AYEL01051286.1:2972-3197(+)	65.97
AYEL01078556.1:45046-45287(-)	66.86
AYEL01088378.1:16416-16664(-)	62.25
AYEL01083364.1:10304-10539(-)	62.91
AYEL01062238.1:7112-7332(+)	59.78
AYEL01084337.1:5148-5378(-)	61.61
AYEL01082891.1:11405-11641(+)	66.16
AYEL01086314.1:8724-8968(+)	64.24
AYEL01059698.1:18217-18449(+)	67.00
AYEL01071038.1:27431-27679(+)	61.09
AYEL01082891.1:36853-37094(-)	62.76
AYEL01066570.1:113702-113954(+)	62.21
AYEL01069570.1:9166-9370(-)	63.70
AYEL01068175.1:407-640(-)	66.88
AYEL01066752.1:1512-1723(+)	64.84
AYEL01074760.1:51128-51345(+)	63.38
AYEL01090920.1:11129-11363(-)	57.87
AYEL01067761.1:64113-64344(-)	60.18
AYEL01056689.1:30145-30348(-)	57.45
AYEL01091291.1:82815-83065(+)	64.59
AYEL01031257.1:41212-41464(-)	62.22
AYEL01035867.1:16435-16841(+,-)	65.74
AYEL01072887.1:23828-24078(-)	64.45
AYEL01089178.1:69428-69630(-)	64.19
AYEL01091890.1:7478-7719(-)	63.13
AYEL01069314.1:3524-3767(-)	60.28
AYEL01073158.1:10811-11042(+)	62.62
AYEL01079839.1:13186-13398(+)	61.54
AYEL01070298.1:14334-14568(+)	63.37
AYEL01080233.1:44398-44631(-)	58.00
AYEL01082518.1:59791-60037(+)	61.85
AYEL01074169.1:547-776(+)	64.15
AYEL01082083.1:404-632(+)	63.30
AYEL01087888.1:10753-10982(+)	58.03
AYEL01078785.1:37354-37578(+)	63.35
AYEL01074468.1:15284-15504(+)	58.79
AYEL01083260.1:7651-7881(+)	68.46
AYEL01072998.1:16727-16960(-)	66.23
AYEL01063027.1:7047-7248(-)	62.35
AYEL01052555.1:52155-52365(+)	63.97
AYEL01061058.1:9146-9382(+)	59.83
AYEL01085189.1:24061-24289(-)	64.42
AYEL01052552.1:42642-42872(-)	62.50
AYEL01059894.1:33077-33322(+)	62.21
AYEL01085938.1:62405-62604(+)	66.67
AYEL01074563.1:23097-23332(+)	64.15
AYEL01092320.1:53810-54027(+)	59.60
AYEL01071199.1:2430-2662(-)	64.35
AYEL01082238.1:1976-2220(-)	60.27
AYEL01059936.1:11402-11605(+)	58.14
AYEL01086752.1:3726-3941(+)	58.92
AYEL01074185.1:86496-86734(-)	62.72
AYEL01045093.1:26644-26853(-)	68.12
AYEL01078809.1:10201-10429(+)	61.39
AYEL01078971.1:9033-9287(+)	66.87
AYEL01087385.1:6439-6676(+)	61.46
AYEL01070466.1:51571-51804(-)	54.42
AYEL01060100.1:19632-19832(+)	63.58
AYEL01058955.1:27697-27927(+)	58.28
AYEL01051044.1:64650-64899(-)	64.11
AYEL01090162.1:66603-66820(+)	64.00
AYEL01090520.1:43612-43820(-)	62.89
AYEL01088675.1:7351-7574(+)	66.23
AYEL01071338.1:67018-67215(-)	66.26
AYEL01086411.1:23018-23223(-)	58.05
AYEL01063157.1:53326-53567(+)	62.02
AYEL01088380.1:45056-45271(-)	63.16
AYEL01074789.1:36788-37020(+)	66.97
AYEL01079754.1:77402-77660(+)	62.22
AYEL01067900.1:17237-17481(-)	62.44
AYEL01088393.1:90007-90231(-)	59.69
AYEL01056957.1:10741-10985(+)	60.54
AYEL01053797.1:33930-34160(-)	62.27
AYEL01076282.1:16103-16359(-)	63.27
AYEL01081888.1:3424-3698(+)	65.35
AYEL01083006.1:12216-12438(-)	65.22
AYEL01071367.1:8185-8401(-)	66.67
AYEL01064106.1:23877-24117(-)	61.54
AYEL01084181.1:12114-12345(-)	62.26
AYEL01075232.1:15464-15688(-)	62.98
AYEL01012532.1:2818-3055(-)	65.24
AYEL01006518.1:32624-32824(-)	69.34
AYEL01086168.1:2310-2517(-)	62.34
AYEL01084358.1:5286-5487(+)	58.42
AYEL01089856.1:85480-85730(+)	62.44
AYEL01072991.1:15250-15494(-)	63.33
AYEL01075668.1:42243-42464(-)	61.15
AYEL01076786.1:21622-22030(+,-)	67.03
AYEL01089195.1:131803-132008(-)	67.20
AYEL01069676.1:22202-22450(-)	63.69
AYEL01075399.1:2283-2526(-)	64.50
AYEL01060584.1:29277-29508(+)	61.43
AYEL01089112.1:49425-49660(+)	62.79
AYEL01063525.1:12366-12582(-)	56.59
AYEL01066505.1:9525-9792(-)	60.33
AYEL01073485.1:3244-3479(+)	67.53
AYEL01075159.1:128376-128605(+)	58.74
AYEL01070218.1:37565-37790(+)	61.27
AYEL01074570.1:145055-145307(+)	65.62
AYEL01069092.1:17056-17290(-)	66.86
AYEL01087862.1:34551-34801(+)	62.29
AYEL01066173.1:34596-34819(+)	62.33
AYEL01034533.1:146-348(-)	80.88
AYEL01058762.1:3222-3431(-)	65.61
AYEL01061474.1:2012-2218(-)	64.63
AYEL01068518.1:36255-36476(-)	63.33
AYEL01080902.1:24569-24808(+)	65.64
AYEL01084510.1:17807-18024(-)	69.23
AYEL01084440.1:11333-11546(-)	58.12
AYEL01064733.1:53990-54212(-)	60.49
AYEL01023335.1:18252-18494(+)	64.33
AYEL01080745.1:6694-6923(-)	57.89
AYEL01059031.1:21022-21241(+)	59.24
AYEL01091367.1:142054-142278(+)	63.13
AYEL01074409.1:13436-13661(-)	60.19
AYEL01090749.1:78025-78238(-)	65.34
AYEL01086449.1:128390-128638(-)	64.08
AYEL01089397.1:34115-34320(+)	63.10
AYEL01081990.1:11907-12161(-)	65.83
AYEL01088080.1:36191-36450(+)	59.43
AYEL01075744.1:17704-17970(-)	62.82
AYEL01084556.1:5786-5992(-)	62.24
AYEL01073190.1:36815-37044(+)	64.44
AYEL01086431.1:80662-80893(-)	60.49
AYEL01069329.1:15896-16112(-)	65.61
AYEL01079339.1:4709-4933(-)	64.66
AYEL01062292.1:19473-19695(-)	63.19
AYEL01069593.1:35850-36073(+)	65.45
AYEL01082703.1:83741-83966(+)	59.90
AYEL01049931.1:10932-11152(+)	61.75
AYEL01092236.1:34255-34476(+)	64.52
AYEL01083119.1:70428-70654(+)	64.03
AYEL01031053.1:11233-11474(+)	62.78
AYEL01053625.1:4791-5016(-)	62.65
AYEL01064255.1:5622-5854(+)	66.47
AYEL01058986.1:68027-68261(+)	62.56
AYEL01075447.1:10639-10882(-)	62.14
AYEL01066899.1:2116-2345(+)	63.94
AYEL01067269.1:1678-1908(-)	59.59
AYEL01073548.1:48785-49034(+)	62.44
AYEL01074630.1:34730-34962(+)	61.58
AYEL01086664.1:2938-3176(+)	63.28
AYEL01079477.1:40216-40424(+)	63.39
AYEL01090448.1:18914-19156(-)	60.84
AYEL01086378.1:8613-8824(-)	62.87
AYEL01065252.1:46829-47043(-)	60.41
AYEL01086679.1:8155-8364(-)	59.13
AYEL01080517.1:41260-41498(-)	60.54
AYEL01077149.1:1757-1971(+)	57.84
AYEL01056286.1:8119-8347(-)	61.57
AYEL01090162.1:67413-67656(-)	64.13
AYEL01066125.1:9667-9913(-)	58.39
AYEL01070865.1:3954-4168(+)	61.11
AYEL01061145.1:8006-8313(-)	65.81
AYEL01090079.1:26074-26303(-)	67.55
AYEL01070550.1:63520-63747(+)	62.02
AYEL01063498.1:44180-44410(-)	62.66
AYEL01059705.1:17309-17527(+)	59.33
AYEL01075613.1:5671-5874(-)	62.50
AYEL01054070.1:137630-137874(-)	64.11
AYEL01085335.1:1478-1723(+)	69.28
AYEL01090587.1:76627-76874(+)	61.27
AYEL01073295.1:6805-7022(+)	61.59
AYEL01070480.1:45320-45531(+)	70.44
AYEL01086193.1:51279-51529(-)	59.55
AYEL01074210.1:54571-54799(-)	63.51
AYEL01078339.1:13366-13581(-)	60.68
AYEL01084055.1:24268-24471(+)	60.77
AYEL01050943.1:2812-3039(+)	63.93
AYEL01083833.1:86075-86296(-)	62.86
AYEL01084318.1:30572-30820(+)	59.62
AYEL01057917.1:26696-26923(-)	66.67
AYEL01045190.1:16087-16298(+)	59.61
AYEL01087577.1:5058-5289(+)	62.94
AYEL01065846.1:5352-5556(-)	65.38
AYEL01029713.1:3292-3496(+)	60.45
AYEL01082772.1:36273-36501(-)	58.11
AYEL01063179.1:3008-3228(-)	57.07
AYEL01037249.1:17898-18112(+)	65.65
AYEL01069562.1:21319-21558(-)	56.94
AYEL01084776.1:20224-20431(+)	62.57
AYEL01051375.1:30683-30923(-)	65.48
AYEL01009844.1:40478-40716(+)	66.03
AYEL01070847.1:78836-79063(+)	60.58
AYEL01062360.1:14562-14799(+)	61.47
AYEL01066883.1:25726-25971(+)	60.81
AYEL01090002.1:17576-17821(-)	62.73
AYEL01074586.1:2305-2548(-)	66.41
AYEL01079946.1:28762-28960(-)	65.52
AYEL01082261.1:120727-120950(+)	59.01
AYEL01080885.1:4855-5100(-)	61.24
AYEL01088103.1:7582-7808(-)	65.36
AYEL01060901.1:7375-7754(+)	63.32
AYEL01003494.1:14-224(+)	56.35
AYEL01035256.1:0-200(-)	64.24
AYEL01045510.1:2574-2816(+)	59.05
AYEL01058118.1:49067-49300(-)	63.16
AYEL01079257.1:22313-22548(+)	61.86
AYEL01079531.1:31350-31573(+)	68.39
AYEL01069642.1:15667-15910(-)	58.97
AYEL01080261.1:6096-6304(+)	67.33
AYEL01081241.1:41378-41598(+)	65.84
AYEL01027364.1:75807-76047(+)	60.65
AYEL01079333.1:17028-17257(-)	63.10
AYEL01090389.1:11261-11504(+)	64.15
AYEL01085888.1:867-1104(+)	58.54
AYEL01086053.1:13980-14210(+)	56.67
AYEL01074776.1:21009-21257(-)	68.92
AYEL01086979.1:62101-62339(-)	67.33
AYEL01073557.1:36731-36957(+)	63.33
AYEL01065003.1:12804-13024(+)	66.07
AYEL01077135.1:51770-51968(+)	65.99
AYEL01088005.1:21046-21270(-)	65.85
AYEL01091479.1:3347-3574(-)	63.03
AYEL01081648.1:6787-6989(-)	59.90
AYEL01078615.1:73302-73507(-)	59.59
AYEL01055374.1:28649-28861(-)	62.64
AYEL01060376.1:21388-21613(-)	63.24
AYEL01077614.1:31707-31915(-)	67.69
AYEL01051596.1:82772-83013(-)	62.56
AYEL01082583.1:16184-16392(-)	74.51
AYEL01070620.1:8228-8484(+)	59.52
AYEL01015680.1:157364-157561(-)	58.99
AYEL01029713.1:2183-2387(+)	61.02
AYEL01053284.1:13194-13406(-)	67.81
AYEL01076811.1:1883-2131(+)	59.23
AYEL01091582.1:5729-5948(-)	58.51
AYEL01053845.1:42808-43038(-)	62.09
AYEL01086136.1:2962-3180(-)	63.68
AYEL01078868.1:491-718(+)	74.34
AYEL01073373.1:53580-53786(+)	59.02
AYEL01086850.1:20525-20740(+)	66.44
AYEL01074117.1:49838-50051(+)	60.77
AYEL01082101.1:14572-14784(+)	62.42
AYEL01065539.1:7113-7349(+)	62.67
AYEL01071402.1:20664-20905(-)	60.95
AYEL01066626.1:3691-3904(-)	61.73
AYEL01085348.1:10703-10924(-)	61.14
AYEL01079054.1:12582-12817(-)	63.19
AYEL01071983.1:2537-2761(-)	63.64
AYEL01079691.1:6618-6819(+)	62.84
AYEL01080870.1:35101-35326(-)	61.54
AYEL01066574.1:257941-258183(-)	66.43
AYEL01071472.1:8136-8350(+)	58.38
AYEL01088027.1:61942-62150(+)	68.13
AYEL01091790.1:4835-5064(+)	63.47
AYEL01069901.1:9805-10006(+)	68.75
AYEL01057059.1:20668-20930(+)	69.36
AYEL01075680.1:6831-7051(+)	67.92
AYEL01048235.1:195-419(-)	63.80
AYEL01056271.1:3101-3342(-)	60.34
AYEL01069128.1:31580-31788(-)	59.86
AYEL01058892.1:19054-19279(+)	61.01
AYEL01085040.1:52292-52543(+)	64.11
AYEL01075305.1:7962-8159(-)	62.63
AYEL01056615.1:32432-32663(-)	67.59
AYEL01083830.1:20095-20325(+)	69.81
AYEL01042011.1:49444-49689(+)	63.19
AYEL01078280.1:24610-24837(-)	63.04
AYEL01087180.1:3763-3962(+)	60.13
AYEL01091178.1:23046-23268(+)	64.90
AYEL01059768.1:1816-2050(-)	60.41
AYEL01080015.1:10854-11110(+)	66.35
AYEL01031719.1:2736-2977(+)	64.62
AYEL01067836.1:6799-7041(-)	64.42
AYEL01079970.1:31801-32021(+)	61.31
AYEL01079826.1:20402-20609(-)	63.86
AYEL01082629.1:9242-9468(+)	63.81
AYEL01026805.1:15721-15921(-)	71.05
AYEL01059722.1:500-701(-)	74.16
AYEL01072754.1:20950-21168(+)	62.34
AYEL01069640.1:5847-6091(-)	61.61
AYEL01064489.1:63990-64222(-)	57.52
AYEL01087856.1:30529-30772(-)	69.23
AYEL01079361.1:7354-7569(-)	61.78
AYEL01080921.1:9044-9253(-)	62.66
AYEL01048647.1:16266-16508(-)	67.90
AYEL01061247.1:22626-22866(-)	65.22
AYEL01068966.1:5556-5786(+)	61.54
AYEL01087716.1:16596-16798(-)	64.34
AYEL01088560.1:7686-7914(-)	65.22
AYEL01050638.1:7662-7905(+)	60.65
AYEL01058989.1:6477-6730(+)	60.29
AYEL01081609.1:47334-47562(+)	64.25
AYEL01079537.1:76740-76974(+)	60.66
AYEL01028454.1:18412-18626(+)	60.11
AYEL01082046.1:32839-33052(+)	67.86
AYEL01082473.1:6135-6367(-)	61.23
AYEL01069182.1:36689-36897(-)	65.49
AYEL01087433.1:1354-1599(-)	61.57
AYEL01086582.1:1346-1579(-)	65.16
AYEL01082160.1:36210-36456(-)	60.09
AYEL01073978.1:87631-87885(+)	57.73
AYEL01072615.1:38142-38348(+)	67.42
AYEL01038803.1:24630-24867(-)	62.04
AYEL01006272.1:291-497(+)	58.76
AYEL01076373.1:31010-31212(-)	62.65
AYEL01083315.1:7354-7583(+)	66.45
AYEL01034531.1:9127-9337(+)	64.43
AYEL01051132.1:1723-1935(+)	59.42
AYEL01084206.1:63516-63731(+)	61.54
AYEL01086572.1:21571-21803(-)	67.13
AYEL01079011.1:21637-21879(-)	60.89
AYEL01069594.1:5059-5276(+)	65.75
AYEL01077721.1:10586-10797(-)	60.59
AYEL01063814.1:26852-27099(+)	65.20
AYEL01067872.1:20152-20381(-)	62.58
AYEL01075304.1:42190-42422(+)	65.90
AYEL01075377.1:579-823(-)	59.91
AYEL01066701.1:27333-27566(-)	61.93
AYEL01077451.1:55325-55564(-)	62.61
AYEL01067532.1:29700-29933(+)	67.40
AYEL01057057.1:5960-6198(-)	61.75
AYEL01066846.1:41513-41740(+)	65.03
AYEL01088580.1:33924-34156(+)	65.44
AYEL01054634.1:18724-18958(+)	60.42
AYEL01032140.1:33743-33979(-)	64.16
AYEL01092364.1:7324-7528(+)	63.41
AYEL01092372.1:23563-23779(-)	62.16
AYEL01006518.1:25924-26131(+)	61.17
AYEL01068279.1:2923-3165(-)	57.92
AYEL01091504.1:1366-1593(+)	65.05
AYEL01087789.1:87267-87494(+)	64.24
AYEL01071086.1:12012-12241(-)	61.70
AYEL01087402.1:64516-64716(+)	64.15
AYEL01068122.1:8076-8379(+)	72.14
AYEL01064638.1:24066-24279(+)	60.91
AYEL01079396.1:11411-11652(-)	64.20
AYEL01068152.1:1275-1513(+)	63.86
AYEL01079333.1:37140-37375(+)	63.68
AYEL01068147.1:3712-3942(-)	67.47
AYEL01076495.1:25914-26159(-)	66.50
AYEL01008339.1:2795-3012(-)	56.35
AYEL01076470.1:15291-15491(+)	63.95
AYEL01060195.1:2629-2849(-)	63.72
AYEL01089856.1:4574-4803(-)	62.37
AYEL01069921.1:40539-40780(-)	59.60
AYEL01068324.1:34457-34662(-)	65.00
AYEL01086203.1:3186-3388(+)	62.44
AYEL01069880.1:3130-3374(+)	60.65
AYEL01065252.1:28346-28567(-)	62.69
AYEL01083038.1:82895-83146(-)	64.91
AYEL01081660.1:15061-15293(+)	70.25
AYEL01091561.1:17093-17315(-)	61.03
AYEL01091885.1:11787-12059(+)	62.11
AYEL01046381.1:30133-30375(+)	60.17
AYEL01075867.1:7728-7961(-)	63.77
AYEL01088764.1:4875-5087(+)	68.87
AYEL01049471.1:94248-94486(+)	67.28
AYEL01084263.1:1463-1679(+)	61.58
AYEL01082291.1:105028-105238(-)	67.94
AYEL01061538.1:2459-2708(+)	59.31
AYEL01055586.1:49300-49527(-)	62.67
AYEL01086590.1:8958-9206(+)	66.67
AYEL01019789.1:38272-38517(-)	62.98
AYEL01083050.1:13886-14124(+)	62.83
AYEL01076041.1:12933-13165(+)	63.22
AYEL01049492.1:1325-1573(+)	69.36
AYEL01070799.1:114895-115094(+)	65.22
AYEL01081992.1:7146-7371(+)	61.96
AYEL01068947.1:25767-25974(+)	70.73
AYEL01084565.1:23764-23997(+)	66.10
AYEL01052970.1:56149-56372(-)	60.89
AYEL01089144.1:34140-34360(-)	60.80
AYEL01050279.1:46494-46726(+)	63.47
AYEL01085542.1:172944-173163(+)	57.76
AYEL01079312.1:953-1193(-)	68.35
AYEL01067118.1:3679-3907(+)	61.78
AYEL01063782.1:60865-61095(+)	61.31
AYEL01087238.1:72805-73019(-)	63.06
AYEL01059631.1:34449-34656(+)	62.31
AYEL01068082.1:21935-22167(-)	64.97
AYEL01084463.1:43073-43297(-)	62.87
AYEL01068633.1:37510-37720(-)	56.38
AYEL01090780.1:94040-94283(-)	63.56
AYEL01073914.1:30514-30732(+)	61.59
AYEL01085612.1:34307-34506(+)	60.69
AYEL01074043.1:51450-51668(-)	66.48
AYEL01082917.1:14493-14706(-)	61.42
AYEL01072939.1:22853-23076(+)	58.18
AYEL01083127.1:1681-1934(+)	68.08
AYEL01078729.1:8840-9087(+)	60.71
AYEL01069134.1:30915-31133(-)	63.39
AYEL01080499.1:9735-9954(+)	56.60
AYEL01055085.1:298-505(-)	61.26
AYEL01075543.1:5127-5369(+)	57.14
AYEL01030848.1:15750-15963(+)	60.10
AYEL01082784.1:27921-28222(+)	58.91
AYEL01032855.1:1782-2027(+)	64.34
AYEL01077609.1:14572-14796(+)	60.48
AYEL01053250.1:7188-7428(-)	63.36
AYEL01077551.1:3310-3525(-)	61.93
AYEL01069454.1:44998-45231(+)	58.37
AYEL01084381.1:3420-3658(+)	60.00
AYEL01056635.1:13006-13221(+)	64.89
AYEL01060764.1:97831-98051(+)	67.31
AYEL01085200.1:12958-13197(-)	64.57
AYEL01071911.1:10613-10823(-)	61.40
AYEL01084081.1:43337-43574(+)	62.83
AYEL01082318.1:87048-87267(-)	66.05
AYEL01091450.1:15520-15748(+)	66.86
AYEL01090613.1:22723-22927(-)	60.13
AYEL01056799.1:5302-5526(-)	65.07
AYEL01045129.1:687-912(+)	62.56
AYEL01083899.1:4550-4770(-)	63.58
AYEL01079285.1:2774-2995(+)	61.97
AYEL01039888.1:16766-17012(-)	63.98
AYEL01063266.1:7693-7928(+)	70.23
AYEL01086973.1:34926-35139(+)	59.86
AYEL01091570.1:14099-14306(+)	60.70
AYEL01084115.1:33614-33838(-)	59.57
AYEL01067275.1:48009-48254(-)	59.73
AYEL01088362.1:3084-3320(-)	63.92
AYEL01064485.1:7627-7865(-)	64.11
AYEL01077377.1:43207-43410(+)	56.55
AYEL01087555.1:43415-43672(-)	65.69
AYEL01089828.1:10220-10445(+)	63.69
AYEL01074193.1:24507-24714(+)	61.20
AYEL01090356.1:31138-31353(+)	60.91
AYEL01071182.1:64969-65175(+)	63.53
AYEL01088969.1:11170-11409(-)	69.48
AYEL01015685.1:813-1039(+)	64.39
AYEL01080427.1:10116-10394(+)	67.86
AYEL01063345.1:25080-25313(+)	63.64
AYEL01078919.1:130835-131064(+)	62.44
AYEL01081345.1:9963-10165(-)	59.55
AYEL01078170.1:9226-9469(+)	59.38
AYEL01077797.1:8677-8890(+)	61.41
AYEL01077066.1:73365-73593(-)	61.08
AYEL01049408.1:16197-16422(+)	65.02
AYEL01074051.1:29881-30180(-)	69.38
AYEL01046540.1:19563-19803(+)	64.60
AYEL01066220.1:759-976(-)	65.10
AYEL01080526.1:10224-10449(+)	64.90
AYEL01061724.1:23134-23353(-)	64.71
AYEL01082003.1:1702-1903(-)	66.48
AYEL01035025.1:1637-1926(+)	65.49
AYEL01091388.1:4932-5165(+)	58.22
AYEL01071942.1:717-961(-)	69.44
AYEL01034016.1:18123-18349(+)	61.84
AYEL01066503.1:8857-9079(-)	57.42
AYEL01083885.1:2936-3182(-)	66.67
AYEL01049033.1:31309-31549(+)	62.26
AYEL01020691.1:10535-10734(-)	66.30
AYEL01039632.1:32289-32515(+)	63.96
AYEL01053961.1:20628-20850(-)	63.90
AYEL01058983.1:3506-3707(+)	56.29
AYEL01060153.1:63182-63404(+)	64.71
AYEL01055059.1:6747-6998(+)	60.31
AYEL01065898.1:22108-22317(-)	62.25
AYEL01065989.1:17110-17355(+)	60.54
AYEL01059157.1:18550-18781(+)	63.64
AYEL01055520.1:6534-6768(+)	64.16
AYEL01055047.1:53095-53337(-)	58.80
AYEL01070955.1:32485-32739(-)	63.46
AYEL01084764.1:2112-2316(+)	61.79
AYEL01071448.1:1472-1719(+)	66.83
AYEL01061748.1:63372-63602(-)	61.24
AYEL01066023.1:3938-4144(+)	62.57
AYEL01071583.1:30236-30454(+)	64.78
AYEL01088456.1:38167-38402(-)	63.06
AYEL01084241.1:18413-18645(-)	63.43
AYEL01078902.1:2029-2276(-)	62.80
AYEL01085205.1:18157-18400(-)	65.50
AYEL01063107.1:18594-18828(+)	62.20
AYEL01067740.1:19536-19740(+)	66.91
AYEL01047236.1:17932-18138(-)	62.21
AYEL01071214.1:78093-78344(+)	61.19
AYEL01087180.1:36351-36569(+)	63.11
AYEL01086498.1:102726-102932(+)	60.14
AYEL01071759.1:7175-7420(-)	68.65
AYEL01030936.1:13519-13745(-)	62.02
AYEL01078975.1:5661-5895(-)	68.14
AYEL01088815.1:20225-20445(+)	60.47
AYEL01067575.1:29540-29785(-)	64.71
AYEL01072494.1:70973-71226(+)	64.73
AYEL01088641.1:7843-8058(-)	58.11
AYEL01080549.1:4811-5038(-)	62.91
AYEL01048114.1:18235-18462(+)	62.63
AYEL01064224.1:428-665(+)	60.29
AYEL01076290.1:46569-46801(+)	66.00
AYEL01042710.1:65735-65946(+)	62.35
AYEL01076332.1:26314-26532(-)	66.67
AYEL01087598.1:24692-24925(+)	65.07
AYEL01084991.1:13126-13351(+)	63.04
AYEL01049209.1:58650-58881(-)	67.04
AYEL01057065.1:22305-22512(-)	60.94
AYEL01025863.1:1068-1275(-)	62.09
AYEL01060590.1:36376-36598(+)	60.89
AYEL01014950.1:3203-3446(+)	63.85
AYEL01081974.1:12389-12632(+)	63.29
AYEL01070067.1:42653-42866(-)	62.03
AYEL01086907.1:6087-6341(+)	60.81
AYEL01077311.1:38782-39026(+)	63.03
AYEL01084723.1:80404-80626(-)	60.91
AYEL01084850.1:103217-103436(-)	62.00
AYEL01007197.1:283-525(-)	60.61
AYEL01025955.1:59559-59783(-)	64.02
AYEL01073527.1:22942-23185(-)	60.56
AYEL01047306.1:29602-29824(+)	63.32
AYEL01062079.1:98817-99062(-)	64.59
AYEL01067553.1:77593-77839(+)	63.85
AYEL01082517.1:10667-10897(-)	59.71
AYEL01091599.1:77076-77301(+)	62.14
AYEL01074033.1:654-903(+)	62.84
AYEL01073792.1:15734-15965(-)	64.22
AYEL01084213.1:3865-4106(-)	61.50
AYEL01088644.1:1832-2049(+)	59.89
AYEL01087313.1:32989-33230(+)	65.88
AYEL01071785.1:3659-3911(-)	62.91
AYEL01052188.1:12016-12396(+)	61.08
AYEL01078532.1:37131-37363(+)	62.24
AYEL01067234.1:71352-71576(-)	61.11
AYEL01066553.1:736-941(-)	65.76
AYEL01081216.1:35835-36046(+)	61.75
AYEL01084676.1:22397-22602(+)	62.18
AYEL01085961.1:5785-6030(-)	62.98
AYEL01079247.1:50224-50443(+)	63.58
AYEL01078031.1:4109-4318(-)	61.88
AYEL01020039.1:555-783(+)	61.08
AYEL01077832.1:79857-80092(+)	62.20
AYEL01088692.1:27298-27508(-)	64.34
AYEL01087006.1:3016-3245(+)	64.07
AYEL01079494.1:4442-4672(-)	71.97
AYEL01081371.1:78126-78345(+)	61.08
AYEL01090834.1:582-828(+)	63.64
AYEL01075552.1:16983-17223(-)	61.57
AYEL01070358.1:123465-123695(+)	66.85
AYEL01090587.1:67476-67725(-)	65.30
AYEL01067907.1:6750-6989(-)	60.23
AYEL01073267.1:25216-25453(+)	60.00
AYEL01091359.1:1903-2114(+)	63.01
AYEL01082739.1:39212-39411(+)	64.97
AYEL01051682.1:16384-16632(+)	59.90
AYEL01086854.1:73966-74207(+)	64.19
AYEL01085510.1:57885-58125(+)	61.27
AYEL01083639.1:6752-6978(-)	61.24
AYEL01083886.1:13963-14188(-)	68.59
AYEL01061892.1:75989-76215(-)	63.33
AYEL01086960.1:15476-15703(+)	58.10
AYEL01064828.1:7875-8084(-)	65.67
AYEL01091844.1:29418-29627(+)	68.46
AYEL01078219.1:20933-21138(-)	62.84
AYEL01029821.1:21934-22133(+)	62.50
AYEL01024679.1:69873-70185(+,-)	59.15
AYEL01073492.1:28689-28962(-)	67.31
AYEL01073360.1:2218-2435(+)	58.93
AYEL01034524.1:12160-12364(+)	66.90
AYEL01090719.1:78863-79108(+)	58.11
AYEL01047082.1:13456-13681(-)	59.50
AYEL01073573.1:58388-58633(-)	62.86
AYEL01071808.1:16722-16961(+)	59.38
AYEL01084248.1:17405-17633(+)	64.32
AYEL01076854.1:6960-7208(-)	62.65
AYEL01017852.1:25114-25331(-)	63.68
AYEL01066375.1:874-1119(-)	64.90
AYEL01063758.1:51313-51531(+)	64.17
AYEL01091880.1:14901-15146(-)	56.67
AYEL01078320.1:22774-23003(-)	61.88
AYEL01066357.1:16875-17115(+)	60.45
AYEL01090240.1:6511-6742(+)	60.95
AYEL01086257.1:408-631(-)	57.48
AYEL01069182.1:8681-8906(-)	60.28
AYEL01086449.1:68141-68389(-)	59.88
AYEL01080655.1:38053-38298(+)	63.89
AYEL01059507.1:31761-31991(-)	60.77
AYEL01052482.1:28772-29015(+)	62.62
AYEL01091586.1:7828-8059(-)	63.80
AYEL01062234.1:32289-32534(-)	64.02
AYEL01066994.1:11467-11710(+)	58.45
AYEL01079460.1:21149-21386(+)	62.38
AYEL01080078.1:4865-5104(-)	60.93
AYEL01087889.1:4576-4773(-)	64.03
AYEL01077345.1:22443-22658(-)	60.11
AYEL01078661.1:3056-3293(+)	62.79
AYEL01070103.1:15259-15502(-)	62.56
AYEL01089733.1:5232-5434(-)	59.90
AYEL01080688.1:43679-43926(+)	65.87
AYEL01089978.1:4155-4400(-)	61.54
AYEL01074291.1:26699-26945(+)	66.99
AYEL01077345.1:105349-105557(+)	61.03
AYEL01085467.1:19648-19890(-)	58.66
AYEL01081509.1:38875-39079(+)	60.11
AYEL01086801.1:3869-4103(-)	62.29
AYEL01052761.1:32055-32288(-)	63.87
AYEL01040586.1:496-740(-)	60.29
AYEL01055313.1:19905-20134(-)	59.91
AYEL01051121.1:20922-21159(-)	62.50
AYEL01073126.1:15507-15735(+)	61.73
AYEL01084868.1:65041-65274(-)	62.82
AYEL01070886.1:1648-1889(-)	62.87
AYEL01079950.1:2629-2852(+)	69.62
AYEL01059455.1:38916-39141(-)	65.36
AYEL01080732.1:81319-81553(+)	63.33
AYEL01091425.1:33990-34216(+)	60.87
AYEL01064055.1:33362-33590(-)	67.27
AYEL01080096.1:3329-3558(+)	61.09
AYEL01071745.1:16028-16257(-)	67.79
AYEL01058127.1:25314-25566(+)	60.48
AYEL01078984.1:44766-45012(+)	65.12
AYEL01061670.1:56720-56957(+)	58.73
AYEL01056383.1:109167-109400(-)	62.44
AYEL01068588.1:89950-90170(-)	64.57
AYEL01089563.1:137956-138170(-)	61.11
AYEL01087301.1:11914-12127(+)	64.11
AYEL01072754.1:12436-12652(-)	60.85
AYEL01089975.1:8960-9193(+)	66.67
AYEL01069360.1:41689-41888(-)	63.58
AYEL01055620.1:25361-25578(+)	63.32
AYEL01083600.1:4299-4500(+)	58.03
AYEL01071413.1:32-268(+)	65.84
AYEL01056272.1:96627-96847(+)	63.16
AYEL01054619.1:12062-12316(+)	64.44
AYEL01073609.1:900-1116(-)	63.47
AYEL01063599.1:7216-7441(+)	63.16
AYEL01065346.1:11425-11643(+)	61.95
AYEL01089250.1:57253-57497(-)	63.76
AYEL01074564.1:34386-34583(-)	61.27
AYEL01059768.1:6143-6349(+)	71.30
AYEL01080841.1:8538-8788(-)	62.50
AYEL01055621.1:8444-8670(-)	57.01
AYEL01065473.1:7230-7459(-)	60.19
AYEL01073169.1:1341-1568(-)	58.38
AYEL01091137.1:23881-24099(+)	66.17
AYEL01080665.1:17461-17676(-)	68.29
AYEL01088135.1:1031-1272(+)	61.01
AYEL01068414.1:11213-11443(-)	67.69
AYEL01072338.1:100625-100875(+)	60.00
AYEL01068337.1:44046-44276(-)	63.31
AYEL01071239.1:8550-8781(-)	66.03
AYEL01074040.1:12418-12645(-)	64.24
AYEL01070280.1:36034-36261(+)	61.64
AYEL01001050.1:311-534(+)	61.61
AYEL01088504.1:42024-42258(-)	63.01
AYEL01089408.1:12796-13034(+)	62.87
AYEL01050036.1:19677-19935(+)	67.07
AYEL01073897.1:23070-23282(-)	67.47
AYEL01087589.1:7633-7879(-)	62.82
AYEL01079109.1:9324-9542(+)	58.74
AYEL01081044.1:15734-16010(-)	64.29
AYEL01091310.1:50210-50425(+)	61.27
AYEL01070916.1:13095-13313(+)	58.76
AYEL01054591.1:1950-2193(+)	62.20
AYEL01084950.1:84625-84856(+)	64.00
AYEL01091637.1:2614-2850(-)	61.93
AYEL01045872.1:11769-11981(+)	63.75
AYEL01067696.1:28565-28788(+)	63.13
AYEL01071532.1:24506-24744(+)	65.38
AYEL01077087.1:952-1174(-)	61.87
AYEL01085734.1:5092-5320(-)	60.98
AYEL01061756.1:50885-51111(-)	57.92
AYEL01088442.1:20337-20579(-)	58.48
AYEL01068617.1:6423-6665(-)	64.24
AYEL01084682.1:16294-16536(-)	66.41
AYEL01084635.1:80580-80797(-)	57.35
AYEL01068357.1:7619-7842(-)	62.91
AYEL01065755.1:108397-108632(+)	63.35
AYEL01068774.1:38438-38672(+)	63.01
AYEL01053413.1:1217-1457(-)	69.87
AYEL01055080.1:11600-11808(+)	55.96
AYEL01068415.1:1232-1479(+)	63.30
AYEL01073977.1:30392-30635(+)	59.09
AYEL01077840.1:14353-14593(-)	61.41
AYEL01086456.1:44761-44990(+)	60.73
AYEL01080985.1:63056-63286(-)	62.98
AYEL01038894.1:70354-70582(-)	64.67
AYEL01082764.1:23367-23607(+)	66.11
AYEL01075910.1:41386-41624(-)	62.43
AYEL01089178.1:6910-7117(-)	65.85
AYEL01084649.1:31383-31583(+)	58.19
AYEL01074880.1:27407-27659(-)	70.00
AYEL01075910.1:44066-44296(-)	60.89
AYEL01076111.1:68357-68599(+)	62.77
AYEL01091878.1:23416-23641(+)	59.24
AYEL01033183.1:26981-27227(-)	61.99
AYEL01067765.1:30078-30331(-)	62.10
AYEL01067943.1:59720-59960(-)	61.47
AYEL01075151.1:69549-69806(+)	64.25
AYEL01072042.1:27059-27321(+)	70.77
AYEL01079097.1:24170-24387(+)	61.73
AYEL01086570.1:15775-15973(+)	61.42
AYEL01085469.1:50257-50566(+)	61.69
AYEL01087575.1:38462-38663(+)	63.70
AYEL01066626.1:30301-30509(-)	56.41
AYEL01020692.1:522-745(-)	58.60
AYEL01085706.1:14441-14671(+)	63.24
AYEL01066871.1:53264-53475(+)	56.19
AYEL01083421.1:2826-3054(-)	62.84
AYEL01064181.1:177-402(-)	57.49
AYEL01038503.1:823-1041(-)	63.30
AYEL01090604.1:2757-2981(-)	61.45
AYEL01087286.1:16068-16349(-)	64.68
AYEL01049339.1:15356-15579(-)	63.69
AYEL01080957.1:1872-2101(-)	65.62
AYEL01063633.1:49620-49853(-)	68.04
AYEL01070880.1:31027-31265(-)	60.69
AYEL01077494.1:23925-24153(+)	60.61
AYEL01070699.1:1564-1790(+)	56.02
AYEL01074747.1:16374-16603(+)	66.89
AYEL01070728.1:103210-103450(+)	66.46
AYEL01087327.1:32987-33218(-)	60.48
AYEL01060935.1:117986-118225(-)	62.38
AYEL01077237.1:24883-25116(-)	65.19
AYEL01090152.1:36135-36380(-)	60.95
AYEL01084332.1:11136-11339(-)	66.37
AYEL01082703.1:43565-43793(-)	60.21
AYEL01067827.1:61074-61286(-)	60.41
AYEL01082363.1:17875-18089(+)	62.23
AYEL01080948.1:73529-73748(+)	60.10
AYEL01066233.1:7205-7426(-)	64.62
AYEL01055520.1:7450-7698(-)	64.71
AYEL01080881.1:104765-104995(+)	61.90
AYEL01086891.1:22956-23174(+)	57.72
AYEL01071969.1:54261-54520(-)	60.75
AYEL01034748.1:15870-16072(-)	59.70
AYEL01090445.1:10536-10744(-)	66.22
AYEL01046748.1:46916-47160(-)	63.13
AYEL01057762.1:10991-11220(+)	60.27
AYEL01077298.1:38877-39104(-)	60.26
AYEL01081405.1:63811-64054(-)	65.00
AYEL01091690.1:82717-82951(+)	65.64
AYEL01075792.1:16402-16652(-)	63.16
AYEL01079050.1:6515-6746(+)	61.66
AYEL01092106.1:4053-4288(+)	61.87
AYEL01078285.1:6194-6450(+)	60.16
AYEL01063551.1:6984-7200(-)	64.52
AYEL01088702.1:17522-17748(+)	67.40
AYEL01057632.1:30379-30583(+)	61.39
AYEL01081130.1:4984-5195(-)	64.19
AYEL01052040.1:77652-77902(+)	66.34
AYEL01052752.1:44280-44514(-)	61.72
AYEL01078554.1:16861-17066(-)	60.94
AYEL01056150.1:17338-17595(-)	59.57
AYEL01074210.1:32745-32951(+)	61.78
AYEL01085494.1:5011-5236(+)	60.98
AYEL01081216.1:14054-14292(-)	64.25
AYEL01091347.1:10623-10854(+)	60.43
AYEL01085936.1:9104-9358(+)	63.98
AYEL01066030.1:24409-24624(-)	61.21
AYEL01082141.1:22796-23015(-)	62.12
AYEL01067293.1:67412-67623(+)	58.00
AYEL01063316.1:82969-83184(-)	59.79
AYEL01077674.1:27311-27548(-)	63.29
AYEL01056696.1:73525-73733(+)	60.81
AYEL01068392.1:452-682(+)	65.61
AYEL01080422.1:143280-143512(-)	63.31
AYEL01084047.1:3294-3500(-)	63.37
AYEL01082084.1:63799-64040(-)	60.18
AYEL01083215.1:53150-53382(-)	56.25
AYEL01086335.1:2731-2955(+)	59.38
AYEL01088628.1:73566-73811(+)	61.45
AYEL01080231.1:12135-12393(-)	65.22
AYEL01084869.1:66062-66282(-)	61.11
AYEL01072518.1:82888-83101(+)	60.26
AYEL01059775.1:13975-14216(+)	66.67
AYEL01087636.1:26619-26853(+)	59.46
AYEL01088573.1:56142-56388(+)	59.52
AYEL01085679.1:28901-29214(-)	75.00
AYEL01091619.1:7942-8161(-)	63.16
AYEL01027720.1:72355-72558(+)	59.46
AYEL01068822.1:18802-19046(+)	59.38
AYEL01072357.1:6360-6593(+)	59.36
AYEL01061825.1:30955-31163(-)	58.74
AYEL01080312.1:46472-46683(+)	64.71
AYEL01088931.1:48197-48433(-)	65.07
AYEL01089528.1:24510-24754(+)	65.56
AYEL01061196.1:1676-1882(-)	62.42
AYEL01064539.1:63082-63307(-)	58.64
AYEL01091259.1:16215-16485(-)	73.58
AYEL01088813.1:63200-63452(-)	60.00
AYEL01067745.1:5841-6087(-)	60.27
AYEL01064745.1:17875-18087(+)	66.06
AYEL01025954.1:52368-52585(+)	67.35
AYEL01083480.1:53910-54129(-)	67.03
AYEL01061825.1:21376-21596(-)	63.87
AYEL01075840.1:21763-21993(+)	60.09
AYEL01087404.1:42696-42896(-)	59.07
AYEL01059507.1:59468-59692(-)	67.47
AYEL01074718.1:3636-3865(-)	65.17
AYEL01091959.1:4126-4356(-)	60.99
AYEL01057977.1:5254-5466(+)	62.44
AYEL01088673.1:13262-13496(+)	63.11
AYEL01074564.1:52394-52622(-)	62.62
AYEL01072866.1:115512-115712(-)	58.20
AYEL01056837.1:40365-40609(+)	58.85
AYEL01090700.1:46014-46249(-)	62.38
AYEL01086549.1:5014-5271(-)	64.90
AYEL01090330.1:11179-11393(-)	61.58
AYEL01067365.1:4374-4596(+)	66.10
AYEL01091062.1:52514-52757(+)	61.43
AYEL01051803.1:5557-5782(-)	58.82
AYEL01054952.1:162885-163109(-)	59.82
AYEL01060834.1:4760-5003(+)	59.35
AYEL01080678.1:12773-12978(+)	63.92
AYEL01086316.1:870-1108(+)	65.41
AYEL01063195.1:3775-4010(-)	63.52
AYEL01055068.1:9645-9856(+)	61.75
AYEL01026659.1:6905-7155(+)	66.48
AYEL01083047.1:32621-32864(+)	59.36
AYEL01083045.1:50374-50597(-)	63.94
AYEL01056343.1:4167-4371(-)	68.46
AYEL01081650.1:2390-2625(+)	67.74
AYEL01082843.1:47993-48215(-)	63.55
AYEL01091359.1:12276-12521(+)	60.00
AYEL01092210.1:18856-19128(-)	66.51
AYEL01085124.1:30408-30646(+)	60.19
AYEL01084575.1:71190-71415(+)	62.63
AYEL01072514.1:899-1102(+)	65.61
AYEL01074233.1:13177-13421(-)	62.79
AYEL01056441.1:5602-5806(-)	63.64
AYEL01057307.1:11973-12171(+)	71.79
AYEL01079561.1:17559-17787(+)	66.45
AYEL01080920.1:2210-2438(+)	64.13
AYEL01082586.1:728-943(+)	65.13
AYEL01087851.1:36531-36758(+)	63.24
AYEL01082217.1:40291-40532(+)	68.87
AYEL01049033.1:123820-124024(+)	62.96
AYEL01087398.1:44155-44479(+)	59.89
AYEL01063337.1:64846-65060(+)	59.11
AYEL01059174.1:4092-4351(+)	66.30
AYEL01061157.1:21298-21513(+)	64.96
AYEL01065020.1:1091-1294(+)	59.89
AYEL01037252.1:812-1085(-)	68.79
AYEL01049336.1:15380-15607(-)	63.23
AYEL01058671.1:27760-28002(-)	64.35
AYEL01081417.1:22882-23108(-)	64.94
AYEL01038734.1:15606-15821(-)	63.86
AYEL01074278.1:9942-10142(-)	60.23
AYEL01089343.1:61000-61242(-)	59.07
AYEL01043828.1:43583-43794(+)	59.71
AYEL01083132.1:27691-27933(-)	57.87
AYEL01079392.1:9920-10168(+)	61.16
AYEL01054863.1:6226-6431(-)	69.33
AYEL01090867.1:55725-55953(-)	65.07
AYEL01070728.1:100955-101180(+)	57.64
AYEL01052470.1:40072-40311(+)	66.48
AYEL01085876.1:51342-51607(-)	65.23
AYEL01088989.1:20129-20363(+)	68.42
AYEL01085676.1:130677-130925(+)	62.68
AYEL01081365.1:84767-84975(-)	57.87
AYEL01047430.1:42751-42959(-)	65.89
AYEL01071673.1:57114-57325(-)	57.71
AYEL01091183.1:16452-16675(+)	58.72
AYEL01086067.1:15986-16221(+)	65.67
AYEL01060764.1:88658-88879(-)	64.39
AYEL01063211.1:47160-47387(-)	64.02
AYEL01073366.1:358-575(+)	62.75
AYEL01084690.1:8102-8352(+)	63.89
AYEL01025950.1:21949-22197(-)	64.56
AYEL01060411.1:38349-38564(-)	62.66
AYEL01082882.1:6357-6651(+)	60.85
AYEL01083223.1:8804-9017(+)	63.19
AYEL01087313.1:26017-26261(-)	62.67
AYEL01050472.1:86531-86751(-)	62.82
AYEL01088618.1:63582-63806(+)	55.00
AYEL01077289.1:10989-11218(+)	57.69
AYEL01092106.1:7720-7948(-)	60.24
AYEL01038381.1:10365-10581(-)	65.38
AYEL01079988.1:106708-106954(-)	64.88
AYEL01065792.1:10436-10664(-)	68.66
AYEL01083068.1:20480-20699(+)	65.67
AYEL01091353.1:45159-45386(-)	61.68
AYEL01090518.1:13664-13902(-)	62.26
AYEL01067538.1:27626-27855(-)	62.57
AYEL01077645.1:4144-4378(-)	66.12
AYEL01082870.1:28657-28869(+)	59.14
AYEL01071510.1:4642-4881(-)	63.48
AYEL01091046.1:50653-50872(-)	63.10
AYEL01081828.1:69731-69975(-)	56.31
AYEL01085261.1:53478-53704(+)	62.96
AYEL01086511.1:15274-15487(-)	77.94
AYEL01092320.1:47742-47945(-)	61.45
AYEL01057932.1:10999-11213(+)	59.09
AYEL01032647.1:3071-3313(+)	62.73
AYEL01084969.1:44073-44290(-)	62.62
AYEL01054544.1:5518-5735(+)	63.43
AYEL01063638.1:89636-89845(+)	64.29
AYEL01071450.1:5341-5607(+)	69.05
AYEL01083752.1:7974-8226(+)	61.70
AYEL01088296.1:17344-17555(-)	65.91
AYEL01083460.1:122200-122411(-)	61.45
AYEL01067568.1:88660-88920(-)	68.90
AYEL01081392.1:7130-7364(-)	63.01
AYEL01054838.1:26063-26289(+)	63.24
AYEL01080220.1:9452-9695(+)	64.71
AYEL01075774.1:10914-11158(-)	62.67
AYEL01078132.1:24332-24533(-)	58.99
AYEL01062197.1:36278-36485(-)	53.62
AYEL01083098.1:42678-42888(-)	64.57
AYEL01085760.1:24875-25079(+)	62.50
AYEL01078533.1:22539-22780(-)	62.34
AYEL01082353.1:71365-71611(+)	61.19
AYEL01066703.1:842-1074(+)	61.11
AYEL01050813.1:9646-9876(+)	61.54
AYEL01063935.1:5824-6035(+)	65.00
AYEL01082531.1:13709-13941(-)	60.41
AYEL01085225.1:4870-5092(+)	59.22
AYEL01019800.1:9130-9372(+)	68.12
AYEL01057104.1:89268-89479(-)	60.00
AYEL01012622.1:352-589(+)	60.00
AYEL01055324.1:350-579(+)	61.54
AYEL01085604.1:69531-69760(+)	60.00
AYEL01029015.1:19766-20025(+)	64.11
AYEL01077726.1:7554-7788(-)	63.35
AYEL01072930.1:11321-11564(+)	65.67
AYEL01057715.1:2294-2515(-)	62.87
AYEL01066810.1:13965-14247(-)	59.32
AYEL01066688.1:11183-11411(+)	62.76
AYEL01062226.1:10787-11040(+)	64.83
AYEL01063771.1:17060-17284(-)	62.72
AYEL01083460.1:61851-62087(+)	60.78
AYEL01087545.1:23054-23295(+)	61.75
AYEL01086840.1:106921-107139(+)	65.93
AYEL01074387.1:15668-15895(-)	67.16
AYEL01062087.1:11068-11309(+)	60.28
AYEL01071102.1:22719-22965(+)	58.22
AYEL01077013.1:41682-41929(+)	57.21
AYEL01072305.1:5018-5235(+)	61.39
AYEL01084449.1:31498-31707(-)	68.21
AYEL01067897.1:43264-43501(-)	63.73
AYEL01076410.1:41703-41942(+)	63.86
AYEL01071667.1:9426-9654(+)	64.60
AYEL01044060.1:10723-10964(-)	63.68
AYEL01075994.1:26249-26469(+)	61.64
AYEL01034992.1:19996-20207(-)	61.99
AYEL01074017.1:35788-36011(-)	67.30
AYEL01086671.1:25398-25621(-)	62.90
AYEL01067154.1:27814-28039(+)	62.75
AYEL01081647.1:20210-20421(-)	59.78
AYEL01080357.1:44804-45046(-)	57.02
AYEL01069964.1:13022-13229(-)	63.64
AYEL01026503.1:44679-44911(+)	62.50
AYEL01075537.1:2857-3064(-)	71.30
AYEL01080257.1:71010-71217(-)	62.00
AYEL01065764.1:108377-108594(-)	57.97
AYEL01088842.1:35682-35899(+)	58.85
AYEL01060281.1:33731-33959(-)	61.08
AYEL01072723.1:45338-45563(+)	64.00
AYEL01091368.1:16091-16318(-)	61.46
AYEL01083832.1:24573-24795(-)	66.03
AYEL01067584.1:15326-15546(-)	65.37
AYEL01086544.1:44330-44571(+)	63.47
AYEL01066093.1:73437-73657(+)	60.70
AYEL01064723.1:64344-64577(-)	59.63
AYEL01074182.1:7797-8015(+)	66.22
AYEL01083691.1:173319-173567(-)	63.80
AYEL01055643.1:79759-79966(+)	67.78
AYEL01086949.1:20822-21066(-)	62.87
AYEL01072742.1:70214-70435(+)	61.34
AYEL01091858.1:51310-51523(+)	58.20
AYEL01070746.1:4230-4460(-)	66.24
AYEL01086618.1:21699-21935(+)	60.19
AYEL01034318.1:15910-16142(-)	62.98
AYEL01042206.1:20415-20634(+)	60.44
AYEL01064163.1:4982-5199(+)	65.50
AYEL01086560.1:2386-2583(-)	63.91
AYEL01062151.1:26567-26806(-)	66.45
AYEL01038734.1:28118-28343(-)	64.67
AYEL01080468.1:102161-102400(+)	66.30
AYEL01077465.1:24724-24946(-)	62.37
AYEL01081243.1:4915-5137(+)	64.53
AYEL01070325.1:57737-57969(-)	66.47
AYEL01080844.1:58770-58997(-)	62.44
AYEL01019800.1:127171-127402(+)	63.01
AYEL01060511.1:15271-15499(-)	63.11
AYEL01090451.1:57655-57881(+)	60.37
AYEL01066574.1:11116-11324(+)	59.11
AYEL01074633.1:7095-7343(-)	63.10
AYEL01057170.1:1364-1576(-)	64.52
AYEL01045729.1:30286-30499(-)	65.98
AYEL01056261.1:18744-18972(+)	61.95
AYEL01066871.1:50929-51155(-)	55.56
AYEL01070017.1:92939-93173(+)	63.80
AYEL01075668.1:73154-73384(-)	60.58
AYEL01072905.1:1602-1848(+)	64.41
AYEL01083669.1:50096-50329(-)	66.15
AYEL01081427.1:14713-14939(-)	58.74
AYEL01054513.1:2286-2539(+)	68.21
AYEL01085331.1:9886-10102(+)	65.48
AYEL01079598.1:823-1047(+)	69.29
AYEL01089040.1:72511-72737(-)	62.21
AYEL01062876.1:2339-2562(-)	60.69
AYEL01042615.1:22151-22364(+)	63.93
AYEL01084374.1:20578-20852(-)	60.00
AYEL01090585.1:30391-30617(-)	63.01
AYEL01071923.1:103329-103533(-)	60.22
AYEL01082108.1:15157-15380(+)	59.73
AYEL01075367.1:4713-4934(-)	61.85
AYEL01026724.1:87125-87338(+)	62.92
AYEL01068906.1:1294-1533(+)	61.03
AYEL01074142.1:3829-4084(+)	60.09
AYEL01087447.1:3304-3514(+)	67.86
AYEL01086763.1:22990-23218(-)	65.64
AYEL01054833.1:162143-162391(+)	63.16
AYEL01091309.1:32909-33127(-)	65.79
AYEL01083898.1:54944-55155(-)	61.08
AYEL01085224.1:9211-9475(+)	68.02
AYEL01089860.1:93471-93677(+)	62.94
AYEL01086508.1:5967-6185(+)	63.33
AYEL01076507.1:77690-77930(+)	64.60
AYEL01087584.1:13837-14084(+)	66.03
AYEL01080051.1:13202-13445(+)	59.19
AYEL01086704.1:14975-15208(+)	66.29
AYEL01060516.1:1594-1832(-)	64.90
AYEL01080543.1:9359-9614(-)	57.89
AYEL01039609.1:22178-22397(+)	62.79
AYEL01080844.1:184443-184694(+)	65.75
AYEL01091134.1:21927-22162(+)	61.93
AYEL01073050.1:48083-48311(+)	69.23
AYEL01075511.1:21335-21565(-)	63.29
AYEL01074940.1:3366-3588(-)	61.00
AYEL01077258.1:2171-2413(+)	58.49
AYEL01072747.1:21149-21352(+)	62.31
AYEL01069128.1:28797-29049(-)	64.78
AYEL01090706.1:31753-32006(+)	67.44
AYEL01090541.1:144681-144908(+)	60.42
AYEL01078443.1:56781-57023(+)	63.59
AYEL01061349.1:11233-11438(+)	67.89
AYEL01080000.1:5875-6089(+)	65.19
AYEL01077918.1:27939-28153(+)	62.05
AYEL01074382.1:54661-54913(-)	65.43
AYEL01089210.1:10613-10840(+)	59.49
AYEL01071290.1:18112-18350(-)	63.82
AYEL01047926.1:14110-14336(-)	62.67
AYEL01076229.1:19603-19842(+)	63.01
AYEL01089823.1:13888-14093(-)	67.68
AYEL01061662.1:2325-2572(+)	62.20
AYEL01061217.1:515-756(+)	61.01
AYEL01088130.1:42530-42772(-)	65.64
AYEL01071560.1:118222-118452(-)	61.35
AYEL01079014.1:56248-56481(+)	70.48
AYEL01058406.1:5173-5391(+)	68.94
AYEL01063895.1:6275-6543(-)	64.91
AYEL01073505.1:27002-27220(-)	63.35
AYEL01067187.1:5824-6044(+)	59.66
AYEL01073785.1:4490-4792(+)	68.81
AYEL01080625.1:34602-34899(+)	63.81
AYEL01073235.1:12597-12800(+)	62.50
AYEL01076160.1:44109-44331(-)	66.44
AYEL01077403.1:9904-10157(+)	60.20
AYEL01069562.1:20905-21127(-)	59.57
AYEL01085538.1:7555-7786(+)	58.59
AYEL01089197.1:48782-49012(+)	68.53
AYEL01078899.1:7194-7419(-)	63.46
AYEL01077362.1:26968-27194(-)	64.39
AYEL01022127.1:20691-20934(-)	59.01
AYEL01080949.1:45155-45386(-)	72.29
AYEL01072485.1:25740-25955(-)	59.89
AYEL01054515.1:33774-33997(-)	62.87
AYEL01086856.1:11988-12186(-)	64.71
AYEL01083973.1:18046-18265(+)	69.72
AYEL01086154.1:28145-28390(+)	65.45
AYEL01089111.1:10645-10879(+)	65.38
AYEL01079101.1:8794-9017(+)	59.52
AYEL01086989.1:4882-5113(+)	60.68
AYEL01067965.1:12013-12258(-)	66.50
AYEL01057069.1:66075-66307(+)	64.38
AYEL01062546.1:19993-20231(-)	62.20
AYEL01073331.1:2374-2616(+)	61.86
AYEL01088971.1:12205-12432(+)	60.19
AYEL01073985.1:54725-54926(+)	60.24
AYEL01091340.1:169864-170113(+)	69.23
AYEL01089438.1:2287-2498(+)	60.67
AYEL01083153.1:73290-73497(-)	63.31
AYEL01069722.1:1315-1557(+)	61.33
AYEL01088637.1:20718-20939(+)	63.16
AYEL01062498.1:4305-4532(+)	60.30
AYEL01084149.1:6501-6748(+)	58.08
AYEL01030090.1:1663-1899(-)	57.63
AYEL01051340.1:34875-35109(-)	58.74
AYEL01088611.1:65427-65651(+)	64.00
AYEL01081086.1:76447-76681(+)	63.37
AYEL01083331.1:34733-34988(+)	66.51
AYEL01078237.1:23459-23850(+)	65.49
AYEL01081344.1:25538-25767(-)	61.03
AYEL01083090.1:21285-21515(+)	61.64
AYEL01091011.1:32895-33128(+)	64.44
AYEL01090898.1:19226-19465(+)	60.19
AYEL01089452.1:24397-24629(+)	57.86
AYEL01078482.1:44208-44426(-)	64.25
AYEL01087564.1:49366-49603(+)	59.52
AYEL01061977.1:12590-12839(-)	61.43
AYEL01066791.1:7722-7941(+)	62.07
AYEL01078037.1:28819-29049(-)	60.19
AYEL01072964.1:24527-24771(-)	59.26
AYEL01069036.1:31975-32230(+)	60.38
AYEL01062989.1:13987-14239(+)	69.52
AYEL01074233.1:2326-2555(+)	60.11
AYEL01078759.1:21137-21381(-)	61.70
AYEL01069757.1:7153-7397(+)	62.50
AYEL01065151.1:53-281(+)	65.64
AYEL01086048.1:9148-9391(-)	64.05
AYEL01083703.1:15775-16017(-)	61.17
AYEL01027842.1:55281-55517(-)	60.35
AYEL01074088.1:20753-20955(-)	58.91
AYEL01059563.1:39539-39788(+)	62.83
AYEL01076542.1:134581-134814(-)	61.86
AYEL01087716.1:27696-27940(+)	59.91
AYEL01055579.1:1540-1773(+)	66.85
AYEL01070222.1:90872-91132(-)	62.73
AYEL01047930.1:26471-26713(-)	63.33
AYEL01076972.1:2780-3001(+)	65.56
AYEL01069699.1:5835-6062(+)	63.74
AYEL01083846.1:4010-4211(-)	60.53
AYEL01081306.1:6584-6828(-)	66.40
AYEL01083218.1:12257-12510(+)	63.81
AYEL01077611.1:3296-3512(+)	64.16
AYEL01059139.1:3440-3667(-)	67.38
AYEL01088646.1:5707-5939(-)	60.26
AYEL01083521.1:23212-23430(+)	66.44
AYEL01058834.1:36025-36238(-)	61.86
AYEL01072964.1:22539-22762(+)	64.88
AYEL01090219.1:22752-22981(-)	63.16
AYEL01060598.1:17603-17806(+)	59.73
AYEL01060884.1:53627-53885(-)	63.16
AYEL01092355.1:22206-22437(+)	57.66
AYEL01074443.1:48278-48524(+)	63.48
AYEL01084273.1:232216-232444(-)	63.73
AYEL01064419.1:7311-7530(-)	64.22
AYEL01080220.1:20956-21182(+)	65.34
AYEL01055160.1:3221-3445(+)	57.55
AYEL01023619.1:9-211(+)	61.87
AYEL01048402.1:13033-13235(-)	62.94
AYEL01090118.1:2054-2277(+)	60.33
AYEL01085856.1:29513-29738(+)	62.94
AYEL01056523.1:523-743(+)	59.43
AYEL01071054.1:27664-27916(-)	62.43
AYEL01071154.1:7397-7623(-)	61.39
AYEL01059443.1:10869-11094(+)	61.65
AYEL01070431.1:38552-38771(+)	62.44
AYEL01056273.1:10235-10443(+)	62.04
AYEL01054409.1:7767-8010(+)	61.90
AYEL01073998.1:51097-51365(-)	71.93
AYEL01084377.1:30744-30994(-)	58.12
AYEL01077770.1:23868-24067(+)	63.35
AYEL01080727.1:7172-7379(+)	65.07
AYEL01079792.1:20382-20597(+)	58.86
AYEL01051578.1:44613-44816(+)	66.86
AYEL01086061.1:50730-50943(-)	66.32
AYEL01070776.1:13653-13878(+)	63.69
AYEL01056378.1:687-935(+)	60.54
AYEL01029412.1:6835-7035(-)	64.81
AYEL01049358.1:63952-64199(+)	62.28
AYEL01078585.1:14978-15181(+)	69.77
AYEL01052954.1:34698-34930(-)	60.31
AYEL01091798.1:22947-23155(+)	61.71
AYEL01084556.1:4932-5174(+)	62.30
AYEL01070017.1:106369-106600(+)	59.21
AYEL01066568.1:44038-44278(+)	64.47
AYEL01085180.1:19522-19792(+)	70.22
AYEL01071580.1:8864-9082(+)	63.01
AYEL01083776.1:22799-23099(+)	61.46
AYEL01084357.1:9922-10120(-)	61.99
AYEL01067999.1:6510-6726(-)	58.77
AYEL01089183.1:50006-50240(+)	64.11
AYEL01034530.1:13243-13450(+)	58.29
AYEL01090263.1:39154-39387(+)	62.62
AYEL01056636.1:19101-19346(+)	63.55
AYEL01069614.1:26007-26241(+)	61.78
AYEL01083426.1:10244-10483(+)	65.00
AYEL01074434.1:50038-50258(-)	60.67
AYEL01081947.1:110818-111031(+)	60.82
AYEL01044296.1:22742-22946(+)	65.45
AYEL01081668.1:30056-30292(+)	62.50
AYEL01066568.1:19874-20124(+)	62.87
AYEL01059894.1:29840-30046(+)	58.16
AYEL01056636.1:2791-3032(-)	65.36
AYEL01090298.1:18538-18791(+)	68.71
AYEL01067836.1:393-619(+)	62.20
AYEL01072614.1:24029-24278(+)	64.89
AYEL01088259.1:13536-13757(-)	63.52
AYEL01086346.1:21271-21495(+)	61.75
AYEL01084676.1:26267-26496(-)	63.54
AYEL01074935.1:2075-2286(-)	60.80
AYEL01076332.1:11568-11817(+)	62.84
AYEL01068094.1:20548-20791(-)	61.54
AYEL01084677.1:22270-22476(-)	60.14
AYEL01064061.1:7246-7450(-)	62.94
AYEL01069946.1:2302-2565(+)	62.50
AYEL01082439.1:1440-1641(+)	58.12
AYEL01088541.1:65420-65637(-)	63.32
AYEL01051341.1:65890-66133(-)	63.51
AYEL01007440.1:8211-8444(+)	62.19
AYEL01091588.1:25543-25775(+)	65.79
AYEL01086840.1:21360-21598(-)	68.47
AYEL01016914.1:2690-2927(-)	62.38
AYEL01074547.1:35750-35994(+)	62.11
AYEL01080063.1:58942-59181(-)	64.00
AYEL01042550.1:19407-19635(-)	59.15
AYEL01091421.1:26904-27125(-)	65.24
AYEL01066777.1:2341-2572(+)	64.78
AYEL01089537.1:14658-14889(-)	63.85
AYEL01049528.1:9755-9964(+)	61.59
AYEL01082891.1:38967-39173(-)	63.46
AYEL01069754.1:4008-4213(+)	60.11
AYEL01066678.1:3197-3429(+)	55.45
AYEL01069573.1:75630-75888(+)	63.55
AYEL01063869.1:9745-9994(-)	60.65
AYEL01074493.1:39863-40090(-)	65.96
AYEL01077583.1:5519-5739(-)	59.41
AYEL01063680.1:4066-4293(+)	58.94
AYEL01083691.1:35405-35604(+)	64.78
AYEL01037778.1:23380-23605(-)	60.73
AYEL01078608.1:73224-73435(+)	61.97
AYEL01068234.1:106659-106883(-)	61.06
AYEL01080840.1:3156-3396(+)	65.22
AYEL01077451.1:54243-54476(-)	63.83
AYEL01076495.1:22525-22730(+)	57.98
AYEL01087516.1:25827-26066(+)	61.54
AYEL01084764.1:15792-16022(-)	63.37
AYEL01083039.1:43403-43622(+)	60.32
AYEL01083206.1:3915-4116(+)	71.21
AYEL01077452.1:10374-10634(-)	59.70
AYEL01081158.1:23549-23803(-)	61.01
AYEL01089103.1:13137-13359(+)	65.66
AYEL01084573.1:50285-50487(+)	65.61
AYEL01058138.1:8805-9011(+)	69.87
AYEL01075791.1:4835-5085(-)	62.61
AYEL01074685.1:19373-19582(-)	63.58
AYEL01082439.1:27209-27446(-)	62.86
AYEL01064973.1:18478-18679(+)	64.15
AYEL01057762.1:13098-13318(-)	65.33
AYEL01088242.1:22387-22612(+)	64.44
AYEL01065911.1:9979-10340(+)	62.54
AYEL01027842.1:56019-56250(-)	70.91
AYEL01086382.1:61-282(-)	57.94
AYEL01062320.1:25829-26069(+)	61.35
AYEL01067157.1:14006-14248(+)	64.49
AYEL01085424.1:39246-39487(+)	58.85
AYEL01086374.1:16552-16764(-)	63.06
AYEL01085186.1:23530-23772(-)	61.61
AYEL01079946.1:6391-6603(+)	62.75
AYEL01052352.1:19808-20045(-)	63.77
AYEL01089012.1:90069-90312(-)	62.39
AYEL01066713.1:30197-30433(-)	62.14
AYEL01081023.1:7042-7295(+)	64.00
AYEL01077058.1:5733-5964(+)	61.36
AYEL01069016.1:9220-9441(+)	59.26
AYEL01077939.1:19571-19801(-)	64.67
AYEL01075233.1:15401-15630(+)	58.79
AYEL01088592.1:2155-2356(+)	65.66
AYEL01044629.1:22214-22446(+)	64.81
AYEL01039432.1:33877-34086(-)	65.00
AYEL01049229.1:24526-24767(-)	63.88
AYEL01083870.1:13761-13978(+)	64.32
AYEL01091843.1:66008-66266(+)	66.28
AYEL01073936.1:2380-2593(+)	61.45
AYEL01061230.1:69745-70016(-)	61.58
AYEL01075075.1:20416-20643(+)	58.11
AYEL01090863.1:4006-4236(-)	58.88
AYEL01074313.1:83857-84101(+)	61.79
AYEL01082649.1:68792-69002(+)	67.44
AYEL01071992.1:9359-9575(+)	60.62
AYEL01081736.1:14655-14899(-)	60.00
AYEL01064190.1:21598-21813(+)	65.22
AYEL01075253.1:2565-2787(+)	64.35
AYEL01091322.1:4777-5023(+)	61.37
AYEL01079248.1:5706-5947(-)	63.59
AYEL01053791.1:24094-24298(+)	65.24
AYEL01087143.1:28198-28442(-)	61.14
AYEL01063010.1:548-785(-)	63.76
AYEL01081680.1:11990-12191(+)	64.09
AYEL01056636.1:992-1218(+)	62.04
AYEL01087718.1:2281-2517(-)	62.78
AYEL01055792.1:3825-4050(-)	66.45
AYEL01080012.1:2619-2851(-)	63.13
AYEL01061542.1:10002-10242(+)	57.60
AYEL01078616.1:26226-26439(-)	63.64
AYEL01032210.1:6882-7105(-)	59.42
AYEL01075376.1:3131-3339(-)	62.84
AYEL01078948.1:14418-14638(+)	61.76
AYEL01069919.1:32859-33072(-)	75.36
AYEL01088188.1:24246-24479(+)	64.67
AYEL01066976.1:7442-7646(-)	59.30
AYEL01074857.1:4173-4413(+)	59.57
AYEL01091642.1:11030-11258(-)	65.87
AYEL01067537.1:16204-16418(-)	60.69
AYEL01059013.1:6684-6922(+)	61.19
AYEL01091879.1:98935-99176(-)	62.13
AYEL01066567.1:724-937(+)	63.69
AYEL01083830.1:18459-18703(+)	59.90
AYEL01057505.1:26210-26417(+)	64.71
AYEL01081759.1:6683-6914(+)	63.28
AYEL01075372.1:50636-50843(-)	61.39
AYEL01075399.1:9660-9902(-)	60.37
AYEL01081780.1:12053-12257(-)	65.09
AYEL01081259.1:6558-6775(-)	68.46
AYEL01065538.1:11111-11337(+)	60.00
AYEL01005907.1:965-1190(+)	62.91
AYEL01089066.1:6911-7137(-)	63.58
AYEL01057780.1:9831-10061(-)	56.25
AYEL01072173.1:13704-13913(-)	57.29
AYEL01085568.1:677-901(-)	64.62
AYEL01061303.1:32842-33044(+)	62.05
AYEL01073998.1:68474-68705(-)	61.82
AYEL01091825.1:78108-78348(-)	67.66
AYEL01085633.1:16255-16500(-)	60.87
AYEL01068842.1:7123-7363(-)	61.88
AYEL01056443.1:34568-34813(-)	62.39
AYEL01029890.1:23717-23942(+)	61.08
AYEL01063162.1:9034-9270(-)	66.01
AYEL01052985.1:7377-7604(+)	62.12
AYEL01085316.1:48964-49171(-)	66.24
AYEL01008918.1:5519-5747(+)	67.65
AYEL01061941.1:23933-24156(-)	62.32
AYEL01070308.1:41039-41282(+)	58.88
AYEL01059444.1:47104-47346(-)	59.29
AYEL01063745.1:22341-22565(-)	63.03
AYEL01079787.1:15216-15428(-)	64.18
AYEL01083133.1:2782-2985(+)	57.87
AYEL01078984.1:47412-47629(-)	59.50
AYEL01087435.1:19221-19469(-)	64.15
AYEL01083300.1:1772-2009(-)	65.36
AYEL01055178.1:10679-10903(-)	64.57
AYEL01015947.1:3729-3956(+)	59.81
AYEL01071993.1:1740-1965(+)	67.19
AYEL01030503.1:53516-53739(+)	68.13
AYEL01064055.1:73428-73661(-)	67.42
AYEL01089677.1:34767-34976(-)	62.18
AYEL01090241.1:22451-22703(+)	67.31
AYEL01067847.1:36970-37216(+)	60.20
AYEL01076708.1:58237-58472(-)	61.40
AYEL01075840.1:18288-18523(+)	64.11
AYEL01020536.1:8974-9191(-)	62.42
AYEL01069479.1:11542-11773(-)	60.78
AYEL01065895.1:47645-47889(+)	59.15
AYEL01069878.1:440-664(-)	64.10
AYEL01088060.1:7479-7712(-)	63.16
AYEL01062821.1:45581-45804(+)	63.28
AYEL01077107.1:5323-5572(-)	61.61
AYEL01082703.1:114723-114962(-)	61.54
AYEL01076126.1:9754-9999(-)	61.49
AYEL01076994.1:9396-9630(-)	62.02
AYEL01047931.1:21057-21302(-)	57.89
AYEL01041440.1:704-935(-)	61.54
AYEL01081627.1:14424-14648(+)	62.09
AYEL01072787.1:40918-41150(-)	62.87
AYEL01052612.1:34394-34640(+)	62.20
AYEL01075447.1:25950-26192(+)	58.87
AYEL01073777.1:2790-2988(-)	61.67
AYEL01077314.1:50607-50834(+)	66.10
AYEL01070536.1:12049-12255(-)	66.67
AYEL01080594.1:60266-60510(-)	60.19
AYEL01056689.1:15103-15339(+)	68.32
AYEL01079817.1:24583-24820(+)	59.11
AYEL01066958.1:18654-18877(-)	62.62
AYEL01067509.1:11271-11505(-)	58.91
AYEL01045385.1:12368-12570(+)	65.71
AYEL01085228.1:20975-21178(-)	60.00
AYEL01039637.1:60041-60281(-)	59.62
AYEL01064426.1:6375-6592(-)	61.71
AYEL01089485.1:60229-60477(+)	64.29
AYEL01072772.1:145186-145441(+)	62.82
AYEL01075562.1:35842-36061(+)	60.96
AYEL01074794.1:12505-12775(+)	64.90
AYEL01068657.1:13761-14007(-)	60.28
AYEL01080558.1:3862-4107(-)	59.81
AYEL01071961.1:26807-27049(+)	67.13
AYEL01060089.1:5817-6034(-)	63.32
AYEL01074778.1:1161-1371(-)	64.94
AYEL01072017.1:2810-3053(+)	64.84
AYEL01072549.1:13505-13750(+)	67.61
AYEL01085477.1:1001-1241(-)	61.88
AYEL01071497.1:5397-5637(+)	66.23
AYEL01076890.1:49475-49695(-)	66.10
AYEL01064055.1:252015-252240(+)	67.80
AYEL01061539.1:12787-13029(+)	64.63
AYEL01070569.1:6631-6847(+)	61.72
AYEL01091879.1:97956-98169(+)	61.62
AYEL01051163.1:9222-9440(-)	63.13
AYEL01081932.1:18982-19185(-)	65.08
AYEL01077410.1:11820-12023(-)	63.45
AYEL01065259.1:5644-5878(+)	60.92
AYEL01068840.1:4993-5231(+)	58.97
AYEL01077066.1:61581-61792(+)	64.92
AYEL01091595.1:7314-7529(-)	59.69
AYEL01063130.1:21767-21988(-)	60.56
AYEL01080202.1:26053-26269(-)	62.50
AYEL01079858.1:51654-51892(+)	61.82
AYEL01085743.1:18947-19163(+)	59.50
AYEL01082096.1:37890-38098(-)	66.34
AYEL01076070.1:11666-11897(-)	63.58
AYEL01056066.1:46436-46656(+)	67.35
AYEL01073897.1:24476-24718(+)	61.99
AYEL01083641.1:32414-32655(+)	64.86
AYEL01088193.1:39679-39915(-)	57.64
AYEL01083455.1:22007-22261(-)	64.59
AYEL01084167.1:85865-86079(-)	68.97
AYEL01091758.1:36879-37119(-)	59.11
AYEL01066611.1:56169-56391(+)	62.83
AYEL01083670.1:10390-10624(-)	63.47
AYEL01077242.1:11612-11823(-)	67.44
AYEL01084181.1:64619-64849(+)	63.08
AYEL01087168.1:10397-10609(-)	61.82
AYEL01066568.1:23353-23600(-)	61.79
AYEL01090289.1:31007-31249(-)	59.20
AYEL01086090.1:13705-13955(+)	61.99
AYEL01078961.1:33606-33848(+)	62.13
AYEL01087138.1:3008-3205(+)	59.38
AYEL01032332.1:96868-97076(+)	62.96
AYEL01051231.1:29521-29768(-)	60.67
AYEL01001498.1:640-855(+)	63.33
AYEL01030958.1:29675-29893(-)	67.57
AYEL01039168.1:8636-8865(-)	60.87
AYEL01071524.1:83923-84152(-)	61.50
AYEL01087180.1:53573-53785(+)	63.59
AYEL01067954.1:19810-20027(-)	67.44
AYEL01091834.1:33971-34186(-)	65.71
AYEL01064240.1:46882-47124(-)	65.90
AYEL01078050.1:48224-48437(-)	65.52
AYEL01067499.1:49594-49832(+)	67.58
AYEL01064711.1:46090-46295(+)	67.53
AYEL01083129.1:22370-22577(-)	60.87
AYEL01084266.1:6681-6924(-)	60.48
AYEL01073965.1:5144-5386(+)	62.78
AYEL01076984.1:46580-46809(-)	62.56
AYEL01087812.1:13303-13551(-)	63.11
AYEL01073360.1:63008-63230(-)	58.54
AYEL01049440.1:10230-10463(+)	58.75
AYEL01076196.1:20832-21058(+)	60.40
AYEL01046392.1:13397-13637(-)	60.99
AYEL01076900.1:74287-74533(-)	63.77
AYEL01091905.1:61446-61683(+)	67.31
AYEL01071130.1:35323-35539(-)	64.08
AYEL01077675.1:18599-18807(+)	62.50
AYEL01060949.1:5291-5514(-)	60.54
AYEL01026398.1:660-859(+)	64.86
AYEL01057716.1:76179-76423(-)	62.61
AYEL01065668.1:8832-9088(+)	65.26
AYEL01066289.1:7802-8044(+)	63.10
AYEL01063899.1:7872-8089(+)	63.81
AYEL01072843.1:61781-61995(+)	63.08
AYEL01089466.1:47867-48079(-)	62.67
AYEL01067470.1:21098-21296(+)	69.44
AYEL01081665.1:4977-5210(+)	67.48
AYEL01062678.1:67333-67576(-)	61.45
AYEL01062434.1:2361-2606(-)	59.91
AYEL01087517.1:959-1202(-)	61.18
AYEL01079221.1:2890-3092(+)	56.19
AYEL01065161.1:55670-55905(+)	74.02
AYEL01068094.1:14801-15043(-)	66.03
AYEL01069608.1:45205-45406(-)	66.92
AYEL01088120.1:7647-7873(-)	68.65
AYEL01067660.1:62722-62953(+)	67.90
AYEL01090504.1:68717-68915(-)	62.60
AYEL01082839.1:32300-32526(+)	56.62
AYEL01086031.1:26308-26547(+)	59.26
AYEL01091147.1:16125-16371(+)	62.81
AYEL01085882.1:19653-19918(+)	66.89
AYEL01080837.1:4160-4393(+)	65.13
AYEL01072632.1:1934-2181(-)	65.57
AYEL01071430.1:23954-24191(-)	63.80
AYEL01066073.1:11058-11303(-)	66.67
AYEL01049927.1:10534-10747(+)	63.19
AYEL01034744.1:4378-4609(+)	58.30
AYEL01064694.1:46225-46443(-)	62.57
AYEL01065489.1:793-1036(+)	64.20
AYEL01064759.1:8402-8627(+)	56.95
AYEL01085517.1:11998-12216(+)	62.96
AYEL01060935.1:81581-81840(+)	68.12
AYEL01071684.1:55907-56147(+)	55.00
AYEL01070764.1:5012-5264(+)	62.24
AYEL01078260.1:8906-9162(-)	61.61
AYEL01069494.1:28704-28957(-)	60.41
AYEL01064309.1:7681-7962(+)	65.05
AYEL01045724.1:2440-2672(+)	59.61
AYEL01077098.1:10873-11075(-)	62.43
AYEL01091086.1:390-602(-)	61.90
AYEL01091254.1:52826-53069(+)	65.06
AYEL01083482.1:18643-18882(+)	64.90
AYEL01047999.1:1660-1897(+)	65.07
AYEL01072538.1:3871-4092(+)	64.25
AYEL01063638.1:67415-67639(-)	62.64
AYEL01071673.1:93464-93693(-)	56.19
AYEL01033645.1:13784-14028(-)	64.29
AYEL01034524.1:23411-23641(-)	62.44
AYEL01071894.1:127055-127285(+)	63.29
AYEL01046605.1:11298-11552(-)	61.43
AYEL01082309.1:3656-3924(-)	67.48
AYEL01084357.1:15545-15749(-)	66.49
AYEL01065872.1:40445-40669(-)	60.19
AYEL01070467.1:28199-28402(-)	63.83
AYEL01081561.1:45012-45253(-)	60.00
AYEL01082421.1:1711-1944(-)	60.26
AYEL01015685.1:69218-69454(-)	59.13
AYEL01083001.1:4477-4705(-)	64.59
AYEL01090773.1:4810-5044(+)	60.98
AYEL01076289.1:12427-12667(-)	60.74
AYEL01073121.1:27892-28151(+)	68.86
AYEL01056057.1:4871-5117(-)	61.95
AYEL01089114.1:2720-2957(-)	60.75
AYEL01069874.1:9406-9640(-)	59.53
AYEL01072052.1:2295-2523(+)	68.03
AYEL01064826.1:5158-5386(-)	62.42
AYEL01056893.1:31305-31510(-)	64.71
AYEL01061585.1:14761-14964(+)	62.96
AYEL01070997.1:8417-8657(-)	64.56
AYEL01057164.1:20842-21077(+)	63.13
AYEL01054471.1:5225-5439(+)	62.56
AYEL01071497.1:2738-2953(+)	58.17
AYEL01091211.1:45887-46101(-)	58.13
AYEL01061621.1:34724-34959(+)	63.23
AYEL01062650.1:7406-7604(+)	63.69
AYEL01088967.1:1032-1278(+)	66.41
AYEL01063751.1:76120-76334(+)	59.22
AYEL01077837.1:30818-31050(+)	65.24
AYEL01085676.1:29740-29971(+)	62.33
AYEL01058741.1:7776-8008(-)	60.57
AYEL01085144.1:94083-94303(+)	65.43
AYEL01072234.1:30221-30452(+)	67.27
AYEL01053625.1:26228-26435(-)	62.96
AYEL01058770.1:18545-18751(-)	62.30
AYEL01092381.1:261-500(+)	65.79
AYEL01070548.1:22983-23200(-)	67.35
AYEL01076997.1:1943-2195(+)	61.97
AYEL01086864.1:69086-69336(-)	62.26
AYEL01050218.1:5216-5414(+)	61.14
AYEL01089282.1:17017-17217(-)	63.13
AYEL01063435.1:4522-4769(-)	65.45
AYEL01072123.1:9618-9835(-)	63.02
AYEL01080780.1:7000-7211(-)	62.76
AYEL01091205.1:13467-13694(+)	66.23
AYEL01051377.1:13086-13309(-)	66.46
AYEL01068277.1:16420-16665(-)	69.68
AYEL01086279.1:5975-6203(-)	59.19
AYEL01082777.1:20618-20840(-)	62.21
AYEL01013782.1:10880-11082(-)	67.31
AYEL01088823.1:25665-25918(+)	62.76
AYEL01070060.1:9748-10001(-)	65.84
AYEL01083094.1:16224-16447(+)	66.67
AYEL01073575.1:59195-59430(-)	62.02
AYEL01090322.1:5482-5691(+)	62.69
AYEL01022416.1:24987-25213(-)	62.15
AYEL01086882.1:30412-30618(+)	62.76
AYEL01064857.1:3545-3773(-)	63.58
AYEL01088231.1:1853-2081(+)	65.28
AYEL01049335.1:33317-33553(+)	60.36
AYEL01072661.1:13730-13975(+)	58.72
AYEL01086096.1:32729-32937(+)	64.81
AYEL01085248.1:38521-38741(+)	66.23
AYEL01057069.1:67666-67887(+)	63.72
AYEL01082448.1:7401-7611(+)	61.35
AYEL01047430.1:21413-21618(+)	62.13
AYEL01059455.1:13724-13959(-)	64.17
AYEL01076171.1:35755-36143(+)	70.20
AYEL01068405.1:9030-9291(+)	59.80
AYEL01066754.1:8346-8577(+)	62.56
AYEL01084107.1:87407-87629(-)	63.22
AYEL01090044.1:3474-3705(-)	64.49
AYEL01083632.1:14370-14591(+)	65.75
AYEL01071067.1:13983-14218(-)	61.24
AYEL01088873.1:13913-14138(-)	59.07
AYEL01080724.1:3988-4186(+)	63.70
AYEL01078312.1:114715-114945(+)	65.36
AYEL01078023.1:26979-27223(+)	64.56
AYEL01085868.1:7805-8052(+)	64.98
AYEL01067844.1:1385-1630(+)	63.75
AYEL01062798.1:25026-25244(+)	62.20
AYEL01057879.1:29089-29315(+)	58.22
AYEL01069166.1:172419-172631(+)	60.96
AYEL01043958.1:30444-30667(-)	66.25
AYEL01077280.1:22284-22597(-)	55.70
AYEL01089851.1:23965-24207(-)	62.00
AYEL01015853.1:5577-5819(+)	59.22
AYEL01054712.1:22371-22603(+)	64.81
AYEL01083834.1:65758-65971(-)	61.83
AYEL01088683.1:70685-70923(-)	55.36
AYEL01088807.1:67316-67549(+)	60.51
AYEL01076450.1:4002-4248(+)	59.42
AYEL01025906.1:25585-25790(+)	65.87
AYEL01060515.1:7389-7612(-)	59.31
AYEL01078705.1:38849-39058(-)	63.71
AYEL01078260.1:8333-8552(+)	62.50
AYEL01092180.1:2950-3196(+)	64.29
AYEL01073023.1:36121-36359(+)	60.61
AYEL01042551.1:67320-67557(-)	63.85
AYEL01084670.1:12829-13059(+)	63.64
AYEL01077770.1:29541-29773(+)	62.93
AYEL01091333.1:8900-9119(-)	63.10
AYEL01078489.1:61156-61384(-)	60.95
AYEL01086975.1:29696-29911(+)	61.40
AYEL01070939.1:8481-8715(-)	59.43
AYEL01075105.1:49840-50046(-)	61.05
AYEL01056707.1:2513-2764(+)	65.78
AYEL01076907.1:28721-28938(+)	65.56
AYEL01091834.1:5924-6139(-)	63.95
AYEL01084197.1:153378-153580(+)	62.50
AYEL01062168.1:7067-7294(-)	66.26
AYEL01060935.1:63741-63971(-)	63.59
AYEL01070913.1:126784-127025(+)	65.64
AYEL01059455.1:32623-32841(+)	60.00
AYEL01088164.1:29550-29756(-)	63.41
AYEL01081975.1:174439-174645(+)	65.03
AYEL01086245.1:2770-3007(+)	60.59
AYEL01082329.1:13774-14016(+)	65.67
AYEL01091756.1:4493-4739(+)	59.77
AYEL01076243.1:1562-1769(-)	59.78
AYEL01087052.1:79267-79504(-)	67.26
AYEL01076121.1:81837-82070(-)	62.19
AYEL01090021.1:17980-18216(+)	64.11
AYEL01092228.1:40642-40848(-)	62.22
AYEL01090869.1:51992-52206(-)	63.33
AYEL01047765.1:1953-2186(+)	59.73
AYEL01072196.1:54044-54269(-)	62.82
AYEL01073487.1:6633-6869(-)	67.26
AYEL01086285.1:16017-16261(+)	62.80
AYEL01047434.1:5593-5828(+)	64.52
AYEL01038121.1:5055-5269(-)	62.31
AYEL01074685.1:22083-22330(+)	64.11
AYEL01079867.1:34015-34237(+)	57.21
AYEL01079970.1:4106-4333(-)	64.74
AYEL01082117.1:28657-28871(+)	62.37
AYEL01074263.1:16070-16303(-)	58.53
AYEL01083778.1:12136-12355(+)	62.89
AYEL01076854.1:34621-34866(-)	66.67
AYEL01089571.1:41166-41380(-)	64.02
AYEL01073792.1:70856-71099(+)	62.10
AYEL01055097.1:1661-1887(+)	60.53
AYEL01059554.1:9323-9566(+)	60.91
AYEL01062226.1:16221-16455(+)	63.16
AYEL01070913.1:125742-125981(+)	69.23
AYEL01060487.1:35112-35356(+)	60.77
AYEL01080187.1:18134-18363(-)	69.12
AYEL01063774.1:29400-29603(+)	61.11
AYEL01073358.1:4471-4677(-)	64.20
AYEL01071941.1:571-805(-)	65.24
AYEL01054119.1:38852-39099(-)	63.58
AYEL01085623.1:122579-122826(+)	60.99
AYEL01076121.1:79357-79587(-)	58.15
AYEL01075562.1:62585-62792(+)	63.44
AYEL01060826.1:33332-33572(-)	66.05
AYEL01076765.1:95635-95880(-)	63.86
AYEL01081889.1:3196-3421(-)	59.07
AYEL01089870.1:17348-17576(-)	60.70
AYEL01071011.1:1853-2098(-)	61.72
AYEL01090216.1:6491-6706(-)	63.90
AYEL01075698.1:11619-11861(+)	66.85
AYEL01057969.1:63348-63582(+)	58.12
AYEL01068153.1:10482-10715(+)	69.28
AYEL01067715.1:7566-7802(+)	61.22
AYEL01063370.1:12887-13088(-)	56.02
AYEL01075347.1:17026-17247(-)	66.45
AYEL01084738.1:37356-37589(+)	69.85
AYEL01049933.1:14584-14815(+)	63.16
AYEL01087032.1:22809-23052(+)	65.75
AYEL01081086.1:64899-65139(+)	60.96
AYEL01088263.1:10551-10785(-)	63.30
AYEL01088928.1:5693-5924(+)	61.38
AYEL01081251.1:55903-56163(-)	65.55
AYEL01071942.1:21956-22198(+)	63.55
AYEL01078300.1:46019-46253(-)	58.62
AYEL01075817.1:43660-43878(-)	63.95
AYEL01076189.1:21285-21514(+)	58.80
AYEL01088370.1:32763-32996(-)	59.22
AYEL01081721.1:16497-16713(-)	67.61
AYEL01081764.1:848-1050(+)	67.32
AYEL01087979.1:2858-3073(+)	61.93
AYEL01062386.1:859-1078(-)	59.60
AYEL01050531.1:15763-16004(+)	57.85
AYEL01049826.1:1564-1837(+)	59.75
AYEL01061451.1:12985-13211(-)	58.55
AYEL01074222.1:31926-32157(-)	62.02
AYEL01077045.1:25603-25804(-)	64.60
AYEL01032895.1:1436-1664(+)	63.89
AYEL01054516.1:49965-50178(-)	68.99
AYEL01089980.1:31890-32112(+)	60.00
AYEL01087353.1:45023-45229(-)	61.15
AYEL01089191.1:10915-11124(+)	65.48
AYEL01061938.1:65386-65616(+)	60.12
AYEL01035183.1:26952-27177(-)	64.52
AYEL01053933.1:14390-14594(-)	60.85
AYEL01070573.1:16968-17218(+)	62.68
AYEL01080091.1:21258-21501(+)	62.09
AYEL01088240.1:7187-7397(-)	58.46
AYEL01082194.1:234879-235107(+)	58.71
AYEL01077313.1:41747-41976(-)	66.67
AYEL01079949.1:66817-67042(+)	65.92
AYEL01088440.1:3355-3571(-)	58.73
AYEL01085094.1:85956-86186(+)	67.05
AYEL01090162.1:53175-53445(-)	62.79
AYEL01083644.1:44852-45066(+)	65.77
AYEL01081839.1:56397-56641(+)	59.39
AYEL01077852.1:5435-5660(+)	61.27
AYEL01044789.1:43240-43439(-)	59.09
AYEL01080236.1:2430-2671(-)	66.46
AYEL01085882.1:20203-20449(+)	61.08
AYEL01069896.1:96546-96786(-)	66.47
AYEL01059552.1:13791-14034(+)	61.97
AYEL01051118.1:22118-22333(+)	66.67
AYEL01062841.1:28648-28870(-)	66.67
AYEL01052552.1:13368-13603(-)	66.84
AYEL01088725.1:33277-33494(-)	61.76
AYEL01077623.1:5928-6142(-)	61.08
AYEL01048623.1:17080-17282(-)	62.42
AYEL01053581.1:5825-6027(+)	60.71
AYEL01058307.1:18574-18812(+)	64.67
AYEL01074368.1:48592-48817(-)	62.16
AYEL01090038.1:10927-11144(-)	60.19
AYEL01088994.1:65241-65439(-)	60.36
AYEL01069700.1:308229-308475(-)	64.98
AYEL01078841.1:790-1019(+)	65.90
AYEL01082940.1:75445-75666(+)	61.75
AYEL01074006.1:23893-24137(+)	67.88
AYEL01068474.1:40300-40544(+)	58.87
AYEL01029819.1:27187-27415(-)	60.00
AYEL01083415.1:1639-1847(+)	65.00
AYEL01086377.1:29680-29889(-)	67.81
AYEL01088666.1:9007-9211(-)	62.69
AYEL01036365.1:56553-56766(+)	64.64
AYEL01086414.1:100217-100458(+)	65.22
AYEL01088512.1:1268-1508(-)	67.24
AYEL01067502.1:15770-15979(+)	60.43
AYEL01062150.1:1098-1295(+)	63.45
AYEL01069138.1:6609-6832(+)	65.06
AYEL01047085.1:6627-6841(-)	61.72
AYEL01090255.1:28683-28896(-)	68.52
AYEL01057927.1:8108-8309(+)	62.02
AYEL01049212.1:6517-6760(+)	58.72
AYEL01075092.1:1419-1633(-)	63.49
AYEL01061580.1:16716-16945(-)	66.30
AYEL01087401.1:10032-10268(+)	60.78
AYEL01080236.1:14182-14423(-)	61.95
AYEL01074095.1:6141-6356(-)	66.90
AYEL01085517.1:32066-32290(-)	62.71
AYEL01084868.1:2440-2654(-)	62.44
AYEL01092331.1:48667-48888(-)	63.86
AYEL01082840.1:34557-34800(-)	65.75
AYEL01027720.1:24376-24577(+)	64.34
AYEL01038121.1:9934-10171(+)	66.51
AYEL01051100.1:7036-7267(+)	69.08
AYEL01080497.1:83390-83639(-)	66.67
AYEL01091349.1:1785-2003(+)	60.00
AYEL01071569.1:25332-25554(+)	62.78
AYEL01044840.1:20746-20983(-)	62.05
AYEL01067793.1:12235-12442(+)	63.77
AYEL01076179.1:82114-82334(+)	61.69
AYEL01092053.1:3589-3810(-)	59.22
AYEL01092375.1:16316-16526(+)	60.62
AYEL01056545.1:29564-29778(-)	53.30
AYEL01076420.1:1116-1350(-)	58.41
AYEL01091882.1:114874-115101(+)	59.57
AYEL01081855.1:39944-40251(-)	63.03
AYEL01072007.1:32940-33180(+)	63.69
AYEL01046375.1:544-779(-)	62.68
AYEL01073760.1:37550-37815(+)	66.82
AYEL01062034.1:21379-21603(-)	65.71
AYEL01063406.1:4612-4816(-)	61.31
AYEL01071858.1:33192-33432(+)	66.06
AYEL01079126.1:80162-80387(+)	62.38
AYEL01072207.1:37783-38011(+)	60.91
AYEL01080655.1:44113-44330(-)	65.35
AYEL01088042.1:35397-35608(+)	64.38
AYEL01047088.1:24094-24336(+)	58.58
AYEL01083399.1:45064-45304(-)	63.37
AYEL01062653.1:71801-72027(+)	64.02
AYEL01066416.1:53659-53908(-)	60.00
AYEL01028038.1:2753-2986(-)	63.36
AYEL01054698.1:17937-18137(+)	64.89
AYEL01061987.1:8925-9151(-)	61.90
AYEL01072074.1:23427-23625(-)	62.36
AYEL01072335.1:6565-6807(-)	63.46
AYEL01085887.1:5251-5485(-)	67.72
AYEL01082073.1:2010-2317(-)	66.45
AYEL01029385.1:46847-47050(-)	63.30
AYEL01074405.1:70026-70237(+)	58.82
AYEL01081628.1:64471-64702(-)	55.75
AYEL01074026.1:5874-6094(-)	59.39
AYEL01077359.1:16997-17235(-)	63.68
AYEL01083552.1:9428-9631(-)	64.89
AYEL01029576.1:12107-12327(+)	61.05
AYEL01084542.1:1845-2071(-)	61.19
AYEL01086326.1:92372-92601(-)	63.64
AYEL01053857.1:80387-80586(+)	63.30
AYEL01084635.1:11862-12119(+)	60.30
AYEL01084965.1:5139-5348(-)	61.14
AYEL01080223.1:38132-38350(-)	67.72
AYEL01083625.1:24681-24918(+)	62.12
AYEL01073582.1:77531-77740(-)	61.63
AYEL01087529.1:17030-17265(-)	73.03
AYEL01077793.1:32044-32285(+)	63.55
AYEL01055044.1:14039-14252(+)	65.88
AYEL01024705.1:23313-23528(-)	60.68
AYEL01091562.1:10410-10637(-)	64.85
AYEL01087621.1:6111-6383(+)	69.75
AYEL01086897.1:66307-66538(+)	63.24
AYEL01062234.1:43461-43717(-)	65.87
AYEL01080607.1:37150-37380(+)	61.54
AYEL01083516.1:23068-23295(-)	58.94
AYEL01080357.1:45935-46181(+)	62.50
AYEL01084457.1:34061-34308(+)	62.04
AYEL01073159.1:1953-2188(-)	64.37
AYEL01071406.1:57047-57276(-)	66.47
AYEL01064482.1:127987-128281(+)	60.58
AYEL01082467.1:21903-22116(-)	62.14
AYEL01034167.1:20988-21224(+)	60.00
AYEL01089957.1:3428-3673(+)	65.24
AYEL01072517.1:55788-56014(+)	60.10
AYEL01062037.1:23563-23804(-)	62.00
AYEL01066440.1:90040-90279(-)	65.81
AYEL01078023.1:16854-17121(+)	63.92
AYEL01049544.1:29202-29400(+)	61.82
AYEL01055315.1:1449-1684(+)	58.10
AYEL01068620.1:5000-5214(+)	60.30
AYEL01051121.1:2228-2454(+)	64.37
AYEL01058612.1:18975-19189(+)	66.28
AYEL01082909.1:56355-56579(-)	69.35
AYEL01040575.1:23666-23894(+)	61.78
AYEL01082920.1:3274-3520(-)	59.33
AYEL01082092.1:18697-18895(-)	62.67
AYEL01076235.1:61873-62076(+)	68.18
AYEL01077964.1:28124-28361(+)	64.61
AYEL01058983.1:23176-23426(-)	56.63
AYEL01087905.1:55897-56129(+)	61.98
AYEL01091099.1:10660-10900(-)	65.90
AYEL01081497.1:95925-96158(+)	64.81
AYEL01069750.1:76184-76423(-)	63.84
AYEL01082739.1:20320-20520(-)	66.29
AYEL01079255.1:84497-84743(+)	64.50
AYEL01048437.1:17555-17790(-)	60.31
AYEL01074399.1:8348-8549(+)	61.43
AYEL01074177.1:18416-18657(+)	66.67
AYEL01049029.1:2754-2952(-)	64.79
AYEL01076582.1:36803-37040(+)	63.16
AYEL01083577.1:34817-35050(-)	66.27
AYEL01085449.1:425-665(+)	60.49
AYEL01068623.1:1495-1724(+)	66.18
AYEL01084377.1:26165-26384(-)	73.08
AYEL01064484.1:2393-2654(-)	67.35
AYEL01062177.1:1980-2208(-)	60.68
AYEL01086301.1:10829-11078(-)	63.98
AYEL01044801.1:28475-28687(-)	62.68
AYEL01059105.1:216-461(+)	63.19
AYEL01039439.1:12024-12265(+)	60.87
AYEL01056052.1:14259-14468(-)	62.86
AYEL01091932.1:28330-28555(-)	66.67
AYEL01060223.1:15611-15817(+)	61.59
AYEL01082313.1:56388-56610(+)	60.96
AYEL01071089.1:219-432(+)	64.50
AYEL01073906.1:41588-41812(+)	64.00
AYEL01069514.1:9384-9614(-)	58.79
AYEL01088292.1:15523-15776(+)	58.19
AYEL01086872.1:926-1157(+)	64.54
AYEL01091000.1:20043-20282(-)	63.43
AYEL01087439.1:5646-5876(+)	63.04
AYEL01090298.1:12347-12604(-)	66.49
AYEL01080302.1:25636-25885(-)	64.81
AYEL01060507.1:15072-15303(-)	60.45
AYEL01075686.1:26108-26339(+)	64.42
AYEL01084721.1:89878-90112(-)	61.88
AYEL01076244.1:1562-1769(-)	59.78
AYEL01090300.1:36715-36959(+)	59.74
AYEL01083833.1:26021-26227(+)	62.28
AYEL01075944.1:28373-28605(+)	60.38
AYEL01071714.1:9065-9292(-)	67.07
AYEL01076852.1:4663-4881(-)	64.20
AYEL01090591.1:49906-50125(-)	61.76
AYEL01067819.1:19000-19234(+)	69.43
AYEL01090824.1:51920-52158(-)	61.75
AYEL01050999.1:5879-6102(-)	58.45
AYEL01088393.1:41565-41817(+)	60.00
AYEL01091529.1:61356-61609(-)	65.55
AYEL01080526.1:6931-7155(-)	64.36
AYEL01070149.1:28188-28417(+)	65.44
AYEL01080507.1:969-1194(+)	63.29
AYEL01071948.1:2763-2989(+)	58.29
AYEL01080705.1:1142-1378(-)	65.84
AYEL01058717.1:3821-4042(-)	63.58
AYEL01086503.1:6089-6300(+)	62.09
AYEL01070960.1:28039-28252(-)	63.13
AYEL01061973.1:20229-20464(-)	65.09
AYEL01074914.1:11563-11783(-)	64.36
AYEL01072067.1:18337-18557(-)	59.87
AYEL01071682.1:5822-6050(-)	67.84
AYEL01087574.1:3426-3648(+)	62.43
AYEL01058663.1:1774-2012(+)	68.10
AYEL01052348.1:8996-9221(+)	64.09
AYEL01054686.1:6055-6273(+)	62.50
AYEL01077724.1:53068-53291(-)	59.41
AYEL01053583.1:36926-37138(+)	70.00
AYEL01064808.1:956-1196(+)	64.53
AYEL01050283.1:38604-38826(+)	64.25
AYEL01080031.1:12867-13113(+)	65.05
AYEL01065788.1:17574-17822(-)	61.57
AYEL01081696.1:16265-16513(-)	71.25
AYEL01068324.1:13008-13238(+)	62.02
AYEL01020405.1:277-487(+)	56.59
AYEL01071055.1:12703-12923(-)	64.33
AYEL01090481.1:48767-49006(+)	63.58
AYEL01070023.1:88623-88827(+)	60.12
AYEL01066193.1:4870-5119(+)	62.70
AYEL01076366.1:34087-34319(-)	68.24
AYEL01064596.1:14039-14284(+)	61.50
AYEL01079257.1:68380-68590(-)	61.78
AYEL01052731.1:6048-6256(-)	63.64
AYEL01083590.1:69302-69510(+)	63.04
AYEL01074283.1:80979-81190(-)	60.77
AYEL01064041.1:67932-68129(+)	58.90
AYEL01083588.1:17711-17915(+)	59.89
AYEL01032196.1:28622-28847(-)	63.59
AYEL01042898.1:24308-24559(-)	61.16
AYEL01077323.1:12918-13118(+)	59.09
AYEL01091517.1:3956-4179(+)	68.82
AYEL01067633.1:6709-6939(-)	64.00
AYEL01034527.1:70456-70663(-)	63.18
AYEL01076526.1:100761-100992(+)	64.25
AYEL01090761.1:5945-6182(+)	62.79
AYEL01065397.1:33857-34103(+)	60.71
AYEL01052390.1:45480-45724(+)	68.13
AYEL01079754.1:35595-35829(-)	66.44
AYEL01083288.1:12006-12208(-)	63.43
AYEL01088018.1:16600-16811(-)	64.79
AYEL01082218.1:12282-12508(+)	66.06
AYEL01069347.1:7438-7647(+)	62.58
AYEL01058713.1:9342-9589(-)	63.01
AYEL01084678.1:28134-28336(-)	60.00
AYEL01079787.1:3822-4039(+)	69.44
AYEL01083426.1:3454-3690(+)	57.87
AYEL01083608.1:2624-2831(-)	60.39
AYEL01073326.1:9623-9847(+)	60.73
AYEL01027978.1:3285-3501(+)	61.94
AYEL01084197.1:165550-165795(-)	61.03
AYEL01087169.1:3800-4021(-)	60.53
AYEL01072564.1:12043-12258(-)	61.42
AYEL01072039.1:38516-38756(-)	65.47
AYEL01080468.1:22409-22640(-)	62.68
AYEL01068243.1:1221-1437(+)	56.25
AYEL01073714.1:15734-15954(-)	60.11
AYEL01072855.1:43550-43779(+)	59.91
AYEL01087579.1:60427-60655(+)	61.14
AYEL01084950.1:106592-106837(-)	57.38
AYEL01026576.1:692-889(+)	66.93
AYEL01075355.1:1092-1323(-)	59.33
AYEL01069121.1:36199-36410(-)	63.48
AYEL01086225.1:25913-26152(+)	58.82
AYEL01077103.1:11121-11344(-)	66.05
AYEL01057593.1:11660-11904(+)	62.02
AYEL01047082.1:65127-65367(+)	62.43
AYEL01084876.1:20022-20230(-)	62.50
AYEL01082180.1:29509-29723(+)	63.16
AYEL01072112.1:73416-73622(+)	64.97
AYEL01081975.1:173649-173853(-)	61.82
AYEL01089794.1:9925-10163(+)	58.95
AYEL01027713.1:7337-7583(+)	62.21
AYEL01081495.1:11600-11836(-)	63.97
AYEL01020691.1:20579-20791(-)	66.13
AYEL01077043.1:12045-12289(+)	64.63
AYEL01051003.1:41171-41393(-)	60.83
AYEL01091362.1:6434-6634(-)	60.26
AYEL01032140.1:62835-63040(+)	61.14
AYEL01068836.1:2127-2374(+)	64.07
AYEL01087154.1:24663-24888(-)	66.06
AYEL01071338.1:63915-64132(+)	64.66
AYEL01059459.1:10467-10699(-)	60.75
AYEL01081312.1:15875-16112(+)	61.14
AYEL01081668.1:29227-29480(-)	69.68
AYEL01083539.1:16327-16556(-)	61.93
AYEL01064776.1:3146-3386(-)	60.68
AYEL01075417.1:24423-24653(-)	62.50
AYEL01078669.1:20084-20313(+)	66.86
AYEL01080236.1:812-1023(-)	61.54
AYEL01085780.1:2968-3208(-)	62.39
AYEL01091920.1:12635-12864(-)	62.10
AYEL01074210.1:12171-12384(-)	66.27
AYEL01086323.1:15122-15360(+)	61.08
AYEL01067434.1:23663-23862(+)	65.16
AYEL01091670.1:14828-15040(-)	64.22
AYEL01060363.1:1020-1269(-)	61.20
AYEL01074924.1:8992-9216(-)	74.60
AYEL01071132.1:29496-29720(+)	65.94
AYEL01082855.1:3222-3445(-)	60.45
AYEL01071084.1:4834-5106(-)	58.60
AYEL01070567.1:5387-5610(+)	67.52
AYEL01057504.1:8170-8382(-)	63.13
AYEL01076949.1:9050-9266(-)	62.80
AYEL01062261.1:956-1169(+)	57.00
AYEL01074051.1:5296-5494(+)	74.81
AYEL01070153.1:6540-6737(-)	62.16
AYEL01036764.1:7498-7703(-)	66.23
AYEL01058724.1:5101-5323(-)	62.19
AYEL01083842.1:28313-28523(+)	67.28
AYEL01091064.1:3116-3346(-)	62.57
AYEL01025824.1:47151-47373(-)	70.00
AYEL01056675.1:30874-31107(-)	61.14
AYEL01087819.1:8508-8748(+)	60.44
AYEL01077388.1:11236-11465(+)	59.82
AYEL01076207.1:13227-13435(+)	61.54
AYEL01083038.1:110356-110564(-)	58.70
AYEL01055996.1:7796-8039(+)	61.24
AYEL01027361.1:10464-10691(+)	64.50
AYEL01085612.1:27597-27810(-)	58.99
AYEL01073519.1:29876-30125(-)	66.27
AYEL01067213.1:7103-7332(+)	61.90
AYEL01065248.1:72951-73180(+)	62.72
AYEL01071429.1:3661-3886(-)	68.21
AYEL01091736.1:29275-29500(-)	56.89
AYEL01090774.1:3167-3379(+)	69.18
AYEL01090127.1:33602-33810(-)	57.56
AYEL01074941.1:8423-8650(-)	64.29
AYEL01040586.1:4435-4679(-)	65.64
AYEL01066911.1:1902-2123(-)	59.28
AYEL01090494.1:12111-12326(+)	63.94
AYEL01083228.1:36391-36608(+)	63.25
AYEL01032208.1:23018-23264(-)	62.02
AYEL01091988.1:19268-19495(-)	64.67
AYEL01078858.1:9515-9731(+)	61.94
AYEL01080543.1:74197-74406(+)	74.73
AYEL01083616.1:38083-38323(-)	61.85
AYEL01062751.1:18631-18875(-)	61.65
AYEL01072691.1:16141-16391(+)	62.05
AYEL01084701.1:24118-24362(+)	58.90
AYEL01061230.1:55650-55891(+)	62.62
AYEL01083636.1:4981-5202(-)	68.89
AYEL01028108.1:50861-51087(+)	63.41
AYEL01088541.1:43070-43297(-)	60.81
AYEL01066344.1:10557-10804(-)	65.60
AYEL01058199.1:10105-10341(-)	63.79
AYEL01089436.1:32238-32461(-)	66.48
AYEL01080729.1:42131-42339(+)	62.96
AYEL01086342.1:1635-1846(-)	65.38
AYEL01035221.1:7586-7815(-)	64.36
AYEL01040603.1:8555-8778(+)	61.31
AYEL01077443.1:880-1083(+)	68.71
AYEL01078638.1:61083-61312(+)	66.67
AYEL01091755.1:21593-21830(+)	59.91
AYEL01068527.1:26474-26681(-)	70.23
AYEL01075658.1:107340-107578(+)	65.56
AYEL01071583.1:28148-28351(+)	62.70
AYEL01077377.1:24198-24417(+)	60.85
AYEL01082217.1:22642-22869(+)	68.24
AYEL01083955.1:6411-6646(-)	68.21
AYEL01090178.1:7671-7902(+)	63.35
AYEL01076960.1:31521-31752(-)	59.30
AYEL01086581.1:26821-27065(+)	60.87
AYEL01074782.1:45082-45289(-)	61.74
AYEL01087979.1:114862-115065(+)	58.38
AYEL01081136.1:7473-7715(-)	66.88
AYEL01080455.1:11870-12098(+)	63.64
AYEL01071012.1:11637-11845(-)	61.50
AYEL01067914.1:19892-20112(-)	65.13
AYEL01089249.1:52441-52642(+)	63.01
AYEL01090071.1:25790-26033(-)	56.73
AYEL01083482.1:14818-15039(+)	63.59
AYEL01054634.1:88743-88973(-)	75.00
AYEL01084503.1:1025-1281(+)	65.07
AYEL01047366.1:12555-12759(+)	63.86
AYEL01091450.1:25655-25906(+)	63.87
AYEL01054859.1:956-1183(+)	56.44
AYEL01054692.1:8597-8810(+)	59.46
AYEL01060588.1:3398-3608(+)	61.27
AYEL01088766.1:27314-27554(-)	60.18
AYEL01062108.1:3644-3867(+)	65.56
AYEL01084731.1:10181-10407(+)	64.07
AYEL01053413.1:20845-21059(-)	62.82
AYEL01069687.1:1580-1823(-)	65.05
AYEL01077877.1:11418-11656(+)	63.59
AYEL01080129.1:14739-14971(-)	62.18
AYEL01059368.1:8615-8854(+)	59.65
AYEL01077978.1:1090-1331(-)	60.58
AYEL01082224.1:18152-18349(+)	67.23
AYEL01077463.1:56492-56733(-)	58.19
AYEL01057942.1:8411-8626(-)	57.54
AYEL01076256.1:31241-31439(+)	62.34
AYEL01014149.1:507-735(-)	68.53
AYEL01074747.1:6763-6995(-)	63.38
AYEL01082583.1:3229-3462(-)	59.05
AYEL01090566.1:6991-7205(+)	66.67
AYEL01052366.1:6682-6916(+)	62.82
AYEL01075103.1:8644-8887(-)	65.70
AYEL01091434.1:47271-47509(-)	65.28
AYEL01077914.1:9985-10203(-)	60.27
AYEL01077390.1:69343-69581(+)	62.02
AYEL01065530.1:45934-46179(+)	61.90
AYEL01082113.1:26517-26757(-)	60.00
AYEL01079688.1:73667-73901(-)	61.49
AYEL01084458.1:9668-9896(+)	60.87
AYEL01074637.1:52670-52898(-)	67.06
AYEL01077323.1:16302-16513(+)	61.78
AYEL01046658.1:11335-11569(+)	64.35
AYEL01066511.1:22916-23141(-)	61.50
AYEL01075512.1:13701-13930(-)	62.01
AYEL01059555.1:1694-1913(-)	58.73
AYEL01082573.1:31245-31478(-)	65.41
AYEL01076204.1:38450-38665(-)	63.29
AYEL01088399.1:7622-7827(+)	63.24
AYEL01081599.1:15050-15277(+)	68.71
AYEL01078961.1:44614-44836(+)	59.55
AYEL01062808.1:21851-22084(-)	65.10
AYEL01091890.1:38816-39050(-)	60.09
AYEL01068542.1:32052-32289(-)	60.10
AYEL01079986.1:29338-29564(-)	62.25
AYEL01080150.1:18567-18816(-)	63.27
AYEL01078754.1:16349-16558(+)	61.11
AYEL01072970.1:21580-21805(+)	63.40
AYEL01071679.1:18975-19207(+)	63.94
AYEL01053672.1:16698-16926(-)	65.75
AYEL01089924.1:1046-1284(+)	60.29
AYEL01057421.1:11810-12049(+)	69.18
AYEL01077463.1:82870-83102(-)	59.62
AYEL01069278.1:16257-16504(-)	63.76
AYEL01090688.1:3426-3644(-)	63.19
AYEL01049389.1:9763-9999(+)	64.94
AYEL01086840.1:128311-128547(-)	61.33
AYEL01075375.1:57285-57500(+)	63.22
AYEL01080705.1:2919-3151(+)	63.91
AYEL01090241.1:701-946(+)	69.09
AYEL01062569.1:7762-7962(-)	62.72
AYEL01065458.1:3296-3560(-)	65.22
AYEL01091770.1:11635-11996(-)	60.14
AYEL01091485.1:63043-63269(+)	61.62
AYEL01028046.1:14386-14620(+)	64.04
AYEL01088994.1:18167-18395(+)	62.62
AYEL01056485.1:11163-11385(+)	62.35
AYEL01075099.1:4987-5263(-)	61.11
AYEL01028043.1:33178-33423(-)	62.70
AYEL01059411.1:28315-28540(+)	57.51
AYEL01090877.1:5017-5228(+)	67.33
AYEL01049211.1:55393-55644(+)	63.21
AYEL01064055.1:147538-147747(+)	65.38
AYEL01070983.1:20070-20281(-)	64.43
AYEL01075635.1:54628-54852(-)	67.30
AYEL01079352.1:5241-5482(+)	59.88
AYEL01073351.1:4306-4506(+)	65.13
AYEL01073767.1:28466-28677(+)	65.52
AYEL01069956.1:50612-50834(+)	65.22
AYEL01077415.1:4971-5204(-)	67.76
AYEL01082191.1:27186-27422(+)	57.67
AYEL01039550.1:6274-6526(-)	67.27
AYEL01052867.1:21660-21890(-)	67.57
AYEL01070043.1:19232-19457(-)	61.68
AYEL01049440.1:63-326(-)	63.07
AYEL01033357.1:41259-41497(-)	62.02
AYEL01081509.1:29799-30027(+)	58.43
AYEL01088817.1:64173-64377(-)	69.53
AYEL01075104.1:33431-33661(+)	60.80
AYEL01074472.1:9464-9706(+)	61.72
AYEL01047626.1:143-371(-)	68.10
AYEL01059117.1:29053-29279(+)	57.75
AYEL01074249.1:704-926(+)	62.50
AYEL01088313.1:5804-6053(+)	59.26
AYEL01062561.1:68953-69180(+)	61.57
AYEL01067224.1:7233-7480(+)	69.88
AYEL01049982.1:5429-5638(+)	63.83
AYEL01052483.1:258395-258640(-)	65.93
AYEL01051111.1:10949-11160(-)	66.05
AYEL01066570.1:17379-17624(-)	63.55
AYEL01088035.1:9941-10161(+)	62.19
AYEL01064470.1:33368-33565(+)	65.41
AYEL01061325.1:8351-8580(-)	64.00
AYEL01083358.1:548-770(-)	63.64
AYEL01067503.1:10531-10739(+)	65.13
AYEL01079797.1:4636-4872(+)	62.42
AYEL01083329.1:14382-14598(-)	64.07
AYEL01070622.1:35022-35226(+)	61.39
AYEL01065579.1:20210-20479(+)	58.42
AYEL01061941.1:22726-22977(-)	63.89
AYEL01061921.1:15114-15326(+)	62.89
AYEL01076977.1:3500-3745(-)	69.95
AYEL01070392.1:1733-1968(+)	63.16
AYEL01066440.1:83332-83572(-)	61.09
AYEL01064094.1:41539-41782(+)	63.81
AYEL01084362.1:7499-7743(-)	66.67
AYEL01072563.1:5868-6128(-)	58.43
AYEL01008287.1:8807-9041(-)	67.72
AYEL01079409.1:771-987(-)	60.49
AYEL01066071.1:3254-3483(-)	60.18
AYEL01086234.1:44454-44684(-)	61.26
AYEL01059423.1:510-721(+)	62.98
AYEL01067715.1:13002-13232(+)	63.43
AYEL01087999.1:30371-30605(-)	64.93
AYEL01080186.1:6526-6795(+)	67.30
AYEL01061043.1:16495-16702(-)	69.44
AYEL01068707.1:11292-11493(+)	58.76
AYEL01042226.1:1033-1276(+)	68.15
AYEL01080180.1:27851-28080(+)	64.88
AYEL01083625.1:34523-34726(+)	64.94
AYEL01038732.1:18768-19029(+)	61.42
AYEL01081473.1:15839-16068(+)	57.80
AYEL01027978.1:8783-9016(+)	59.91
AYEL01080688.1:43296-43547(+)	65.27
AYEL01082138.1:29902-30141(-)	64.29
AYEL01091690.1:89281-89513(+)	57.21
AYEL01070453.1:6700-6920(+)	62.42
AYEL01047977.1:10809-11041(-)	66.09
AYEL01073135.1:82453-82671(+)	58.12
AYEL01072146.1:70032-70255(-)	64.86
AYEL01075235.1:10340-10569(-)	61.74
AYEL01082137.1:28451-28680(-)	56.58
AYEL01071066.1:109169-109413(-)	58.26
AYEL01069329.1:39983-40205(+)	64.76
AYEL01091709.1:44417-44620(+)	66.19
AYEL01049241.1:351-589(+)	58.06
AYEL01080032.1:3902-4152(-)	60.35
AYEL01077473.1:44542-44770(-)	60.70
AYEL01087820.1:4200-4415(+)	64.38
AYEL01090681.1:1919-2132(-)	62.73
AYEL01036024.1:45487-45737(-)	63.07
AYEL01056740.1:5466-5698(+)	57.14
AYEL01060974.1:4984-5228(-)	61.35
AYEL01048485.1:960-1193(-)	64.84
AYEL01057118.1:3647-3900(-)	67.16
AYEL01067318.1:36585-36839(+)	62.45
AYEL01084697.1:867-1114(-)	59.83
AYEL01072344.1:16644-16855(-)	63.11
AYEL01067827.1:59799-60007(-)	58.29
AYEL01072046.1:6541-6783(-)	61.03
AYEL01079502.1:64140-64414(+)	67.01
AYEL01071629.1:8679-8900(+)	70.27
AYEL01091257.1:4420-4626(+)	60.78
AYEL01087333.1:24922-25129(-)	75.71
AYEL01037257.1:5746-5976(-)	61.43
AYEL01045165.1:30323-30546(-)	61.54
AYEL01069700.1:76737-76982(-)	67.31
AYEL01066899.1:29945-30187(+)	63.01
AYEL01089397.1:2098-2343(-)	61.67
AYEL01060935.1:56632-56841(+)	59.07
AYEL01071421.1:76678-76891(+)	63.82
AYEL01077675.1:10631-10839(-)	63.11
AYEL01076452.1:4172-4376(+)	63.89
AYEL01057212.1:9544-9780(-)	63.18
AYEL01068003.1:25793-26011(+)	67.41
AYEL01069787.1:25931-26324(+)	64.02
AYEL01080229.1:23377-23603(-)	63.94
AYEL01067678.1:35866-36094(+)	64.67
AYEL01084884.1:11072-11312(-)	64.78
AYEL01085612.1:59658-59898(-)	65.74
AYEL01081581.1:41564-41796(-)	65.36
AYEL01070325.1:901-1138(-)	64.14
AYEL01083041.1:25514-25810(+)	53.24
AYEL01088347.1:33286-33507(-)	62.67
AYEL01082345.1:4594-4835(+)	59.56
AYEL01047201.1:3697-3928(+)	59.81
AYEL01085612.1:16400-16614(-)	65.00
AYEL01061248.1:8138-8369(-)	60.98
AYEL01072138.1:3819-4061(-)	64.52
AYEL01040210.1:13514-13736(-)	61.41
AYEL01087260.1:3527-3747(-)	63.49
AYEL01081481.1:2294-2518(+)	63.64
AYEL01088235.1:7636-7846(+)	63.95
AYEL01084825.1:8316-8525(-)	67.65
AYEL01069700.1:6143-6366(+)	63.11
AYEL01087516.1:34737-34974(-)	61.71
AYEL01080948.1:73969-74189(+)	67.25
AYEL01059013.1:8892-9128(-)	63.29
AYEL01062648.1:3882-4126(-)	57.08
AYEL01043679.1:26565-26790(-)	64.02
AYEL01063263.1:142230-142447(+)	58.96
AYEL01059119.1:542-776(-)	66.47
AYEL01084584.1:1468-1719(-)	57.52
AYEL01089893.1:12751-12992(+)	66.46
AYEL01009638.1:8460-8704(-)	65.37
AYEL01091964.1:26776-27006(-)	65.90
AYEL01036009.1:18546-18775(+)	63.16
AYEL01067968.1:15169-15426(-)	63.79
AYEL01071682.1:4423-4646(-)	67.35
AYEL01029527.1:58841-59059(+)	60.96
AYEL01079863.1:4467-4691(+)	61.31
AYEL01071712.1:2027-2263(-)	60.58
AYEL01066647.1:27611-27835(-)	63.16
AYEL01087891.1:25329-25571(-)	67.28
AYEL01071867.1:18002-18202(-)	70.59
AYEL01061248.1:2940-3245(+)	82.67
AYEL01087905.1:58979-59228(+)	61.43
AYEL01086976.1:1732-1964(-)	56.63
AYEL01087842.1:42780-43001(+)	61.90
AYEL01086590.1:13869-14117(-)	66.67
AYEL01090437.1:6700-6931(-)	63.73
AYEL01091000.1:34256-34480(-)	63.43
AYEL01078215.1:8263-8488(+)	62.03
AYEL01048205.1:9164-9371(+)	59.90
AYEL01076585.1:10435-10660(+)	59.91
AYEL01071446.1:43151-43376(-)	63.11
AYEL01021110.1:114899-115166(+)	73.86
AYEL01057057.1:12542-12743(-)	61.70
AYEL01063959.1:19156-19400(-)	67.46
AYEL01031250.1:20292-20532(-)	59.90
AYEL01088742.1:2396-2609(+)	61.14
AYEL01056456.1:18042-18253(+)	59.22
AYEL01087407.1:119926-120184(+)	61.97
AYEL01029973.1:4655-4883(-)	59.17
AYEL01058914.1:6620-6843(-)	65.82
AYEL01091899.1:49801-50008(-)	63.58
AYEL01085068.1:20758-20989(+)	65.03
AYEL01089678.1:5290-5517(-)	61.11
AYEL01091381.1:6566-6802(-)	64.06
AYEL01061395.1:46186-46386(-)	67.67
AYEL01087142.1:43600-43823(+)	63.06
AYEL01089236.1:26082-26302(-)	61.50
AYEL01081247.1:14010-14233(+)	57.93
AYEL01054307.1:11246-11475(+)	61.42
AYEL01049471.1:148988-149203(+)	68.75
AYEL01068115.1:10605-10813(+)	67.69
AYEL01077609.1:29239-29443(-)	63.35
AYEL01076834.1:15350-15633(+)	64.34
AYEL01089383.1:11436-11672(-)	60.28
AYEL01068881.1:84967-85202(+)	59.21
AYEL01070152.1:2770-3001(-)	64.56
AYEL01075074.1:21477-21695(+)	65.10
AYEL01075580.1:66079-66320(-)	60.36
AYEL01065970.1:63968-64198(+)	63.92
AYEL01071310.1:6034-6277(+)	65.97
AYEL01081563.1:98026-98260(+)	64.59
AYEL01075431.1:5689-5928(-)	62.66
AYEL01013119.1:11055-11281(+)	61.31
AYEL01077283.1:31177-31404(-)	63.68
AYEL01068420.1:13085-13302(-)	62.89
AYEL01044598.1:55975-56195(-)	62.33
AYEL01043111.1:36222-36440(+)	63.77
AYEL01079280.1:18130-18371(-)	62.57
AYEL01005646.1:64-290(+)	64.52
AYEL01091992.1:41939-42155(+)	63.58
AYEL01075164.1:458-681(-)	59.91
AYEL01054615.1:4083-4329(+)	61.47
AYEL01078069.1:57009-57276(-)	62.32
AYEL01090330.1:12434-12659(-)	63.29
AYEL01051381.1:2912-3156(-)	63.73
AYEL01089861.1:48622-48822(-)	55.87
AYEL01035233.1:1480-1691(+)	60.12
AYEL01088913.1:16126-16349(-)	61.22
AYEL01080729.1:50977-51188(-)	59.79
AYEL01089753.1:82622-82827(-)	61.98
AYEL01080278.1:3394-3652(+)	62.20
AYEL01034476.1:3626-3846(+)	66.86
AYEL01040586.1:44764-45004(+)	58.38
AYEL01089003.1:24424-24653(+)	61.72
AYEL01061713.1:13345-13584(-)	58.67
AYEL01059468.1:2671-2894(+)	57.65
AYEL01083092.1:3958-4157(-)	61.38
AYEL01071177.1:13489-13720(-)	68.63
AYEL01071356.1:221-437(+)	61.45
AYEL01001417.1:206-451(-)	63.33
AYEL01075791.1:8328-8571(+)	64.42
AYEL01084514.1:1268-1489(-)	61.49
AYEL01063875.1:10680-10900(+)	60.33
AYEL01052483.1:46054-46264(+)	65.25
AYEL01070066.1:179842-180099(+)	61.54
AYEL01056517.1:233-464(-)	62.61
AYEL01091086.1:1104-1351(-)	64.22
AYEL01083010.1:9699-9909(-)	65.58
AYEL01032396.1:20111-20336(-)	62.82
AYEL01078615.1:15183-15406(+)	58.11
AYEL01087243.1:3010-3226(-)	62.57
AYEL01091561.1:20486-20712(+)	61.50
AYEL01092328.1:3847-4079(+)	64.85
AYEL01016942.1:2663-2908(+)	65.38
AYEL01037343.1:37920-38117(+)	62.64
AYEL01038913.1:27704-27946(-)	62.30
AYEL01083117.1:36698-36908(-)	63.91
AYEL01086258.1:25491-25720(+)	61.96
AYEL01084454.1:29786-30101(-)	66.67
AYEL01085765.1:102195-102439(+)	64.07
AYEL01054712.1:27120-27366(+)	61.31
AYEL01091420.1:9187-9401(+)	63.93
AYEL01073401.1:1842-2051(-)	57.95
AYEL01063932.1:50519-50732(-)	65.47
AYEL01069530.1:970-1197(-)	64.58
AYEL01077371.1:33717-33946(+)	62.56
AYEL01057069.1:4249-4495(+)	64.29
AYEL01079907.1:20759-21007(-)	60.67
AYEL01088834.1:727-958(-)	66.49
AYEL01071179.1:102545-102759(-)	63.19
AYEL01063834.1:11745-11964(+)	64.36
AYEL01091291.1:45700-45914(+)	60.29
AYEL01071352.1:13204-13413(+)	58.19
AYEL01061090.1:52309-52529(+)	66.67
AYEL01088655.1:17244-17461(+)	62.15
AYEL01065492.1:6894-7110(+)	61.81
AYEL01082700.1:15616-15818(-)	62.98
AYEL01061562.1:85926-86153(+)	59.55
AYEL01072085.1:13299-13546(+)	63.77
AYEL01068061.1:15274-15477(-)	56.98
AYEL01065197.1:4736-4933(-)	60.45
AYEL01047413.1:6330-6604(-)	59.13
AYEL01084088.1:5023-5249(+)	61.90
AYEL01077372.1:15344-15546(-)	59.36
AYEL01075269.1:6547-6782(-)	67.46
AYEL01089195.1:239775-239997(-)	63.13
AYEL01037241.1:9925-10146(+)	63.75
AYEL01078127.1:28990-29204(-)	66.67
AYEL01088156.1:56449-56801(+)	61.32
AYEL01088001.1:9852-10072(+)	62.69
AYEL01071031.1:52858-53093(+)	64.71
AYEL01075276.1:78451-78656(-)	66.89
AYEL01090509.1:100667-100898(-)	65.84
AYEL01091772.1:16238-16451(+)	57.14
AYEL01076370.1:1505-1715(-)	67.96
AYEL01075550.1:18252-18466(+)	64.44
AYEL01072012.1:30907-31116(-)	58.50
AYEL01087998.1:27341-27604(-)	59.87
AYEL01080510.1:15483-15730(+)	66.67
AYEL01084213.1:29362-29606(+)	67.27
AYEL01089482.1:11075-11317(+)	65.62
AYEL01083729.1:15842-16075(+)	64.02
AYEL01039889.1:61705-61908(+)	64.44
AYEL01088126.1:38140-38349(+)	61.87
AYEL01031810.1:1660-1893(-)	62.68
AYEL01084423.1:31657-31893(-)	63.26
AYEL01066212.1:9462-9673(-)	61.48
AYEL01085311.1:6611-6855(+)	64.91
AYEL01070323.1:48860-49082(+)	60.96
AYEL01088018.1:16892-17107(+)	64.71
AYEL01075564.1:13107-13307(-)	59.90
AYEL01085583.1:65796-66003(-)	64.94
AYEL01016158.1:196-395(+)	59.24
AYEL01086487.1:46098-46324(+)	61.25
AYEL01084573.1:60922-61159(+)	60.99
AYEL01056527.1:4962-5208(-)	63.51
AYEL01056383.1:53403-53647(-)	62.91
AYEL01052352.1:20770-21010(-)	63.52
AYEL01076723.1:17887-18086(-)	62.31
AYEL01013638.1:5986-6223(+)	65.22
AYEL01075378.1:3557-3797(-)	63.93
AYEL01070513.1:2477-2726(+)	66.24
AYEL01084262.1:10535-10733(-)	64.38
AYEL01084065.1:81871-82106(-)	64.10
AYEL01051064.1:7056-7307(+)	65.52
AYEL01080198.1:16526-16746(-)	59.60
AYEL01077345.1:123607-123844(+)	66.24
AYEL01088442.1:18236-18478(-)	58.48
AYEL01073357.1:2134-2348(+)	64.20
AYEL01049451.1:49332-49565(-)	62.33
AYEL01059476.1:20262-20491(+)	62.63
AYEL01086377.1:39453-39668(+)	64.75
AYEL01083995.1:54964-55182(+)	61.90
AYEL01085261.1:45444-45684(+)	58.17
AYEL01084978.1:58785-59002(-)	60.38
AYEL01077300.1:2489-2719(+)	63.33
AYEL01074363.1:61886-62149(-)	65.64
AYEL01065681.1:44464-44709(-)	62.74
AYEL01016910.1:17356-17564(+)	61.95
AYEL01073653.1:35030-35236(-)	62.86
AYEL01051137.1:30662-30896(-)	68.16
AYEL01082637.1:5427-5668(-)	58.33
AYEL01092401.1:6465-6721(+)	61.22
AYEL01088412.1:58398-58629(-)	58.95
AYEL01056273.1:4810-5048(-)	59.19
AYEL01079956.1:8903-9106(+)	58.10
AYEL01088448.1:52924-53146(+)	69.94
AYEL01083439.1:63704-63939(-)	65.88
AYEL01079425.1:11705-11953(+)	63.31
AYEL01085849.1:74267-74475(-)	60.58
AYEL01079303.1:3678-3904(-)	63.41
AYEL01077107.1:15456-15700(-)	69.11
AYEL01086185.1:7556-7776(+)	70.12
AYEL01056444.1:34261-34506(-)	60.66
AYEL01052634.1:24020-24230(+)	65.38
AYEL01080227.1:28626-28868(+)	64.53
AYEL01086066.1:10742-10981(-)	62.28
AYEL01072925.1:25920-26149(+)	58.04
AYEL01069556.1:37600-37824(+)	59.42
AYEL01089014.1:17603-17846(-)	61.64
AYEL01052844.1:557-801(+)	60.10
AYEL01086110.1:1444-1642(+)	63.11
AYEL01089906.1:31551-31788(-)	58.95
AYEL01008051.1:50342-50571(+)	65.22
AYEL01065841.1:36553-36793(-)	65.90
AYEL01078299.1:53698-53943(+)	69.95
AYEL01083328.1:5409-5611(+)	59.77
AYEL01084107.1:116407-116638(-)	58.80
AYEL01064115.1:22938-23182(+)	65.22
AYEL01087707.1:17080-17325(+)	65.87
AYEL01051850.1:301639-301873(-)	60.91
AYEL01047949.1:30662-30897(-)	66.51
AYEL01083262.1:22760-23005(+)	62.05
AYEL01089032.1:39112-39332(+)	63.29
AYEL01083995.1:55437-55674(+)	62.26
AYEL01082440.1:3964-4161(-)	67.65
AYEL01045267.1:228-438(+)	62.76
AYEL01055346.1:307-551(-)	62.09
AYEL01063143.1:11999-12225(-)	64.50
AYEL01065084.1:20432-20674(+)	58.09
AYEL01081560.1:3466-3693(+)	62.50
AYEL01069332.1:15192-15405(+)	64.00
AYEL01056596.1:11439-11691(-)	65.48
AYEL01083833.1:85535-85778(+)	59.81
AYEL01061663.1:5679-5891(+)	63.69
AYEL01081531.1:1224-1469(+)	59.33
AYEL01035860.1:2178-2422(+)	66.67
AYEL01086222.1:14375-14604(+)	63.78
AYEL01067253.1:20793-21042(+)	65.90
AYEL01082740.1:49327-49570(+)	60.92
AYEL01051189.1:10175-10396(-)	66.49
AYEL01058458.1:6366-6610(+)	59.13
AYEL01072554.1:20861-21095(+)	59.17
AYEL01089998.1:29428-29639(-)	61.35
AYEL01090794.1:11325-11559(+)	57.07
AYEL01075271.1:4051-4264(-)	65.06
AYEL01085690.1:24912-25135(-)	57.34
AYEL01081260.1:18519-18764(-)	68.90
AYEL01086236.1:9160-9382(-)	69.18
AYEL01078109.1:31730-31947(-)	62.28
AYEL01092083.1:10716-10961(+)	60.96
AYEL01063648.1:2079-2312(+)	59.39
AYEL01076675.1:9132-9378(-)	63.58
AYEL01082137.1:30962-31193(+)	60.24
AYEL01033183.1:24752-24981(+)	63.16
AYEL01057042.1:47685-47915(-)	64.91
AYEL01086667.1:16372-16599(+)	67.21
AYEL01079003.1:3641-3871(-)	64.90
AYEL01034913.1:2858-3070(-)	65.33
AYEL01077049.1:3144-3366(-)	60.54
AYEL01084107.1:73531-73754(-)	62.98
AYEL01091334.1:15691-15926(+)	61.11
AYEL01062327.1:4804-5018(+)	62.66
AYEL01091302.1:21054-21260(+)	69.64
AYEL01078205.1:21826-22038(-)	62.25
AYEL01040589.1:24124-24352(+)	60.10
AYEL01059554.1:48558-48801(-)	65.53
AYEL01069136.1:21718-21961(-)	62.14
AYEL01071898.1:58831-59072(+)	64.75
AYEL01050473.1:25791-26014(-)	63.69
AYEL01071137.1:16793-17026(-)	68.79
AYEL01075233.1:98385-98618(+)	61.11
AYEL01077526.1:7349-7571(+)	70.71
AYEL01040597.1:35117-35328(+)	63.37
AYEL01045557.1:1807-2043(+)	62.80
AYEL01073283.1:28419-28661(-)	63.46
AYEL01061353.1:22762-22997(-)	61.82
AYEL01054866.1:24587-24793(+)	68.42
AYEL01008413.1:33953-34167(+)	65.46
AYEL01079180.1:100688-100924(-)	65.09
AYEL01052383.1:59927-60160(-)	67.66
AYEL01066743.1:82923-83174(-)	64.37
AYEL01074078.1:37136-37364(+)	61.72
AYEL01035585.1:32523-32761(+)	66.46
AYEL01073492.1:10476-10705(+)	60.62
AYEL01090508.1:6100-6349(+)	64.08
AYEL01087941.1:40781-41014(-)	67.48
AYEL01081636.1:482-707(-)	63.81
AYEL01024929.1:23092-23368(+)	66.38
AYEL01074185.1:14563-14818(+)	58.74
AYEL01018948.1:199-436(-)	61.24
AYEL01090072.1:16625-16843(-)	65.14
AYEL01078238.1:239763-239979(-)	64.63
AYEL01078729.1:65338-65549(+)	61.06
AYEL01091746.1:48568-48812(+)	59.91
AYEL01060584.1:22018-22243(-)	65.81
AYEL01058983.1:44496-44733(-)	63.37
AYEL01064598.1:3073-3336(-)	61.14
AYEL01084776.1:15151-15366(+)	60.31
AYEL01075111.1:24418-24664(-)	64.49
AYEL01066092.1:24805-25073(+)	59.88
AYEL01050179.1:9448-9662(+)	63.68
AYEL01078071.1:6653-6893(+)	61.54
AYEL01058456.1:3202-3407(-)	61.58
AYEL01027293.1:45051-45273(-)	62.31
AYEL01074530.1:3668-3910(+)	60.39
AYEL01075801.1:2081-2308(+)	61.50
AYEL01084002.1:31768-31981(-)	63.91
AYEL01080850.1:452-697(+)	59.53
AYEL01077377.1:17504-17742(+)	63.05
AYEL01060614.1:7195-7423(-)	63.24
AYEL01062594.1:23375-23597(-)	66.48
AYEL01077770.1:14443-14669(+)	59.24
AYEL01058349.1:6374-6593(+)	61.82
AYEL01084749.1:17797-18016(-)	61.27
AYEL01081652.1:20812-21033(-)	64.20
AYEL01067583.1:3970-4257(+)	67.38
AYEL01034354.1:30972-31204(+)	66.45
AYEL01067759.1:39053-39267(-)	61.80
AYEL01076100.1:15688-15907(+)	65.99
AYEL01085756.1:12978-13204(-)	64.25
AYEL01085850.1:9290-9536(-)	65.45
AYEL01073141.1:48963-49174(+)	68.22
AYEL01026805.1:4456-4683(-)	59.38
AYEL01083211.1:5038-5247(-)	60.34
AYEL01083229.1:14795-15007(-)	62.63
AYEL01071593.1:19792-20041(-)	61.27
AYEL01053954.1:56802-57038(+)	58.99
AYEL01033765.1:20808-21036(-)	66.27
AYEL01075917.1:17890-18107(-)	60.26
AYEL01055713.1:7667-7895(-)	67.61
AYEL01091275.1:32850-33094(+)	59.43
AYEL01084510.1:8168-8371(+)	66.46
AYEL01080422.1:103208-103421(+)	62.50
AYEL01073602.1:18073-18286(-)	55.73
AYEL01078594.1:80207-80444(-)	61.59
AYEL01032332.1:99215-99448(+)	59.91
AYEL01082554.1:27916-28173(+)	59.71
AYEL01043164.1:7870-8130(-)	69.87
AYEL01091793.1:34358-34599(+)	66.18
AYEL01083379.1:5409-5656(-)	65.22
AYEL01086925.1:43535-43735(-)	63.64
AYEL01063828.1:14070-14325(-)	65.67
AYEL01056741.1:34469-34717(+)	61.63
AYEL01092162.1:1754-2004(-)	66.84
AYEL01083148.1:25183-25417(+)	60.71
AYEL01085304.1:1553-1779(+)	57.35
AYEL01075950.1:56072-56293(+)	60.74
AYEL01088667.1:52004-52228(-)	65.91
AYEL01047838.1:47416-47628(-)	64.08
AYEL01077526.1:14761-15003(+)	64.22
AYEL01061880.1:29271-29514(-)	60.82
AYEL01089899.1:63306-63537(-)	65.81
AYEL01079688.1:60129-60356(+)	60.28
AYEL01048914.1:13893-14130(-)	65.00
AYEL01083224.1:16983-17200(-)	65.80
AYEL01090423.1:914-1155(+)	64.19
AYEL01090064.1:20665-20912(-)	68.32
AYEL01072812.1:46873-47091(+)	62.03
AYEL01053584.1:57272-57498(-)	68.92
AYEL01087447.1:3806-4051(+)	63.13
AYEL01091899.1:56071-56268(-)	68.52
AYEL01092128.1:1173-1418(+)	62.87
AYEL01027296.1:56682-56905(-)	62.56
AYEL01062458.1:2939-3166(+)	58.13
AYEL01069620.1:7266-7521(-)	65.55
AYEL01077897.1:891-1108(+)	60.15
AYEL01083627.1:63259-63492(-)	62.56
AYEL01089958.1:90219-90468(-)	64.44
AYEL01091766.1:80778-80985(-)	67.67
AYEL01086411.1:95234-95478(+)	61.46
AYEL01062100.1:78374-78591(+)	65.73
AYEL01072054.1:114719-114968(+)	62.72
AYEL01060793.1:27524-27771(-)	62.22
AYEL01060518.1:129-356(-)	58.01
AYEL01082146.1:8014-8247(-)	61.24
AYEL01052475.1:37155-37384(+)	64.59
AYEL01075233.1:9350-9596(+)	62.05
AYEL01089497.1:3477-3714(-)	64.74
AYEL01076193.1:9303-9540(+)	65.90
AYEL01091851.1:9101-9317(+)	62.43
AYEL01085515.1:18178-18388(+)	60.78
AYEL01081606.1:30369-30581(+)	65.31
AYEL01083662.1:5543-5763(-)	65.56
AYEL01076882.1:6210-6447(+)	59.17
AYEL01089440.1:21448-21690(-)	61.95
AYEL01063782.1:21738-21954(-)	62.98
AYEL01075399.1:2616-2826(+)	64.60
AYEL01063888.1:14070-14290(+)	62.79
AYEL01064646.1:3161-3404(-)	60.98
AYEL01043306.1:6110-6351(-)	66.12
AYEL01061063.1:2949-3159(-)	65.43
AYEL01071147.1:100454-100677(-)	65.38
AYEL01057307.1:44152-44403(-)	63.13
AYEL01084615.1:11598-11796(+)	65.03
AYEL01085093.1:50091-50369(+)	63.98
AYEL01032840.1:59948-60173(-)	59.61
AYEL01073221.1:1338-1581(-)	59.29
AYEL01080584.1:20053-20254(+)	69.53
AYEL01085811.1:91444-91663(-)	58.82
AYEL01085312.1:9486-9712(-)	62.37
AYEL01086586.1:12806-13030(-)	62.57
AYEL01059177.1:1713-1932(+)	61.21
AYEL01086705.1:52082-52330(+)	67.25
AYEL01034530.1:10395-10626(-)	62.28
AYEL01061921.1:63520-63734(-)	61.24
AYEL01088656.1:20733-20955(-)	62.28
AYEL01088684.1:16422-16651(-)	57.46
AYEL01082519.1:2140-2367(-)	58.77
AYEL01079694.1:1023-1268(+)	57.42
AYEL01073786.1:71096-71331(+)	61.19
AYEL01090452.1:54086-54315(-)	60.44
AYEL01081023.1:6681-6910(+)	68.75
AYEL01058679.1:25248-25473(-)	62.14
AYEL01074954.1:6226-6472(-)	60.66
AYEL01065780.1:26667-26907(-)	61.46
AYEL01070335.1:39779-40026(-)	61.16
AYEL01050062.1:38977-39204(-)	58.90
AYEL01089195.1:148974-149233(+)	62.20
AYEL01027900.1:37239-37470(-)	69.51
AYEL01089216.1:26390-26619(-)	57.67
AYEL01083371.1:77436-77691(+)	64.29
AYEL01068392.1:8228-8461(-)	64.73
AYEL01069057.1:34593-34818(+)	63.47
AYEL01072398.1:19986-20233(+)	70.06
AYEL01090311.1:27159-27368(+)	63.69
AYEL01029015.1:172-398(+)	61.61
AYEL01087245.1:191738-191951(+)	65.48
AYEL01077473.1:53355-53564(+)	56.94
AYEL01079221.1:1407-1629(-)	65.67
AYEL01019800.1:168589-168808(-)	62.77
AYEL01061906.1:11423-11635(+)	60.32
AYEL01072274.1:15034-15276(+)	66.34
AYEL01067130.1:7324-7568(+)	62.33
AYEL01075858.1:23266-23506(-)	63.55
AYEL01050042.1:85877-86124(+)	61.30
AYEL01019800.1:145987-146215(+)	60.39
AYEL01091453.1:28163-28403(-)	58.17
AYEL01087618.1:104848-105077(+)	63.06
AYEL01085581.1:19176-19418(-)	65.70
AYEL01089808.1:38943-39144(+)	62.03
AYEL01060175.1:1244-1469(+)	60.87
AYEL01085887.1:9310-9550(+)	62.25
AYEL01058314.1:16592-16822(-)	57.55
AYEL01089804.1:54888-55098(+)	64.80
AYEL01005248.1:1067-1290(-)	63.64
AYEL01058710.1:9907-10120(+)	59.80
AYEL01086136.1:4572-4780(+)	63.28
AYEL01079748.1:11251-11490(-)	59.90
AYEL01085308.1:9520-9744(-)	61.67
AYEL01087432.1:36225-36452(+)	60.98
AYEL01082146.1:10510-10750(-)	59.02
AYEL01039434.1:31829-32050(+)	65.06
AYEL01075656.1:9471-9687(+)	61.24
AYEL01067519.1:12696-12925(-)	62.05
AYEL01072140.1:107197-107430(-)	56.82
AYEL01092382.1:34663-34890(+)	62.89
AYEL01081093.1:13383-13584(-)	65.43
AYEL01076931.1:23336-23562(+)	63.85
AYEL01054867.1:18346-18546(+)	54.75
AYEL01061145.1:25341-25546(+)	68.84
AYEL01076765.1:118999-119206(+)	59.84
AYEL01059378.1:34144-34398(-)	69.38
AYEL01029407.1:260-494(-)	60.44
AYEL01089068.1:13843-14068(+)	67.90
AYEL01049646.1:357-585(-)	58.38
AYEL01036747.1:12227-12446(+)	60.55
AYEL01085398.1:13181-13404(-)	61.88
AYEL01071595.1:61500-61716(-)	59.63
AYEL01086110.1:27875-28117(-)	62.23
AYEL01071652.1:60426-60674(-)	62.68
AYEL01087006.1:15956-16184(-)	61.72
AYEL01071500.1:14388-14587(-)	61.48
AYEL01050102.1:14708-14912(-)	59.71
AYEL01078004.1:28413-28652(+)	62.31
AYEL01089682.1:11042-11272(+)	61.29
AYEL01077609.1:33573-33815(+)	58.77
AYEL01075235.1:10637-10883(-)	62.28
AYEL01065440.1:14977-15200(+)	62.07
AYEL01015641.1:1655-1875(+)	61.98
AYEL01074363.1:70283-70529(+)	65.55
AYEL01085277.1:3260-3509(-)	67.52
AYEL01078006.1:24692-24910(-)	60.49
AYEL01074753.1:3574-3817(+)	61.82
AYEL01059554.1:46613-46860(-)	61.26
AYEL01068785.1:30045-30264(-)	68.42
AYEL01091132.1:12672-12893(+)	59.24
AYEL01087256.1:33439-33668(-)	62.04
AYEL01051115.1:17716-17961(+)	65.74
AYEL01090806.1:43589-43799(-)	60.12
AYEL01062458.1:15709-15936(+)	57.97
AYEL01090487.1:40407-40617(-)	61.03
AYEL01077657.1:16347-16568(+)	60.89
AYEL01075685.1:16487-16691(+)	66.31
AYEL01084174.1:51514-51747(+)	65.08
AYEL01075075.1:16429-16658(-)	66.02
AYEL01068703.1:12792-13012(+)	64.78
AYEL01075308.1:20119-20327(-)	61.22
AYEL01064404.1:7755-7998(-)	59.91
AYEL01081480.1:29515-29749(+)	62.50
AYEL01048158.1:54791-55011(+)	60.28
AYEL01070880.1:35351-35596(-)	61.72
AYEL01076630.1:57027-57246(+)	62.91
AYEL01065708.1:13758-14008(+)	63.64
AYEL01090780.1:43534-43778(+)	63.43
AYEL01079098.1:6029-6248(-)	61.62
AYEL01079086.1:28586-28817(+)	62.93
AYEL01086430.1:3012-3237(+)	58.51
AYEL01070016.1:10949-11186(+)	59.43
AYEL01087096.1:24633-24834(-)	70.16
AYEL01056195.1:5631-5876(+)	61.23
AYEL01058518.1:10634-10861(-)	65.09
AYEL01086805.1:18923-19149(-)	65.22
AYEL01068958.1:3771-4016(+)	65.22
AYEL01081224.1:18166-18409(+)	59.90
AYEL01086609.1:2085-2293(+)	63.13
AYEL01068545.1:41520-41734(-)	66.86
AYEL01072429.1:17929-18160(-)	60.62
AYEL01042347.1:41096-41305(+)	60.40
AYEL01049513.1:11071-11302(-)	64.33
AYEL01058756.1:1839-2059(-)	60.66
AYEL01077956.1:115036-115265(-)	69.51
AYEL01088706.1:10669-10867(+)	66.90
AYEL01072744.1:62744-62967(-)	57.89
AYEL01079507.1:9747-9956(+)	68.29
AYEL01087099.1:21808-22033(-)	65.38
AYEL01079161.1:13626-13864(+)	61.06
AYEL01091903.1:25395-25636(-)	60.19
AYEL01046392.1:33513-33782(+)	68.86
AYEL01083556.1:596-835(-)	60.50
AYEL01069722.1:90575-90805(+)	61.86
AYEL01075073.1:82573-82793(-)	63.19
AYEL01083303.1:48135-48389(+)	70.81
AYEL01052874.1:2509-2743(-)	62.03
AYEL01073714.1:59897-60110(+)	61.99
AYEL01086471.1:17503-17736(+)	62.22
AYEL01085112.1:23706-23943(-)	61.50
AYEL01055778.1:13340-13568(+)	58.33
AYEL01080104.1:7555-7786(+)	61.17
AYEL01070960.1:61991-62229(+)	62.80
AYEL01039444.1:24759-24971(-)	66.47
AYEL01085975.1:3475-3704(+)	61.45
AYEL01078199.1:58448-58693(-)	59.73
AYEL01037778.1:30372-30578(+)	68.52
AYEL01079754.1:17186-17416(-)	62.56
AYEL01067344.1:1659-1872(-)	71.89
AYEL01085367.1:30829-31067(-)	62.50
AYEL01071895.1:13843-14061(-)	61.19
AYEL01056675.1:61196-61419(-)	65.94
AYEL01090553.1:71524-71765(-)	64.25
AYEL01087763.1:259-502(+)	69.49
AYEL01081720.1:59192-59413(-)	64.38
AYEL01092361.1:25936-26175(-)	60.38
AYEL01060820.1:7039-7283(+)	61.14
AYEL01054277.1:10571-10803(+)	67.26
AYEL01087564.1:15576-15800(+)	61.32
AYEL01066313.1:5967-6198(+)	65.32
AYEL01091137.1:88883-89119(-)	63.98
AYEL01085922.1:4261-4485(-)	61.64
AYEL01087761.1:1164-1398(-)	67.52
AYEL01076058.1:43429-43636(+)	61.70
AYEL01081292.1:55265-55475(+)	60.80
AYEL01088940.1:7305-7514(+)	68.61
AYEL01056854.1:28488-28703(-)	63.33
AYEL01048311.1:4739-4986(+)	63.98
AYEL01088766.1:58349-58583(+)	61.59
AYEL01071054.1:4765-4976(+)	64.60
AYEL01082451.1:26886-27131(+)	63.47
AYEL01048424.1:20679-20905(+)	63.12
AYEL01086805.1:52477-52721(-)	59.81
AYEL01089458.1:11283-11531(-)	63.94
AYEL01081920.1:7837-8061(-)	64.90
AYEL01077890.1:15052-15290(-)	60.29
AYEL01018927.1:9677-9874(+)	61.41
AYEL01074571.1:16555-16784(+)	66.06
AYEL01076226.1:217872-218114(+)	67.53
AYEL01082784.1:78009-78251(+)	62.73
AYEL01086560.1:2694-2936(-)	63.39
AYEL01086761.1:15048-15288(-)	68.92
AYEL01078800.1:996-1194(-)	65.91
AYEL01031796.1:5086-5307(-)	60.77
AYEL01063383.1:47798-48009(+)	66.92
AYEL01091007.1:33492-33700(+)	63.87
AYEL01067066.1:4855-5101(-)	62.68
AYEL01091759.1:55317-55551(+)	66.21
AYEL01060931.1:33738-33986(-)	64.63
AYEL01074126.1:21281-21522(-)	64.39
AYEL01058965.1:127765-127996(-)	62.26
AYEL01067046.1:13493-13704(-)	62.90
AYEL01079439.1:81237-81466(-)	67.03
AYEL01066346.1:52506-52722(-)	60.98
AYEL01065949.1:5799-6032(-)	65.85
AYEL01081947.1:124242-124463(+)	61.86
AYEL01046041.1:45118-45358(+)	65.56
AYEL01078214.1:2760-2999(-)	68.10
AYEL01055420.1:2536-2748(+)	62.69
AYEL01087260.1:3907-4127(-)	63.49
AYEL01079564.1:21015-21257(+)	61.80
AYEL01088605.1:51126-51328(-)	61.72
AYEL01081093.1:1945-2146(+)	59.52
AYEL01063769.1:33495-33726(+)	61.90
AYEL01088525.1:46602-46852(+)	62.09
AYEL01068155.1:41237-41478(-)	60.98
AYEL01074413.1:40253-40497(+)	67.86
AYEL01058447.1:7647-7890(-)	61.44
AYEL01054830.1:29294-29575(+)	58.02
AYEL01057292.1:8624-8843(-)	64.14
AYEL01083906.1:2307-2513(-)	64.43
AYEL01079544.1:13676-13902(+)	64.14
AYEL01087455.1:19081-19294(-)	65.14
AYEL01070271.1:64232-64465(+)	61.47
AYEL01076066.1:25837-26047(-)	66.01
AYEL01077411.1:15787-15989(+)	70.00
AYEL01064539.1:58226-58446(-)	64.86
AYEL01087862.1:15504-15729(+)	60.00
AYEL01061488.1:85916-86152(+)	61.01
AYEL01091310.1:42648-42911(-)	63.23
AYEL01091647.1:6656-6878(+)	60.61
AYEL01061063.1:36503-36733(-)	67.12
AYEL01087618.1:100153-100421(-)	66.37
AYEL01071179.1:164782-165011(+)	63.59
AYEL01086867.1:1026-1258(+)	62.09
AYEL01075558.1:17732-17943(+)	64.38
AYEL01045567.1:3699-3915(-)	68.29
AYEL01071540.1:48570-48787(-)	66.91
AYEL01008732.1:4849-5058(+)	67.32
AYEL01040585.1:48717-48939(+)	60.84
AYEL01038164.1:10987-11210(-)	67.67
AYEL01084229.1:11666-11892(-)	61.11
AYEL01080307.1:527-749(+)	61.88
AYEL01091076.1:9580-9822(-)	70.44
AYEL01081256.1:886-1123(-)	66.32
AYEL01072337.1:27443-27677(+)	63.13
AYEL01040235.1:23194-23416(-)	59.28
AYEL01081609.1:47120-47320(-)	66.91
AYEL01091277.1:19640-19931(-)	65.75
AYEL01055267.1:13377-13595(+)	65.83
AYEL01091265.1:62300-62538(-)	64.71
AYEL01083580.1:49276-49518(-)	63.83
AYEL01066105.1:42801-43047(+)	62.50
AYEL01074458.1:2646-2847(+)	61.26
AYEL01080118.1:23836-24045(-)	68.99
AYEL01070218.1:35424-35669(-)	68.82
AYEL01072781.1:15604-15820(-)	68.24
AYEL01080625.1:83972-84199(-)	64.81
AYEL01063316.1:31600-31819(-)	63.39
AYEL01075452.1:22565-22811(-)	64.25
AYEL01087061.1:53534-53774(-)	62.09
AYEL01085309.1:37073-37306(+)	59.81
AYEL01069430.1:10670-10912(+)	66.22
AYEL01025955.1:4522-4735(+)	60.00
AYEL01082986.1:10167-10411(+)	67.03
AYEL01076128.1:10911-11146(-)	63.51
AYEL01022647.1:32685-32891(-)	61.45
AYEL01072165.1:9554-9782(-)	66.46
AYEL01072098.1:27281-27508(+)	65.45
AYEL01090138.1:138926-139139(+)	61.11
AYEL01064154.1:4669-4922(+)	68.71
AYEL01091937.1:34623-34829(+)	66.37
AYEL01067948.1:22035-22275(+)	60.29
AYEL01072825.1:74976-75195(+)	63.84
AYEL01086136.1:8266-8511(-)	65.22
AYEL01084545.1:23672-23891(-)	60.77
AYEL01084107.1:84678-84898(+)	68.55
AYEL01091755.1:41812-42020(-)	66.91
AYEL01077317.1:22195-22432(+)	60.10
AYEL01061942.1:6383-6628(+)	62.16
AYEL01074211.1:3201-3433(-)	67.51
AYEL01074600.1:63310-63517(+)	62.07
AYEL01032809.1:23708-23949(-)	67.86
AYEL01083743.1:8712-8940(+)	57.67
AYEL01061456.1:24693-24944(+)	65.03
AYEL01088790.1:633-852(+)	67.31
AYEL01076038.1:27999-28226(-)	61.47
AYEL01080051.1:15643-15874(+)	65.75
AYEL01072007.1:14856-15060(-)	57.06
AYEL01051127.1:22714-22951(-)	67.76
AYEL01051802.1:5948-6173(-)	58.82
AYEL01079186.1:10848-11092(+)	65.22
AYEL01078857.1:4658-4862(-)	66.09
AYEL01066134.1:5370-5611(+)	65.64
AYEL01075388.1:56309-56555(-)	69.27
AYEL01090451.1:55746-55974(-)	65.95
AYEL01064937.1:45097-45304(-)	64.86
AYEL01022374.1:6420-6629(-)	66.84
AYEL01088026.1:7748-7976(+)	58.88
AYEL01063883.1:36267-36477(-)	55.71
AYEL01072173.1:13352-13561(-)	63.09
AYEL01065376.1:21762-21984(-)	62.69
AYEL01091466.1:61397-61628(-)	65.64
AYEL01082313.1:51816-52050(+)	68.28
AYEL01085801.1:12994-13255(+)	61.68
AYEL01082014.1:1811-2045(+)	60.53
AYEL01059342.1:21972-22196(-)	60.00
AYEL01081123.1:47519-47773(+)	61.22
AYEL01046747.1:46649-46861(-)	60.50
AYEL01070999.1:54606-54851(-)	62.80
AYEL01089962.1:35940-36177(-)	63.33
AYEL01057559.1:230-478(-)	64.06
AYEL01061158.1:7902-8112(+)	65.12
AYEL01081720.1:65541-65824(+)	57.07
AYEL01058575.1:70371-70606(-)	62.50
AYEL01086341.1:7344-7589(-)	62.96
AYEL01087825.1:15800-16001(-)	57.38
AYEL01082312.1:40666-40864(-)	58.75
AYEL01068161.1:25674-25882(-)	61.22
AYEL01085599.1:10423-10656(-)	60.71
AYEL01083495.1:22491-22733(-)	66.85
AYEL01070066.1:144477-144726(-)	65.16
AYEL01081845.1:53626-53839(-)	65.91
AYEL01051578.1:38296-38493(+)	64.75
AYEL01085926.1:13403-13647(+)	61.49
AYEL01078397.1:3631-3837(-)	62.37
AYEL01091672.1:24478-24702(+)	72.73
AYEL01079787.1:14800-15017(-)	60.98
AYEL01080892.1:74561-74770(+)	68.38
AYEL01083051.1:14002-14255(+)	59.28
AYEL01073140.1:17954-18199(-)	61.45
AYEL01074071.1:7308-7536(+)	62.62
AYEL01088569.1:29697-29934(+)	61.40
AYEL01076179.1:110441-110662(-)	65.54
AYEL01088369.1:76649-76876(-)	61.32
AYEL01044801.1:24950-25177(-)	62.25
AYEL01058382.1:3980-4216(+)	60.91
AYEL01087479.1:42793-43036(+)	65.43
AYEL01085141.1:30934-31171(-)	60.71
AYEL01024503.1:12285-12525(+)	63.77
AYEL01072491.1:36347-36555(-)	57.95
AYEL01073349.1:18011-18229(+)	61.34
AYEL01061402.1:63322-63560(-)	62.50
AYEL01052735.1:18366-18582(+)	60.57
AYEL01083098.1:40948-41178(+)	63.46
AYEL01090445.1:10268-10493(-)	58.85
AYEL01034478.1:3810-4041(+)	65.07
AYEL01040551.1:3111-3357(+)	61.65
AYEL01078270.1:4912-5109(-)	70.00
AYEL01092391.1:69225-69431(-)	60.15
AYEL01068823.1:12150-12359(-)	62.42
AYEL01082985.1:18865-19101(+)	57.14
AYEL01070692.1:26959-27187(-)	62.20
AYEL01073258.1:12674-12918(+)	59.56
AYEL01067685.1:46219-46439(-)	62.87
AYEL01032843.1:37470-37701(+)	64.00
AYEL01090973.1:13887-14132(+)	66.37
AYEL01084854.1:23571-23778(+)	64.00
AYEL01063521.1:4143-4385(+)	59.75
AYEL01065234.1:17957-18178(+)	61.71
AYEL01059731.1:26127-26353(+)	64.86
AYEL01072135.1:27460-27710(-)	63.78
AYEL01075113.1:28461-28673(-)	61.14
AYEL01089344.1:129416-129614(-)	57.51
AYEL01078265.1:20420-20626(-)	62.77
AYEL01057715.1:12176-12400(-)	65.22
AYEL01087856.1:26466-26710(+)	64.42
AYEL01065259.1:28357-28583(-)	65.10
AYEL01052483.1:78784-79011(+)	61.27
AYEL01078482.1:80754-81002(+)	61.46
AYEL01089482.1:2647-2867(-)	63.69
AYEL01090475.1:30832-31061(-)	63.35
AYEL01065084.1:40823-41068(-)	63.51
AYEL01089063.1:78471-78703(+)	68.15
AYEL01080250.1:53971-54202(-)	64.32
AYEL01077542.1:15988-16253(-)	77.69
AYEL01075030.1:14855-15091(+)	60.00
AYEL01084678.1:83172-83395(-)	63.64
AYEL01088469.1:58550-58776(+)	63.47
AYEL01088818.1:7172-7408(+)	61.54
AYEL01070952.1:22341-22568(-)	65.70
AYEL01082891.1:22726-22923(+)	64.07
AYEL01078182.1:39964-40187(-)	62.50
AYEL01063751.1:50158-50406(+)	73.20
AYEL01072265.1:9956-10187(+)	62.12
AYEL01076179.1:93120-93369(+)	63.11
AYEL01092122.1:8681-8928(-)	66.99
AYEL01090219.1:13418-13649(-)	61.57
AYEL01059838.1:32457-32673(+)	62.75
AYEL01061621.1:18628-18873(+)	64.73
AYEL01068542.1:26657-26895(-)	62.25
AYEL01089197.1:9086-9285(-)	63.48
AYEL01085248.1:12146-12383(+)	61.84
AYEL01083777.1:24362-24602(+)	60.71
AYEL01081848.1:971-1296(-)	64.52
AYEL01058469.1:9325-9570(+)	64.22
AYEL01068484.1:3159-3381(+)	64.84
AYEL01039522.1:3688-3935(-)	58.56
AYEL01086044.1:13012-13239(+)	63.68
AYEL01076538.1:27745-27959(+)	66.46
AYEL01075312.1:6605-6849(+)	65.05
AYEL01067974.1:73734-73981(-)	63.35
AYEL01088359.1:45717-45970(+)	64.59
AYEL01085132.1:33303-33525(+)	60.00
AYEL01087168.1:23921-24128(+)	59.04
AYEL01059443.1:14176-14391(+)	64.38
AYEL01078249.1:106710-106957(+)	58.72
AYEL01048073.1:24027-24256(-)	66.67
AYEL01087478.1:38449-38675(-)	66.46
AYEL01070526.1:11487-11739(+)	65.36
AYEL01072926.1:14808-15051(+)	60.00
AYEL01048737.1:6662-6890(+)	62.56
AYEL01043828.1:10439-10683(+)	60.87
AYEL01086565.1:6110-6349(+)	61.27
AYEL01067897.1:744-953(+)	61.46
AYEL01064089.1:4998-5222(+)	62.50
AYEL01062609.1:17201-17415(+)	60.87
AYEL01084755.1:41674-41896(+)	62.11
AYEL01086260.1:17098-17327(-)	63.46
AYEL01081153.1:66725-66961(+)	69.46
AYEL01081609.1:46704-46926(+)	64.74
AYEL01053426.1:105535-105752(+)	67.08
AYEL01076669.1:48829-49049(+)	59.79
AYEL01082869.1:53817-54046(+)	62.33
AYEL01075159.1:12915-13136(-)	67.94
AYEL01067164.1:17475-17685(-)	66.67
AYEL01039896.1:966-1213(-)	63.33
AYEL01036748.1:4870-5077(-)	56.90
AYEL01058978.1:2753-2980(-)	58.04
AYEL01065084.1:70919-71158(-)	65.58
AYEL01013454.1:31233-31475(-)	60.42
AYEL01084318.1:22344-22573(+)	61.47
AYEL01075415.1:11886-12137(+)	61.84
AYEL01091462.1:14779-15016(+)	62.71
AYEL01057325.1:12995-13224(-)	65.06
AYEL01070898.1:8584-8816(+)	65.43
AYEL01062209.1:23756-23996(+)	61.06
AYEL01026805.1:4718-4954(+)	57.59
AYEL01064428.1:16155-16371(-)	59.79
AYEL01088316.1:15004-15246(-)	60.99
AYEL01034558.1:8600-8842(-)	67.44
AYEL01077473.1:41912-42159(+)	62.86
AYEL01078326.1:1965-2174(+)	57.28
AYEL01080881.1:22076-22294(-)	69.18
AYEL01091555.1:2020-2237(+)	63.13
AYEL01075168.1:70080-70322(+)	64.29
AYEL01069303.1:49373-49603(-)	64.86
AYEL01077300.1:3409-3654(-)	59.43
AYEL01087609.1:33583-33826(+)	61.20
AYEL01020080.1:5105-5336(-)	62.57
AYEL01054214.1:13961-14204(-)	69.59
AYEL01057591.1:2766-3004(-)	59.23
AYEL01084261.1:40521-40750(-)	64.34
AYEL01066886.1:34774-34984(+)	65.44
AYEL01091141.1:32229-32450(-)	62.84
AYEL01069100.1:21252-21468(-)	61.94
AYEL01083142.1:1848-2064(+)	63.54
AYEL01083633.1:243428-243636(-)	57.54
AYEL01068151.1:35408-35637(-)	59.70
AYEL01089456.1:18182-18388(+)	64.58
AYEL01090574.1:30701-30926(-)	61.34
AYEL01087900.1:53255-53493(-)	56.96
AYEL01078563.1:25236-25434(+)	66.41
AYEL01054124.1:24691-24935(+)	59.33
AYEL01087579.1:3436-3670(+)	66.51
AYEL01070385.1:40580-40815(+)	63.83
AYEL01088650.1:71097-71294(+)	67.24
AYEL01068574.1:27201-27444(+)	69.70
AYEL01076310.1:19055-19274(+)	59.51
AYEL01036024.1:55365-55589(+)	61.62
AYEL01078814.1:60-294(-)	62.68
AYEL01062859.1:8274-8493(+)	61.59
AYEL01080095.1:30147-30366(+)	63.64
AYEL01091820.1:14662-14865(+)	61.78
AYEL01058978.1:8063-8270(+)	64.46
AYEL01065927.1:7830-8056(+)	65.75
AYEL01082988.1:38953-39191(+)	61.31
AYEL01052381.1:4772-5007(+)	62.56
AYEL01064703.1:17712-17927(+)	59.79
AYEL01066791.1:9182-9409(+)	61.15
AYEL01060315.1:18739-18978(+)	58.80
AYEL01086131.1:20410-20637(-)	61.93
AYEL01069652.1:17681-17912(+)	63.81
AYEL01038903.1:19674-19903(-)	58.03
AYEL01038486.1:11548-11758(-)	58.33
AYEL01091145.1:11662-11896(+)	60.31
AYEL01076223.1:11073-11276(-)	62.12
AYEL01070867.1:221-443(+)	59.81
AYEL01042011.1:10966-11216(+)	64.39
AYEL01055131.1:355-605(+)	65.55
AYEL01058679.1:36913-37117(-)	58.70
AYEL01071737.1:13063-13311(-)	65.07
AYEL01031252.1:2051-2278(+)	64.42
AYEL01087021.1:8864-9085(-)	65.54
AYEL01087432.1:131240-131483(+)	58.41
AYEL01067533.1:7023-7285(-)	65.58
AYEL01090903.1:30551-30768(+)	63.81
AYEL01049044.1:4098-4340(-)	62.84
AYEL01046656.1:13574-13772(-)	66.91
AYEL01035233.1:37239-37471(-)	58.69
AYEL01086431.1:34284-34495(-)	61.40
AYEL01070742.1:27675-27903(+)	60.61
AYEL01057417.1:4458-4687(+)	63.68
AYEL01071246.1:452-684(+)	76.12
AYEL01077774.1:8433-8669(-)	64.77
AYEL01091094.1:7677-7893(+)	63.55
AYEL01072827.1:358-561(-)	61.03
AYEL01086058.1:35572-35799(-)	63.73
AYEL01049021.1:12478-12723(+)	60.84
AYEL01051077.1:33211-33437(+)	67.02
AYEL01070204.1:17522-17762(+)	60.58
AYEL01080676.1:7740-7944(-)	58.93
AYEL01089941.1:29570-29798(-)	62.69
AYEL01027843.1:14415-14629(-)	72.73
AYEL01027567.1:443-655(-)	64.53
AYEL01072785.1:29751-29958(+)	63.74
AYEL01077283.1:49508-49733(+)	61.50
AYEL01079716.1:51031-51251(-)	64.34
AYEL01092042.1:276-494(+)	61.58
AYEL01082124.1:14022-14249(+)	58.94
AYEL01050405.1:10466-10680(+)	62.26
AYEL01056776.1:39694-39900(+)	61.73
AYEL01089453.1:69516-69748(-)	59.29
AYEL01077329.1:4585-4802(+)	62.25
AYEL01079699.1:9799-10036(+)	62.35
AYEL01080844.1:112452-112675(-)	63.86
AYEL01092325.1:374-714(+)	60.87
AYEL01089981.1:67145-67396(-)	70.30
AYEL01065872.1:31321-31555(-)	60.71
AYEL01064134.1:95414-95668(+)	65.85
AYEL01089528.1:59084-59316(+)	58.37
AYEL01085102.1:12423-12638(-)	58.82
AYEL01078923.1:29657-29878(-)	60.67
AYEL01038992.1:80329-80551(+)	63.55
AYEL01047901.1:9222-9442(-)	59.01
AYEL01067115.1:2605-2835(-)	63.41
AYEL01076603.1:20836-21039(+)	64.20
AYEL01055374.1:2419-2660(+)	66.87
AYEL01080159.1:64591-64841(-)	63.01
AYEL01082986.1:60586-60823(-)	61.87
AYEL01078916.1:136602-136846(-)	58.06
AYEL01051596.1:68470-68676(-)	60.43
AYEL01084434.1:6005-6259(+)	61.86
AYEL01052624.1:56461-56690(+)	62.05
AYEL01075946.1:89066-89267(-)	58.79
AYEL01035726.1:11008-11218(-)	61.54
AYEL01070516.1:89296-89501(+)	64.00
AYEL01080688.1:6639-6849(-)	64.24
AYEL01047611.1:8922-9141(+)	64.36
AYEL01084398.1:22692-22919(-)	65.66
AYEL01081744.1:307-556(+)	70.07
AYEL01048076.1:5949-6189(-)	63.69
AYEL01080394.1:109725-110007(-)	63.24
AYEL01078848.1:11452-11666(-)	65.22
AYEL01090769.1:17528-17771(+)	61.64
AYEL01067293.1:47533-47767(+)	62.68
AYEL01052480.1:40438-40681(-)	66.88
AYEL01067380.1:36238-36498(+)	65.45
AYEL01037262.1:1278-1484(-)	64.24
AYEL01069424.1:8053-8304(+)	66.06
AYEL01060277.1:10242-10478(-)	62.67
AYEL01038381.1:20561-20777(-)	65.38
AYEL01078731.1:26077-26309(+)	62.20
AYEL01065924.1:42203-42431(-)	60.19
AYEL01014892.1:31442-31660(+)	63.64
AYEL01079459.1:36502-36738(+)	61.11
AYEL01080697.1:19297-19548(-)	62.50
AYEL01019410.1:22130-22363(-)	67.05
AYEL01083632.1:12228-12455(-)	65.05
AYEL01076213.1:6719-6967(+)	61.47
AYEL01083644.1:12115-12354(-)	64.85
AYEL01078749.1:11969-12217(+)	67.07
AYEL01069804.1:84582-84805(-)	62.34
AYEL01074782.1:1489-1703(-)	61.22
AYEL01082105.1:10616-10847(-)	69.72
AYEL01091369.1:24639-24840(-)	59.32
AYEL01072770.1:1038-1277(+)	66.46
AYEL01086364.1:75653-75881(-)	62.20
AYEL01049599.1:8688-8899(+)	62.96
AYEL01066795.1:2169-2411(-)	59.91
AYEL01072891.1:10852-11094(+)	60.93
AYEL01066842.1:81525-81860(+)	62.58
AYEL01076706.1:54563-54813(-)	58.65
AYEL01087777.1:44472-44718(+)	63.11
AYEL01057069.1:57157-57357(+)	57.92
AYEL01078406.1:9320-9543(+)	66.67
AYEL01068675.1:12154-12370(-)	67.94
AYEL01066188.1:26913-27161(+)	61.86
AYEL01070946.1:3506-3708(+)	63.16
AYEL01081789.1:39633-39848(-)	64.43
AYEL01074411.1:10350-10594(-)	65.37
AYEL01089862.1:421-631(-)	59.78
AYEL01084656.1:42623-42865(-)	63.24
AYEL01082825.1:5630-5865(+)	59.35
AYEL01051212.1:13564-13791(-)	68.99
