AYEL01077794.1:23613-23735(+)	77.05
AYEL01073028.1:3383-3845(+,-)	64.30
AYEL01062107.1:24299-24474(-)	77.08
AYEL01063174.1:92052-92172(+)	72.50
AYEL01087168.1:54295-54417(-)	73.77
AYEL01088039.1:130554-130680(-)	79.49
AYEL01061995.1:750-871(-)	78.51
AYEL01083617.1:65553-65669(+)	75.86
AYEL01062200.1:97439-97558(+)	75.63
AYEL01086696.1:11504-11631(+)	70.73
AYEL01071116.1:4380-4501(+)	71.07
AYEL01075312.1:93306-93432(-)	74.59
AYEL01066127.1:64389-64515(+)	74.38
AYEL01059633.1:5412-5538(+)	76.86
AYEL01091774.1:10899-11024(+)	76.70
AYEL01075703.1:8856-8975(-)	70.59
AYEL01071115.1:30666-30786(-)	71.67
AYEL01087771.1:17639-17761(-)	71.31
AYEL01070344.1:27477-27588(-)	68.47
AYEL01086322.1:49815-49924(+)	74.16
AYEL01018957.1:36453-36567(+)	71.56
AYEL01086030.1:110709-110845(+)	74.19
AYEL01037343.1:2953-3112(-)	78.57
AYEL01027728.1:4729-4850(+)	71.90
AYEL01077348.1:12310-12436(+)	75.41
AYEL01084373.1:10071-10192(-)	72.73
AYEL01082488.1:57353-57506(+)	70.37
AYEL01038840.1:8048-8165(+)	72.81
AYEL01057624.1:68627-68751(+)	77.24
AYEL01023222.1:644-764(-)	65.85
AYEL01049852.1:3385-3503(+)	72.88
AYEL01072843.1:28197-28622(+,-)	62.91
AYEL01067387.1:7932-8055(+)	68.29
AYEL01080382.1:40304-40423(-)	79.61
AYEL01071867.1:6139-6252(+)	74.34
AYEL01042709.1:564-675(+)	77.55
AYEL01091062.1:55264-55387(-)	73.17
AYEL01069632.1:9585-9740(-)	81.82
AYEL01074937.1:17224-17351(+)	71.31
AYEL01082156.1:23174-23297(+)	72.36
AYEL01056595.1:10678-10798(+)	66.67
AYEL01065245.1:3792-3947(-)	76.77
AYEL01073516.1:20423-20528(+)	64.36
AYEL01045116.1:6795-6903(+)	70.37
AYEL01091310.1:11632-11753(+)	75.21
AYEL01090331.1:20066-20189(-)	74.59
AYEL01074335.1:46950-47078(+)	76.42
AYEL01087328.1:81278-81407(-)	80.18
AYEL01059759.1:24480-24596(-)	65.52
AYEL01091830.1:53267-53389(+)	74.59
AYEL01084263.1:36029-36139(+)	67.27
AYEL01091754.1:20721-20848(+)	76.86
AYEL01037298.1:75495-75624(+)	74.80
AYEL01078128.1:12602-12724(-)	72.95
AYEL01081459.1:34077-34197(+)	74.17
AYEL01061133.1:18395-18517(-)	72.95
AYEL01061901.1:1510-1627(+)	75.65
AYEL01076428.1:15523-15644(+)	71.07
AYEL01034367.1:40117-40243(+)	73.77
AYEL01080570.1:12792-12914(+)	76.23
AYEL01051122.1:16121-16240(+)	76.47
AYEL01075747.1:18696-18810(-)	66.67
AYEL01077151.1:12875-12982(-)	63.73
AYEL01090972.1:186805-186914(+)	75.00
AYEL01052845.1:15679-15810(-)	74.59
AYEL01063253.1:9446-9568(-)	73.77
AYEL01075539.1:22396-22519(-)	76.42
AYEL01087238.1:13342-13467(-)	70.43
AYEL01074586.1:15554-15671(+)	78.76
AYEL01079212.1:20449-20576(-)	78.86
AYEL01086434.1:48747-48848(+)	81.71
AYEL01082467.1:23230-23357(-)	73.77
AYEL01058479.1:468-591(+)	74.58
AYEL01012566.1:61324-61451(-)	73.98
AYEL01054587.1:3289-3680(+,-)	64.96
AYEL01085209.1:20143-20266(-)	70.73
AYEL01067271.1:27133-27255(-)	74.59
AYEL01078474.1:6806-6929(+)	78.05
AYEL01065864.1:2502-2625(-)	76.42
AYEL01066805.1:59813-60219(+,-)	64.59
AYEL01081714.1:50236-50364(-)	66.39
AYEL01046937.1:6273-6400(+)	72.95
AYEL01051557.1:52423-52540(-)	73.50
AYEL01091910.1:38037-38164(+)	74.80
AYEL01046376.1:2773-2896(+)	71.54
AYEL01032058.1:45819-45942(+)	74.80
AYEL01081988.1:15127-15250(+)	74.80
AYEL01084451.1:21939-22063(-)	81.05
AYEL01064171.1:3040-3166(+)	83.33
AYEL01084943.1:25054-25181(-)	75.41
AYEL01050812.1:10294-10417(+)	73.17
AYEL01085019.1:1147-1274(-)	79.51
AYEL01089100.1:61856-61978(+)	74.59
AYEL01074287.1:840-963(+)	76.42
AYEL01079797.1:25366-25489(-)	72.36
AYEL01080895.1:39520-39641(-)	74.38
AYEL01091167.1:31540-31714(-)	81.82
AYEL01053794.1:19237-19353(-)	72.41
AYEL01085711.1:37850-37972(+)	76.92
AYEL01058677.1:25721-25831(+)	79.44
AYEL01047202.1:33919-34039(-)	74.17
AYEL01051111.1:8426-8558(+)	77.05
AYEL01089888.1:14408-14529(+)	75.83
AYEL01087905.1:66514-66633(-)	74.79
AYEL01050450.1:5544-5667(-)	73.98
AYEL01032567.1:1731-2159(+,-)	66.49
AYEL01085942.1:102982-103109(-)	70.97
AYEL01047949.1:21640-21759(+)	71.43
AYEL01069442.1:2643-2771(+)	71.54
AYEL01037166.1:65479-65607(-)	75.61
AYEL01073132.1:1720-1849(+)	74.59
AYEL01071560.1:19962-20085(+)	73.55
AYEL01080960.1:46588-46716(+)	75.61
AYEL01085822.1:60402-60507(-)	76.70
AYEL01083625.1:6672-6796(-)	72.36
AYEL01045938.1:192-313(-)	74.38
AYEL01075977.1:37758-37884(-)	70.25
AYEL01075511.1:12711-12815(+)	71.91
AYEL01069562.1:18733-18858(+)	71.67
AYEL01049449.1:3378-3476(-)	76.29
AYEL01058684.1:15723-15851(+)	73.98
AYEL01087778.1:4259-4377(+)	72.88
AYEL01081816.1:17021-17143(+)	72.95
AYEL01080306.1:3157-3279(-)	76.27
AYEL01085510.1:54276-54403(+)	77.05
AYEL01088798.1:27191-27318(+)	78.69
AYEL01065392.1:7269-7388(-)	77.12
AYEL01056924.1:21131-21232(+)	82.69
AYEL01057624.1:10908-11035(-)	68.29
AYEL01041733.1:214-335(-)	72.50
AYEL01078135.1:6278-6405(-)	73.17
AYEL01079149.1:23535-23658(+)	76.42
AYEL01063483.1:17878-18005(+)	72.13
AYEL01055631.1:9199-9321(+)	69.67
AYEL01043402.1:26726-26853(+)	73.98
AYEL01085242.1:66469-66592(-)	74.59
AYEL01079741.1:45280-45402(+)	70.59
AYEL01085890.1:21213-21326(+)	72.57
AYEL01041564.1:14496-14611(-)	71.30
AYEL01061987.1:67689-67808(-)	78.76
AYEL01029713.1:29272-29388(+)	75.65
AYEL01083625.1:35048-35169(+)	71.93
AYEL01066923.1:7205-7331(-)	75.21
AYEL01070901.1:59558-59678(-)	73.33
AYEL01059182.1:49886-50009(-)	69.92
AYEL01083105.1:20302-20424(-)	72.95
AYEL01091284.1:28188-28311(+)	75.41
AYEL01071785.1:11461-11582(-)	78.51
AYEL01083763.1:2411-2813(+,-)	66.67
AYEL01071724.1:17119-17227(+)	68.57
AYEL01057321.1:4783-4902(-)	74.51
AYEL01067731.1:35398-35521(+)	77.12
AYEL01071006.1:55262-55387(-)	76.64
AYEL01070047.1:2754-2873(+)	75.63
AYEL01083839.1:13008-13128(-)	77.50
AYEL01022645.1:14075-14185(-)	65.85
AYEL01086866.1:39057-39171(-)	76.09
AYEL01056689.1:28188-28313(-)	73.33
AYEL01078729.1:23596-23723(-)	73.77
AYEL01063370.1:5835-5962(-)	74.59
AYEL01027542.1:26-147(-)	75.21
AYEL01064110.1:63035-63156(+)	76.03
AYEL01043670.1:12232-12355(+)	74.80
AYEL01083704.1:26926-27041(-)	67.07
AYEL01080393.1:80395-80522(+)	77.05
AYEL01085429.1:61501-61629(+)	75.61
AYEL01031826.1:6813-6930(-)	71.43
AYEL01058983.1:62476-62603(+)	74.80
AYEL01067020.1:16843-16966(-)	72.36
AYEL01081467.1:8555-8663(-)	71.84
AYEL01035582.1:24724-24840(-)	78.79
AYEL01065634.1:1528-1657(+)	77.24
AYEL01084279.1:34984-35111(+)	77.87
AYEL01087791.1:5606-6024(+,-)	62.76
AYEL01085351.1:42088-42211(+)	75.61
AYEL01089377.1:9200-9311(-)	75.68
AYEL01081286.1:35016-35139(-)	72.13
AYEL01066364.1:4031-4152(-)	76.03
AYEL01085822.1:33539-33665(-)	78.05
AYEL01072488.1:1418-1532(+)	66.67
AYEL01062934.1:12076-12199(+)	75.61
AYEL01066781.1:16026-16149(+)	75.61
AYEL01062530.1:16923-17042(+)	66.25
AYEL01067968.1:80955-81087(+)	75.26
AYEL01067020.1:19693-19815(-)	75.21
AYEL01086030.1:110572-110674(+)	79.38
AYEL01079439.1:10101-10223(-)	76.86
AYEL01074601.1:24463-24590(+)	72.36
AYEL01086912.1:28456-28576(-)	75.00
AYEL01057694.1:31101-31216(-)	74.55
AYEL01083542.1:39194-39456(+,-)	72.36
AYEL01063789.1:22935-23058(+)	72.36
AYEL01082663.1:13493-13616(+)	73.98
AYEL01064019.1:13309-13432(-)	78.00
AYEL01086202.1:5122-5248(+)	77.39
AYEL01074778.1:39443-39556(-)	77.78
AYEL01076375.1:29174-29293(+)	73.95
AYEL01086789.1:13771-13893(-)	77.05
AYEL01079459.1:109885-110002(+)	78.38
AYEL01072017.1:10394-10518(+)	72.41
AYEL01068313.1:30727-30876(-)	78.57
AYEL01072036.1:54235-54366(+)	75.41
AYEL01034340.1:17486-17608(+)	72.95
AYEL01060773.1:3741-3865(+)	73.17
AYEL01057558.1:1936-2049(+)	73.17
AYEL01084655.1:17800-17915(+)	72.38
AYEL01067731.1:18650-18771(-)	71.90
AYEL01069968.1:10585-10708(-)	72.36
AYEL01089052.1:11472-11600(-)	75.41
AYEL01087414.1:33301-33424(-)	73.77
AYEL01048729.1:17811-17935(+)	78.15
AYEL01090903.1:8314-8440(+)	74.38
AYEL01053904.1:3433-3547(-)	66.67
AYEL01080948.1:29296-29421(+)	75.21
AYEL01075005.1:28185-28313(-)	71.54
AYEL01080564.1:7798-7919(-)	79.59
AYEL01082840.1:19360-19477(-)	72.65
AYEL01036748.1:84461-84578(-)	77.67
AYEL01075104.1:37871-37993(+)	71.31
AYEL01019841.1:2484-2606(-)	75.21
AYEL01068228.1:67192-67309(-)	75.21
AYEL01080123.1:19189-19617(+,-)	67.04
AYEL01048701.1:9979-10096(+)	66.67
AYEL01060583.1:158-552(+,-)	63.95
AYEL01089466.1:88035-88145(+)	70.91
AYEL01077522.1:21294-21411(+)	83.81
AYEL01084115.1:35664-35779(-)	71.30
AYEL01086446.1:27783-27961(-)	76.85
AYEL01090750.1:9087-9210(+)	74.59
AYEL01075907.1:11611-11733(-)	73.77
AYEL01074965.1:1383-1501(-)	75.42
AYEL01046937.1:8643-8770(+)	72.95
AYEL01054429.1:5765-5889(-)	78.81
AYEL01056281.1:23119-23237(-)	79.61
AYEL01089155.1:13576-13690(-)	73.68
AYEL01076410.1:43612-43737(+)	73.98
AYEL01062350.1:16076-16197(+)	74.38
AYEL01087672.1:18166-18291(+)	77.57
AYEL01070980.1:1052-1171(-)	73.95
AYEL01088560.1:27953-28076(+)	84.54
AYEL01019891.1:7890-8009(-)	79.25
AYEL01030952.1:14170-14297(+)	79.51
AYEL01079661.1:7288-7472(+)	81.11
AYEL01090825.1:14165-14588(+,-)	65.60
AYEL01057328.1:1942-2069(-)	72.95
AYEL01088549.1:734-857(+)	71.30
AYEL01087870.1:53072-53183(+)	75.68
AYEL01039437.1:48815-48916(+)	72.28
AYEL01054427.1:10881-11000(+)	76.04
AYEL01091285.1:34480-34584(+)	80.20
AYEL01072053.1:9325-9450(+)	71.31
AYEL01092376.1:63631-63748(-)	73.50
AYEL01077222.1:3284-3414(+)	76.42
AYEL01014127.1:360-481(+)	73.55
AYEL01011833.1:16-134(-)	78.81
AYEL01081018.1:1680-2053(+,-)	65.36
AYEL01089097.1:5012-5131(-)	70.27
AYEL01081957.1:6596-6699(-)	78.41
AYEL01053426.1:18803-18922(-)	73.86
AYEL01091392.1:7402-7632(+,-)	78.85
AYEL01069995.1:48822-48944(+)	76.23
AYEL01077512.1:40360-40481(+)	72.73
AYEL01061922.1:16812-16939(-)	76.23
AYEL01064053.1:77728-77850(-)	76.86
AYEL01091792.1:690-813(-)	73.98
AYEL01090162.1:48712-48838(+)	74.59
AYEL01081939.1:4003-4127(-)	73.17
AYEL01085161.1:65481-65609(+)	72.36
AYEL01030502.1:464-579(-)	65.85
AYEL01038674.1:103-227(-)	76.47
AYEL01033176.1:37006-37134(+)	69.92
AYEL01029663.1:109-234(+)	76.86
AYEL01038037.1:20147-20270(+)	76.92
AYEL01081591.1:11238-11365(+)	76.86
AYEL01077348.1:12166-12281(+)	78.90
AYEL01071102.1:161361-161481(-)	74.17
AYEL01090582.1:3486-3609(-)	77.24
AYEL01085276.1:10575-10695(-)	70.00
AYEL01086028.1:41019-41141(-)	72.95
AYEL01063162.1:43994-44115(-)	71.90
AYEL01071408.1:40748-40870(-)	75.21
AYEL01059105.1:22593-22716(-)	75.61
AYEL01057640.1:2233-2346(-)	68.75
AYEL01013598.1:12114-12233(+)	76.47
AYEL01082252.1:50381-50772(+,-)	64.96
AYEL01038990.1:14181-14570(+,-)	64.96
AYEL01056277.1:16725-16853(+)	77.05
AYEL01088527.1:36648-37058(+,-)	73.20
AYEL01084003.1:100124-100252(-)	73.98
AYEL01082366.1:3467-3860(+,-)	66.48
AYEL01084222.1:73032-73152(-)	72.03
AYEL01092383.1:113506-113629(+)	72.95
AYEL01074923.1:28990-29113(-)	76.23
AYEL01086225.1:34834-35236(+,-)	64.90
AYEL01007439.1:5913-6041(-)	72.73
AYEL01084518.1:13209-13315(+)	71.70
AYEL01020550.1:1979-2107(+)	72.95
AYEL01049928.1:105400-105560(-)	83.67
AYEL01066328.1:148933-149055(+)	72.13
AYEL01054952.1:57766-57893(-)	73.98
AYEL01077405.1:11490-11617(-)	76.23
AYEL01061385.1:25796-25923(-)	77.87
AYEL01079035.1:32045-32169(-)	78.86
AYEL01085394.1:16235-16361(+)	69.42
AYEL01089662.1:6706-6828(-)	73.33
AYEL01075522.1:25177-25286(+)	74.31
AYEL01082150.1:8962-9084(+)	73.77
AYEL01063730.1:42294-42417(+)	72.36
AYEL01052555.1:20488-20616(+)	77.24
AYEL01087418.1:39793-39905(+)	72.32
AYEL01078176.1:10280-10403(-)	74.58
AYEL01082317.1:6673-6794(+)	81.37
AYEL01066870.1:8158-8280(-)	74.59
AYEL01081348.1:6581-6704(-)	73.17
AYEL01025952.1:9265-9390(+)	77.87
AYEL01068920.1:8267-8687(+,-)	63.71
AYEL01090537.1:40809-40912(-)	75.95
AYEL01082917.1:4337-4464(+)	72.95
AYEL01061756.1:4295-4418(-)	72.36
AYEL01066352.1:6912-7034(+)	77.05
AYEL01074072.1:1432-1554(-)	72.95
AYEL01078573.1:11105-11216(+)	70.27
AYEL01072482.1:67691-67814(+)	73.77
AYEL01089827.1:19793-19913(+)	75.83
AYEL01069057.1:18796-19176(+,-)	68.73
AYEL01037703.1:432-555(+)	72.36
AYEL01037260.1:1081-1502(+,-)	65.16
AYEL01027846.1:9491-9902(+,-)	70.65
AYEL01048735.1:6113-6540(+,-)	65.33
AYEL01067421.1:9205-9324(-)	76.47
AYEL01076182.1:6760-6861(+)	73.75
AYEL01077405.1:62723-62840(-)	73.28
AYEL01079163.1:34139-34275(+)	68.60
AYEL01089576.1:48143-48268(+)	72.36
AYEL01074429.1:21150-21272(-)	77.05
AYEL01029557.1:19398-19514(+)	73.28
AYEL01068594.1:15375-15496(+)	70.83
AYEL01070693.1:17684-17859(-)	76.15
AYEL01074629.1:35584-35695(-)	79.35
AYEL01067685.1:16681-16800(-)	75.63
AYEL01066766.1:37252-37376(+)	73.17
AYEL01034912.1:8012-8135(+)	74.80
AYEL01070535.1:39959-40082(-)	77.24
AYEL01075748.1:49705-49829(+)	73.11
AYEL01032461.1:148-261(+)	75.51
AYEL01085702.1:23726-23859(+)	77.06
AYEL01087993.1:35958-36080(-)	75.41
AYEL01048770.1:361-465(-)	75.96
AYEL01077367.1:3342-3468(+)	73.55
AYEL01075644.1:53250-53377(+)	75.41
AYEL01005032.1:888-1007(-)	75.63
AYEL01043971.1:10266-10393(+)	77.05
AYEL01056451.1:22293-22416(+)	73.17
AYEL01077696.1:7870-7976(-)	73.53
AYEL01076901.1:114955-115076(+)	72.03
AYEL01090106.1:9106-9233(-)	73.17
AYEL01080065.1:50294-50417(-)	77.24
AYEL01060576.1:15807-15981(-)	72.73
AYEL01066768.1:4223-4352(-)	71.54
AYEL01088813.1:109748-109867(-)	70.59
AYEL01076587.1:2779-2906(+)	74.55
AYEL01090594.1:4842-5569(+,-)	58.93
AYEL01077405.1:43118-43639(+,-)	61.69
AYEL01053419.1:13377-13789(+,-)	65.72
AYEL01060240.1:27912-28036(+)	68.29
AYEL01069073.1:4877-5004(+)	70.73
AYEL01052622.1:17318-17446(+)	73.98
AYEL01091353.1:7077-7232(-)	77.78
AYEL01025904.1:18426-18549(-)	74.59
AYEL01069230.1:1599-1722(+)	76.42
AYEL01074078.1:3619-3749(+)	68.63
AYEL01077726.1:10248-10375(+)	71.31
AYEL01044262.1:69256-69659(+,-)	64.49
AYEL01081738.1:85633-85748(+)	67.07
AYEL01052467.1:17605-17726(-)	69.42
AYEL01026806.1:42856-42988(+)	81.55
AYEL01079537.1:31061-31183(-)	77.69
AYEL01086307.1:139729-139850(-)	79.17
AYEL01090207.1:15228-15341(+)	75.22
AYEL01058257.1:36566-36687(-)	73.73
AYEL01081354.1:7260-7366(-)	73.44
AYEL01058688.1:1038-1158(-)	74.17
AYEL01057694.1:48452-48576(-)	73.98
AYEL01065158.1:18167-18282(-)	79.41
AYEL01090066.1:5904-6324(+,-)	66.24
AYEL01086065.1:18386-18512(-)	74.79
AYEL01064655.1:50122-50278(-)	83.16
AYEL01062761.1:14779-14902(-)	76.42
AYEL01067248.1:97427-97830(+,-)	65.86
AYEL01074937.1:21292-21410(-)	73.50
AYEL01087584.1:29532-29660(-)	74.80
AYEL01084605.1:57824-57952(+)	74.80
AYEL01082269.1:2156-2280(+)	76.42
AYEL01088141.1:40139-40258(+)	72.88
AYEL01065517.1:22380-22507(-)	72.95
AYEL01054298.1:76498-76626(+)	71.54
AYEL01068453.1:111307-111431(+)	73.17
AYEL01049249.1:1126-1250(+)	72.88
AYEL01074695.1:14436-14550(-)	77.88
AYEL01076160.1:71774-71897(-)	73.98
AYEL01067895.1:42706-42833(+)	75.21
AYEL01090896.1:12291-12406(+)	72.64
AYEL01067187.1:20899-21026(-)	76.03
AYEL01076926.1:6733-6860(-)	75.41
AYEL01087176.1:115027-115148(-)	73.95
AYEL01085287.1:15980-16106(-)	78.51
AYEL01083583.1:73102-73225(-)	73.17
AYEL01086468.1:19916-20043(-)	72.95
AYEL01015940.1:68914-69041(-)	76.23
AYEL01074275.1:8395-8518(-)	73.98
AYEL01085016.1:66256-66384(-)	74.59
AYEL01056156.1:21045-21166(+)	71.19
AYEL01074132.1:48978-49099(-)	76.03
AYEL01077108.1:52840-52963(+)	73.98
AYEL01065794.1:4925-5048(+)	73.98
AYEL01072752.1:55362-55521(-)	80.61
AYEL01088438.1:3860-3982(-)	76.23
AYEL01082252.1:66666-67078(+,-)	63.39
AYEL01066033.1:3257-3688(+,-)	65.95
AYEL01040488.1:2273-2414(+)	80.90
AYEL01078204.1:18682-18805(+)	76.42
AYEL01079065.1:39487-39599(-)	62.96
AYEL01083646.1:5359-5486(+)	72.95
AYEL01068000.1:24575-24698(+)	80.17
AYEL01005855.1:46-165(-)	72.41
AYEL01078524.1:23113-23241(+)	73.98
AYEL01072497.1:42786-42914(+)	77.05
AYEL01077209.1:11659-12093(+,-)	64.03
AYEL01065598.1:1426-1816(+,-)	63.81
AYEL01057868.1:418-536(-)	73.04
AYEL01082586.1:29305-29430(-)	75.61
AYEL01075912.1:5677-6034(+,-)	75.61
AYEL01068267.1:7905-8298(+,-)	64.99
AYEL01049149.1:7422-7820(+,-)	66.04
AYEL01078332.1:24021-24142(+)	66.94
AYEL01055992.1:32838-32966(+)	75.45
AYEL01040827.1:8598-8721(-)	73.98
AYEL01085752.1:12710-12833(-)	76.42
AYEL01091882.1:95390-95510(-)	65.85
AYEL01091683.1:1685-1808(+)	77.24
AYEL01061373.1:9885-9999(+)	78.95
AYEL01079886.1:26778-26901(+)	71.54
AYEL01077298.1:77594-77720(-)	75.41
AYEL01083222.1:5604-5724(-)	75.83
AYEL01069534.1:4052-4456(+,-)	63.41
AYEL01021789.1:9283-9406(+)	74.80
AYEL01061096.1:1825-1963(+)	77.38
AYEL01088684.1:25743-25866(+)	72.36
AYEL01065525.1:23540-23662(-)	77.05
AYEL01057721.1:5222-5372(-)	76.60
AYEL01051223.1:14887-15004(-)	70.94
AYEL01054427.1:15957-16079(+)	71.31
AYEL01083801.1:54409-54531(-)	75.41
AYEL01091529.1:53003-53112(-)	67.37
AYEL01074116.1:32085-32257(-)	71.43
AYEL01091405.1:8932-9058(+)	76.70
AYEL01091284.1:12526-12644(+)	74.29
AYEL01049126.1:8903-9029(+)	75.83
AYEL01075073.1:91489-91612(+)	78.05
AYEL01057628.1:19832-19933(+)	67.02
AYEL01079377.1:17993-18114(-)	72.41
AYEL01072336.1:1281-1396(-)	70.80
AYEL01085765.1:35797-35917(-)	67.89
AYEL01059722.1:29042-29165(+)	70.73
AYEL01088556.1:4737-4860(+)	76.07
AYEL01070249.1:7180-7302(+)	72.95
AYEL01088711.1:40274-40397(+)	76.42
AYEL01066060.1:11992-12115(-)	71.54
AYEL01069562.1:37522-37642(+)	78.33
AYEL01015912.1:1983-2111(-)	72.36
AYEL01080021.1:71536-71653(+)	75.96
AYEL01091269.1:6571-6686(+)	74.78
AYEL01086979.1:61341-61468(+)	73.77
AYEL01030513.1:94-221(+)	76.23
AYEL01075672.1:15421-15859(+,-)	66.10
AYEL01064723.1:58178-58296(+)	76.58
AYEL01086596.1:9645-9767(+)	77.05
AYEL01070390.1:26533-26660(-)	76.23
AYEL01091148.1:26077-26204(+)	74.80
AYEL01010783.1:5110-5233(-)	73.98
AYEL01086781.1:25640-25761(+)	70.59
AYEL01078615.1:49907-50034(-)	73.77
AYEL01078573.1:10986-11104(+)	71.19
AYEL01089532.1:7957-8074(+)	71.79
AYEL01089996.1:4388-4511(+)	73.77
AYEL01078039.1:26331-26449(+)	64.04
AYEL01044262.1:100712-100836(-)	72.27
AYEL01082614.1:16315-16442(-)	75.41
AYEL01080462.1:30229-30352(+)	69.92
AYEL01074263.1:18094-18271(-)	79.51
AYEL01091922.1:30846-30972(-)	74.59
AYEL01026498.1:33069-33189(-)	76.92
AYEL01076140.1:20098-20217(-)	78.81
AYEL01079860.1:7900-8015(+)	67.07
AYEL01089541.1:4098-4221(+)	73.17
AYEL01087153.1:14544-14668(-)	74.80
AYEL01074755.1:12829-12952(-)	76.42
AYEL01089574.1:27534-27657(+)	77.55
AYEL01090988.1:18921-19043(-)	74.59
AYEL01089608.1:11080-11203(+)	76.23
AYEL01070227.1:13877-14005(-)	73.95
AYEL01084409.1:101882-102010(+)	74.80
AYEL01082468.1:953-1076(-)	73.98
AYEL01059116.1:14697-14817(-)	68.67
AYEL01086357.1:10089-10210(+)	64.46
AYEL01057489.1:3961-4087(+)	72.22
AYEL01091940.1:21172-21296(+)	76.47
AYEL01034340.1:29739-29861(-)	72.95
AYEL01085197.1:37543-37666(+)	72.36
AYEL01078524.1:32471-32593(+)	74.59
AYEL01086179.1:52369-52483(-)	69.14
AYEL01074886.1:55803-55925(-)	76.23
AYEL01061239.1:43501-43624(+)	75.61
AYEL01069472.1:55501-55630(-)	72.95
AYEL01086441.1:7929-8032(-)	83.91
AYEL01057497.1:4907-5034(+)	74.59
AYEL01088543.1:54344-54462(+)	79.82
AYEL01044629.1:43722-43844(+)	73.50
AYEL01033283.1:250-373(-)	70.49
AYEL01091145.1:8536-8660(+)	71.54
AYEL01088014.1:27046-27459(+,-)	65.23
AYEL01071724.1:16460-16659(+,-)	68.57
AYEL01044097.1:1704-1863(+)	77.31
AYEL01080012.1:45446-45565(-)	82.22
AYEL01052837.1:6069-6172(-)	72.82
AYEL01090950.1:8189-8311(-)	73.77
AYEL01043477.1:1001-1122(+)	75.21
AYEL01077009.1:74330-74448(-)	68.42
AYEL01089211.1:36579-36697(-)	73.73
AYEL01028964.1:4398-4520(+)	73.77
AYEL01082354.1:3419-3542(-)	73.17
AYEL01066397.1:22876-22999(+)	73.17
AYEL01047194.1:3081-3191(+)	69.09
AYEL01086902.1:65430-65550(-)	75.86
AYEL01083904.1:28963-29066(-)	77.89
AYEL01090909.1:13023-13152(+)	78.18
AYEL01026284.1:50651-51058(+,-)	65.76
AYEL01074249.1:114083-114206(+)	75.61
AYEL01018221.1:47369-47497(+)	80.33
AYEL01089619.1:31603-32156(+,-)	62.45
AYEL01027713.1:3273-3395(-)	72.95
AYEL01035311.1:11601-11725(-)	75.61
AYEL01082245.1:3449-3846(+,-)	66.85
AYEL01027715.1:5218-5322(+)	68.27
AYEL01066703.1:43084-43201(-)	73.08
AYEL01069736.1:13699-13826(-)	72.36
AYEL01074803.1:1078-1200(-)	74.38
AYEL01071399.1:6678-6800(+)	74.31
AYEL01067761.1:65753-65875(+)	75.63
AYEL01081298.1:52268-52398(-)	68.18
AYEL01080012.1:11997-12113(-)	67.24
AYEL01067660.1:58523-58647(+)	73.11
AYEL01085551.1:27047-27154(+)	71.57
AYEL01079640.1:2149-2267(+)	72.73
AYEL01090803.1:15457-15580(+)	72.36
AYEL01077364.1:43270-43394(-)	73.17
AYEL01042012.1:45483-45605(-)	77.05
AYEL01071595.1:2730-2853(-)	75.61
AYEL01059468.1:12840-12976(-)	76.19
AYEL01075306.1:36-161(-)	72.50
AYEL01063160.1:33981-34101(-)	79.17
AYEL01044876.1:1838-1960(+)	75.21
AYEL01091239.1:12443-12561(+)	78.81
AYEL01070624.1:18599-18709(-)	70.83
AYEL01076524.1:20205-20324(-)	73.11
AYEL01084433.1:25139-25261(-)	76.23
AYEL01062051.1:2933-3052(+)	75.00
AYEL01077013.1:27127-27249(-)	79.13
AYEL01064039.1:51062-51188(-)	76.03
AYEL01060281.1:55181-55292(-)	62.38
AYEL01066758.1:7633-7754(+)	72.73
AYEL01061614.1:55250-55371(+)	78.26
AYEL01064397.1:18278-18409(-)	77.87
AYEL01073239.1:2439-2562(-)	76.42
AYEL01071178.1:63387-63514(+)	72.95
AYEL01075234.1:624-747(-)	79.05
AYEL01091317.1:5896-6288(+,-)	65.18
AYEL01064109.1:1540-1659(+)	70.59
AYEL01084449.1:31063-31190(+)	76.23
AYEL01079549.1:85429-85550(-)	74.38
AYEL01090352.1:16071-16242(-)	74.07
AYEL01034530.1:11825-11949(+)	73.98
AYEL01067940.1:27468-27966(+,-)	65.68
AYEL01052518.1:11935-12321(+,-)	65.51
AYEL01076799.1:49-169(+)	65.85
AYEL01067540.1:9693-9811(-)	64.71
AYEL01084493.1:26378-26491(+)	82.52
AYEL01077926.1:29690-29814(+)	77.87
AYEL01086093.1:51621-51742(-)	78.51
AYEL01084292.1:57787-57910(+)	76.42
AYEL01090544.1:30024-30147(+)	61.79
AYEL01074789.1:16094-16207(-)	76.64
AYEL01057807.1:183-307(+)	72.36
AYEL01040565.1:32717-32839(-)	77.06
AYEL01088102.1:18776-18891(+)	65.85
AYEL01079715.1:11714-11838(+)	70.49
AYEL01061626.1:6475-6598(+)	71.54
AYEL01071226.1:1265-1392(+)	77.05
AYEL01065887.1:4544-4669(+)	77.78
AYEL01054974.1:52884-53007(+)	72.36
AYEL01073798.1:22707-22829(+)	75.41
AYEL01090617.1:25210-25327(-)	73.68
AYEL01084537.1:63887-64010(+)	75.61
AYEL01085161.1:44752-44865(+)	75.93
AYEL01071895.1:7567-7686(-)	76.47
AYEL01066325.1:5586-5701(+)	71.68
AYEL01059638.1:37275-37393(+)	74.36
AYEL01084830.1:21540-21668(+)	74.59
AYEL01082700.1:13383-13508(-)	75.21
AYEL01056260.1:55-174(-)	74.79
AYEL01070521.1:5738-5861(-)	73.17
AYEL01069465.1:35386-35510(-)	77.87
AYEL01015480.1:13085-13183(-)	82.61
AYEL01075724.1:10292-10418(+)	74.38
AYEL01065898.1:40161-40287(-)	76.03
AYEL01081243.1:48915-49030(-)	73.64
AYEL01055484.1:27473-27574(-)	74.75
AYEL01085789.1:27626-27751(-)	81.37
AYEL01080261.1:29766-29885(-)	73.64
AYEL01080619.1:2352-2475(-)	74.80
AYEL01055484.1:26838-26939(-)	75.76
AYEL01056912.1:6536-6656(-)	71.67
AYEL01086194.1:50743-50868(-)	73.98
AYEL01090275.1:6458-6582(-)	80.19
AYEL01072461.1:6150-6256(+)	67.92
AYEL01068395.1:1097-1224(+)	76.23
AYEL01090780.1:65844-65971(+)	77.87
AYEL01064246.1:4741-4863(-)	76.23
AYEL01068164.1:25095-25218(+)	74.80
AYEL01087135.1:966-1089(+)	76.42
AYEL01083047.1:34275-34398(-)	74.80
AYEL01080133.1:16268-16386(+)	72.73
AYEL01076569.1:2596-2717(+)	76.86
AYEL01080905.1:11224-11347(-)	65.85
AYEL01068094.1:79121-79232(-)	78.64
AYEL01081631.1:27671-27795(-)	74.80
AYEL01067406.1:1175-1301(-)	69.74
AYEL01091277.1:178041-178164(-)	70.73
AYEL01082432.1:3420-3538(+)	77.12
AYEL01091024.1:3780-3903(+)	75.41
AYEL01074665.1:27529-27644(+)	77.68
AYEL01068191.1:47855-47960(+)	79.17
AYEL01069550.1:5177-5296(+)	70.83
AYEL01072567.1:17996-18120(-)	78.30
AYEL01077602.1:21894-22016(+)	76.03
AYEL01073690.1:30454-30572(+)	68.64
AYEL01083372.1:1948-2058(+)	75.96
AYEL01069796.1:199-323(+)	73.17
AYEL01072273.1:34568-34689(+)	77.55
AYEL01089185.1:57254-57380(-)	75.21
AYEL01086463.1:13346-13719(+,-)	65.06
AYEL01088313.1:51729-52123(+,-)	64.00
AYEL01076310.1:17842-17957(-)	82.67
AYEL01022927.1:3969-4108(+)	81.52
AYEL01082286.1:1577-1699(-)	73.77
AYEL01089055.1:1565-1696(-)	76.42
AYEL01084494.1:23833-23956(+)	71.54
AYEL01073519.1:9031-9157(+)	78.69
AYEL01065144.1:11147-11565(+,-)	61.36
AYEL01072318.1:1096-1218(+)	76.36
AYEL01065413.1:4828-4932(+)	80.60
AYEL01076844.1:9161-9288(+)	72.95
AYEL01079716.1:26033-26213(-)	74.40
AYEL01071126.1:7147-7271(+)	76.42
AYEL01066094.1:57887-58007(-)	76.67
AYEL01078858.1:11347-11469(-)	71.31
AYEL01018566.1:1399-1522(+)	72.36
AYEL01091510.1:6973-7096(-)	75.61
AYEL01064055.1:223783-223910(-)	64.46
AYEL01071870.1:13917-14039(+)	69.67
AYEL01085851.1:15319-15442(-)	74.80
AYEL01015680.1:90573-90696(+)	74.80
AYEL01080350.1:32641-32750(-)	74.16
AYEL01064182.1:23711-23836(+)	68.60
AYEL01060653.1:58695-58823(+)	73.98
AYEL01077844.1:63096-63217(-)	79.34
AYEL01091096.1:61573-61688(+)	65.38
AYEL01091062.1:33854-33974(+)	71.67
AYEL01082761.1:9014-9134(+)	75.63
AYEL01088543.1:54858-54982(+)	80.00
AYEL01082456.1:30896-31014(+)	66.67
AYEL01023678.1:527-644(-)	79.81
AYEL01080964.1:7149-7539(+,-)	63.56
AYEL01026163.1:76-191(-)	68.29
AYEL01070960.1:51652-51773(+)	69.42
AYEL01072374.1:8665-8791(+)	76.86
AYEL01051300.1:13455-13564(-)	81.48
AYEL01050965.1:8417-8539(+)	72.95
AYEL01065931.1:3007-3120(+)	79.00
AYEL01065647.1:23543-23665(+)	75.41
AYEL01081059.1:13410-13534(+)	77.24
AYEL01074829.1:45086-45208(+)	79.51
AYEL01089648.1:1314-1715(+,-)	63.71
AYEL01076835.1:34008-34108(+)	81.63
AYEL01068081.1:51358-51470(-)	72.73
AYEL01079409.1:290-413(+)	71.96
AYEL01021095.1:0-122(-)	70.25
AYEL01088423.1:6014-6141(+)	72.95
AYEL01081231.1:7341-7463(+)	72.13
AYEL01026805.1:32152-32270(-)	72.88
AYEL01086215.1:40428-40556(-)	72.36
AYEL01082252.1:21460-21583(+)	74.80
AYEL01089890.1:18287-18411(-)	69.92
AYEL01076455.1:3064-3191(+)	76.23
AYEL01091866.1:3103-3226(+)	74.80
AYEL01061918.1:10932-11040(-)	72.22
AYEL01089466.1:17322-17421(-)	80.65
AYEL01066919.1:26682-26808(+)	74.38
AYEL01048858.1:2511-2644(-)	77.05
AYEL01027361.1:16229-16356(-)	73.98
AYEL01080620.1:13213-13335(+)	74.59
AYEL01085634.1:9115-9238(-)	73.17
AYEL01075785.1:36257-36377(-)	71.67
AYEL01048743.1:39439-39562(-)	70.73
AYEL01089868.1:22057-22179(-)	81.82
AYEL01072499.1:53204-53313(-)	80.68
AYEL01083566.1:13598-13720(-)	73.77
AYEL01062341.1:8736-8861(+)	74.80
AYEL01080935.1:9811-10265(+,-)	63.59
AYEL01072858.1:28947-29068(+)	78.65
AYEL01078936.1:4555-4683(-)	71.31
AYEL01030841.1:4789-4909(-)	73.95
AYEL01082649.1:85819-85946(+)	73.17
AYEL01070574.1:1290-1417(-)	74.59
AYEL01060841.1:57530-57656(+)	74.59
AYEL01056647.1:10822-11003(-)	76.00
AYEL01052837.1:5750-5879(-)	77.24
AYEL01076288.1:51023-51145(-)	80.33
AYEL01076791.1:41073-41193(+)	72.50
AYEL01088316.1:23195-23318(+)	73.98
AYEL01090421.1:108535-108636(+)	72.00
AYEL01070799.1:32391-32514(+)	73.17
AYEL01059446.1:27043-27170(-)	80.33
AYEL01083798.1:17425-17549(-)	70.73
AYEL01045404.1:2724-3153(+,-)	72.86
AYEL01091088.1:90795-90917(-)	73.08
AYEL01054289.1:15856-15980(-)	77.31
AYEL01085312.1:13563-13685(+)	71.90
AYEL01090443.1:62778-63183(+,-)	62.67
AYEL01055640.1:28716-29137(+,-)	63.52
AYEL01083790.1:924-1047(-)	78.69
AYEL01063662.1:5546-5666(+)	77.78
AYEL01085578.1:2056-2183(+)	72.13
AYEL01078081.1:3559-3675(-)	76.11
AYEL01078545.1:15497-15618(+)	73.55
AYEL01082586.1:10783-10899(-)	75.86
AYEL01086301.1:13274-13397(-)	74.80
AYEL01046382.1:10630-10748(-)	70.09
AYEL01079159.1:6279-6695(+,-)	68.10
AYEL01060790.1:2968-3090(-)	78.33
AYEL01058655.1:21533-21660(-)	73.77
AYEL01057091.1:11632-11759(-)	76.23
AYEL01080824.1:3509-3635(+)	68.60
AYEL01074374.1:489-610(-)	69.42
AYEL01090009.1:6946-7073(-)	76.23
AYEL01077050.1:11528-11646(+)	73.73
AYEL01075137.1:69353-69480(-)	75.41
AYEL01087537.1:141683-141806(-)	70.49
AYEL01050805.1:5686-5811(-)	67.50
AYEL01065845.1:3048-3211(-)	82.65
AYEL01062234.1:42262-42671(+,-)	60.36
AYEL01084396.1:11834-11957(+)	77.24
AYEL01082216.1:33777-33898(-)	75.00
AYEL01087407.1:17727-17836(-)	66.06
AYEL01069708.1:13332-13442(-)	74.26
AYEL01063848.1:9695-9816(-)	71.90
AYEL01072641.1:19227-19342(-)	73.04
AYEL01071836.1:22808-22931(+)	79.49
AYEL01073295.1:23453-23576(+)	76.42
AYEL01080506.1:10254-10377(+)	76.42
AYEL01065100.1:11621-11750(+)	77.31
AYEL01073141.1:43955-44077(-)	77.05
AYEL01065689.1:20338-20461(-)	69.11
AYEL01066393.1:9089-9212(+)	73.17
AYEL01056189.1:27622-27747(-)	72.50
AYEL01059722.1:7934-8058(-)	69.92
AYEL01090964.1:5935-6059(+)	67.48
AYEL01073000.1:739-858(+)	72.27
AYEL01063765.1:12335-12462(+)	72.13
AYEL01079069.1:7371-7479(-)	76.92
AYEL01055355.1:20917-21033(-)	74.34
AYEL01076131.1:1365-1486(-)	71.07
AYEL01067576.1:43495-43617(-)	75.41
AYEL01070948.1:29722-29847(+)	74.17
AYEL01088975.1:4417-4541(-)	73.17
AYEL01086389.1:3360-3687(+,-)	69.42
AYEL01091724.1:21134-21256(+)	72.95
AYEL01074189.1:14142-14560(+,-)	66.85
AYEL01083316.1:19300-19415(-)	65.85
AYEL01047194.1:2929-3049(+)	69.17
AYEL01062530.1:35486-35606(-)	76.60
AYEL01077031.1:17157-17284(+)	72.13
AYEL01059954.1:510-637(-)	75.41
AYEL01074477.1:12083-12195(-)	78.30
AYEL01057742.1:6767-6886(-)	75.23
AYEL01055793.1:16477-16603(-)	77.69
AYEL01089586.1:9830-9957(+)	71.31
AYEL01069134.1:8978-9101(-)	78.57
AYEL01076077.1:56680-56805(-)	74.80
AYEL01059400.1:4741-4864(-)	73.17
AYEL01088115.1:17724-17847(+)	73.98
AYEL01047441.1:1460-1579(+)	79.83
AYEL01058576.1:544-661(-)	76.47
AYEL01033357.1:45727-45833(+)	75.47
AYEL01067916.1:13048-13161(+)	74.77
AYEL01080461.1:681-796(+)	67.07
AYEL01068226.1:26304-26423(-)	72.88
AYEL01061607.1:102230-102353(-)	73.17
AYEL01041583.1:3580-3696(+)	65.62
AYEL01074986.1:10592-10741(-)	82.80
AYEL01069995.1:46378-46502(+)	81.63
AYEL01069071.1:40594-40717(+)	68.29
AYEL01084605.1:6782-6910(-)	74.80
AYEL01078489.1:5215-5346(+)	75.61
AYEL01089173.1:10365-10489(+)	73.17
AYEL01071642.1:39222-39345(-)	76.47
AYEL01066195.1:10988-11103(+)	75.45
AYEL01076241.1:21476-21596(-)	72.65
AYEL01088759.1:2541-2668(+)	74.59
AYEL01086866.1:22989-23144(-)	77.78
AYEL01060462.1:919-1044(+)	73.98
AYEL01076445.1:10795-10954(-)	78.57
AYEL01085144.1:63834-63957(+)	75.41
AYEL01054660.1:231-335(+)	73.08
AYEL01075912.1:18917-19042(-)	70.73
AYEL01058835.1:672-793(+)	72.73
AYEL01078164.1:40049-40164(+)	72.41
AYEL01089277.1:76316-76479(-)	82.65
AYEL01088921.1:64997-65116(+)	77.06
AYEL01085811.1:33787-33902(-)	72.17
AYEL01076178.1:22726-22849(-)	72.13
AYEL01075276.1:32018-32136(-)	75.42
AYEL01073135.1:102574-102682(-)	78.35
AYEL01056732.1:4404-4534(+)	85.00
AYEL01078556.1:61903-62022(-)	70.59
AYEL01074114.1:6600-6727(+)	72.13
AYEL01088878.1:17286-17405(-)	77.12
AYEL01074065.1:8052-8150(+)	70.21
AYEL01039328.1:4701-4828(+)	71.90
AYEL01014207.1:2259-2378(+)	71.43
AYEL01067756.1:15384-15507(-)	75.61
AYEL01076431.1:29372-29489(+)	78.45
AYEL01069589.1:30417-30540(+)	72.88
AYEL01087494.1:24301-24424(-)	74.31
AYEL01026355.1:8337-8460(-)	71.54
AYEL01075949.1:13501-13627(-)	77.24
AYEL01078871.1:24502-24615(+)	74.34
AYEL01030507.1:26-153(-)	71.54
AYEL01073227.1:282-403(+)	72.62
AYEL01075835.1:34051-34156(-)	82.81
AYEL01073327.1:51457-51581(+)	74.53
AYEL01075029.1:37258-37360(+)	84.78
AYEL01084672.1:52372-52499(-)	71.54
AYEL01085161.1:66009-66137(+)	72.36
AYEL01079152.1:59891-60011(+)	74.17
AYEL01083040.1:19849-19965(+)	76.72
AYEL01069591.1:18770-18892(-)	74.59
AYEL01076881.1:23464-23585(-)	69.23
AYEL01081858.1:6873-7000(-)	75.42
AYEL01034168.1:13354-13473(-)	71.43
AYEL01073367.1:27824-27947(+)	74.80
AYEL01011968.1:6621-7085(+,-)	67.56
AYEL01050583.1:1207-1612(+,-)	65.37
AYEL01075869.1:31041-31160(+)	73.95
AYEL01060425.1:4658-4773(-)	69.14
AYEL01073730.1:28627-28752(-)	73.17
AYEL01074782.1:38795-38911(-)	71.55
AYEL01091252.1:6910-7040(-)	75.61
AYEL01086112.1:34039-34156(-)	71.79
AYEL01046871.1:11524-11650(-)	75.21
AYEL01076612.1:16077-16200(+)	76.42
AYEL01066895.1:2957-3348(+,-)	68.10
AYEL01076973.1:10624-10737(-)	80.65
AYEL01035496.1:597-717(+)	71.67
AYEL01071504.1:21190-21311(-)	76.86
AYEL01071944.1:24469-24584(-)	66.67
AYEL01062330.1:8054-8172(-)	66.95
AYEL01083839.1:27287-27406(-)	70.59
AYEL01047051.1:11617-11739(-)	69.42
AYEL01071210.1:71134-71236(-)	81.44
AYEL01070166.1:31021-31141(+)	70.00
AYEL01089819.1:12468-12588(-)	76.67
AYEL01057632.1:93246-93432(-)	77.05
AYEL01068061.1:71196-71319(+)	76.36
AYEL01070022.1:23594-23716(-)	80.18
AYEL01026886.1:39053-39532(+,-)	65.39
AYEL01057486.1:71-190(-)	71.95
AYEL01049158.1:78561-78664(+)	79.38
AYEL01010785.1:3641-3767(+)	75.21
AYEL01085675.1:807-930(+)	73.98
AYEL01071753.1:5628-5732(+)	71.84
AYEL01086851.1:5049-5176(-)	78.57
AYEL01089958.1:87795-87917(+)	73.77
AYEL01063931.1:13622-13972(+,-)	68.04
AYEL01064771.1:2839-2953(+)	70.18
AYEL01083234.1:21962-22075(-)	73.45
AYEL01080713.1:90380-90501(-)	72.73
AYEL01072865.1:5508-5627(+)	77.31
AYEL01080843.1:19007-19134(+)	73.77
AYEL01089684.1:32470-32593(-)	72.36
AYEL01070589.1:27634-27758(-)	73.98
AYEL01087795.1:4946-5066(+)	78.33
AYEL01080045.1:33205-33326(-)	80.99
AYEL01090294.1:37552-37675(+)	77.24
AYEL01090421.1:63112-63241(+)	69.67
AYEL01078553.1:57330-57455(+)	74.56
AYEL01088897.1:24891-25014(-)	77.24
AYEL01085558.1:90952-91075(-)	69.11
AYEL01060589.1:49736-49851(+)	65.85
AYEL01081604.1:10860-10975(+)	65.85
AYEL01088605.1:33831-33949(-)	66.95
AYEL01071928.1:9924-10048(-)	72.36
AYEL01081411.1:4838-4957(+)	76.27
AYEL01079181.1:61816-62032(-)	73.28
AYEL01075326.1:14391-14514(-)	74.80
AYEL01073092.1:9395-9517(-)	77.05
AYEL01066793.1:10926-11047(-)	76.86
AYEL01083061.1:13855-13971(+)	71.93
AYEL01068333.1:3122-3249(-)	77.87
AYEL01079682.1:19765-20162(+,-)	67.77
AYEL01085354.1:32230-32346(-)	71.82
AYEL01085542.1:146773-146891(+)	73.73
AYEL01087474.1:1317-1445(+)	74.80
AYEL01059719.1:5352-5478(+)	77.69
AYEL01084539.1:16086-16211(+)	72.36
AYEL01087618.1:209466-209589(+)	71.54
AYEL01043478.1:43536-43657(+)	76.15
AYEL01058344.1:12963-13086(-)	73.17
AYEL01064942.1:16386-16502(-)	75.00
AYEL01073400.1:36826-36952(+)	76.23
AYEL01061578.1:12228-12348(+)	72.50
AYEL01091670.1:3641-3761(+)	72.50
AYEL01051377.1:15424-15548(+)	76.42
AYEL01060093.1:90-211(+)	78.51
AYEL01071412.1:8228-8330(+)	74.51
AYEL01077805.1:69863-69986(-)	71.54
AYEL01059141.1:6299-6716(+,-)	64.44
AYEL01074985.1:113665-113771(-)	80.00
AYEL01069326.1:10300-10423(-)	69.11
AYEL01073226.1:29344-29465(+)	75.21
AYEL01079377.1:16956-17078(-)	70.69
AYEL01065530.1:20447-20578(+)	72.13
AYEL01081723.1:37209-37377(-)	75.96
AYEL01074390.1:33305-33478(-)	72.44
AYEL01084294.1:13048-13165(+)	71.79
AYEL01067897.1:45294-45421(+)	73.77
AYEL01066328.1:150739-150866(+)	74.59
AYEL01028137.1:86-187(-)	79.59
AYEL01066541.1:4651-4774(+)	78.05
AYEL01063143.1:57988-58105(+)	73.50
AYEL01077753.1:27055-27181(-)	78.33
AYEL01091804.1:38192-38315(-)	73.98
AYEL01074952.1:39378-39497(-)	66.67
AYEL01060114.1:138-303(-)	70.59
AYEL01074462.1:13720-13875(-)	74.75
AYEL01065526.1:13837-13968(+)	75.61
AYEL01059759.1:27137-27262(+)	73.17
AYEL01064826.1:8723-8924(-)	74.13
AYEL01075448.1:14841-14959(-)	78.81
AYEL01087566.1:24802-24932(-)	76.03
AYEL01083723.1:1099-1220(+)	76.86
AYEL01083081.1:37152-37258(+)	84.15
AYEL01080253.1:18463-18586(+)	74.59
AYEL01074706.1:50430-50553(+)	76.42
AYEL01062753.1:16276-16398(-)	71.31
AYEL01075835.1:54030-54152(+)	73.77
AYEL01067489.1:21346-21469(+)	74.80
AYEL01077213.1:23983-24104(-)	80.00
AYEL01077364.1:44819-44942(-)	71.54
AYEL01086852.1:101193-101321(+)	74.80
AYEL01091551.1:39350-39470(-)	76.67
AYEL01091267.1:3113-3236(-)	73.98
AYEL01089078.1:17931-18040(-)	74.04
AYEL01069240.1:56834-56962(-)	72.36
AYEL01077300.1:4017-4140(+)	72.13
AYEL01052483.1:71316-71429(-)	75.00
AYEL01031053.1:764-877(-)	75.51
AYEL01069708.1:46122-46243(+)	75.83
AYEL01089673.1:6661-6782(-)	73.55
AYEL01047365.1:18213-18336(+)	73.98
AYEL01075151.1:33757-34159(+,-)	63.99
AYEL01089369.1:33555-33718(-)	75.22
AYEL01065986.1:1937-2064(+)	77.05
AYEL01083462.1:25927-26050(+)	73.17
AYEL01069204.1:15131-15258(+)	75.61
AYEL01088541.1:43790-43899(+)	76.47
AYEL01084417.1:13565-13690(-)	76.64
AYEL01090498.1:9600-9715(+)	67.07
AYEL01032855.1:71868-71989(+)	73.91
AYEL01074103.1:6404-6531(+)	73.77
AYEL01070948.1:19618-19741(+)	69.92
AYEL01088034.1:2293-2420(-)	76.23
AYEL01056425.1:6303-6430(-)	75.61
AYEL01008420.1:16614-16736(-)	75.41
AYEL01046076.1:1459-1563(-)	73.08
AYEL01056893.1:12332-12449(-)	73.15
AYEL01075233.1:119404-119525(-)	72.73
AYEL01073583.1:4682-5428(+,-)	65.63
AYEL01077189.1:13623-13800(-)	71.43
AYEL01085421.1:10769-10894(+)	78.33
AYEL01083648.1:17111-17212(-)	80.61
AYEL01069821.1:25054-25156(-)	77.32
AYEL01070388.1:68535-68650(+)	73.04
AYEL01070171.1:29361-29474(+)	74.77
AYEL01086505.1:27238-27668(+,-)	65.08
AYEL01028843.1:222-343(+)	70.25
AYEL01060932.1:1468-1589(+)	75.21
AYEL01064116.1:6153-6275(+)	74.38
AYEL01020852.1:21876-21996(-)	75.83
AYEL01037293.1:23963-24081(+)	78.63
AYEL01081787.1:20009-20125(-)	75.86
AYEL01033729.1:30043-30166(-)	73.17
AYEL01074039.1:5151-5274(+)	70.73
AYEL01065806.1:24820-24942(-)	72.95
AYEL01065044.1:31980-32103(+)	73.17
AYEL01076747.1:37016-37438(+,-)	64.36
AYEL01064188.1:15197-15320(+)	75.61
AYEL01085303.1:48381-48500(+)	68.91
AYEL01046543.1:4661-4776(-)	73.91
AYEL01091466.1:59061-59179(-)	74.74
AYEL01052381.1:9964-10090(+)	77.87
AYEL01082505.1:23479-23602(-)	76.42
AYEL01062955.1:34518-34641(-)	75.61
AYEL01076586.1:2278-2400(+)	76.92
AYEL01082262.1:14859-14979(-)	75.83
AYEL01017004.1:196-317(-)	70.25
AYEL01071942.1:2936-3061(-)	72.13
AYEL01078975.1:44436-44555(-)	72.27
AYEL01079939.1:11559-11682(+)	75.86
AYEL01063301.1:8528-8648(+)	72.50
AYEL01067940.1:26334-26457(+)	75.61
AYEL01073207.1:7869-7972(-)	71.13
AYEL01056966.1:20662-20789(+)	77.87
AYEL01069019.1:9061-9176(+)	79.59
AYEL01070794.1:10373-10473(+)	74.00
AYEL01086451.1:784-907(+)	77.05
AYEL01078293.1:7601-7707(+)	76.24
AYEL01083919.1:4075-4196(+)	71.07
AYEL01083627.1:36840-37003(-)	80.41
AYEL01068149.1:395-516(+)	73.55
AYEL01057065.1:21575-21695(+)	71.67
AYEL01065296.1:1606-1729(-)	71.54
AYEL01086902.1:58400-58523(-)	73.17
AYEL01088039.1:121510-121636(-)	79.49
AYEL01073279.1:5097-5220(+)	76.42
AYEL01085823.1:22279-22399(-)	75.65
AYEL01087667.1:632-760(-)	70.73
AYEL01056052.1:37375-37491(+)	73.28
AYEL01085542.1:83620-83749(-)	74.80
AYEL01066713.1:5548-5666(-)	78.26
AYEL01076113.1:25269-25396(-)	78.69
AYEL01075226.1:9937-10060(-)	76.42
AYEL01079741.1:44995-45093(+)	70.41
AYEL01078189.1:2906-3027(-)	75.21
AYEL01091931.1:10933-11050(-)	67.07
AYEL01071897.1:6389-6494(+)	76.00
AYEL01081817.1:56022-56149(-)	77.05
AYEL01051054.1:26743-27147(+,-)	65.73
AYEL01077740.1:12685-13080(+,-)	64.44
AYEL01083283.1:64430-64547(-)	71.79
AYEL01080957.1:79729-79851(+)	83.51
AYEL01067880.1:3645-3771(-)	76.86
AYEL01078076.1:30695-30823(-)	78.05
AYEL01089806.1:3293-3414(+)	79.34
AYEL01089516.1:6160-6332(+)	77.94
AYEL01085503.1:14803-14918(-)	74.11
AYEL01067141.1:6197-6318(+)	76.03
AYEL01083595.1:20143-20252(+)	77.88
AYEL01040577.1:35348-35473(-)	76.67
AYEL01077559.1:43009-43136(+)	77.87
AYEL01072036.1:55628-55752(+)	70.00
AYEL01050805.1:34494-34598(-)	75.96
AYEL01047433.1:1953-2136(-)	72.80
AYEL01072344.1:144-271(-)	73.98
AYEL01083098.1:47199-47322(-)	73.17
AYEL01090342.1:89773-89915(+)	78.63
AYEL01082081.1:92314-92435(+)	79.78
AYEL01069472.1:150553-150680(+)	74.59
AYEL01091169.1:59285-59409(-)	72.36
AYEL01054790.1:39899-40025(+)	76.03
AYEL01076817.1:113624-114041(+,-)	66.30
AYEL01085652.1:9931-10057(-)	68.29
AYEL01036656.1:6114-6241(+)	75.41
AYEL01065870.1:23106-23229(+)	78.05
AYEL01061981.1:21982-22105(-)	77.24
AYEL01064751.1:17840-17953(+)	67.06
AYEL01016997.1:1140-1260(+)	74.17
AYEL01066624.1:88667-88786(-)	74.36
AYEL01084725.1:3481-3636(-)	79.80
AYEL01073126.1:8936-9060(+)	77.67
AYEL01063738.1:517-640(+)	77.24
AYEL01063529.1:8046-8160(+)	74.24
AYEL01086479.1:8518-8631(+)	73.33
AYEL01063079.1:37060-37160(+)	74.00
AYEL01013834.1:29-156(-)	74.59
AYEL01075247.1:20277-20396(+)	77.06
AYEL01082723.1:73840-73961(+)	72.73
AYEL01081871.1:23723-23846(-)	73.17
AYEL01068154.1:16232-16614(+,-)	70.88
AYEL01080261.1:3864-3995(-)	71.54
AYEL01092041.1:8740-8882(+)	73.96
AYEL01086267.1:26669-26788(+)	75.45
AYEL01084617.1:6284-6677(+,-)	66.67
AYEL01071848.1:28741-28856(-)	67.07
AYEL01070504.1:15036-15166(-)	70.25
AYEL01087512.1:802-922(+)	71.17
AYEL01080123.1:14340-14488(+)	74.80
AYEL01040540.1:3636-3751(+)	72.41
AYEL01065579.1:9412-9538(+)	73.39
AYEL01090608.1:7128-7255(+)	69.92
AYEL01091176.1:987-1111(-)	73.17
AYEL01088289.1:1894-2016(+)	76.23
AYEL01069110.1:25973-26099(+)	76.15
AYEL01066181.1:35137-35249(-)	74.11
AYEL01066694.1:20553-20676(-)	73.15
AYEL01072225.1:57606-57729(-)	73.17
AYEL01071595.1:2477-2600(-)	75.61
AYEL01056635.1:10472-10598(+)	73.55
AYEL01069948.1:12285-12416(+)	79.34
AYEL01078238.1:150657-150777(-)	75.63
AYEL01074363.1:95846-95957(-)	75.00
AYEL01084359.1:35786-35916(-)	72.36
AYEL01077887.1:9510-9632(-)	72.95
AYEL01062344.1:29635-29761(-)	75.21
AYEL01045722.1:1409-1532(+)	73.17
AYEL01067499.1:24722-24844(+)	70.94
AYEL01084761.1:17890-18017(+)	71.31
AYEL01084002.1:54617-54732(+)	71.93
AYEL01066824.1:60741-60870(-)	76.70
AYEL01013900.1:57977-58108(-)	74.38
AYEL01090442.1:13798-13903(+)	85.54
AYEL01050214.1:10995-11122(-)	76.23
AYEL01090823.1:10506-10629(+)	74.80
AYEL01047088.1:29358-29480(+)	72.95
AYEL01090488.1:21604-21719(+)	81.13
AYEL01081059.1:13133-13256(+)	79.51
AYEL01087977.1:1976-2465(+,-)	63.85
AYEL01045818.1:28329-28429(+)	74.00
AYEL01060790.1:4607-4727(-)	71.67
AYEL01085398.1:14945-15058(+)	76.42
AYEL01032843.1:42883-43001(+)	73.73
AYEL01084953.1:12692-12814(-)	76.23
AYEL01091840.1:16500-16612(-)	71.43
AYEL01039550.1:92402-92528(+)	79.34
AYEL01090584.1:4258-4378(+)	78.26
AYEL01068729.1:23111-23239(-)	73.98
AYEL01052061.1:9393-9520(-)	76.23
AYEL01016745.1:25407-25510(-)	80.00
AYEL01089058.1:5734-5856(+)	73.55
AYEL01091623.1:1575-1998(+,-)	63.21
AYEL01090236.1:2127-2243(-)	70.69
AYEL01089100.1:61999-62121(+)	75.41
AYEL01072844.1:14107-14229(-)	89.47
AYEL01069728.1:5287-5439(-)	84.85
AYEL01079226.1:44662-44783(+)	74.14
AYEL01090868.1:35924-36052(+)	75.41
AYEL01034367.1:9337-9460(+)	73.17
AYEL01075353.1:27207-27330(-)	76.42
AYEL01088896.1:15034-15140(+)	79.17
AYEL01077140.1:767-889(+)	69.17
AYEL01028036.1:19661-20058(+,-)	62.77
AYEL01077916.1:33895-34014(+)	73.95
AYEL01085802.1:21318-21448(+)	81.11
AYEL01090093.1:12581-12701(-)	71.67
AYEL01085604.1:29069-29188(+)	76.42
AYEL01058661.1:21149-21257(+)	75.96
AYEL01056281.1:877-995(+)	75.42
AYEL01089532.1:46005-46132(-)	77.87
AYEL01089661.1:4249-4358(-)	70.64
AYEL01091267.1:10089-10267(-)	79.82
AYEL01073113.1:13649-13765(+)	77.27
AYEL01083051.1:28988-29383(+,-)	64.61
AYEL01082020.1:8903-9030(-)	72.13
AYEL01084248.1:21147-21598(+,-)	62.75
AYEL01089855.1:17481-17609(+)	80.41
AYEL01081982.1:10563-10689(+)	72.13
AYEL01088239.1:740-866(-)	76.03
AYEL01085018.1:860-987(-)	79.51
AYEL01071803.1:17883-18010(+)	73.77
AYEL01091010.1:4379-4501(-)	72.50
AYEL01074633.1:640-763(+)	70.73
AYEL01091165.1:13245-13360(-)	65.85
AYEL01052976.1:3840-3961(-)	71.90
AYEL01063253.1:10288-10408(-)	76.64
AYEL01071520.1:59564-59686(-)	75.41
AYEL01091267.1:8853-9004(-)	77.89
AYEL01055049.1:65864-65988(+)	73.95
AYEL01063564.1:28168-28288(+)	75.22
AYEL01091636.1:7821-7943(-)	75.45
AYEL01090113.1:8191-8310(-)	78.99
AYEL01083438.1:5962-6090(-)	73.77
AYEL01085124.1:37454-37577(-)	74.80
AYEL01072228.1:22208-22331(+)	78.05
AYEL01071724.1:31117-31517(+,-)	68.01
AYEL01062742.1:35203-35320(+)	74.36
AYEL01084107.1:12368-12483(-)	73.21
AYEL01010175.1:3752-3876(-)	72.36
AYEL01090784.1:39500-39620(-)	75.63
AYEL01055905.1:4729-4853(+)	74.59
AYEL01027677.1:59976-60419(+,-)	67.35
AYEL01091022.1:5263-5671(+,-)	61.90
AYEL01090152.1:63106-63301(-)	74.81
AYEL01083654.1:3448-3559(-)	67.50
AYEL01082312.1:41533-41640(+)	65.69
AYEL01089238.1:8541-8651(-)	76.70
AYEL01070126.1:7421-7549(-)	73.87
AYEL01075645.1:6215-6341(-)	73.17
AYEL01081964.1:5084-5207(-)	71.54
AYEL01046747.1:71005-71491(+,-)	73.68
AYEL01046989.1:7692-7838(-)	72.36
AYEL01084591.1:13398-13525(+)	71.31
AYEL01037030.1:47103-47223(-)	75.89
AYEL01091269.1:6121-6236(+)	74.78
AYEL01081570.1:23640-23762(+)	72.95
AYEL01088224.1:35075-35199(-)	72.03
AYEL01061614.1:55506-55634(+)	75.41
AYEL01081501.1:3886-4010(+)	75.00
AYEL01086864.1:114407-114533(+)	79.34
AYEL01089563.1:75032-75155(+)	78.86
AYEL01078380.1:8871-8988(-)	76.92
AYEL01090585.1:25907-26030(+)	77.24
AYEL01087125.1:65505-65607(+)	75.26
AYEL01017530.1:435-557(-)	72.13
AYEL01067136.1:14179-14302(-)	72.36
AYEL01020850.1:525-652(+)	72.88
AYEL01073005.1:67744-67865(+)	79.34
AYEL01051380.1:25026-25148(-)	72.13
AYEL01080649.1:882-1005(-)	71.54
AYEL01070975.1:8240-8622(+,-)	66.67
AYEL01083806.1:19176-19286(-)	76.19
AYEL01083548.1:9272-9395(+)	74.80
AYEL01070797.1:12229-12352(+)	76.42
AYEL01029889.1:146-274(+)	72.36
AYEL01071597.1:1999-2173(-)	74.55
AYEL01091878.1:113629-113752(-)	71.54
AYEL01073388.1:1055-1178(+)	73.17
AYEL01069375.1:24899-25025(-)	74.38
AYEL01081943.1:26682-26799(-)	75.00
AYEL01055904.1:15873-15995(+)	76.72
AYEL01069875.1:92109-92232(+)	76.42
AYEL01091833.1:15024-15147(+)	75.61
AYEL01081059.1:9512-9640(-)	73.98
AYEL01060624.1:1738-1862(+)	73.17
AYEL01091267.1:12333-12443(-)	74.77
AYEL01092342.1:39467-39588(-)	70.59
AYEL01065259.1:13852-13972(+)	74.17
AYEL01080300.1:105760-105880(-)	77.88
AYEL01063273.1:1816-1940(-)	70.73
AYEL01067232.1:1373-1796(+,-)	63.14
AYEL01031249.1:7674-8081(+,-)	64.44
AYEL01029527.1:100409-100536(+)	71.54
AYEL01074570.1:34785-34908(+)	70.73
AYEL01084898.1:22279-22391(-)	78.57
AYEL01044791.1:22892-23019(+)	72.95
AYEL01068450.1:20989-21170(-)	74.40
AYEL01086083.1:3804-3924(-)	74.17
AYEL01042546.1:14148-14265(-)	76.72
AYEL01084723.1:24828-24950(-)	77.05
AYEL01061304.1:3057-3179(-)	71.43
AYEL01079811.1:26846-26979(-)	76.23
AYEL01085044.1:2009-2131(+)	70.49
AYEL01071361.1:41284-41398(+)	76.32
AYEL01063498.1:15118-15238(+)	75.83
AYEL01084696.1:35486-35614(-)	76.42
AYEL01072053.1:29202-29316(+)	74.31
AYEL01075744.1:28445-28574(+)	71.54
AYEL01062996.1:5287-5414(-)	74.59
AYEL01033724.1:1884-2007(+)	73.98
AYEL01084504.1:16171-16294(+)	70.73
AYEL01074366.1:43746-43867(-)	70.43
AYEL01090278.1:18820-18935(-)	75.45
AYEL01089677.1:58130-58251(+)	71.07
AYEL01058569.1:14267-14389(+)	72.95
AYEL01084745.1:75458-75880(+,-)	69.82
AYEL01044844.1:2119-2237(-)	77.97
AYEL01074149.1:1118-1242(-)	80.77
AYEL01085850.1:19205-19328(-)	75.61
AYEL01084789.1:11641-11765(+)	69.92
AYEL01087733.1:18655-18782(+)	74.59
AYEL01066294.1:595-717(-)	74.59
AYEL01078814.1:20177-20296(+)	63.75
AYEL01083614.1:5919-6032(+)	70.00
AYEL01053399.1:14858-14982(+)	73.98
AYEL01083769.1:52235-52357(-)	62.61
AYEL01083516.1:79550-79664(+)	67.90
AYEL01047200.1:81422-81551(-)	76.70
AYEL01070199.1:2464-2591(+)	73.98
AYEL01051184.1:1333-1459(-)	75.00
AYEL01074859.1:10396-10525(+)	74.80
AYEL01091661.1:11954-12077(-)	73.98
AYEL01065693.1:62870-62997(-)	75.79
AYEL01064699.1:30629-30740(-)	79.59
AYEL01086632.1:2929-3052(+)	72.95
AYEL01090842.1:9240-9363(+)	74.80
AYEL01063544.1:3482-3604(+)	71.31
AYEL01051815.1:8043-8167(+)	71.54
AYEL01065973.1:17112-17227(+)	65.85
AYEL01082985.1:18310-18423(-)	68.29
AYEL01075277.1:5161-5284(-)	72.36
AYEL01087448.1:8669-8796(+)	69.11
AYEL01080818.1:5192-5312(-)	71.67
AYEL01089645.1:9373-9495(-)	71.31
AYEL01083024.1:29011-29139(+)	74.80
AYEL01082695.1:106275-106395(+)	76.67
AYEL01069094.1:21519-21641(+)	77.12
AYEL01091217.1:28484-28604(+)	84.31
AYEL01091340.1:174369-174484(-)	72.17
AYEL01089460.1:11456-11581(-)	71.31
AYEL01074707.1:88966-89068(-)	78.02
AYEL01088878.1:17614-17733(-)	77.12
AYEL01068950.1:28916-29042(-)	77.69
AYEL01078200.1:27376-27497(-)	79.44
AYEL01061386.1:50144-50267(-)	75.61
AYEL01084814.1:35868-36019(-)	70.30
AYEL01084151.1:277-394(+)	71.79
AYEL01032569.1:59205-59364(-)	81.63
AYEL01057596.1:32089-32211(+)	71.31
AYEL01059388.1:15-140(-)	73.98
AYEL01082940.1:36885-37014(+)	72.95
AYEL01062547.1:2108-2231(-)	75.61
AYEL01072499.1:35502-35616(-)	69.14
AYEL01091766.1:56851-57261(+,-)	63.61
AYEL01089255.1:39592-39694(-)	77.32
AYEL01080500.1:19307-19485(-)	78.90
AYEL01064234.1:8102-8225(-)	77.69
AYEL01065319.1:13443-13566(+)	72.36
AYEL01087913.1:10274-10402(+)	72.36
AYEL01088666.1:6140-6261(-)	74.31
AYEL01088326.1:15825-15948(-)	76.42
AYEL01090885.1:17119-17232(+)	76.11
AYEL01075842.1:1840-1962(-)	75.41
AYEL01056052.1:8158-8559(+,-)	64.80
AYEL01016745.1:52650-52786(-)	73.17
AYEL01046489.1:1595-1715(-)	78.26
AYEL01074951.1:34450-34573(+)	71.54
AYEL01066294.1:16209-16332(+)	71.54
AYEL01084848.1:6062-6188(+)	76.23
AYEL01068827.1:2823-2946(+)	66.67
AYEL01078373.1:1904-2023(+)	73.50
AYEL01062959.1:26071-26175(+)	79.01
AYEL01081707.1:21804-21923(+)	74.79
AYEL01087889.1:8694-8818(-)	73.98
AYEL01079180.1:24995-25117(+)	74.59
AYEL01082135.1:27328-27451(+)	73.17
AYEL01084682.1:8248-8368(+)	77.50
AYEL01042699.1:120-241(-)	75.96
AYEL01088318.1:59550-59667(+)	70.09
AYEL01088141.1:48789-48909(+)	73.33
AYEL01091910.1:49004-49132(+)	76.42
AYEL01067748.1:20276-20396(+)	75.83
AYEL01080012.1:45746-45865(-)	82.22
AYEL01087495.1:6957-7077(-)	78.85
AYEL01029821.1:23194-23308(-)	74.34
AYEL01083799.1:1908-2034(+)	71.90
AYEL01090670.1:44456-44567(+)	81.44
AYEL01090806.1:26932-27060(+)	73.98
AYEL01080147.1:14155-14282(+)	78.90
AYEL01072154.1:11774-11902(+)	77.87
AYEL01065347.1:20108-20258(-)	84.04
AYEL01019301.1:438-566(+)	73.17
AYEL01075806.1:15053-15185(+)	72.36
AYEL01076903.1:35547-35673(-)	76.03
AYEL01059893.1:1114-1238(+)	70.73
AYEL01090726.1:26885-27003(+)	75.42
AYEL01080948.1:42939-43193(+)	74.38
AYEL01072075.1:10387-10510(+)	77.24
AYEL01090786.1:15759-15874(+)	67.57
AYEL01080795.1:37669-37796(-)	75.41
AYEL01061433.1:10095-10217(+)	74.59
AYEL01067034.1:29792-29913(-)	79.34
AYEL01082146.1:28017-28133(+)	71.55
AYEL01032058.1:26657-26780(-)	76.42
AYEL01071039.1:51163-51285(-)	71.31
AYEL01084904.1:12655-12775(+)	72.50
AYEL01069767.1:6323-6421(-)	76.04
AYEL01069558.1:2589-2709(-)	71.67
AYEL01080256.1:9700-9823(+)	71.54
AYEL01049615.1:93-205(-)	77.68
AYEL01087643.1:30012-30134(+)	72.95
AYEL01077874.1:33040-33163(-)	73.17
AYEL01074057.1:64999-65122(-)	73.98
AYEL01029557.1:6786-7213(+,-)	61.23
AYEL01069900.1:178-286(-)	74.76
AYEL01079047.1:7806-7933(+)	77.87
AYEL01067438.1:14464-14583(-)	67.90
AYEL01073372.1:31619-31746(+)	75.41
AYEL01047982.1:25494-25616(-)	72.95
AYEL01085612.1:79652-79776(+)	73.17
AYEL01078237.1:75958-76085(+)	76.23
AYEL01090786.1:20009-20136(+)	76.23
AYEL01054609.1:5759-5881(+)	75.41
AYEL01087380.1:73828-73951(+)	73.98
AYEL01043830.1:5317-5442(+)	76.67
AYEL01090723.1:68732-68859(-)	74.59
AYEL01085364.1:19020-19139(+)	70.59
AYEL01083280.1:1749-1873(-)	73.98
AYEL01081480.1:54353-54478(-)	71.67
AYEL01052311.1:3681-3804(+)	69.11
AYEL01091643.1:4550-4676(+)	76.86
AYEL01070389.1:678-806(-)	73.17
AYEL01079098.1:12552-12674(+)	72.95
AYEL01067370.1:66568-66686(-)	78.90
AYEL01069906.1:9064-9494(+,-)	64.99
AYEL01083539.1:21922-22041(+)	77.06
AYEL01083676.1:101655-101776(+)	73.55
AYEL01069379.1:4751-4873(+)	81.73
AYEL01058988.1:69407-69529(-)	76.23
AYEL01076009.1:2238-2365(+)	77.57
AYEL01054983.1:15502-15620(-)	75.42
AYEL01079034.1:22318-22433(+)	65.85
AYEL01073161.1:22872-22996(+)	73.98
AYEL01064340.1:29990-30109(+)	79.83
AYEL01056924.1:647-752(-)	73.33
AYEL01092383.1:196725-196849(-)	73.77
AYEL01073417.1:61945-62068(-)	72.36
AYEL01089549.1:45312-45435(-)	77.24
AYEL01054004.1:4293-4412(+)	80.17
AYEL01077832.1:76585-76711(-)	73.55
AYEL01066601.1:3341-3459(-)	72.88
AYEL01063984.1:56880-56994(+)	87.50
AYEL01081947.1:176156-176270(-)	86.02
AYEL01081636.1:9332-9454(-)	72.95
AYEL01084831.1:59374-59498(-)	81.82
AYEL01081495.1:11204-11322(+)	75.42
AYEL01077770.1:31790-31917(+)	77.87
AYEL01083691.1:117680-117806(-)	76.03
AYEL01059560.1:2742-2869(-)	76.34
AYEL01058956.1:9534-9635(-)	71.29
AYEL01069139.1:3264-3391(-)	73.77
AYEL01087618.1:209813-209936(+)	70.73
AYEL01078764.1:67384-67504(-)	73.33
AYEL01074044.1:6799-6922(-)	73.98
AYEL01045404.1:909-1338(+,-)	72.86
AYEL01072116.1:3391-3511(+)	67.07
AYEL01062576.1:35731-35841(+)	77.61
AYEL01070497.1:4353-4506(-)	80.41
AYEL01043461.1:37588-37707(+)	72.27
AYEL01065794.1:1400-1524(+)	70.09
AYEL01081590.1:25756-25884(-)	75.61
AYEL01085028.1:7421-7547(+)	77.69
AYEL01063185.1:7257-7360(-)	64.89
AYEL01084424.1:28-152(-)	72.36
AYEL01078875.1:54127-54242(+)	76.36
AYEL01076495.1:7796-7918(-)	74.59
AYEL01068948.1:25305-25404(-)	77.66
AYEL01070486.1:20738-20856(-)	68.64
AYEL01090541.1:149497-149909(+,-)	63.74
AYEL01089137.1:64961-65084(-)	74.49
AYEL01067502.1:15103-15230(+)	73.77
AYEL01071199.1:3165-3297(-)	78.05
AYEL01080142.1:8581-8704(-)	72.36
AYEL01077380.1:16870-16998(-)	78.05
AYEL01088423.1:7727-7848(-)	67.52
AYEL01078441.1:1654-1821(-)	76.70
AYEL01084570.1:5758-5870(+)	75.23
AYEL01072074.1:55944-56067(-)	74.80
AYEL01085410.1:93081-93196(+)	65.85
AYEL01090298.1:48564-48686(+)	74.59
AYEL01078977.1:93178-93291(-)	76.99
AYEL01041097.1:484-602(-)	73.39
AYEL01091688.1:22711-22834(+)	73.17
AYEL01069794.1:41960-42140(-)	71.20
AYEL01086939.1:80640-80778(-)	78.26
AYEL01066864.1:148980-149150(-)	68.50
AYEL01066870.1:16970-17097(-)	73.77
AYEL01063412.1:21225-21348(-)	70.73
AYEL01080543.1:19185-19312(+)	77.05
AYEL01050882.1:21057-21178(+)	77.67
AYEL01084653.1:65378-65807(+,-)	62.02
AYEL01078555.1:70807-70929(+)	76.23
AYEL01087379.1:68180-68574(+,-)	64.83
AYEL01086582.1:2399-2527(-)	76.86
AYEL01069360.1:12106-12223(-)	78.45
AYEL01092086.1:7627-7755(-)	77.87
AYEL01071858.1:27696-27815(-)	73.95
AYEL01072325.1:39346-39469(+)	75.61
AYEL01058684.1:16523-16651(+)	78.18
AYEL01089630.1:50904-51027(-)	73.17
AYEL01041909.1:21800-21921(+)	80.17
AYEL01066126.1:22594-22714(+)	66.97
AYEL01076947.1:14187-14294(+)	76.60
AYEL01030846.1:49721-49849(+)	77.87
AYEL01015950.1:3838-3954(-)	73.91
AYEL01084656.1:33610-33722(-)	77.00
AYEL01079754.1:3186-3309(-)	78.90
AYEL01064415.1:4384-4876(+,-)	63.00
AYEL01087068.1:39863-39980(-)	65.38
AYEL01069236.1:91974-92099(-)	68.03
AYEL01061381.1:14630-14807(-)	66.92
AYEL01081321.1:33324-33436(+)	78.89
AYEL01086720.1:10871-10993(+)	72.95
AYEL01078697.1:4286-4410(-)	78.15
AYEL01087899.1:16133-16261(-)	77.24
AYEL01056740.1:16199-16325(-)	78.69
AYEL01079005.1:15698-15810(+)	70.54
AYEL01089078.1:17759-17868(-)	75.96
AYEL01073655.1:14201-14328(-)	76.23
AYEL01017948.1:2907-3034(+)	77.87
AYEL01083246.1:43197-43320(-)	73.17
AYEL01076255.1:580-703(-)	73.98
AYEL01073846.1:35582-35680(-)	78.95
AYEL01081788.1:16008-16132(-)	76.42
AYEL01087240.1:38895-39014(+)	80.26
AYEL01080188.1:8105-8229(-)	75.61
AYEL01081702.1:56980-57086(+)	82.65
AYEL01066127.1:13217-13344(+)	79.09
AYEL01085342.1:14325-14431(-)	70.75
AYEL01056277.1:15859-15982(+)	73.77
AYEL01088157.1:3801-3922(-)	74.38
AYEL01071517.1:2348-2471(-)	78.86
AYEL01083438.1:29827-29945(-)	77.67
AYEL01083549.1:14590-14721(+)	74.59
AYEL01068929.1:15441-15557(+)	74.14
AYEL01087636.1:9027-9152(-)	65.83
AYEL01060631.1:6721-6820(-)	80.21
AYEL01074821.1:46297-46411(-)	76.15
AYEL01088798.1:27025-27147(+)	74.36
AYEL01069646.1:14942-15066(-)	72.36
AYEL01086112.1:54173-54277(-)	79.61
AYEL01070287.1:33709-33828(+)	72.32
AYEL01089984.1:18826-18955(-)	69.92
AYEL01069165.1:12715-12843(+)	77.05
AYEL01075007.1:67569-67675(+)	76.29
AYEL01064344.1:37190-37315(-)	74.36
AYEL01023232.1:20827-20930(+)	77.78
AYEL01077300.1:5724-5847(-)	79.67
AYEL01082045.1:1470-1578(+)	70.30
AYEL01086609.1:36877-37000(+)	71.31
AYEL01077738.1:61821-61943(+)	72.13
AYEL01090842.1:9579-9702(+)	74.80
AYEL01041349.1:299-424(-)	72.50
AYEL01077724.1:24240-24367(+)	73.55
AYEL01054427.1:10350-10469(+)	76.04
AYEL01069511.1:15289-15408(+)	76.07
AYEL01090894.1:48871-48971(+)	78.35
AYEL01078638.1:51408-51535(-)	76.23
AYEL01071767.1:17346-17468(+)	73.77
AYEL01077740.1:11806-12201(+,-)	64.44
AYEL01039915.1:1105-1232(-)	69.92
AYEL01077467.1:1357-1478(+)	73.95
AYEL01063228.1:54325-54744(+,-)	66.42
AYEL01086805.1:20787-20899(+)	71.43
AYEL01073235.1:5379-5485(+)	80.77
AYEL01056454.1:30153-30274(+)	74.17
AYEL01076788.1:18476-18598(+)	72.13
AYEL01085702.1:34660-34779(-)	69.75
AYEL01009611.1:15068-15173(-)	70.48
AYEL01084801.1:7137-7251(-)	72.07
AYEL01067954.1:3356-3476(-)	68.33
AYEL01072012.1:54370-54490(+)	73.95
AYEL01039597.1:10669-10787(-)	74.58
AYEL01091962.1:24997-25119(+)	72.13
AYEL01022292.1:72538-72661(-)	70.73
AYEL01050533.1:58990-59107(-)	78.85
AYEL01080451.1:3678-3799(+)	75.49
AYEL01084388.1:10079-10181(-)	79.38
AYEL01063420.1:10182-10305(-)	71.54
AYEL01090302.1:58863-58986(+)	75.61
AYEL01072772.1:59197-59334(-)	81.82
AYEL01087828.1:28463-28590(-)	74.59
AYEL01042804.1:1340-1461(+)	75.21
AYEL01071335.1:1925-2047(+)	80.82
AYEL01063564.1:15362-15485(-)	69.67
AYEL01089459.1:369-482(-)	71.03
AYEL01091320.1:1492-1618(-)	77.69
AYEL01056672.1:4498-4617(-)	76.42
AYEL01063143.1:16124-16245(+)	72.73
AYEL01034204.1:16789-16916(-)	77.05
AYEL01090263.1:26514-26635(-)	74.04
AYEL01080734.1:28409-28536(-)	72.95
AYEL01084825.1:16917-17042(-)	75.83
AYEL01058986.1:98521-98634(-)	76.42
AYEL01087594.1:15059-15180(+)	75.21
AYEL01010807.1:447-573(+)	72.73
AYEL01049041.1:64306-64431(+)	72.65
AYEL01090729.1:7506-7631(-)	76.67
AYEL01054502.1:8107-8230(-)	73.17
AYEL01078554.1:28622-28745(+)	73.17
AYEL01091586.1:15086-15209(+)	73.98
AYEL01077335.1:18643-18760(+)	75.96
AYEL01057321.1:43477-43600(+)	73.98
AYEL01085754.1:28521-28649(-)	67.48
AYEL01081174.1:38456-38583(+)	73.77
AYEL01051137.1:35574-35696(+)	83.51
AYEL01080056.1:7728-7910(+,-)	72.83
AYEL01091167.1:14125-14247(+)	74.59
AYEL01059722.1:4884-5007(+)	73.28
AYEL01070212.1:5733-5855(+)	69.49
AYEL01067920.1:1759-1875(+)	72.41
AYEL01083982.1:5867-5988(-)	74.38
AYEL01072073.1:26065-26183(-)	75.42
AYEL01084145.1:3937-4046(-)	78.30
AYEL01081023.1:5129-5270(-)	80.90
AYEL01070231.1:7935-8049(-)	72.57
AYEL01075797.1:9232-9350(+)	74.77
AYEL01021110.1:141662-142110(+,-)	69.42
AYEL01089607.1:1819-1944(+)	73.98
AYEL01063146.1:62458-62564(-)	74.29
AYEL01065689.1:44184-44299(+)	71.30
AYEL01090594.1:24534-24658(-)	73.98
AYEL01068652.1:10119-10246(-)	77.05
AYEL01075352.1:17117-17240(-)	73.98
AYEL01088135.1:14062-14188(-)	75.21
AYEL01056282.1:16762-16886(+)	73.17
AYEL01072499.1:76940-77045(-)	83.87
AYEL01065840.1:13578-13701(-)	71.54
AYEL01077126.1:757-879(+)	77.87
AYEL01086153.1:2325-2453(-)	77.69
AYEL01089795.1:67047-67175(-)	73.17
AYEL01084736.1:11972-12091(+)	70.48
AYEL01062112.1:2066-2175(-)	73.39
AYEL01077740.1:23970-24069(+)	77.42
AYEL01036604.1:278-400(+)	71.31
AYEL01058988.1:74751-74871(-)	75.83
AYEL01077217.1:1142-1349(+)	74.14
AYEL01088347.1:31000-31100(-)	72.00
AYEL01072615.1:18841-18952(-)	78.16
AYEL01091149.1:3175-3295(+)	82.52
AYEL01089549.1:12704-12831(-)	76.23
AYEL01089633.1:7626-8023(+,-)	72.54
AYEL01073712.1:1940-2048(+)	71.13
AYEL01082096.1:67248-67365(-)	77.78
AYEL01030503.1:40634-40755(+)	72.73
AYEL01091190.1:5699-5822(-)	74.80
AYEL01076485.1:10610-11007(+,-)	61.50
AYEL01072290.1:17750-17878(-)	73.98
AYEL01085228.1:47991-48118(+)	75.41
AYEL01068442.1:9460-9577(-)	71.93
AYEL01063383.1:16790-16916(-)	78.90
AYEL01048978.1:7943-8070(+)	77.05
AYEL01052957.1:20645-20759(+)	73.68
AYEL01090840.1:36776-36903(+)	73.98
AYEL01067660.1:34731-34853(-)	76.86
AYEL01069511.1:16090-16208(+)	66.96
AYEL01086045.1:6383-6499(-)	66.09
AYEL01065764.1:79075-79197(+)	69.67
AYEL01059087.1:52-178(+)	77.69
AYEL01070176.1:5689-5812(+)	72.36
AYEL01068920.1:62121-62244(+)	74.80
AYEL01023232.1:20972-21098(+)	77.87
AYEL01088287.1:90558-90726(-)	71.76
AYEL01080378.1:1569-1696(+)	74.59
AYEL01080461.1:50534-50657(+)	71.54
AYEL01069589.1:3912-4034(+)	72.13
AYEL01072106.1:28523-28940(+,-)	66.93
AYEL01047202.1:40134-40249(-)	65.85
AYEL01074189.1:49148-49269(-)	71.90
AYEL01086031.1:42956-43085(+)	78.81
AYEL01058257.1:12067-12189(+)	77.87
AYEL01075463.1:24810-24930(+)	58.33
AYEL01088452.1:2388-2509(+)	71.07
AYEL01073993.1:17509-17640(-)	77.69
AYEL01074127.1:9147-9270(+)	71.54
AYEL01092086.1:7317-7445(-)	77.87
AYEL01023224.1:18448-18564(+)	74.14
AYEL01084850.1:27923-28047(+)	70.25
AYEL01076842.1:20028-20151(-)	74.80
AYEL01060598.1:18417-18539(-)	75.45
AYEL01071723.1:35263-35388(+)	68.85
AYEL01091230.1:63920-64043(+)	72.95
AYEL01065059.1:54052-54171(-)	73.39
AYEL01092033.1:91670-91794(-)	76.47
AYEL01089702.1:9872-9994(+)	75.41
AYEL01073255.1:1583-1704(+)	76.03
AYEL01083384.1:4887-5001(-)	77.19
AYEL01030502.1:14017-14140(-)	76.42
AYEL01036943.1:9470-9583(+)	70.37
AYEL01046937.1:19538-19665(-)	73.77
AYEL01091030.1:8327-8462(-)	77.24
AYEL01040539.1:3175-3290(+)	72.41
AYEL01080031.1:66886-67065(-)	69.92
AYEL01038183.1:24-150(+)	71.54
AYEL01007844.1:4134-4254(-)	76.52
AYEL01047092.1:19064-19192(+)	73.98
AYEL01067511.1:17627-18084(+,-)	61.31
AYEL01073282.1:30436-30549(-)	69.64
AYEL01075473.1:9295-9422(+)	76.23
AYEL01089756.1:3971-4094(+)	72.36
AYEL01075361.1:686-814(+)	78.05
AYEL01085169.1:9383-9786(+,-)	64.54
AYEL01079502.1:13045-13193(+)	75.61
AYEL01011110.1:2869-3089(-)	76.67
AYEL01050791.1:7724-7838(-)	77.19
AYEL01057401.1:12154-12277(+)	73.98
AYEL01073430.1:3026-3151(+)	73.98
AYEL01090017.1:57781-57905(-)	78.69
AYEL01087290.1:33470-33597(-)	71.31
AYEL01056466.1:23360-23790(+,-)	63.01
AYEL01068653.1:27022-27145(+)	73.98
AYEL01076555.1:47223-47599(+,-)	68.36
AYEL01050219.1:14313-14440(-)	76.86
AYEL01064382.1:7577-7713(-)	76.19
AYEL01056853.1:24719-24846(-)	72.95
AYEL01091754.1:19942-20192(+,-)	72.73
AYEL01085224.1:43585-43714(-)	76.03
AYEL01088341.1:306-426(+)	76.47
AYEL01011108.1:72472-72595(-)	76.42
AYEL01036365.1:93941-94107(-)	66.39
AYEL01061170.1:28510-28632(+)	75.41
AYEL01085712.1:74120-74236(+)	74.31
AYEL01083246.1:20756-20860(+)	74.76
AYEL01079459.1:71640-71767(+)	80.34
AYEL01087328.1:8078-8200(-)	81.82
AYEL01091638.1:54708-54820(+)	73.79
AYEL01075117.1:43643-43760(-)	77.88
AYEL01075123.1:16360-16479(-)	74.79
AYEL01086644.1:3861-3978(+)	74.36
AYEL01090709.1:32565-32688(-)	70.73
AYEL01072568.1:25670-25790(-)	81.37
AYEL01069310.1:18277-18404(-)	76.23
AYEL01083033.1:9536-9658(-)	74.59
AYEL01086077.1:3855-3975(-)	76.92
AYEL01063566.1:1816-1931(+)	67.07
AYEL01075762.1:6167-6286(-)	68.97
AYEL01091654.1:7971-8099(-)	78.51
AYEL01054735.1:23879-24006(-)	74.59
AYEL01060118.1:3034-3161(+)	77.05
AYEL01043958.1:23920-24063(-)	73.17
AYEL01057628.1:37286-37394(-)	77.57
AYEL01067260.1:40517-40623(-)	71.15
AYEL01055093.1:836-957(-)	74.38
AYEL01077227.1:8521-8645(-)	75.61
AYEL01067658.1:14581-14706(+)	69.67
AYEL01069781.1:15156-15274(+)	71.19
AYEL01081281.1:4130-4249(-)	78.90
AYEL01073361.1:97378-97504(+)	73.55
AYEL01074114.1:3921-4048(+)	73.77
AYEL01070738.1:3791-3914(-)	70.73
AYEL01090926.1:15512-15639(-)	76.23
AYEL01078100.1:31617-31749(+)	73.11
AYEL01084665.1:54437-54559(+)	74.59
AYEL01080780.1:84518-84620(-)	71.13
AYEL01086441.1:32873-33001(+)	73.17
AYEL01079928.1:144541-144678(-)	79.38
AYEL01073638.1:30591-30713(-)	72.13
AYEL01070414.1:29235-29356(+)	74.38
AYEL01075117.1:43490-43599(-)	80.26
AYEL01082080.1:955-1125(-)	75.73
AYEL01065272.1:55411-55539(+)	74.80
AYEL01053578.1:10449-10572(+)	75.61
AYEL01089851.1:33409-33514(-)	83.56
AYEL01067040.1:64106-64234(+)	74.80
AYEL01075674.1:69102-69221(-)	74.79
AYEL01064240.1:4136-4264(+)	75.61
AYEL01071107.1:15570-15688(+)	76.27
AYEL01083473.1:22562-22685(+)	74.80
AYEL01089064.1:37448-37921(+,-)	64.24
AYEL01078482.1:63329-63453(+)	69.11
AYEL01046494.1:19675-19794(-)	78.65
AYEL01059501.1:19571-19694(+)	72.95
AYEL01082070.1:13498-13669(-)	78.50
AYEL01074803.1:4587-4710(+)	72.36
AYEL01049926.1:48692-48812(+)	74.17
AYEL01056180.1:20717-20837(+)	75.00
AYEL01086132.1:31682-31837(-)	80.81
AYEL01090487.1:44474-44602(-)	75.83
AYEL01034523.1:64936-65063(+)	77.05
AYEL01067819.1:8575-8698(-)	73.17
AYEL01070314.1:30189-30312(-)	73.17
AYEL01055142.1:1022-1143(+)	74.38
AYEL01084332.1:20963-21074(-)	66.29
AYEL01090577.1:10047-10151(-)	78.57
AYEL01084105.1:19893-20015(+)	74.59
AYEL01088230.1:1955-2078(+)	77.24
AYEL01061812.1:9415-9514(+)	72.06
AYEL01077970.1:17559-17686(+)	72.36
AYEL01060623.1:5185-5324(+)	73.77
AYEL01061946.1:14947-15075(-)	70.73
AYEL01070927.1:4467-4594(+)	67.48
AYEL01060221.1:16432-16555(+)	70.73
AYEL01008350.1:51-207(-)	80.41
AYEL01081786.1:28891-29013(+)	78.81
AYEL01068504.1:50005-50128(-)	73.98
AYEL01079035.1:30900-31024(-)	78.86
AYEL01088176.1:890-1013(-)	77.24
AYEL01074212.1:30214-30335(+)	76.27
AYEL01085606.1:34278-34406(+)	71.54
AYEL01080461.1:95408-95527(-)	73.73
AYEL01090218.1:3757-3877(-)	81.67
AYEL01066733.1:1332-1451(-)	76.27
AYEL01064154.1:13568-13686(+)	72.03
AYEL01085623.1:12918-13407(+,-)	63.52
AYEL01085449.1:8405-8523(+)	79.66
AYEL01026010.1:9733-9849(+)	63.39
AYEL01064643.1:74026-74148(+)	72.13
AYEL01089286.1:616-741(+)	76.67
AYEL01071478.1:26195-26318(+)	70.73
AYEL01060655.1:5889-6002(-)	75.23
AYEL01079954.1:61199-61324(-)	73.98
AYEL01052469.1:26941-27063(+)	72.95
AYEL01067363.1:19871-19996(-)	73.77
AYEL01080894.1:21611-21734(+)	73.98
AYEL01084738.1:28575-28699(+)	76.42
AYEL01065497.1:43687-43808(-)	75.21
AYEL01074125.1:11408-11528(+)	72.65
AYEL01077372.1:24295-24417(-)	72.73
AYEL01088889.1:242948-243068(-)	73.33
AYEL01085137.1:23147-23268(-)	72.73
AYEL01084023.1:11998-12121(-)	80.58
AYEL01076410.1:42886-43011(+)	73.98
AYEL01073800.1:9296-9416(+)	76.70
AYEL01079830.1:5259-5377(+)	69.23
AYEL01087093.1:1012-1123(-)	72.07
AYEL01045424.1:1353-1476(-)	71.54
AYEL01079424.1:13073-13196(-)	73.17
AYEL01069924.1:5480-5625(+)	76.23
AYEL01085697.1:54494-54619(-)	75.41
AYEL01065507.1:20764-20887(+)	73.98
AYEL01085489.1:10207-10325(-)	76.58
AYEL01075644.1:23525-23633(+)	76.70
AYEL01058844.1:5712-5834(-)	66.94
AYEL01081590.1:10087-10211(-)	72.36
AYEL01084583.1:72346-72472(+)	76.23
AYEL01056454.1:18865-19253(+,-)	65.23
AYEL01084314.1:695-822(-)	72.95
AYEL01090303.1:3438-3559(+)	74.38
AYEL01076747.1:11225-11350(+)	74.80
AYEL01039548.1:12589-12712(+)	76.42
AYEL01042347.1:5236-5649(+,-)	64.91
AYEL01086456.1:47748-47863(+)	66.67
AYEL01064694.1:76379-76507(-)	71.54
AYEL01073023.1:23142-23265(+)	75.61
AYEL01018222.1:2241-2365(+)	72.36
AYEL01088310.1:19141-19261(-)	74.17
AYEL01081895.1:4299-4415(+)	80.17
AYEL01085601.1:4286-4708(+,-)	63.82
AYEL01084900.1:6109-6224(+)	74.56
AYEL01073388.1:685-808(+)	72.36
AYEL01022423.1:78531-78654(+)	77.24
AYEL01086199.1:1970-2170(-)	77.91
AYEL01085584.1:100459-100587(+)	70.73
AYEL01055125.1:12582-12705(+)	80.49
AYEL01086866.1:12437-12547(-)	85.92
AYEL01075620.1:29183-29307(-)	75.23
AYEL01049451.1:4021-4144(+)	69.11
AYEL01089804.1:61968-62090(+)	71.31
AYEL01088930.1:17168-17340(-)	69.17
AYEL01070022.1:23744-23853(-)	81.73
AYEL01071898.1:48300-48421(+)	75.21
AYEL01060854.1:18055-18179(-)	75.73
AYEL01091340.1:179412-179531(-)	72.07
AYEL01065236.1:7563-7683(+)	73.33
AYEL01091309.1:66338-66457(+)	76.47
AYEL01053421.1:91140-91267(+)	72.13
AYEL01052005.1:2223-2370(+)	77.24
AYEL01092322.1:22537-22654(-)	72.65
AYEL01052036.1:39749-39871(-)	72.13
AYEL01073651.1:74701-75100(+,-)	64.61
AYEL01069681.1:17247-17365(-)	68.64
AYEL01070017.1:21418-21540(-)	72.95
AYEL01081231.1:19135-19259(-)	81.90
AYEL01047412.1:35985-36090(-)	70.59
AYEL01071673.1:72623-72745(-)	76.23
AYEL01085001.1:32635-32757(+)	76.23
AYEL01060426.1:29046-29166(+)	75.00
AYEL01075680.1:11241-11675(+,-)	73.71
AYEL01064655.1:49531-49650(-)	72.27
AYEL01072616.1:4573-4694(+)	71.07
AYEL01076244.1:3659-3781(-)	74.59
AYEL01021110.1:19354-19473(-)	77.31
AYEL01090877.1:60098-60224(-)	77.69
AYEL01081008.1:1495-1672(-)	76.58
AYEL01086323.1:3516-3635(-)	78.15
AYEL01055485.1:53160-53277(-)	74.36
AYEL01080625.1:27131-27240(-)	81.25
AYEL01067390.1:39804-39931(+)	76.23
AYEL01082710.1:18989-19116(-)	77.05
AYEL01086820.1:14593-14721(+)	71.31
AYEL01082353.1:51726-51852(+)	77.78
AYEL01067940.1:18605-18716(+)	81.55
AYEL01087265.1:11976-12396(+,-)	67.82
AYEL01086137.1:55670-55798(-)	73.17
AYEL01077987.1:5714-5827(+)	78.76
AYEL01091338.1:14579-14696(+)	71.43
AYEL01080063.1:27322-27450(+)	73.77
AYEL01052658.1:4873-5000(+)	74.59
AYEL01068814.1:9144-9267(+)	73.77
AYEL01066328.1:42590-42716(-)	77.24
AYEL01042931.1:6586-6709(-)	74.80
AYEL01049935.1:11594-11712(-)	70.34
AYEL01069240.1:63513-63636(+)	72.36
AYEL01034008.1:9044-9199(-)	74.75
AYEL01066460.1:22703-22829(-)	76.03
AYEL01074035.1:82586-82714(-)	77.05
AYEL01087651.1:10493-10616(+)	76.23
AYEL01039594.1:12797-12915(+)	75.79
AYEL01079230.1:4925-5048(-)	73.98
AYEL01081680.1:13193-13315(+)	72.73
AYEL01088783.1:18683-18799(-)	73.91
AYEL01082534.1:24831-24959(-)	73.98
AYEL01079761.1:71701-71824(+)	70.73
AYEL01074295.1:24702-24822(-)	74.55
AYEL01085154.1:392-508(-)	68.29
AYEL01081668.1:54312-54436(+)	71.43
AYEL01022415.1:24631-25144(+,-)	60.91
AYEL01012895.1:2206-2333(+)	69.11
AYEL01080594.1:62367-62486(-)	77.78
AYEL01088346.1:8357-8480(+)	74.80
AYEL01089768.1:2780-2901(-)	77.69
AYEL01015532.1:12099-12215(+)	80.56
AYEL01066574.1:162320-162441(+)	72.88
AYEL01084869.1:19166-19292(+)	71.07
AYEL01088890.1:531-651(-)	73.33
AYEL01049826.1:45431-45558(+)	71.54
AYEL01072402.1:47312-47432(+)	75.00
AYEL01068951.1:1598-1721(+)	77.24
AYEL01056844.1:8553-8679(+)	73.55
AYEL01073870.1:4384-4500(+)	75.86
AYEL01058607.1:18925-19023(-)	79.75
AYEL01087142.1:18816-18937(-)	70.83
AYEL01076948.1:3760-3888(-)	73.17
AYEL01081467.1:8670-8797(-)	73.77
AYEL01080499.1:29903-30004(-)	75.86
AYEL01067872.1:26182-26358(-)	76.03
AYEL01083998.1:17365-17483(-)	75.42
AYEL01067248.1:48470-48592(-)	73.77
AYEL01049210.1:1449-1567(-)	76.27
AYEL01062847.1:15789-15912(+)	73.98
AYEL01084616.1:24381-24508(+)	75.41
AYEL01073836.1:489-896(+,-)	62.77
AYEL01075226.1:6903-7026(+)	73.17
AYEL01064397.1:18507-18638(-)	77.05
AYEL01058693.1:6466-6625(-)	78.57
AYEL01062992.1:59730-59858(+)	73.17
AYEL01073093.1:3609-3726(-)	81.48
AYEL01090297.1:35233-35353(+)	76.67
AYEL01061769.1:11207-11331(+)	74.79
AYEL01085878.1:107237-107359(+)	73.77
AYEL01051850.1:298029-298150(+)	76.03
AYEL01062510.1:5391-5514(+)	73.98
AYEL01090879.1:16403-16819(+,-)	67.96
AYEL01076862.1:2131-2286(-)	72.53
AYEL01086067.1:42968-43083(+)	73.04
AYEL01062243.1:12367-12489(+)	72.88
AYEL01057247.1:13762-13880(-)	72.03
AYEL01084463.1:128759-128873(+)	78.85
AYEL01078251.1:12024-12149(-)	73.73
AYEL01065103.1:6581-6695(+)	67.90
AYEL01074570.1:3776-4194(+,-)	63.87
AYEL01074363.1:17600-17716(+)	76.85
AYEL01081405.1:60885-61007(-)	72.13
AYEL01072861.1:1190-1313(+)	77.24
AYEL01051214.1:19928-20047(+)	72.27
AYEL01066112.1:10580-10771(-)	69.49
AYEL01088194.1:60118-60244(+)	70.73
AYEL01087068.1:40469-40591(-)	73.55
AYEL01088597.1:7751-7881(-)	77.05
AYEL01072980.1:69480-69603(+)	76.42
AYEL01077107.1:33254-33369(-)	66.67
AYEL01085447.1:17319-17450(+)	72.36
AYEL01091149.1:2708-2828(+)	82.52
AYEL01077479.1:11358-11484(+)	79.59
AYEL01082689.1:16119-16237(+)	66.95
AYEL01087715.1:18235-18363(-)	73.98
AYEL01060227.1:28597-28721(-)	72.88
AYEL01050529.1:7618-7745(+)	74.59
AYEL01090168.1:32935-33063(-)	75.61
AYEL01085846.1:67449-67570(-)	77.69
AYEL01088261.1:64518-64641(+)	73.17
AYEL01076974.1:6516-6956(+,-)	72.82
AYEL01076223.1:14629-14749(+)	74.55
AYEL01053337.1:2723-2844(-)	75.83
AYEL01061093.1:2904-3031(+)	77.05
AYEL01085598.1:23173-23563(+,-)	74.55
AYEL01091789.1:32296-32419(-)	77.24
AYEL01090772.1:15755-15876(-)	72.73
AYEL01075744.1:19403-19563(-)	67.77
AYEL01060510.1:9088-9209(+)	70.25
AYEL01075039.1:38888-39007(+)	73.95
AYEL01072325.1:36761-36884(+)	75.61
AYEL01081365.1:22481-22602(-)	71.90
AYEL01085676.1:102965-103089(-)	71.54
AYEL01043420.1:218-344(-)	77.69
AYEL01059554.1:23530-23653(+)	73.98
AYEL01084853.1:39508-39628(-)	78.15
AYEL01084537.1:64080-64203(+)	74.80
AYEL01080767.1:11447-11570(-)	75.61
AYEL01090613.1:19447-19551(-)	72.73
AYEL01081412.1:13698-13821(+)	76.07
AYEL01051380.1:40259-40357(+)	80.41
AYEL01014024.1:719-1140(+,-)	62.32
AYEL01080445.1:69602-69717(+)	75.23
AYEL01051038.1:33586-33708(+)	72.13
AYEL01062197.1:9152-9271(+)	76.47
AYEL01056090.1:28871-28993(+)	75.41
AYEL01015936.1:26584-26706(+)	75.41
AYEL01089111.1:15929-16324(+,-)	63.94
AYEL01074822.1:59035-59158(-)	77.87
AYEL01070526.1:20413-20541(-)	73.98
AYEL01083661.1:7461-7583(+)	72.13
AYEL01085021.1:30519-30640(-)	73.73
AYEL01069084.1:111563-111687(-)	74.80
AYEL01051042.1:53143-53272(+)	71.70
AYEL01078308.1:11520-11637(-)	77.66
AYEL01091340.1:9782-9903(-)	72.48
AYEL01057624.1:30265-30369(+)	80.81
AYEL01080425.1:9788-9901(+)	71.68
AYEL01015060.1:110876-111275(+,-)	68.82
AYEL01080461.1:94919-95041(+)	74.38
AYEL01085998.1:43657-43764(+)	83.67
AYEL01074778.1:17797-17920(-)	78.86
AYEL01063401.1:211-335(+)	70.73
AYEL01021396.1:24451-24564(-)	75.22
AYEL01091782.1:60130-60233(+)	84.42
AYEL01062383.1:10464-10589(+)	72.36
AYEL01084616.1:19245-19347(-)	70.18
AYEL01087685.1:10798-10916(-)	75.42
AYEL01084202.1:29678-29805(-)	77.05
AYEL01028653.1:56494-56612(-)	74.58
AYEL01073397.1:41111-41234(+)	72.36
AYEL01080461.1:75674-75792(-)	70.94
AYEL01076290.1:65074-65197(-)	72.36
AYEL01063772.1:21608-22024(+,-)	64.82
AYEL01063638.1:72138-72262(-)	72.95
AYEL01053912.1:81978-82100(-)	78.69
AYEL01090512.1:9773-9888(+)	65.85
AYEL01085618.1:36241-36359(-)	77.39
AYEL01070700.1:21518-21638(-)	79.17
AYEL01063848.1:456-571(+)	69.51
AYEL01082096.1:42951-43102(+)	80.33
AYEL01050805.1:32930-33034(-)	75.96
AYEL01080302.1:27893-28023(+)	74.79
AYEL01040566.1:57129-57561(+,-)	61.78
AYEL01063146.1:4894-5011(-)	66.96
AYEL01015688.1:1191-1312(+)	74.38
AYEL01059853.1:57065-57187(+)	73.77
AYEL01051937.1:56055-56159(+)	77.67
AYEL01090811.1:6493-6620(-)	72.13
AYEL01045485.1:8-131(-)	69.92
AYEL01072412.1:6872-6995(+)	73.77
AYEL01064408.1:39785-39898(+)	81.42
AYEL01080465.1:4633-4753(+)	69.17
AYEL01077707.1:1563-1688(+)	71.54
AYEL01078945.1:42881-43006(+)	75.00
AYEL01076226.1:27046-27170(+)	75.76
AYEL01083085.1:8105-8224(+)	76.32
AYEL01039910.1:4073-4174(+)	81.72
AYEL01049492.1:35142-35269(+)	76.23
AYEL01050769.1:7-141(+)	76.40
AYEL01082747.1:13546-13669(+)	75.93
AYEL01090189.1:11168-11284(+)	73.64
AYEL01077254.1:175747-175870(-)	71.54
AYEL01080740.1:60037-60162(+)	77.24
AYEL01092383.1:202637-202755(-)	70.94
AYEL01091538.1:12739-12866(+)	75.41
AYEL01080781.1:14002-14111(+)	82.42
AYEL01070480.1:20022-20144(+)	75.41
AYEL01064942.1:16604-16705(-)	77.78
AYEL01084387.1:36361-36483(-)	75.41
AYEL01052381.1:16780-16883(+)	77.66
AYEL01051384.1:14855-14977(+)	73.77
AYEL01077679.1:24372-24493(+)	70.83
AYEL01086449.1:101694-101821(+)	72.13
AYEL01061330.1:12540-12718(-)	78.90
AYEL01084514.1:787-910(+)	72.36
AYEL01053707.1:19025-19149(+)	76.42
AYEL01077742.1:9063-9174(+)	78.38
AYEL01060433.1:7134-7261(-)	78.51
AYEL01082531.1:4200-4315(+)	67.07
AYEL01090490.1:72583-72707(+)	78.05
AYEL01086885.1:8396-8687(-)	74.24
AYEL01075511.1:12564-12692(+)	71.07
AYEL01067847.1:12461-12573(-)	71.43
AYEL01068334.1:771-892(+)	76.67
AYEL01039616.1:28882-29009(+)	79.51
AYEL01064035.1:7518-7640(-)	80.17
AYEL01084728.1:6173-6302(-)	73.55
AYEL01073608.1:2468-2596(-)	74.59
AYEL01080529.1:22733-22851(+)	77.78
AYEL01076820.1:5985-6108(+)	73.98
AYEL01063985.1:8905-9028(-)	76.42
AYEL01088560.1:25088-25210(-)	75.41
AYEL01077419.1:22927-23055(-)	74.80
AYEL01064252.1:19659-19780(+)	73.55
AYEL01089433.1:38230-38350(-)	75.45
AYEL01091041.1:22784-22962(-)	71.43
AYEL01070490.1:5625-5745(+)	73.33
AYEL01078036.1:24273-24392(+)	72.27
AYEL01034976.1:1146-1271(+)	74.17
AYEL01071639.1:30357-30480(+)	73.98
AYEL01081677.1:26536-26658(-)	70.49
AYEL01083419.1:40182-40591(+,-)	68.31
AYEL01075451.1:16291-16398(+)	71.03
AYEL01055999.1:36468-36592(-)	76.92
AYEL01080085.1:5780-5901(-)	74.38
AYEL01083224.1:192066-192569(+,-)	63.22
AYEL01087582.1:10082-10196(-)	66.67
AYEL01080694.1:29822-29937(+)	77.14
AYEL01091700.1:7815-7937(+)	73.77
AYEL01029143.1:3022-3149(+)	77.05
AYEL01060820.1:5902-6015(+)	71.68
AYEL01073403.1:14588-14713(-)	73.15
AYEL01085247.1:25913-26034(-)	72.73
AYEL01080721.1:7179-7302(+)	73.98
AYEL01081873.1:35676-35798(-)	74.59
AYEL01064053.1:97441-97563(+)	78.38
AYEL01077335.1:35863-35975(-)	74.11
AYEL01086471.1:15594-15718(+)	71.54
AYEL01064139.1:16299-16422(+)	74.59
AYEL01083921.1:6243-6623(+,-)	65.27
AYEL01087125.1:90508-90629(-)	72.50
AYEL01091877.1:29623-29751(+)	74.80
AYEL01080481.1:6100-6219(-)	74.79
AYEL01067222.1:19959-20086(+)	72.95
AYEL01081207.1:323-446(-)	81.54
AYEL01089460.1:15755-15879(-)	70.25
AYEL01078238.1:171887-172007(-)	74.17
AYEL01084234.1:77521-77643(+)	77.87
AYEL01074085.1:55177-55289(-)	71.43
AYEL01072045.1:90728-90849(+)	68.60
AYEL01058377.1:4232-4684(+,-)	64.03
AYEL01060934.1:125604-125725(+)	70.25
AYEL01005433.1:338-768(+,-)	59.64
AYEL01066420.1:8183-8301(-)	71.19
AYEL01079959.1:1143-1271(+)	76.23
AYEL01027715.1:64271-64389(-)	77.12
AYEL01089307.1:10579-10702(+)	70.73
AYEL01082608.1:1047-1207(-)	77.53
AYEL01071648.1:6515-6631(+)	74.31
AYEL01076248.1:27355-27474(+)	74.14
AYEL01034417.1:2636-2756(-)	75.83
AYEL01082114.1:3236-3633(+,-)	64.47
AYEL01091355.1:6299-6417(-)	64.66
AYEL01082002.1:377-506(+)	79.66
AYEL01074665.1:6495-6599(-)	79.79
AYEL01081412.1:15027-15150(+)	73.98
AYEL01067653.1:5900-6034(+)	75.00
AYEL01081677.1:29598-29720(-)	71.31
AYEL01085116.1:3728-3851(+)	70.73
AYEL01075852.1:8752-8876(-)	73.17
AYEL01085684.1:19281-19404(+)	72.36
AYEL01056454.1:44568-44689(-)	75.00
AYEL01075082.1:4695-5044(+,-)	69.44
AYEL01070288.1:36877-36992(+)	79.38
AYEL01091197.1:55575-55691(-)	66.67
AYEL01076021.1:6964-7079(+)	70.27
AYEL01031140.1:2223-2336(+)	72.00
AYEL01070621.1:102487-102609(-)	68.85
AYEL01066470.1:1568-1691(+)	72.36
AYEL01066420.1:6752-6870(+)	70.34
AYEL01048162.1:17871-17997(+)	76.86
AYEL01056851.1:7734-7859(-)	68.60
AYEL01014402.1:13771-13880(-)	78.79
AYEL01090852.1:52507-52631(+)	77.12
AYEL01061015.1:6359-6487(-)	77.05
AYEL01067792.1:41543-41669(-)	77.69
AYEL01085745.1:42281-42402(-)	77.69
AYEL01083839.1:4043-4157(+)	74.56
AYEL01091369.1:23187-23303(+)	74.14
AYEL01090885.1:17851-17970(+)	73.95
AYEL01078898.1:30551-30673(-)	77.05
AYEL01065526.1:70571-70697(+)	73.77
AYEL01077784.1:11901-12028(-)	71.54
AYEL01082968.1:32565-32693(-)	72.36
AYEL01049979.1:12207-12334(+)	72.95
AYEL01087704.1:44235-44356(+)	78.51
AYEL01053585.1:16482-16606(-)	76.42
AYEL01089888.1:23241-23356(+)	72.17
AYEL01070758.1:663-780(+)	70.94
AYEL01081648.1:7817-7933(-)	73.28
AYEL01046115.1:53534-53661(-)	77.87
AYEL01067850.1:20670-20791(-)	77.69
AYEL01075561.1:6432-6584(+)	77.97
AYEL01088459.1:71710-71832(+)	73.79
AYEL01078446.1:29597-29712(-)	73.58
AYEL01068432.1:27112-27230(-)	80.00
AYEL01086441.1:73292-73419(-)	75.23
AYEL01086651.1:36486-36605(+)	77.31
AYEL01091524.1:10136-10255(-)	76.92
AYEL01057480.1:4380-4550(-)	77.78
AYEL01021110.1:135646-136095(+,-)	69.42
AYEL01089477.1:21413-21534(-)	75.21
AYEL01075667.1:159361-159483(-)	69.67
AYEL01088641.1:61550-61671(-)	77.98
AYEL01077099.1:10487-10617(+)	80.73
AYEL01072290.1:29362-29497(+)	75.61
AYEL01088602.1:54442-54566(-)	73.17
AYEL01092216.1:9016-9133(+)	77.27
AYEL01061094.1:10250-10641(+,-)	65.96
AYEL01069602.1:11171-11571(+,-)	64.35
AYEL01066781.1:36546-36670(-)	68.03
AYEL01060152.1:4563-4684(+)	71.90
AYEL01067390.1:31468-31591(+)	76.42
AYEL01092383.1:209489-209603(+)	74.34
AYEL01088737.1:4591-4712(-)	74.38
AYEL01083797.1:70215-70336(-)	80.61
AYEL01086854.1:126159-126284(+)	71.54
AYEL01059337.1:11259-11388(+)	73.98
AYEL01080461.1:94740-94862(-)	75.21
AYEL01068482.1:33606-33732(-)	72.36
AYEL01090787.1:52113-52230(-)	72.81
AYEL01060497.1:46254-46382(+)	74.80
AYEL01086897.1:139035-139156(+)	71.90
AYEL01084724.1:5098-5316(+)	73.57
AYEL01067877.1:18814-18931(-)	63.79
AYEL01051382.1:6841-6966(-)	75.83
AYEL01084396.1:14456-14582(+)	74.38
AYEL01061724.1:33697-33825(+)	77.05
AYEL01084122.1:17401-17527(+)	75.21
AYEL01068588.1:14790-14971(-)	76.61
AYEL01070742.1:59684-59808(-)	74.80
AYEL01040188.1:281-381(-)	68.00
AYEL01069665.1:35005-35112(+)	63.73
AYEL01083339.1:51276-51391(+)	68.29
AYEL01067756.1:20652-20776(+)	78.05
AYEL01063143.1:30436-30559(+)	73.17
AYEL01076235.1:49749-49877(+)	73.98
AYEL01083223.1:65338-65462(+)	77.27
AYEL01074152.1:28157-28285(-)	75.61
AYEL01091862.1:5508-5624(-)	77.59
AYEL01029524.1:18449-18576(-)	78.69
AYEL01075840.1:12670-12797(-)	72.13
AYEL01075073.1:95377-95498(-)	75.21
AYEL01072017.1:5129-5248(+)	79.82
AYEL01014023.1:8137-8260(-)	73.98
AYEL01071897.1:6226-6336(+)	78.10
AYEL01088318.1:5286-5403(+)	70.09
AYEL01082781.1:94505-94630(-)	73.73
AYEL01076286.1:78749-79176(+,-)	63.20
AYEL01089572.1:12896-13014(-)	71.19
AYEL01070609.1:31322-31445(-)	73.73
AYEL01081874.1:3075-3468(+,-)	67.14
AYEL01091080.1:2607-2711(+)	81.69
AYEL01079090.1:4914-5041(+)	68.85
AYEL01050751.1:46997-47123(-)	76.23
AYEL01083896.1:4833-4954(+)	70.94
AYEL01065413.1:41026-41184(-)	82.47
AYEL01088081.1:5196-5312(-)	73.28
AYEL01089576.1:48331-48444(+)	72.92
AYEL01075592.1:50278-50405(-)	74.59
AYEL01085355.1:7116-7271(-)	78.79
AYEL01072993.1:9078-9205(-)	79.51
AYEL01056438.1:5328-5456(+)	79.66
AYEL01086486.1:55499-55626(-)	80.33
AYEL01043376.1:1594-1718(+)	75.41
AYEL01073858.1:37213-37340(+)	73.98
AYEL01031026.1:7313-7436(+)	73.98
AYEL01091073.1:24408-24529(-)	80.17
AYEL01083235.1:45259-45379(+)	76.07
AYEL01066870.1:16802-16929(-)	75.41
AYEL01081530.1:417-751(+)	66.09
AYEL01066195.1:8981-9383(+,-)	62.79
AYEL01056460.1:26744-26872(+)	72.95
AYEL01086228.1:42169-42327(+)	83.33
AYEL01070391.1:9713-9836(-)	75.41
AYEL01012497.1:17981-18101(+)	74.17
AYEL01073909.1:5892-6063(-)	80.00
AYEL01089391.1:19470-19593(+)	73.17
AYEL01061655.1:89000-89122(-)	72.13
AYEL01063849.1:19045-19150(+)	77.00
AYEL01064111.1:16493-16595(-)	83.54
AYEL01080461.1:95552-95674(-)	74.38
AYEL01068929.1:15623-15739(+)	73.28
AYEL01068090.1:35523-35646(-)	73.17
AYEL01048065.1:4515-4921(+,-)	72.82
AYEL01013777.1:56574-56697(+)	76.23
AYEL01084575.1:52115-52246(+)	72.95
AYEL01081043.1:22002-22130(+)	74.80
AYEL01077364.1:7910-8035(-)	75.00
AYEL01077553.1:12625-12732(-)	85.29
AYEL01086629.1:30010-30133(+)	70.25
AYEL01084839.1:4310-4437(-)	77.05
AYEL01055793.1:20014-20140(-)	77.69
AYEL01083925.1:1050-1177(+)	69.92
AYEL01086854.1:51600-51724(+)	72.36
AYEL01086952.1:9818-9943(+)	77.12
AYEL01079443.1:4886-5008(-)	74.59
AYEL01075816.1:38579-38701(+)	73.28
AYEL01070388.1:68340-68464(+)	71.54
AYEL01081484.1:28111-28234(-)	73.98
AYEL01022666.1:3285-3412(-)	76.42
AYEL01084493.1:40163-40290(-)	77.05
AYEL01057694.1:78717-79111(+,-)	63.69
AYEL01073330.1:38875-38989(+)	79.17
AYEL01039460.1:16250-16363(-)	74.34
AYEL01070250.1:16099-16220(+)	75.00
AYEL01076301.1:2250-2379(+)	79.51
AYEL01084682.1:7174-7294(+)	77.50
AYEL01070582.1:2921-3043(+)	72.73
AYEL01055078.1:5176-5303(+)	74.59
AYEL01085533.1:17652-17774(+)	78.69
AYEL01054267.1:5900-6026(+)	73.55
AYEL01078631.1:7379-7495(+)	75.00
AYEL01073651.1:10902-11028(-)	76.03
AYEL01086854.1:39136-39263(-)	76.23
AYEL01071898.1:16534-16657(-)	73.17
AYEL01090823.1:11468-11869(+,-)	64.84
AYEL01081483.1:32-146(-)	71.05
AYEL01077686.1:24815-24943(-)	73.17
AYEL01039437.1:42575-42684(+)	83.53
AYEL01068117.1:2736-2857(+)	73.55
AYEL01038037.1:16884-17007(+)	76.92
AYEL01071353.1:1543-1664(+)	78.33
AYEL01064127.1:50761-50894(-)	78.75
AYEL01079859.1:40937-41038(-)	78.57
AYEL01072888.1:65838-65950(-)	75.89
AYEL01054908.1:4196-4314(-)	71.79
AYEL01081301.1:8621-9000(+,-)	69.14
AYEL01089189.1:5241-5358(-)	74.04
AYEL01071652.1:7318-7439(-)	75.00
AYEL01071913.1:13896-14020(-)	73.17
AYEL01046744.1:7834-7958(+)	72.27
AYEL01072491.1:14868-14995(+)	71.31
AYEL01066981.1:10840-11181(+,-)	69.47
AYEL01069973.1:60541-60668(+)	73.77
AYEL01076391.1:1985-2111(-)	76.03
AYEL01074347.1:65132-65255(+)	75.61
AYEL01017316.1:2473-2595(+)	75.41
AYEL01085654.1:0-111(+)	64.22
AYEL01079684.1:1430-1557(+)	69.67
AYEL01083521.1:30063-30187(+)	68.29
AYEL01084816.1:4613-4735(+)	74.59
AYEL01089001.1:29017-29445(+,-)	62.28
AYEL01074184.1:23235-23358(-)	69.11
AYEL01043465.1:53518-53906(+,-)	71.96
AYEL01078687.1:40183-40305(-)	78.51
AYEL01072100.1:25038-25147(+)	75.96
AYEL01051211.1:26036-26437(+,-)	64.09
AYEL01088591.1:15684-15807(-)	72.45
AYEL01088224.1:35282-35382(-)	78.49
AYEL01071753.1:31978-32098(-)	71.43
AYEL01081570.1:22016-22139(+)	72.36
AYEL01064041.1:29408-29533(-)	72.50
AYEL01069566.1:30219-30326(+)	74.53
AYEL01081943.1:26928-27045(-)	76.72
AYEL01049258.1:925-1046(+)	69.42
AYEL01072717.1:7983-8105(+)	72.95
AYEL01033095.1:13-136(-)	75.61
AYEL01090276.1:11570-11685(+)	65.85
AYEL01085546.1:12482-12604(-)	73.77
AYEL01049210.1:2317-2436(-)	76.47
AYEL01084030.1:9962-10085(-)	73.98
AYEL01091073.1:40563-40964(+,-)	63.40
AYEL01088888.1:354-459(+)	66.27
AYEL01085640.1:12127-12250(-)	70.73
AYEL01072374.1:9049-9175(+)	76.86
AYEL01089480.1:102582-102697(-)	70.43
AYEL01020689.1:6127-6256(+)	77.27
AYEL01064344.1:1513-1641(+)	78.69
AYEL01060915.1:98638-98752(+)	74.29
AYEL01086643.1:11488-11669(-)	72.80
AYEL01085228.1:32863-32989(-)	72.13
AYEL01079582.1:114812-114938(-)	70.73
AYEL01078339.1:12164-12282(-)	76.15
AYEL01080194.1:14530-14652(+)	74.59
AYEL01087923.1:41152-41269(-)	75.00
AYEL01072036.1:55091-55218(+)	73.77
AYEL01063904.1:16708-16836(+)	76.27
AYEL01071268.1:34160-34283(+)	72.36
AYEL01080727.1:20201-20324(+)	73.17
AYEL01086307.1:139924-140044(-)	78.33
AYEL01078629.1:19858-20032(-)	79.35
AYEL01082141.1:15412-15533(-)	75.00
AYEL01074084.1:248-367(-)	74.79
AYEL01090299.1:197-308(+)	69.37
AYEL01035020.1:163-290(+)	77.05
AYEL01054701.1:5280-5403(+)	74.59
AYEL01069673.1:38684-38850(-)	79.82
AYEL01069731.1:11853-11973(-)	73.04
AYEL01038771.1:36337-36460(-)	72.73
AYEL01070308.1:60252-60373(+)	73.55
AYEL01091423.1:59224-59341(-)	74.36
AYEL01070624.1:18738-19139(+,-)	67.52
AYEL01064053.1:78050-78174(-)	69.67
AYEL01091060.1:9455-9573(-)	76.99
AYEL01087379.1:88501-88624(+)	71.54
AYEL01034527.1:77136-77251(-)	66.67
AYEL01049571.1:31291-31420(+)	73.77
AYEL01088035.1:11329-11452(+)	73.98
AYEL01068790.1:14764-14890(-)	65.69
AYEL01089613.1:38708-38826(+)	76.27
AYEL01027579.1:9927-10062(+)	67.37
AYEL01080300.1:106170-106291(-)	74.31
AYEL01084258.1:28073-28194(-)	75.21
AYEL01075580.1:60890-61043(+)	78.69
AYEL01074087.1:15287-15413(+)	73.55
AYEL01085189.1:84330-84461(+)	76.58
AYEL01074390.1:60302-60429(-)	75.41
AYEL01048946.1:19487-19623(+)	81.63
AYEL01087438.1:7667-7789(+)	73.77
AYEL01076808.1:3329-3443(+)	67.90
AYEL01021740.1:15309-15427(+)	82.61
AYEL01070894.1:14483-14603(-)	75.83
AYEL01075364.1:1316-1436(+)	74.17
AYEL01079537.1:93280-93402(+)	76.15
AYEL01081807.1:32329-32434(+)	73.53
AYEL01073702.1:51008-51134(-)	76.86
AYEL01084848.1:22700-22814(-)	74.55
AYEL01078587.1:7296-7455(-)	84.69
AYEL01088272.1:14803-14926(+)	73.98
AYEL01071446.1:59747-59870(+)	73.98
AYEL01058894.1:3728-3850(+)	75.21
AYEL01087260.1:22710-22833(-)	78.86
AYEL01085212.1:22779-22894(+)	74.31
AYEL01092188.1:48669-48790(-)	79.13
AYEL01068514.1:16515-16629(+)	66.67
AYEL01086731.1:24643-24760(-)	74.44
AYEL01061510.1:2371-2492(-)	67.90
AYEL01070061.1:39947-40057(-)	68.18
AYEL01079859.1:48016-48138(+)	71.31
AYEL01080534.1:5325-5446(+)	72.73
AYEL01059595.1:59693-59848(-)	77.78
AYEL01069772.1:26642-26759(-)	75.00
AYEL01054502.1:7097-7220(-)	73.17
AYEL01084699.1:44364-44785(+,-)	65.05
AYEL01072584.1:18230-18354(+)	70.25
AYEL01057328.1:27740-27847(-)	78.79
AYEL01041013.1:0-107(-)	75.26
AYEL01049528.1:10230-10353(-)	75.61
AYEL01065554.1:8643-8758(-)	65.85
AYEL01061949.1:196-319(+)	69.11
AYEL01089032.1:19980-20100(-)	71.43
AYEL01080145.1:33333-33541(-)	81.73
AYEL01064053.1:46295-46416(-)	77.69
AYEL01090924.1:11841-11971(-)	73.17
AYEL01070103.1:5995-6118(-)	75.61
AYEL01069906.1:8913-9042(+)	72.95
AYEL01020852.1:30102-30220(-)	69.49
AYEL01068045.1:29267-29398(-)	76.67
AYEL01065588.1:3345-3465(-)	74.17
AYEL01084649.1:18883-18999(-)	84.85
AYEL01015644.1:32902-33032(+)	74.59
AYEL01061349.1:5014-5125(-)	77.67
AYEL01090537.1:60635-60763(-)	75.61
AYEL01029381.1:99269-99389(-)	75.00
AYEL01075026.1:21762-21882(-)	73.33
AYEL01081768.1:72540-72720(-)	73.60
AYEL01078616.1:41718-41841(+)	73.98
AYEL01090464.1:83929-84052(+)	75.61
AYEL01086727.1:14271-14386(+)	66.67
AYEL01035861.1:46152-46273(-)	78.64
AYEL01045892.1:80-198(+)	75.42
AYEL01046115.1:55263-55388(-)	78.70
AYEL01092403.1:6697-6812(-)	65.85
AYEL01047989.1:42241-42361(-)	72.50
AYEL01092383.1:196850-196967(-)	75.89
AYEL01090113.1:7369-7491(+)	78.41
AYEL01063849.1:18909-19031(+)	75.21
AYEL01058197.1:4291-4395(+)	78.35
AYEL01073165.1:18316-18443(-)	77.05
AYEL01052099.1:3259-3382(+)	70.34
AYEL01082707.1:43367-43493(+)	73.55
AYEL01031809.1:136047-136170(+)	74.80
AYEL01040567.1:16716-16838(+)	73.77
AYEL01065778.1:33871-33993(+)	77.69
AYEL01088878.1:17991-18110(-)	77.12
AYEL01089563.1:74852-74976(+)	77.24
AYEL01053421.1:89287-89410(+)	72.95
AYEL01060830.1:1746-1869(+)	73.17
AYEL01063067.1:7604-7727(+)	73.98
AYEL01082698.1:1363-1482(-)	68.91
AYEL01088504.1:7973-8075(+)	84.78
AYEL01092054.1:11699-11826(-)	73.77
AYEL01028548.1:6296-6414(-)	72.73
AYEL01078149.1:58499-58626(-)	76.23
AYEL01085360.1:1806-1918(-)	78.82
AYEL01079644.1:61781-61895(-)	73.64
AYEL01053786.1:12898-13021(+)	72.95
AYEL01085266.1:16380-16505(+)	75.83
AYEL01085966.1:22869-22992(-)	70.73
AYEL01090149.1:25494-25616(-)	75.41
AYEL01085997.1:37560-37687(-)	78.05
AYEL01084160.1:24294-24408(+)	74.29
AYEL01073869.1:78261-78383(-)	77.19
AYEL01081057.1:420-868(+,-)	61.16
AYEL01037706.1:8044-8159(+)	68.92
AYEL01070644.1:26393-26517(+)	74.80
AYEL01076631.1:1481-1877(+,-)	64.88
AYEL01040608.1:26613-26727(+)	71.93
AYEL01061826.1:79813-79930(-)	75.00
AYEL01082099.1:8604-8725(-)	69.49
AYEL01089607.1:308-414(+)	72.64
AYEL01076455.1:2242-2369(+)	76.23
AYEL01065794.1:58984-59106(+)	73.77
AYEL01058991.1:13529-13650(+)	76.03
AYEL01056451.1:25473-25596(-)	73.17
AYEL01088389.1:46741-46865(+)	77.24
AYEL01042693.1:98253-98373(-)	70.83
AYEL01051716.1:7071-7193(+)	72.95
AYEL01044296.1:21081-21201(-)	75.00
AYEL01072075.1:8647-8766(+)	77.27
AYEL01064242.1:6011-6133(-)	70.49
AYEL01062148.1:18103-18225(-)	72.95
AYEL01077236.1:2990-3118(-)	74.80
AYEL01047567.1:2160-2281(+)	77.69
AYEL01043372.1:588-743(-)	83.84
AYEL01008052.1:6545-6714(-)	76.19
AYEL01077794.1:23127-23249(+)	77.05
AYEL01031874.1:5866-5984(-)	80.70
AYEL01072754.1:17968-18091(+)	75.61
AYEL01079396.1:2697-2816(+)	62.73
AYEL01076125.1:9190-9299(-)	83.10
AYEL01057969.1:47600-47712(-)	74.77
AYEL01084968.1:3667-3796(+)	79.28
AYEL01082193.1:38810-38929(+)	72.03
AYEL01069199.1:23413-23540(+)	75.41
AYEL01064828.1:61024-61142(-)	72.88
AYEL01083262.1:30793-30907(-)	83.18
AYEL01066939.1:26576-26698(-)	63.93
AYEL01061488.1:158498-158621(-)	72.36
AYEL01068587.1:52126-52249(-)	74.80
AYEL01082630.1:1521-1636(+)	77.98
AYEL01076832.1:11220-11343(-)	73.17
AYEL01084738.1:25794-25915(-)	72.73
AYEL01083096.1:37297-37420(-)	69.92
AYEL01085228.1:47022-47149(+)	74.59
AYEL01089515.1:33458-33580(-)	77.87
AYEL01081993.1:8841-9270(+,-)	64.54
AYEL01051137.1:33945-34057(+)	74.31
AYEL01091700.1:13299-13423(-)	75.83
AYEL01083695.1:48165-48289(+)	82.65
AYEL01078802.1:36916-37038(-)	78.79
AYEL01070504.1:43572-43683(-)	65.77
AYEL01083441.1:7192-7313(+)	71.07
AYEL01084261.1:33237-33363(+)	74.80
AYEL01086786.1:31840-31961(+)	80.17
AYEL01077067.1:14134-14260(+)	76.03
AYEL01085567.1:5299-5411(-)	74.73
AYEL01072813.1:30186-30286(+)	80.85
AYEL01075577.1:37177-37299(-)	71.67
AYEL01057728.1:5630-5758(+)	76.42
AYEL01080799.1:25335-25441(-)	89.69
AYEL01069279.1:710-833(-)	75.61
AYEL01078474.1:4035-4183(-)	77.42
AYEL01019413.1:19657-19780(+)	72.13
AYEL01033245.1:9247-9349(+)	66.67
AYEL01067387.1:43656-43763(+)	68.27
AYEL01079197.1:11996-12104(+)	74.07
AYEL01063143.1:29429-29552(+)	73.17
AYEL01046574.1:35346-35469(-)	71.07
AYEL01085820.1:70239-70360(+)	69.42
AYEL01086193.1:25825-25947(-)	72.95
AYEL01080949.1:40941-41063(-)	78.51
AYEL01060321.1:59051-59178(+)	76.23
AYEL01018050.1:44-167(+)	72.36
AYEL01077572.1:38790-38905(-)	66.96
AYEL01067128.1:6885-7286(+,-)	65.75
AYEL01085876.1:85976-86100(-)	74.79
AYEL01077059.1:1370-1497(-)	75.61
AYEL01092391.1:67406-67529(+)	77.24
AYEL01084924.1:97443-97576(-)	74.38
AYEL01076963.1:63919-64040(+)	75.96
AYEL01082040.1:8463-8585(-)	72.88
AYEL01010070.1:16992-17120(-)	75.61
AYEL01090878.1:1982-2476(+,-)	63.56
AYEL01057789.1:10829-10952(+)	75.27
AYEL01076791.1:18675-18791(+)	75.96
AYEL01053583.1:46944-47339(+,-)	64.10
AYEL01046402.1:36347-36465(-)	73.73
AYEL01083617.1:37209-37331(+)	73.77
AYEL01069028.1:11090-11212(+)	75.41
AYEL01066611.1:45851-45978(-)	69.67
AYEL01074142.1:7096-7213(+)	74.36
AYEL01077026.1:10863-10981(-)	77.98
AYEL01072870.1:58922-59040(+)	76.15
AYEL01062344.1:28918-29045(-)	75.41
AYEL01086475.1:1907-2027(+)	75.83
AYEL01032569.1:62938-63061(-)	73.98
AYEL01088931.1:31566-31689(-)	74.80
AYEL01059639.1:15624-15748(+)	76.42
AYEL01083163.1:26348-26493(+)	75.61
AYEL01068557.1:56157-56277(+)	74.17
AYEL01088656.1:12524-12641(-)	73.50
AYEL01038121.1:18431-18555(-)	73.98
AYEL01086111.1:18119-18245(+)	70.73
AYEL01046207.1:81-197(+)	72.41
AYEL01077951.1:15310-15429(-)	74.79
AYEL01081649.1:10228-10351(-)	76.42
AYEL01087555.1:42205-42322(+)	73.50
AYEL01078665.1:12481-12600(+)	75.63
AYEL01038894.1:32582-32697(-)	66.67
AYEL01074828.1:29041-29140(-)	77.17
AYEL01041838.1:11000-11130(-)	73.17
AYEL01057328.1:26762-26887(+)	73.98
AYEL01000547.1:5-126(-)	76.03
AYEL01064482.1:80133-80256(+)	77.87
AYEL01081035.1:28241-28365(+)	67.74
AYEL01092383.1:202757-202860(-)	80.61
AYEL01063465.1:28728-28848(-)	73.33
AYEL01079557.1:7883-8004(+)	79.83
AYEL01022936.1:3179-3301(+)	71.90
AYEL01085401.1:10402-10559(-)	77.08
AYEL01067892.1:2913-3035(-)	72.95
AYEL01086486.1:66888-67010(-)	73.55
AYEL01088192.1:7480-7632(-)	82.29
AYEL01080021.1:14327-14761(+,-)	65.50
AYEL01018208.1:968-1088(-)	73.64
AYEL01077801.1:54175-54297(-)	76.23
AYEL01088297.1:40369-40775(+,-)	63.27
AYEL01078715.1:5514-5636(-)	72.13
AYEL01029817.1:1257-1380(-)	71.54
AYEL01077667.1:20837-20958(+)	76.86
AYEL01061495.1:34059-34173(-)	64.91
AYEL01053992.1:2044-2172(-)	72.36
AYEL01074116.1:31826-31930(+)	83.16
AYEL01079911.1:55620-55738(+)	72.03
AYEL01075835.1:27646-27768(+)	72.95
AYEL01073786.1:1450-1571(-)	73.55
AYEL01067502.1:12741-12862(-)	76.67
AYEL01083696.1:22700-22821(+)	69.42
AYEL01081361.1:26296-26416(+)	75.00
AYEL01051034.1:1131-1253(+)	74.59
AYEL01072024.1:9132-9253(-)	79.81
AYEL01085316.1:3818-3941(-)	75.61
AYEL01072888.1:52221-52324(-)	80.81
AYEL01080905.1:25100-25227(+)	75.41
AYEL01091445.1:45944-46069(+)	68.03
AYEL01066575.1:895-995(+)	68.00
AYEL01039442.1:13796-13926(+)	75.51
AYEL01083604.1:15644-15772(+)	69.92
AYEL01080787.1:38715-38835(+)	72.50
AYEL01038347.1:7374-7523(+)	84.38
AYEL01040116.1:9-135(-)	76.03
AYEL01015474.1:13298-13426(-)	75.61
AYEL01080496.1:18698-18819(-)	76.03
AYEL01088806.1:19121-19250(+)	73.77
AYEL01085024.1:19342-19467(+)	72.97
AYEL01081201.1:9381-9487(+)	79.55
AYEL01089795.1:66686-66814(-)	76.42
AYEL01073727.1:9984-10347(+,-)	65.62
AYEL01063412.1:29020-29435(+,-)	64.36
AYEL01050762.1:26852-26971(-)	70.34
AYEL01084422.1:98961-99086(+)	72.50
AYEL01078532.1:16318-16439(-)	74.38
AYEL01071682.1:8112-8235(+)	74.80
AYEL01057920.1:10865-11026(+)	77.24
AYEL01065598.1:18063-18173(+)	76.36
AYEL01057059.1:5015-5143(-)	72.36
AYEL01038771.1:23020-23150(+)	73.77
AYEL01060931.1:8507-8629(+)	71.31
AYEL01084417.1:15266-15392(+)	76.03
AYEL01078087.1:1739-1840(+)	79.59
AYEL01071214.1:22683-22810(+)	76.42
AYEL01079912.1:22337-22439(-)	62.75
AYEL01071895.1:22918-23036(+)	74.58
AYEL01074493.1:42777-42899(+)	77.05
AYEL01086939.1:89819-89939(+)	71.67
AYEL01087407.1:16255-16375(-)	75.83
AYEL01077873.1:2895-3333(+,-)	63.66
AYEL01078245.1:15688-15809(+)	76.67
AYEL01083577.1:55177-55289(+)	74.77
AYEL01068524.1:17050-17167(+)	74.36
AYEL01088471.1:206280-206409(-)	79.63
AYEL01071141.1:42604-42726(+)	76.23
AYEL01074443.1:4548-4669(-)	71.62
AYEL01062327.1:67865-67986(+)	69.75
AYEL01061670.1:54815-54941(-)	73.39
AYEL01085998.1:44099-44221(+)	72.65
AYEL01087791.1:19571-19699(-)	73.77
AYEL01072058.1:41212-41626(+,-)	62.71
AYEL01055160.1:6201-6320(-)	76.47
AYEL01087771.1:1424-1546(+)	76.23
AYEL01084065.1:48107-48228(+)	76.86
AYEL01079071.1:35238-35361(+)	74.80
AYEL01040338.1:772-890(+)	69.49
AYEL01083534.1:359-483(+)	78.22
AYEL01059652.1:78210-78337(-)	75.41
AYEL01079966.1:11364-11476(-)	80.37
AYEL01060105.1:5572-5692(+)	70.00
AYEL01084003.1:57396-57523(+)	72.95
AYEL01082636.1:53446-53910(+,-)	64.22
AYEL01088759.1:123443-123601(-)	80.61
AYEL01092307.1:9057-9180(+)	71.54
AYEL01076551.1:4051-4171(+)	75.00
AYEL01089999.1:1059-1180(-)	76.03
AYEL01091624.1:32173-32293(-)	76.67
AYEL01073308.1:20780-20901(+)	77.69
AYEL01079095.1:124143-124255(-)	77.66
AYEL01090682.1:34320-34442(-)	74.59
AYEL01079471.1:7915-8037(+)	79.61
AYEL01085489.1:9968-10091(-)	74.80
AYEL01076256.1:12597-12717(-)	77.31
AYEL01082084.1:48115-48514(+,-)	64.25
AYEL01067853.1:13204-13644(+,-)	66.75
AYEL01078587.1:110667-110786(-)	73.50
AYEL01074473.1:749-869(-)	81.11
AYEL01079893.1:96927-97095(-)	68.80
AYEL01084411.1:2552-2669(-)	75.96
AYEL01083448.1:33364-33477(-)	75.00
AYEL01071836.1:22671-22795(+)	75.63
AYEL01067390.1:40566-40693(+)	76.23
AYEL01088991.1:11779-11901(+)	72.95
AYEL01078024.1:61573-61752(-)	79.03
AYEL01047093.1:10245-10360(-)	78.18
AYEL01045818.1:28171-28293(+)	77.05
AYEL01084921.1:23885-24012(-)	69.92
AYEL01088608.1:52424-52540(-)	75.00
AYEL01063513.1:38884-39011(+)	74.59
AYEL01086712.1:56744-56867(+)	71.54
AYEL01057059.1:5846-5946(-)	83.87
AYEL01048114.1:45671-45794(+)	72.36
AYEL01081079.1:94392-94512(+)	76.47
AYEL01085966.1:4304-4426(+)	72.95
AYEL01072717.1:5768-5895(-)	75.41
AYEL01082951.1:68718-68841(+)	75.61
AYEL01059194.1:23339-23462(-)	76.42
AYEL01077612.1:19658-19786(-)	72.95
AYEL01066725.1:46736-46862(+)	76.86
AYEL01088305.1:18045-18423(+,-)	66.48
AYEL01071000.1:4390-4851(+,-)	65.70
AYEL01069204.1:25027-25138(-)	72.22
AYEL01020852.1:59042-59164(-)	67.21
AYEL01055076.1:21550-21669(-)	73.95
AYEL01081772.1:19554-19677(+)	72.36
AYEL01071372.1:54743-54870(+)	77.05
AYEL01063383.1:8668-8792(-)	68.33
AYEL01075416.1:97080-97257(-)	68.25
AYEL01060258.1:6259-6383(-)	69.92
AYEL01087519.1:13753-13880(-)	74.59
AYEL01073254.1:15-393(+,-)	63.34
AYEL01067459.1:17400-17520(-)	68.75
AYEL01091700.1:13139-13257(-)	77.19
AYEL01057091.1:11496-11621(-)	76.67
AYEL01068545.1:32584-32989(+,-)	63.46
AYEL01059176.1:785-908(-)	75.61
AYEL01086840.1:69338-69461(-)	77.24
AYEL01077197.1:64421-64545(-)	76.15
AYEL01062906.1:1367-1494(+)	75.61
AYEL01044239.1:6687-7078(+,-)	65.44
AYEL01088179.1:3110-3235(-)	72.50
AYEL01087109.1:28784-28908(+)	75.21
AYEL01091711.1:12090-12200(-)	71.82
AYEL01014021.1:38588-38709(+)	76.86
AYEL01056438.1:5955-6086(-)	74.59
AYEL01067661.1:21806-21926(-)	76.47
AYEL01080820.1:17833-17956(+)	71.54
AYEL01091843.1:39656-39774(+)	72.88
AYEL01029666.1:6172-6291(+)	73.95
AYEL01079425.1:12573-12696(+)	76.42
AYEL01061670.1:49944-50070(-)	73.39
AYEL01044294.1:20267-20381(+)	75.73
AYEL01032081.1:3523-3642(+)	74.79
AYEL01046573.1:774-897(+)	75.61
AYEL01081253.1:7278-7406(+)	76.23
AYEL01078599.1:20602-20724(-)	74.38
AYEL01055125.1:10684-10808(+)	70.73
AYEL01090326.1:6424-6552(-)	75.41
AYEL01085699.1:71291-71414(+)	78.05
AYEL01020847.1:7540-7665(-)	73.17
AYEL01074424.1:2462-2575(+)	77.06
AYEL01084908.1:263-371(+)	74.07
AYEL01079667.1:33866-33966(-)	64.21
AYEL01082534.1:28583-28699(-)	73.91
AYEL01092041.1:11600-11698(+)	74.49
AYEL01060950.1:75700-75823(-)	69.92
AYEL01061461.1:48936-49051(+)	65.85
AYEL01077078.1:10462-10582(-)	78.15
AYEL01078774.1:15878-16007(+)	79.66
AYEL01081768.1:73578-73786(+)	77.78
AYEL01090004.1:11126-11245(-)	74.79
AYEL01082089.1:11588-11711(+)	76.42
AYEL01074630.1:31823-31946(-)	77.24
AYEL01063792.1:14783-14908(-)	74.17
AYEL01014402.1:14130-14253(-)	74.58
AYEL01057558.1:1694-1807(+)	80.56
AYEL01053530.1:17194-17318(-)	78.05
AYEL01067169.1:11847-12312(+,-)	64.96
AYEL01069959.1:23897-24297(+,-)	73.33
AYEL01033764.1:24635-24750(-)	71.84
AYEL01005599.1:43938-44063(-)	77.32
AYEL01088438.1:4346-4466(-)	75.83
AYEL01087668.1:84011-84479(+,-)	63.68
AYEL01046014.1:4406-4534(+)	76.23
AYEL01082670.1:6649-6825(-)	72.22
AYEL01066798.1:17283-17411(-)	69.92
AYEL01079439.1:88355-88475(+)	75.00
AYEL01032211.1:17985-18108(+)	72.36
AYEL01063485.1:5675-5797(+)	71.31
AYEL01091462.1:15641-15756(+)	65.85
AYEL01011888.1:4362-4481(-)	74.79
AYEL01043479.1:5879-6293(+,-)	63.07
AYEL01069610.1:5981-6095(-)	66.67
AYEL01072473.1:10045-10167(-)	68.33
AYEL01057927.1:10260-10387(-)	73.17
AYEL01074161.1:2096-2224(-)	73.98
AYEL01069475.1:12469-12586(-)	75.00
AYEL01055831.1:9991-10114(-)	71.54
AYEL01085876.1:9613-9728(-)	75.70
AYEL01015480.1:12959-13084(-)	74.58
AYEL01081149.1:1830-1945(-)	77.89
AYEL01092014.1:3479-3606(+)	76.23
AYEL01089830.1:31114-31247(-)	76.72
AYEL01079688.1:59053-59176(+)	72.36
AYEL01084152.1:40809-41228(+,-)	65.69
AYEL01058575.1:95535-95636(+)	68.97
AYEL01023814.1:225-348(+)	70.25
AYEL01091718.1:34381-34508(-)	73.77
AYEL01076565.1:1680-1795(-)	73.91
AYEL01036749.1:25527-25654(+)	77.05
AYEL01084950.1:25066-25189(-)	75.61
AYEL01081667.1:9436-9545(+)	77.88
AYEL01034350.1:56896-57018(+)	74.36
AYEL01081441.1:5622-5740(-)	76.27
AYEL01090771.1:10748-10874(-)	76.86
AYEL01037450.1:7168-7291(-)	73.17
AYEL01051380.1:29082-29199(+)	75.96
AYEL01046402.1:25101-25210(+)	69.44
AYEL01078590.1:10857-10981(-)	69.92
AYEL01074484.1:9733-9837(-)	71.43
AYEL01085130.1:70827-70950(-)	70.73
AYEL01091940.1:24461-24571(+)	74.31
AYEL01084334.1:17933-18056(+)	82.47
AYEL01038432.1:27896-28016(+)	70.83
AYEL01072584.1:3177-3299(+)	72.13
AYEL01083556.1:9016-9139(+)	80.33
AYEL01089958.1:86039-86161(-)	73.77
AYEL01024070.1:2318-2444(+)	71.07
AYEL01078916.1:135853-135983(-)	75.41
AYEL01065299.1:21509-21679(-)	80.49
AYEL01074665.1:6324-6445(-)	77.36
AYEL01088606.1:14265-14385(+)	74.17
AYEL01056448.1:2905-3025(+)	77.88
AYEL01074544.1:71704-71827(+)	73.17
AYEL01088817.1:61918-62033(-)	67.90
AYEL01078615.1:79430-79549(+)	76.47
AYEL01052971.1:3297-3421(-)	73.98
AYEL01038771.1:23273-23396(+)	75.61
AYEL01061460.1:2384-2494(+)	76.36
AYEL01080315.1:15158-15267(+)	76.15
AYEL01081947.1:183107-183242(-)	75.61
AYEL01038232.1:2249-2376(-)	75.41
AYEL01071896.1:10222-10337(+)	67.07
AYEL01078406.1:18790-18949(-)	79.59
AYEL01052259.1:182-291(+)	80.39
AYEL01057328.1:18-143(+)	73.98
AYEL01031874.1:66465-66584(+)	78.95
AYEL01078737.1:18985-19108(+)	73.17
AYEL01071817.1:1422-1544(+)	76.23
AYEL01091358.1:18719-18834(-)	66.67
AYEL01075428.1:124407-124532(-)	79.41
AYEL01075159.1:16041-16162(+)	75.21
AYEL01088163.1:20097-20224(-)	77.05
AYEL01080740.1:39083-39205(+)	75.41
AYEL01084699.1:69336-69461(-)	74.17
AYEL01065881.1:12051-12174(+)	73.17
AYEL01084731.1:76686-76806(-)	71.67
AYEL01067887.1:9107-9228(-)	79.34
AYEL01048855.1:18454-18569(+)	65.85
AYEL01033246.1:35197-35322(-)	75.00
AYEL01063130.1:16755-16879(+)	71.54
AYEL01090189.1:11468-11584(+)	73.64
AYEL01077876.1:26224-26346(+)	73.77
AYEL01079724.1:26097-26499(+,-)	64.81
AYEL01087760.1:28972-29099(+)	74.59
AYEL01034351.1:27630-27749(+)	73.95
AYEL01081683.1:17764-17891(+)	77.05
AYEL01010648.1:792-915(+)	77.24
AYEL01083129.1:6307-6421(-)	68.42
AYEL01077142.1:30735-30862(+)	70.49
AYEL01073651.1:105444-105557(+)	72.57
AYEL01077848.1:51292-51420(-)	72.36
AYEL01073025.1:4786-4909(+)	73.98
AYEL01064124.1:9395-9515(-)	77.50
AYEL01088448.1:1629-1751(+)	71.31
AYEL01028163.1:37777-37904(-)	75.41
AYEL01076241.1:21615-21735(-)	71.79
AYEL01037300.1:1692-1820(-)	75.61
AYEL01086992.1:1906-2029(-)	72.36
AYEL01044425.1:38726-38849(+)	73.17
AYEL01044792.1:16675-16800(-)	77.24
AYEL01087260.1:60228-60641(+,-)	68.39
AYEL01075420.1:15397-15505(+)	67.50
AYEL01067598.1:10603-10720(+)	70.94
AYEL01091782.1:37643-37767(+)	76.42
AYEL01056141.1:3386-3506(+)	74.17
AYEL01079579.1:11269-11386(-)	75.76
AYEL01084653.1:66376-66496(-)	71.67
AYEL01073093.1:3319-3441(-)	75.21
AYEL01088768.1:25228-25350(+)	74.59
AYEL01083224.1:192759-192883(-)	76.86
AYEL01063403.1:5984-6104(+)	71.67
AYEL01075135.1:2610-2732(+)	72.95
AYEL01076226.1:16059-16171(-)	73.21
AYEL01077679.1:13955-14078(+)	77.24
AYEL01059853.1:161528-161642(+)	80.28
AYEL01089433.1:38528-38634(+)	72.94
AYEL01073107.1:18956-19075(-)	72.41
AYEL01072357.1:10125-10248(+)	76.42
