AYEL01084736.1:14945-15164(+,-)	73.33
AYEL01066243.1:429-916(+,-)	64.71
AYEL01084262.1:30972-31401(+,-)	60.28
AYEL01065626.1:12524-12754(+,-)	62.96
AYEL01044629.1:21780-22008(+,-)	66.67
AYEL01078820.1:6063-6272(+,-)	69.12
AYEL01069877.1:20517-20726(+,-)	61.82
AYEL01083750.1:7221-7516(+,-)	59.88
AYEL01079571.1:30893-31110(+,-)	69.00
AYEL01075994.1:24489-24707(+,-)	60.14
AYEL01005945.1:122-335(+,-)	68.75
AYEL01056644.1:67270-67463(+,-)	66.67
AYEL01064472.1:78499-78717(+,-)	82.22
AYEL01092258.1:2276-2516(+,-)	64.86
AYEL01086231.1:84648-84872(+,-)	63.19
AYEL01078853.1:293-504(+,-)	56.76
AYEL01088064.1:35335-35660(+,-)	62.24
AYEL01074011.1:34883-35096(+,-)	59.09
AYEL01088024.1:8140-8344(+,-)	75.00
AYEL01031275.1:861-1077(+,-)	60.69
AYEL01006518.1:14985-15212(+,-)	60.61
AYEL01068234.1:87775-88009(+,-)	59.62
AYEL01090079.1:13533-13765(+,-)	62.14
AYEL01068531.1:2057-2296(+,-)	63.96
AYEL01079027.1:10623-10911(+,-)	68.14
AYEL01044598.1:14169-14385(+,-)	72.73
AYEL01087939.1:3385-3602(+,-)	62.92
AYEL01091754.1:3978-4196(+,-)	60.14
AYEL01085774.1:54613-54843(+,-)	62.50
AYEL01090299.1:8700-8928(+,-)	61.38
AYEL01072329.1:31887-32105(+,-)	60.61
AYEL01090273.1:74001-74223(+,-)	62.50
AYEL01070101.1:12643-12845(+,-)	72.73
AYEL01081171.1:20363-20594(+,-)	64.18
AYEL01067587.1:49172-49394(+,-)	73.33
AYEL01082285.1:49830-50030(+,-)	67.14
AYEL01059639.1:7476-7699(+,-)	56.94
AYEL01087029.1:5856-6073(+,-)	60.94
AYEL01047623.1:9978-10193(+,-)	63.19
AYEL01091230.1:50910-51116(+,-)	73.47
AYEL01060196.1:17142-17448(+,-)	56.94
AYEL01053781.1:6517-6849(+,-)	59.40
AYEL01045917.1:35423-35658(+,-)	60.69
AYEL01058043.1:3264-3480(+,-)	59.74
AYEL01076645.1:41740-41943(+,-)	66.97
AYEL01070962.1:10660-10893(+,-)	72.88
AYEL01076098.1:20697-20956(+,-)	65.38
AYEL01031798.1:1795-2017(+,-)	70.40
AYEL01057830.1:2262-2503(+,-)	56.94
AYEL01060187.1:2111-2307(+,-)	59.02
AYEL01053966.1:4777-5002(+,-)	60.15
AYEL01086442.1:1518-1736(+,-)	60.84
AYEL01070325.1:61711-61927(+,-)	61.19
AYEL01076703.1:29975-30193(+,-)	71.11
AYEL01087094.1:1631-1823(+,-)	57.97
AYEL01084850.1:100771-101006(+,-)	60.74
AYEL01085377.1:18028-18256(+,-)	63.64
AYEL01065605.1:22908-23128(+,-)	61.11
AYEL01063682.1:4593-4792(-)	57.81
AYEL01054790.1:29584-29809(+,-)	66.13
AYEL01091109.1:40651-40880(+,-)	57.82
AYEL01081672.1:38922-39154(+,-)	61.61
AYEL01091240.1:37704-37927(+,-)	66.33
AYEL01087041.1:102203-102421(+,-)	62.41
AYEL01078945.1:72518-72740(+,-)	63.83
AYEL01078559.1:2146-2379(+,-)	63.57
AYEL01059301.1:38052-38273(+,-)	64.00
AYEL01080306.1:10613-10834(+,-)	65.97
AYEL01071875.1:80359-80586(+,-)	66.39
AYEL01082661.1:9983-10201(+,-)	64.42
AYEL01072114.1:81256-81474(+,-)	61.96
AYEL01070255.1:5078-5404(+,-)	65.57
AYEL01091908.1:4713-4965(+,-)	67.90
AYEL01063043.1:13453-13664(+,-)	56.59
AYEL01088900.1:7347-7593(+,-)	63.31
AYEL01065059.1:31517-31767(+,-)	58.59
AYEL01074949.1:6558-6761(+,-)	64.04
AYEL01078771.1:28049-28266(+,-)	62.33
AYEL01056375.1:4612-4838(+,-)	66.07
AYEL01090815.1:14536-14768(+,-)	59.24
AYEL01077150.1:20053-20280(+,-)	64.12
AYEL01003385.1:1353-1573(+,-)	62.88
AYEL01067564.1:4034-4248(+,-)	60.00
AYEL01072518.1:87848-88064(+,-)	58.97
AYEL01077674.1:44246-44465(+,-)	60.37
AYEL01031257.1:16821-17043(+,-)	82.14
AYEL01045335.1:3385-3620(+,-)	67.91
AYEL01060935.1:87844-88202(+,-)	62.84
AYEL01070169.1:13685-13921(+,-)	73.33
AYEL01080612.1:29333-29561(+,-)	61.27
AYEL01091450.1:53220-53435(+,-)	70.91
AYEL01069282.1:25781-25990(+,-)	60.00
AYEL01088553.1:117116-117352(+,-)	62.32
AYEL01064705.1:35407-35630(+,-)	60.00
AYEL01034167.1:17679-17898(+,-)	63.01
AYEL01057326.1:8342-8538(+,-)	63.24
AYEL01051344.1:42722-42941(+,-)	63.06
AYEL01073538.1:4003-4228(+,-)	67.11
AYEL01081873.1:19968-20176(+,-)	64.29
AYEL01082950.1:16537-16756(+,-)	69.17
AYEL01081080.1:3938-4151(+,-)	61.86
AYEL01056071.1:24662-24853(+,-)	59.56
AYEL01063161.1:3193-3416(+,-)	59.57
AYEL01088618.1:46301-46501(+,-)	73.33
AYEL01079808.1:52451-52667(+,-)	75.56
AYEL01072180.1:34069-34288(+,-)	72.88
AYEL01081068.1:11206-11415(+,-)	63.11
AYEL01063147.1:17893-18216(+,-)	64.44
AYEL01055905.1:699-897(+,-)	70.09
AYEL01089998.1:7349-7579(+,-)	63.55
AYEL01067101.1:14998-15329(+,-)	63.73
AYEL01048647.1:37902-38115(+,-)	62.42
AYEL01082949.1:10667-10951(+,-)	59.69
AYEL01079644.1:24335-24545(+,-)	68.25
AYEL01090141.1:14441-14662(+,-)	62.69
AYEL01034348.1:35873-36111(+,-)	64.52
AYEL01076913.1:636-868(+,-)	63.81
AYEL01089845.1:7873-8114(+,-)	61.22
AYEL01050737.1:6-241(+,-)	68.75
AYEL01031365.1:1529-1725(+,-)	64.03
AYEL01055745.1:18977-19173(+,-)	63.41
AYEL01090231.1:4690-4892(+,-)	62.73
AYEL01080712.1:29578-29792(+,-)	60.12
AYEL01014238.1:30456-30694(+,-)	59.52
AYEL01075667.1:68642-68872(+,-)	63.03
AYEL01072739.1:14453-14688(+,-)	59.42
AYEL01077258.1:9363-9680(+,-)	63.94
AYEL01081273.1:23352-23554(+,-)	62.07
AYEL01066585.1:18891-19101(+,-)	66.39
AYEL01090535.1:33407-33679(+,-)	56.33
AYEL01075941.1:45151-45575(+,-)	62.41
AYEL01063919.1:9443-9675(-)	63.22
AYEL01081836.1:115982-116206(+,-)	69.89
AYEL01031353.1:74-290(+,-)	61.19
AYEL01074018.1:50141-50377(+,-)	65.73
AYEL01083336.1:1295-1499(+,-)	69.42
AYEL01036748.1:60666-60906(+,-)	63.43
AYEL01058818.1:2357-2577(+,-)	65.28
AYEL01081927.1:146940-147224(+,-)	64.29
AYEL01073113.1:78944-79173(+,-)	66.35
AYEL01036366.1:897-1091(+,-)	74.36
AYEL01050177.1:9710-9927(+,-)	60.82
AYEL01064116.1:28255-28501(+,-)	58.00
AYEL01082930.1:79064-79266(+,-)	60.13
AYEL01089087.1:141249-141482(+,-)	61.43
AYEL01089195.1:34631-34825(+,-)	70.59
AYEL01079272.1:2094-2325(+,-)	62.16
AYEL01071088.1:30813-31021(+,-)	66.98
AYEL01091550.1:17035-17234(+,-)	61.59
AYEL01070016.1:22784-23003(+,-)	68.18
AYEL01034971.1:43296-43530(+,-)	58.90
AYEL01089855.1:49887-50185(+,-)	61.76
AYEL01056067.1:6881-7112(+,-)	62.07
AYEL01085774.1:25151-25371(+,-)	63.92
AYEL01089571.1:47941-48176(+,-)	61.49
AYEL01082997.1:20616-20833(+,-)	62.59
AYEL01078299.1:41405-41622(+,-)	62.24
AYEL01032854.1:6528-6732(+,-)	67.47
AYEL01078945.1:72931-73378(+,-)	63.89
AYEL01080881.1:33443-33702(+,-)	64.65
AYEL01067405.1:3080-3313(+,-)	67.33
AYEL01090340.1:17835-18036(+,-)	65.87
AYEL01090700.1:58590-58805(+,-)	68.60
AYEL01064570.1:7130-7344(+,-)	58.78
AYEL01059050.1:5768-6005(+,-)	59.74
AYEL01051218.1:14888-15121(-)	63.95
AYEL01066846.1:26386-26607(+,-)	62.24
AYEL01090794.1:1976-2183(+,-)	64.81
AYEL01080730.1:23976-24200(+,-)	59.44
AYEL01078021.1:64606-64947(+,-)	60.87
AYEL01053953.1:14135-14351(+,-)	63.98
AYEL01078805.1:4875-5105(+,-)	62.84
AYEL01065634.1:108400-108631(+,-)	59.72
AYEL01081325.1:1414-1644(+,-)	62.14
AYEL01045916.1:10426-10636(+,-)	65.84
AYEL01007566.1:2611-2805(+,-)	65.74
AYEL01044462.1:13854-14082(+,-)	61.64
AYEL01078796.1:21844-22101(+,-)	66.12
AYEL01059993.1:4259-4488(+,-)	58.50
AYEL01082601.1:27108-27328(+,-)	63.48
AYEL01080033.1:12598-12826(+,-)	60.16
AYEL01086498.1:65319-65588(+,-)	71.74
AYEL01088563.1:7477-7701(+,-)	58.78
AYEL01020704.1:8280-8521(+,-)	65.35
AYEL01060816.1:10446-10666(+,-)	63.00
AYEL01092035.1:18028-18244(+,-)	63.28
AYEL01080203.1:10110-10329(+,-)	62.16
AYEL01072071.1:2211-2429(+,-)	68.89
AYEL01069804.1:28038-28274(+,-)	75.56
AYEL01072832.1:1210-1431(+,-)	73.33
AYEL01074570.1:173077-173314(+,-)	63.54
AYEL01085697.1:18861-19092(+,-)	62.98
AYEL01077713.1:6103-6334(+,-)	63.46
AYEL01068443.1:7136-7345(+,-)	62.80
AYEL01064012.1:1507-1813(+,-)	59.57
AYEL01074956.1:31127-31334(+,-)	62.96
AYEL01083932.1:2065-2295(+,-)	64.60
AYEL01044841.1:6971-7196(+,-)	65.49
AYEL01075747.1:34117-34307(+)	59.38
AYEL01090106.1:23834-24050(+,-)	63.00
AYEL01070089.1:43931-44163(+,-)	63.73
AYEL01086244.1:9021-9270(+,-)	64.08
AYEL01043099.1:488-702(+,-)	60.81
AYEL01069530.1:33563-33797(+,-)	61.17
AYEL01084763.1:49356-49576(+,-)	65.00
AYEL01063849.1:14637-14859(+,-)	60.00
AYEL01074455.1:3217-3443(+,-)	66.06
AYEL01070848.1:18345-18546(+,-)	69.88
AYEL01087435.1:42908-43127(+,-)	70.27
AYEL01083742.1:2679-2907(+,-)	61.76
AYEL01067564.1:53715-53930(+,-)	61.14
AYEL01066625.1:20983-21209(+,-)	71.11
AYEL01069635.1:9912-10221(+,-)	66.10
AYEL01069166.1:167701-167907(+,-)	63.37
AYEL01084542.1:10948-11181(+,-)	61.06
AYEL01082852.1:16873-17085(+,-)	66.98
AYEL01056248.1:24985-25247(+,-)	71.43
AYEL01062801.1:36669-36901(+,-)	61.14
AYEL01023335.1:2513-2733(+,-)	60.14
AYEL01091197.1:39299-39529(+,-)	66.67
AYEL01055708.1:8671-8891(+,-)	61.79
AYEL01082165.1:39698-39936(+,-)	60.33
AYEL01087238.1:66225-66455(+,-)	67.19
AYEL01062295.1:1492-1930(+,-)	73.49
AYEL01088994.1:50026-50244(+,-)	59.86
AYEL01068569.1:16587-16804(+,-)	75.56
AYEL01060814.1:442-672(+,-)	64.36
AYEL01082876.1:10769-10977(+,-)	61.54
AYEL01069165.1:1326-1534(+,-)	62.75
AYEL01082858.1:67394-67616(+,-)	68.00
AYEL01081241.1:39967-40180(+,-)	63.16
AYEL01076252.1:59846-60059(+,-)	71.19
AYEL01075159.1:37299-37494(+,-)	60.96
AYEL01081134.1:78092-78308(+,-)	66.35
AYEL01063573.1:7371-7613(+,-)	69.44
AYEL01064826.1:71087-71314(+,-)	61.11
AYEL01067098.1:739-978(+,-)	66.34
AYEL01072484.1:41518-41757(+,-)	58.39
AYEL01036230.1:16393-16623(+,-)	60.13
AYEL01082531.1:38152-38378(+,-)	65.93
AYEL01058966.1:6242-6470(+,-)	66.90
AYEL01062234.1:49549-49819(+,-)	60.78
AYEL01066570.1:97240-97510(+,-)	66.14
AYEL01088471.1:123937-124145(+,-)	68.75
AYEL01074570.1:165686-165878(+)	71.11
AYEL01089521.1:7980-8188(+,-)	62.96
AYEL01037166.1:50730-50942(+,-)	65.32
AYEL01057234.1:15693-15909(+,-)	70.69
AYEL01075817.1:8069-8283(+,-)	61.95
AYEL01080845.1:2045-2272(+,-)	61.87
AYEL01072151.1:29044-29257(+,-)	65.57
AYEL01087871.1:19022-19221(+,-)	80.00
AYEL01089466.1:68897-69111(+,-)	62.96
AYEL01066663.1:376-608(+,-)	61.46
AYEL01090958.1:32564-32827(+,-)	68.49
AYEL01065711.1:2829-3062(+,-)	64.46
AYEL01080842.1:32291-32541(+,-)	60.28
AYEL01080566.1:13272-13505(+,-)	62.41
AYEL01086086.1:9126-9358(+,-)	66.17
AYEL01081841.1:37441-37668(+,-)	64.71
AYEL01073805.1:914-1110(+,-)	59.63
AYEL01077960.1:14684-14878(+,-)	73.68
AYEL01088362.1:33086-33291(+,-)	64.80
AYEL01073360.1:58221-58438(+,-)	69.49
AYEL01058061.1:28-223(+,-)	60.61
AYEL01017211.1:1881-2095(+,-)	63.58
AYEL01058761.1:6593-6798(+,-)	60.39
AYEL01059174.1:14585-14793(+,-)	62.03
AYEL01090721.1:2059-2290(+,-)	60.42
AYEL01088626.1:11309-11507(+)	66.99
AYEL01050688.1:2056-2413(+,-)	65.43
AYEL01081015.1:18830-19039(+,-)	61.78
AYEL01077056.1:1321-1562(+,-)	66.67
AYEL01056927.1:13085-13316(+,-)	65.38
AYEL01048564.1:31677-31903(+,-)	62.89
AYEL01061959.1:1226-1434(+,-)	60.19
AYEL01068269.1:15509-15732(+,-)	62.38
AYEL01090371.1:22411-22641(+,-)	75.56
AYEL01071702.1:10105-10310(+,-)	71.25
AYEL01088618.1:56331-56547(+,-)	60.27
AYEL01078696.1:4471-4679(+,-)	60.74
AYEL01072092.1:70242-70446(+,-)	58.33
AYEL01090780.1:11889-12124(+,-)	65.73
AYEL01080143.1:7529-7758(+,-)	61.54
AYEL01075667.1:153935-154165(+,-)	62.58
AYEL01035233.1:66700-66893(+,-)	64.32
AYEL01084814.1:105417-105633(+,-)	58.33
AYEL01074714.1:28873-29102(+,-)	59.64
AYEL01037033.1:28955-29184(+,-)	66.67
AYEL01085307.1:83-332(+,-)	59.82
AYEL01087203.1:27208-27474(+,-)	69.23
AYEL01034545.1:22482-22715(+,-)	60.94
AYEL01070304.1:37363-37593(+,-)	57.75
AYEL01083343.1:6818-7032(+,-)	71.82
AYEL01061385.1:32489-32723(+,-)	68.00
AYEL01017380.1:4909-5129(+,-)	73.08
AYEL01038226.1:0-278(+,-)	57.46
AYEL01085223.1:903-1105(+,-)	60.94
AYEL01039905.1:18875-19077(+,-)	60.45
AYEL01069124.1:43244-43461(+,-)	66.06
AYEL01062337.1:6969-7188(+,-)	65.56
AYEL01085429.1:52713-52926(+,-)	66.99
AYEL01074530.1:29238-29447(+,-)	66.36
AYEL01086320.1:10961-11414(+,-)	62.37
AYEL01089448.1:23965-24171(+,-)	75.56
AYEL01075287.1:9161-9395(+,-)	63.72
AYEL01032331.1:84577-84790(+,-)	58.22
AYEL01069639.1:14584-14875(+,-)	62.66
AYEL01013742.1:25331-25574(+,-)	68.25
AYEL01076620.1:27536-27755(+,-)	60.20
AYEL01054135.1:7880-8084(+,-)	63.92
AYEL01081481.1:41390-41624(+,-)	59.05
AYEL01086036.1:24435-24665(+,-)	63.98
AYEL01080903.1:99292-99598(+,-)	65.94
AYEL01060253.1:48421-48647(+,-)	64.55
AYEL01071350.1:38451-38681(+,-)	62.86
AYEL01059853.1:29081-29305(+,-)	81.25
AYEL01049229.1:3048-3274(+,-)	66.67
AYEL01072942.1:6117-6335(+,-)	72.73
AYEL01068962.1:24400-24715(+,-)	61.74
AYEL01038973.1:4-237(+,-)	63.00
AYEL01063394.1:73332-73552(+,-)	63.45
AYEL01078296.1:1555-1775(+,-)	61.73
AYEL01066713.1:44813-45006(+,-)	62.12
AYEL01062573.1:13915-14146(+,-)	63.43
AYEL01006519.1:12409-12628(+,-)	72.97
AYEL01059632.1:13031-13249(+,-)	68.89
AYEL01083039.1:23683-23879(+,-)	65.38
AYEL01049867.1:2704-2930(+,-)	86.21
AYEL01057029.1:30905-31160(+,-)	60.19
AYEL01092333.1:7076-7285(+,-)	63.55
AYEL01082443.1:1821-2064(+,-)	62.50
AYEL01083329.1:291337-291544(+,-)	66.90
AYEL01081475.1:20096-20321(+,-)	71.11
AYEL01075117.1:24050-24244(+,-)	62.67
AYEL01089750.1:30115-30328(+,-)	61.21
AYEL01082081.1:138624-138841(+,-)	66.00
AYEL01089536.1:8217-8436(+,-)	61.49
AYEL01074970.1:32175-32399(+,-)	61.11
AYEL01035395.1:18166-18391(+,-)	67.65
AYEL01074970.1:34801-35016(+,-)	74.59
AYEL01084826.1:8662-8860(+)	77.78
AYEL01077237.1:26938-27166(+,-)	59.03
AYEL01072718.1:2028-2264(+,-)	62.14
AYEL01061626.1:6693-6910(+,-)	58.11
AYEL01067692.1:11967-12298(+,-)	64.86
AYEL01091902.1:48854-49090(+,-)	62.50
AYEL01058834.1:22798-22991(+,-)	58.90
AYEL01025032.1:58-294(+,-)	59.09
AYEL01071777.1:19197-19425(+,-)	72.58
AYEL01071365.1:71031-71276(+,-)	71.01
AYEL01085744.1:20110-20329(+,-)	58.39
AYEL01051041.1:498-709(+,-)	56.85
AYEL01075400.1:14881-15072(+,-)	65.75
AYEL01082139.1:4691-4961(+,-)	64.58
AYEL01067814.1:10906-11289(+,-)	68.03
AYEL01084831.1:40805-41015(+,-)	60.50
AYEL01016502.1:1786-2019(+,-)	59.03
AYEL01082217.1:43222-43433(+,-)	69.39
AYEL01019673.1:19657-19869(+,-)	69.37
AYEL01076550.1:19455-19780(+,-)	63.39
AYEL01083092.1:22985-23220(+,-)	61.50
AYEL01072626.1:29229-29469(+,-)	62.33
AYEL01068572.1:3612-3813(+,-)	63.96
AYEL01073777.1:3544-3774(+,-)	59.86
AYEL01075946.1:17051-17260(+,-)	60.13
AYEL01082531.1:32070-32292(+,-)	70.19
AYEL01074350.1:3241-3448(+,-)	64.75
AYEL01051761.1:6046-6269(+,-)	65.12
AYEL01091871.1:24969-25185(+,-)	69.49
AYEL01041916.1:4408-4642(+,-)	61.22
AYEL01087673.1:13927-14133(+,-)	60.81
AYEL01042821.1:3858-4063(+,-)	68.89
AYEL01079929.1:67702-67938(+,-)	60.15
AYEL01016929.1:13807-14120(+,-)	55.48
AYEL01091058.1:8268-8496(+,-)	69.32
AYEL01074989.1:2518-2748(+,-)	60.32
AYEL01048915.1:4724-4913(+,-)	62.68
AYEL01072472.1:14515-14721(+,-)	71.15
AYEL01062202.1:16934-17163(+,-)	65.22
AYEL01087719.1:2453-2667(+,-)	62.26
AYEL01086662.1:9633-9909(+,-)	62.29
AYEL01070023.1:173265-173486(+,-)	61.94
AYEL01084206.1:27798-28016(+,-)	85.19
AYEL01078916.1:108722-108935(+,-)	67.27
AYEL01083973.1:12667-12924(+,-)	64.76
AYEL01070163.1:645-873(+,-)	69.15
AYEL01073862.1:2359-2596(+,-)	64.14
AYEL01068829.1:51969-52197(+,-)	71.11
AYEL01064622.1:1350-1554(+,-)	63.19
AYEL01071421.1:63231-63462(+,-)	65.62
AYEL01052489.1:83364-83635(+,-)	66.33
AYEL01056280.1:9641-9843(+,-)	60.27
AYEL01065540.1:21578-21813(+,-)	58.39
AYEL01083904.1:20180-20464(+,-)	61.24
AYEL01064121.1:21204-21563(+,-)	64.29
AYEL01052970.1:42078-42329(+,-)	62.33
AYEL01063740.1:20125-20356(+,-)	61.94
AYEL01085604.1:131265-131469(+,-)	77.39
AYEL01086296.1:21106-21302(+,-)	60.00
AYEL01071361.1:16289-16524(+,-)	65.73
AYEL01078876.1:122648-122877(+,-)	66.05
AYEL01080311.1:1513-1725(+,-)	60.84
AYEL01090706.1:8602-8831(+,-)	62.40
AYEL01019789.1:2439-2658(+,-)	61.31
AYEL01072453.1:29022-29252(+,-)	61.62
AYEL01083674.1:107496-107868(+,-)	61.36
AYEL01065147.1:20699-20947(+,-)	57.75
AYEL01048649.1:19082-19282(-)	61.90
AYEL01039369.1:127-519(+,-)	62.20
AYEL01074160.1:31427-31642(+,-)	73.33
AYEL01075048.1:7601-7888(+,-)	65.10
AYEL01068135.1:7866-8079(+,-)	59.41
AYEL01065827.1:4613-4838(+,-)	63.28
AYEL01069085.1:877-1111(+,-)	61.97
AYEL01065180.1:8836-9077(+,-)	61.43
AYEL01027492.1:16-205(+,-)	65.28
AYEL01088479.1:8990-9180(+,-)	67.65
AYEL01080644.1:50156-50372(+,-)	61.73
AYEL01056340.1:567-799(+,-)	64.76
AYEL01065492.1:2382-2595(+,-)	57.97
AYEL01090272.1:4394-4579(+)	61.24
AYEL01064505.1:72110-72317(+,-)	67.65
AYEL01031809.1:120782-121007(+,-)	61.01
AYEL01059060.1:4898-5152(+,-)	62.59
AYEL01022414.1:49575-49795(+,-)	63.00
AYEL01052518.1:26052-26283(+,-)	67.00
AYEL01062197.1:560-792(+,-)	68.49
AYEL01070960.1:4181-4390(+,-)	62.24
AYEL01059889.1:29659-29878(+,-)	60.92
AYEL01083462.1:33255-33449(+,-)	58.90
AYEL01077680.1:2830-3052(+,-)	67.39
AYEL01011848.1:22878-23095(+,-)	56.29
AYEL01072114.1:171261-171472(+,-)	66.95
AYEL01084081.1:78780-79040(+,-)	65.38
AYEL01089962.1:3528-3753(+,-)	70.00
AYEL01073510.1:0-283(+,-)	59.14
AYEL01076401.1:11189-11438(+,-)	67.21
AYEL01091836.1:37658-37874(+,-)	63.70
AYEL01068616.1:27662-27881(+,-)	60.98
AYEL01066861.1:15213-15448(+,-)	64.14
AYEL01084422.1:102005-102196(+,-)	64.84
AYEL01070475.1:1029-1264(+,-)	69.64
AYEL01089868.1:19436-19670(+,-)	62.04
AYEL01056672.1:20528-20763(+,-)	61.76
AYEL01065318.1:61785-62004(+,-)	77.27
AYEL01082973.1:2417-2657(+,-)	73.44
AYEL01090137.1:639-870(+,-)	68.75
AYEL01064359.1:20801-21033(+,-)	59.72
AYEL01091426.1:2770-2999(+,-)	66.10
AYEL01076118.1:3853-4082(+,-)	63.91
AYEL01077249.1:17902-18217(+,-)	59.26
AYEL01060357.1:13794-14015(+,-)	70.00
AYEL01085332.1:8777-9071(+,-)	60.27
AYEL01059614.1:16502-16720(+,-)	64.63
AYEL01086145.1:55750-55969(+,-)	63.73
AYEL01071033.1:39177-39400(+,-)	57.66
AYEL01081201.1:22927-23146(+,-)	66.04
AYEL01091823.1:17301-17496(+,-)	60.58
AYEL01080593.1:2115-2333(+,-)	66.67
AYEL01057437.1:5489-5691(+,-)	58.33
AYEL01068581.1:13022-13252(+,-)	65.13
AYEL01077064.1:21526-21779(+,-)	58.29
AYEL01084422.1:37992-38215(+,-)	73.17
AYEL01055526.1:4646-4883(+,-)	62.63
AYEL01084209.1:19520-19749(+,-)	60.61
AYEL01069813.1:69356-69612(+,-)	64.06
AYEL01063403.1:73496-73703(+,-)	64.38
AYEL01078199.1:39831-40056(+,-)	89.66
AYEL01078545.1:5329-5579(+,-)	62.09
AYEL01063454.1:2024-2234(+,-)	60.71
AYEL01049289.1:14596-14842(+,-)	68.37
AYEL01071919.1:69403-69602(+,-)	62.26
AYEL01084924.1:1969-2188(+,-)	62.86
AYEL01091245.1:49792-49992(+,-)	64.41
AYEL01071566.1:5512-5732(+,-)	58.43
AYEL01090442.1:55392-55622(+,-)	63.19
AYEL01075946.1:34333-34559(+,-)	64.78
AYEL01075075.1:8434-8658(+,-)	66.67
AYEL01086539.1:3350-3562(+,-)	57.78
AYEL01081604.1:32484-32742(+,-)	60.81
AYEL01085124.1:68123-68356(+,-)	64.85
AYEL01084388.1:56554-56790(+,-)	60.40
AYEL01075059.1:4305-4508(+,-)	63.13
AYEL01073397.1:96291-96504(+,-)	64.39
AYEL01092096.1:8287-8485(+,-)	67.07
AYEL01088235.1:28789-29011(+,-)	77.78
AYEL01052387.1:29251-29483(+,-)	58.62
AYEL01087533.1:64-291(+,-)	65.93
AYEL01072046.1:23776-24156(+,-)	71.88
AYEL01077377.1:37896-38121(+,-)	61.11
AYEL01027722.1:21106-21339(+,-)	65.08
AYEL01075644.1:78809-79019(+,-)	61.35
AYEL01075700.1:52916-53114(+,-)	66.12
AYEL01089012.1:124607-124834(+,-)	63.92
AYEL01063286.1:182-391(+,-)	60.00
AYEL01054132.1:23868-24446(+,-)	63.28
AYEL01089363.1:35097-35303(+,-)	62.26
AYEL01085181.1:61183-61415(+,-)	67.65
AYEL01088293.1:8773-8977(+,-)	61.48
AYEL01055879.1:1973-2407(+,-)	61.40
AYEL01072863.1:4105-4306(+,-)	65.28
AYEL01090490.1:32429-32800(+,-)	61.64
AYEL01050712.1:294-484(+,-)	59.69
AYEL01076473.1:25619-25821(+,-)	63.92
AYEL01072235.1:10528-10749(+,-)	67.89
AYEL01088451.1:33589-33810(+,-)	60.00
AYEL01080476.1:13453-13925(+,-)	57.82
AYEL01068447.1:5783-6159(+,-)	67.11
AYEL01075413.1:17471-17707(+,-)	64.38
AYEL01070481.1:646-878(+,-)	58.59
AYEL01072389.1:26059-26269(+,-)	68.70
AYEL01065044.1:28570-28770(+,-)	60.42
AYEL01082880.1:9687-9907(+,-)	62.50
AYEL01081563.1:45981-46244(+,-)	55.00
AYEL01082950.1:60347-60579(+,-)	72.73
AYEL01087686.1:2276-2494(+,-)	62.38
AYEL01079367.1:25149-25355(+,-)	71.59
AYEL01082089.1:16383-16794(+,-)	60.27
AYEL01071421.1:49347-49580(+,-)	71.90
AYEL01077482.1:9070-9261(+,-)	75.56
AYEL01077574.1:7712-7941(+,-)	63.80
AYEL01034838.1:20674-20904(+,-)	60.87
AYEL01059842.1:1987-2206(+,-)	60.94
AYEL01087290.1:28745-28960(+,-)	61.64
AYEL01086467.1:5118-5308(+,-)	64.10
AYEL01089480.1:96020-96237(+,-)	61.73
AYEL01016929.1:15694-15909(+,-)	67.39
AYEL01085694.1:15651-15855(+,-)	59.24
AYEL01078288.1:18855-19060(+,-)	79.55
AYEL01060901.1:781-993(+,-)	68.92
AYEL01018509.1:14866-15087(+,-)	61.64
AYEL01083039.1:9270-9488(+,-)	61.38
AYEL01065678.1:3377-3598(+,-)	63.57
AYEL01087105.1:22376-22590(+,-)	63.11
AYEL01054634.1:48621-48843(+,-)	62.03
AYEL01074361.1:20654-20866(+,-)	57.93
AYEL01077179.1:3189-3405(+,-)	62.80
AYEL01065197.1:32075-32544(+,-)	68.42
AYEL01083973.1:5837-6093(+,-)	65.48
AYEL01014018.1:3544-3781(+,-)	71.88
AYEL01075668.1:56798-57005(+,-)	68.09
AYEL01074890.1:40288-40506(+,-)	62.07
AYEL01060263.1:1504-1746(+,-)	59.05
AYEL01033726.1:1519-1752(+,-)	60.27
AYEL01081547.1:5099-5322(+,-)	61.81
AYEL01075388.1:15861-16079(+,-)	61.70
AYEL01071813.1:8585-8825(+,-)	60.00
AYEL01075353.1:37078-37267(-)	63.04
AYEL01043224.1:28440-28702(+,-)	64.50
AYEL01064576.1:111144-111357(+,-)	58.82
AYEL01081699.1:37970-38190(+,-)	63.01
AYEL01085769.1:10580-10792(+,-)	60.69
AYEL01003941.1:73-316(+,-)	66.07
AYEL01055854.1:128153-128384(+,-)	57.81
AYEL01072480.1:21099-21294(+,-)	63.89
AYEL01081607.1:1071-1288(+,-)	58.50
AYEL01064247.1:1328-1557(+,-)	68.12
AYEL01078243.1:8144-8367(+,-)	60.84
AYEL01091878.1:18519-18751(+,-)	61.14
AYEL01065002.1:31520-31716(+,-)	58.27
AYEL01067454.1:48655-49060(+,-)	62.41
AYEL01090177.1:14870-15093(+,-)	62.86
AYEL01078489.1:77080-77290(+,-)	68.18
AYEL01080357.1:4721-4939(+,-)	67.30
AYEL01089344.1:103557-103774(+,-)	61.11
AYEL01079735.1:23609-23839(+,-)	63.19
AYEL01067486.1:59469-59683(+,-)	63.54
AYEL01063394.1:87323-87553(+,-)	68.12
AYEL01091275.1:26299-26490(+,-)	60.29
AYEL01033853.1:67-275(+,-)	71.19
AYEL01083206.1:22137-22352(+,-)	60.90
AYEL01086919.1:22368-22578(+,-)	57.07
AYEL01078199.1:47309-47651(+,-)	77.78
AYEL01080851.1:10697-10893(+,-)	61.03
AYEL01065634.1:134191-134422(+,-)	62.50
AYEL01088380.1:13355-13624(+,-)	60.94
AYEL01021135.1:42600-43007(+,-)	67.19
AYEL01071810.1:26491-26704(+,-)	64.79
AYEL01070695.1:21926-22158(+,-)	68.25
AYEL01064943.1:7950-8176(+,-)	63.13
AYEL01071784.1:50159-50376(+,-)	68.83
AYEL01078998.1:28069-28302(+,-)	68.33
AYEL01081965.1:31198-31442(+,-)	61.83
AYEL01069230.1:12116-12414(+,-)	61.90
AYEL01049408.1:23319-23531(+,-)	61.87
AYEL01048958.1:3693-3923(+,-)	64.42
AYEL01045568.1:19043-19260(+,-)	67.31
AYEL01089099.1:18380-18597(+,-)	62.71
AYEL01082997.1:708-1085(+,-)	62.22
AYEL01080140.1:39522-39754(+,-)	73.02
AYEL01088471.1:19930-20168(+,-)	60.83
AYEL01074923.1:40084-40308(+,-)	63.20
AYEL01070255.1:6218-6457(+,-)	64.71
AYEL01060674.1:24073-24292(+,-)	65.12
AYEL01086538.1:41384-41599(+,-)	65.62
AYEL01075033.1:17057-17279(+,-)	57.78
AYEL01084107.1:153375-153607(+,-)	62.11
AYEL01086322.1:29995-30225(+,-)	64.66
AYEL01084814.1:19749-20158(+,-)	59.69
AYEL01067638.1:16125-16362(+,-)	59.74
AYEL01029412.1:4637-4872(+,-)	64.71
AYEL01057587.1:26746-26963(+,-)	63.06
AYEL01064124.1:23261-23488(+,-)	58.22
AYEL01053541.1:10927-11149(+,-)	63.10
AYEL01074854.1:3161-3486(+,-)	67.06
AYEL01086166.1:36878-37422(+,-)	61.06
AYEL01071464.1:11569-11797(+,-)	56.76
AYEL01069639.1:58989-59220(+,-)	67.78
AYEL01066931.1:22162-22392(+,-)	60.14
AYEL01072114.1:172857-173070(+,-)	63.98
AYEL01078380.1:94299-94519(+,-)	62.16
AYEL01080468.1:82616-82885(+,-)	60.13
AYEL01076403.1:10748-10955(+,-)	66.30
AYEL01086659.1:98796-99017(-)	75.00
AYEL01074608.1:3505-3874(+,-)	63.95
AYEL01083825.1:11334-11652(+,-)	65.87
AYEL01045266.1:20135-20329(+,-)	66.43
AYEL01089661.1:3096-3304(+,-)	64.84
AYEL01081816.1:22355-22560(+,-)	76.47
AYEL01088078.1:6321-6551(+,-)	61.95
AYEL01084556.1:27915-28182(+,-)	60.90
AYEL01077517.1:4369-4595(+,-)	70.00
AYEL01081740.1:10823-11039(+,-)	60.90
AYEL01091420.1:17970-18188(+,-)	64.08
AYEL01074340.1:29826-30042(+,-)	63.64
AYEL01063316.1:71479-71752(+,-)	62.16
AYEL01059595.1:4945-5166(+,-)	65.77
AYEL01057069.1:81973-82242(+,-)	58.82
AYEL01084178.1:13094-13336(+,-)	63.57
AYEL01029947.1:25145-25337(+,-)	61.94
AYEL01056455.1:18040-18232(+,-)	64.44
AYEL01092348.1:38994-39209(+,-)	59.46
AYEL01022961.1:10405-10632(+,-)	58.21
AYEL01019065.1:13863-14120(+,-)	68.29
AYEL01073797.1:9890-10110(+,-)	60.84
AYEL01028043.1:3588-3791(+,-)	70.49
AYEL01048976.1:1933-2151(+,-)	61.80
AYEL01086456.1:62730-62953(+,-)	64.19
AYEL01072053.1:78694-78912(+,-)	70.41
AYEL01071921.1:78481-78698(+,-)	61.18
AYEL01052918.1:24954-25169(+,-)	66.04
AYEL01021257.1:0-233(+,-)	56.39
AYEL01081250.1:28732-28943(+,-)	71.11
AYEL01079414.1:11414-11637(+,-)	69.57
AYEL01087900.1:44376-44601(+,-)	64.63
AYEL01078851.1:12134-12370(+,-)	63.70
AYEL01080631.1:1691-1887(+,-)	71.11
AYEL01068461.1:8744-8948(+,-)	64.06
AYEL01091201.1:744-975(+,-)	66.36
AYEL01081436.1:48903-49122(+,-)	75.56
AYEL01085651.1:33178-33402(+,-)	61.49
AYEL01072164.1:93886-94199(+,-)	65.32
AYEL01076256.1:22859-23087(+,-)	60.13
AYEL01077578.1:52732-52960(+,-)	63.71
AYEL01087722.1:18531-18749(+,-)	61.59
AYEL01042320.1:157-398(+,-)	56.48
AYEL01049828.1:14814-15047(+,-)	68.25
AYEL01090142.1:39640-39871(+,-)	62.02
AYEL01057624.1:29745-30115(+,-)	65.05
AYEL01089099.1:26172-26388(+,-)	61.83
AYEL01091193.1:5600-5799(+,-)	60.69
AYEL01042208.1:3801-4148(+,-)	59.86
AYEL01056319.1:31339-31548(+,-)	60.63
AYEL01080859.1:6164-6584(+,-)	62.75
AYEL01072173.1:7351-7578(+,-)	68.25
AYEL01086695.1:4142-4371(+,-)	58.52
AYEL01007087.1:3256-3482(+,-)	64.08
AYEL01065412.1:12178-12420(+,-)	60.15
AYEL01084158.1:64270-64481(+,-)	67.74
AYEL01019789.1:16170-16623(+,-)	60.00
AYEL01078800.1:17660-17881(+,-)	61.81
AYEL01086030.1:83319-83583(+,-)	65.00
AYEL01083826.1:7400-7630(+,-)	57.42
AYEL01064569.1:31185-31418(+,-)	63.69
AYEL01082159.1:19593-19799(+,-)	59.12
AYEL01089296.1:80958-81164(+,-)	68.89
AYEL01083292.1:61825-62046(+,-)	62.16
AYEL01071033.1:60652-61003(+,-)	55.24
AYEL01079024.1:43676-43899(+,-)	62.86
AYEL01085181.1:15357-15656(+,-)	69.51
AYEL01088261.1:99639-99831(-)	65.81
AYEL01080612.1:17872-18078(+,-)	62.41
AYEL01071474.1:14947-15175(+,-)	64.33
AYEL01045931.1:6686-6893(+,-)	73.33
AYEL01021383.1:13825-14043(+,-)	56.44
AYEL01072092.1:59230-59456(+,-)	59.85
AYEL01055579.1:13975-14210(+,-)	60.38
AYEL01075125.1:7452-7645(+,-)	72.73
AYEL01050531.1:513-720(+,-)	55.15
AYEL01069150.1:4474-4736(+,-)	61.54
AYEL01060030.1:16582-16771(+,-)	59.09
AYEL01060450.1:33960-34176(+,-)	55.34
AYEL01070023.1:158772-159000(+,-)	60.14
AYEL01077720.1:14863-15064(+,-)	63.46
AYEL01078130.1:9785-10002(+,-)	60.81
AYEL01066418.1:1208-1424(+,-)	61.87
AYEL01060901.1:1110-1349(+,-)	65.62
AYEL01057758.1:27239-27456(+,-)	60.53
AYEL01087933.1:23333-23556(+,-)	61.94
AYEL01082469.1:56358-56600(+,-)	54.38
AYEL01092391.1:45686-45891(+,-)	66.27
AYEL01070963.1:2462-2667(+,-)	69.03
AYEL01090004.1:12382-12597(+,-)	62.80
AYEL01082444.1:2215-2683(+,-)	60.53
AYEL01055586.1:72609-72844(+,-)	62.33
AYEL01066153.1:46838-47049(+,-)	62.14
AYEL01075457.1:26703-26935(+,-)	61.61
AYEL01043591.1:268-484(+,-)	70.00
AYEL01090907.1:7136-7367(+,-)	60.42
AYEL01087899.1:119929-120142(+,-)	60.00
AYEL01043479.1:8278-8509(+,-)	63.16
AYEL01047903.1:9308-9513(+,-)	65.69
AYEL01070799.1:39190-39422(+,-)	59.31
AYEL01051003.1:7235-7458(+,-)	63.06
AYEL01088360.1:2063-2284(+,-)	59.62
AYEL01076903.1:68062-68296(+,-)	60.42
AYEL01090914.1:10671-10889(+,-)	62.60
AYEL01055125.1:28741-28979(+,-)	61.93
AYEL01069410.1:760-1002(+,-)	60.74
AYEL01046375.1:8832-9065(+,-)	63.43
AYEL01066739.1:34374-34596(+,-)	75.00
AYEL01090572.1:18775-18988(+,-)	70.08
AYEL01074102.1:6724-6957(+,-)	67.65
AYEL01072236.1:32638-32858(+,-)	60.77
AYEL01067609.1:40926-41140(+,-)	64.24
AYEL01087367.1:6913-7100(-)	59.80
AYEL01077215.1:26221-26414(+,-)	65.55
AYEL01086213.1:16266-16492(+,-)	65.71
AYEL01079212.1:1145-1583(+,-)	64.34
AYEL01028046.1:125898-126132(+,-)	68.22
AYEL01087206.1:11879-12096(+,-)	60.49
AYEL01079457.1:6187-6394(+,-)	60.14
AYEL01073906.1:2329-2551(+,-)	59.72
AYEL01091877.1:125444-125655(+,-)	63.64
AYEL01078565.1:87670-87876(+,-)	61.45
AYEL01084357.1:3924-4143(+,-)	60.00
AYEL01041914.1:11347-11559(+,-)	60.56
AYEL01071919.1:79080-79305(+,-)	60.62
AYEL01091992.1:3501-3724(+,-)	70.31
AYEL01081592.1:7053-7277(+,-)	60.19
AYEL01074612.1:597-833(+,-)	64.66
AYEL01066423.1:4408-4640(+,-)	61.61
AYEL01050886.1:4117-4357(+,-)	69.57
AYEL01079398.1:110866-111098(+,-)	63.70
AYEL01048939.1:23336-23546(+,-)	66.43
AYEL01081139.1:31730-31932(+,-)	66.96
AYEL01077937.1:3500-3731(+,-)	63.11
AYEL01063393.1:82745-82944(+,-)	63.11
AYEL01090739.1:11705-11924(+,-)	63.45
AYEL01066423.1:4641-4844(+,-)	61.19
AYEL01049155.1:2003-2220(+,-)	62.35
AYEL01083998.1:7582-7801(+,-)	61.64
AYEL01081273.1:23578-23797(+,-)	60.00
AYEL01052190.1:2910-3119(+,-)	62.25
AYEL01077108.1:37215-37429(+,-)	60.27
AYEL01088352.1:72231-72710(+,-)	60.70
AYEL01086919.1:62268-62490(+,-)	62.33
AYEL01074340.1:34011-34233(+,-)	62.65
AYEL01071143.1:2326-2544(+,-)	75.56
AYEL01082451.1:41895-42095(+,-)	65.28
AYEL01057151.1:6895-7097(+,-)	63.33
AYEL01083081.1:50683-50912(+,-)	67.35
AYEL01012168.1:39-246(+,-)	68.12
AYEL01017524.1:17575-17916(+,-)	67.46
AYEL01069699.1:44741-44944(+,-)	67.92
AYEL01089074.1:11615-11913(+,-)	70.94
AYEL01090504.1:56617-57076(+,-)	63.16
AYEL01079955.1:5414-5612(+,-)	65.83
AYEL01078101.1:24297-24523(+,-)	58.54
AYEL01089288.1:10768-11004(+,-)	62.04
AYEL01060638.1:33816-34077(+,-)	65.71
AYEL01082933.1:74517-74799(+,-)	65.19
AYEL01080161.1:64-280(+,-)	69.49
AYEL01088196.1:15837-16058(+,-)	61.42
AYEL01084197.1:133391-133616(-)	71.93
AYEL01072485.1:2121-2337(+,-)	67.35
AYEL01089906.1:50878-51090(+,-)	62.63
AYEL01058078.1:21439-21671(+,-)	68.25
AYEL01086049.1:3961-4178(+,-)	65.65
AYEL01077015.1:11716-11946(+,-)	65.19
AYEL01091117.1:67198-67431(+,-)	58.59
AYEL01090639.1:8007-8219(+,-)	62.33
AYEL01079858.1:21550-21768(+,-)	58.45
AYEL01092395.1:3779-3998(+,-)	65.97
AYEL01071812.1:4111-4321(+,-)	58.33
AYEL01081076.1:49954-50146(+,-)	62.40
AYEL01053578.1:18291-18528(+,-)	77.27
AYEL01086179.1:60446-60701(+,-)	66.90
AYEL01077825.1:84586-84843(+,-)	63.70
AYEL01091877.1:16260-16548(+,-)	63.46
AYEL01087020.1:6618-6827(+,-)	59.46
AYEL01024355.1:1701-1941(+,-)	60.94
AYEL01070425.1:50881-51099(+,-)	59.31
AYEL01034524.1:15874-16094(+,-)	62.76
AYEL01073895.1:3138-3400(+,-)	67.09
AYEL01050283.1:13853-14086(+,-)	57.53
AYEL01078489.1:31261-31478(+,-)	60.81
AYEL01050882.1:550-792(+,-)	73.33
AYEL01073335.1:3862-4079(+,-)	65.32
AYEL01063529.1:86081-86274(+,-)	65.44
AYEL01026822.1:4532-4766(+,-)	64.86
AYEL01006114.1:183-420(+,-)	62.60
AYEL01073438.1:23444-23702(+,-)	72.41
AYEL01065158.1:129285-129567(+,-)	63.38
AYEL01079334.1:83062-83294(+,-)	65.93
AYEL01085364.1:31892-32127(+,-)	58.69
AYEL01076122.1:2593-2805(+,-)	65.45
AYEL01073593.1:5790-6018(+,-)	63.72
AYEL01088036.1:274-503(+,-)	70.00
AYEL01061835.1:2968-3188(+)	70.27
AYEL01061321.1:40691-40898(+,-)	61.94
AYEL01069726.1:41661-41899(+,-)	66.32
AYEL01077016.1:13424-13638(+,-)	57.06
AYEL01087630.1:18478-18683(+,-)	68.47
AYEL01085519.1:26674-26892(+,-)	63.33
AYEL01022562.1:4742-5038(+,-)	65.12
AYEL01090763.1:17540-17777(+,-)	71.74
AYEL01074924.1:13931-14199(+,-)	61.36
AYEL01057630.1:18773-19003(+,-)	71.29
AYEL01073532.1:257-544(+,-)	66.67
AYEL01049229.1:5359-5566(+,-)	75.76
AYEL01077016.1:39451-39762(+,-)	65.05
AYEL01073869.1:45075-45329(+,-)	67.39
AYEL01085401.1:74779-75012(+,-)	61.03
AYEL01074154.1:13368-13598(+,-)	63.57
AYEL01070526.1:14673-14883(+,-)	59.51
AYEL01073130.1:6782-7014(+,-)	61.31
AYEL01079376.1:2718-2952(+,-)	68.18
AYEL01009278.1:63-293(+,-)	70.00
AYEL01063356.1:7426-7657(+,-)	60.69
AYEL01085464.1:61807-62288(+,-)	62.58
AYEL01078249.1:7480-7712(+,-)	70.00
AYEL01088141.1:62897-63117(+,-)	75.56
AYEL01083387.1:46863-47098(+,-)	65.73
AYEL01059614.1:16906-17135(+,-)	67.03
AYEL01060322.1:48802-49010(+,-)	61.15
AYEL01066994.1:45700-45941(+,-)	65.13
AYEL01065524.1:30738-30971(+,-)	66.21
AYEL01092176.1:4380-4610(+,-)	66.41
AYEL01078409.1:108285-108502(+,-)	64.81
AYEL01072552.1:3205-3425(+,-)	56.67
AYEL01068833.1:24791-25103(+,-)	65.67
AYEL01075132.1:12487-12698(+,-)	63.64
AYEL01091247.1:785-1005(+,-)	61.69
AYEL01071091.1:18202-18415(+,-)	63.40
AYEL01032332.1:1650-1919(+,-)	63.30
AYEL01074532.1:2506-2700(+,-)	77.14
AYEL01085824.1:10266-10489(+,-)	61.11
AYEL01067454.1:14765-14971(+,-)	63.64
AYEL01088159.1:45482-45702(+,-)	62.80
AYEL01089936.1:4298-4523(+,-)	60.94
AYEL01019526.1:115-332(+,-)	60.54
AYEL01068096.1:1276-1515(+,-)	67.48
AYEL01060590.1:9431-9720(+,-)	70.00
AYEL01089183.1:47059-47312(+,-)	63.16
AYEL01092397.1:3810-4010(+,-)	63.35
AYEL01069626.1:40831-41035(+,-)	67.59
AYEL01074249.1:67252-67483(+,-)	63.19
AYEL01057540.1:9121-9355(+,-)	63.54
AYEL01069996.1:20400-20632(+,-)	66.01
AYEL01087702.1:21274-21503(+,-)	58.33
AYEL01070023.1:43223-43448(+,-)	63.58
AYEL01079379.1:52538-52753(+,-)	66.67
AYEL01069296.1:6667-6895(+,-)	63.47
AYEL01079986.1:11749-12061(+,-)	61.45
AYEL01089528.1:79990-80202(+,-)	73.08
AYEL01064617.1:76737-76962(+,-)	65.52
AYEL01086364.1:98616-98819(+,-)	65.00
AYEL01059437.1:4832-5052(+,-)	65.14
AYEL01087164.1:31923-32158(+,-)	63.19
AYEL01088051.1:25814-26098(+,-)	66.26
AYEL01089535.1:11183-11421(+,-)	62.50
AYEL01056455.1:26036-26269(+,-)	62.12
AYEL01090940.1:43885-44103(+,-)	72.88
AYEL01075430.1:50711-50904(+,-)	62.86
AYEL01066805.1:14732-14931(+,-)	60.61
AYEL01073113.1:31599-31836(+,-)	59.03
AYEL01092309.1:36231-36444(+,-)	62.76
AYEL01079226.1:55964-56262(+,-)	64.60
AYEL01081214.1:1943-2133(+,-)	60.45
AYEL01066015.1:3090-3304(+,-)	63.96
AYEL01053548.1:16011-16242(+,-)	64.19
AYEL01066793.1:4331-4557(+,-)	59.38
AYEL01010141.1:4848-5076(+,-)	75.00
AYEL01082452.1:23222-23433(+,-)	65.18
AYEL01071595.1:9778-10004(+,-)	66.06
AYEL01090981.1:35789-36001(+,-)	59.22
AYEL01049867.1:14764-14980(+,-)	65.99
AYEL01081037.1:17116-17327(+)	61.86
AYEL01078100.1:47459-47673(+,-)	58.20
AYEL01037166.1:4756-4988(+,-)	61.61
AYEL01081540.1:3573-3800(+,-)	72.73
AYEL01076235.1:38016-38264(+,-)	64.42
AYEL01089016.1:7790-8325(+,-)	63.64
AYEL01084017.1:2056-2261(+,-)	56.50
AYEL01054070.1:28043-28247(+,-)	67.23
AYEL01084670.1:10315-10519(+,-)	57.36
AYEL01069842.1:2325-2745(+,-)	62.41
AYEL01084433.1:44558-44770(+,-)	67.68
AYEL01052971.1:16854-17074(+,-)	64.00
AYEL01078450.1:45745-45942(+,-)	60.26
AYEL01078320.1:4052-4413(+,-)	71.67
AYEL01072643.1:79070-79335(+,-)	60.56
AYEL01071667.1:30714-30940(+,-)	65.05
AYEL01046530.1:27426-27649(+,-)	65.62
AYEL01083438.1:72997-73251(+,-)	64.80
AYEL01065578.1:93160-93390(+,-)	61.49
AYEL01081702.1:56271-56496(+,-)	65.99
AYEL01077224.1:10881-11115(+,-)	67.80
AYEL01067711.1:6070-6307(+,-)	67.02
AYEL01085467.1:20771-21033(+,-)	64.22
AYEL01062174.1:866-1071(+,-)	62.11
AYEL01026724.1:24863-25093(+,-)	59.46
AYEL01087943.1:4816-5034(+,-)	65.32
AYEL01079535.1:9328-9536(+,-)	63.11
AYEL01080997.1:23126-23320(+,-)	64.03
AYEL01068657.1:571-793(+,-)	66.17
AYEL01047922.1:17606-17816(+,-)	60.14
AYEL01069612.1:950-1183(+,-)	62.16
AYEL01077323.1:34817-35046(+,-)	63.29
AYEL01084655.1:19018-19435(+,-)	69.49
AYEL01055410.1:14223-14431(+,-)	70.18
AYEL01068022.1:41915-42117(-)	63.01
AYEL01087859.1:97104-97304(+,-)	60.87
AYEL01090454.1:6119-6344(+,-)	63.85
AYEL01068616.1:26113-26346(+,-)	62.77
AYEL01086487.1:3626-3826(+,-)	69.30
AYEL01081020.1:82588-82809(+,-)	59.44
AYEL01035457.1:4776-4990(+,-)	65.41
AYEL01062135.1:23011-23377(+,-)	62.60
AYEL01060655.1:3172-3388(+,-)	60.00
AYEL01032154.1:199-413(+,-)	62.94
AYEL01068377.1:16744-16975(+,-)	65.38
AYEL01077240.1:3653-3952(+,-)	62.77
AYEL01091940.1:33484-33672(+,-)	70.45
AYEL01083858.1:17645-17834(+,-)	68.83
AYEL01062195.1:38245-38446(+,-)	63.48
AYEL01017521.1:12712-12931(+,-)	69.17
AYEL01044462.1:5325-5551(+,-)	65.58
AYEL01066008.1:21364-21582(+,-)	60.74
AYEL01069355.1:22570-22797(+,-)	62.40
AYEL01082408.1:86134-86367(+,-)	59.72
AYEL01088017.1:3336-3539(+,-)	72.88
AYEL01087203.1:18907-19181(+,-)	66.14
AYEL01091534.1:429-617(+,-)	69.15
AYEL01072688.1:28611-28825(+,-)	65.83
AYEL01051218.1:15433-15647(+,-)	65.22
AYEL01091621.1:37430-37665(+,-)	62.32
AYEL01087284.1:2762-2991(+,-)	60.96
AYEL01064655.1:12381-12573(+,-)	61.76
AYEL01074778.1:71734-72168(+,-)	62.14
AYEL01087031.1:2235-2667(+,-)	64.42
AYEL01088551.1:10143-10456(+,-)	67.31
AYEL01065823.1:3359-3591(+,-)	59.03
AYEL01085735.1:38274-38503(+,-)	62.07
AYEL01072158.1:2618-2834(+,-)	63.58
AYEL01089996.1:5105-5319(+,-)	57.36
AYEL01050587.1:12232-12458(+,-)	60.29
AYEL01084047.1:35577-35773(+,-)	77.27
AYEL01046483.1:263-501(+,-)	59.74
AYEL01086213.1:16657-16882(+,-)	67.14
AYEL01070069.1:8074-8293(+,-)	63.73
AYEL01081279.1:16352-16581(+,-)	62.20
AYEL01086134.1:14592-14828(+,-)	63.89
AYEL01084222.1:63363-63580(+,-)	64.95
AYEL01083653.1:7332-7554(+,-)	59.80
AYEL01007657.1:9775-9991(+,-)	61.61
AYEL01040832.1:3199-3428(+,-)	59.86
AYEL01075494.1:30040-30253(+,-)	57.82
AYEL01079846.1:7703-7897(+,-)	69.39
AYEL01028355.1:25319-25541(+,-)	61.97
AYEL01076829.1:78103-78307(+,-)	60.62
AYEL01083250.1:1591-1886(+,-)	61.44
AYEL01085305.1:41166-41393(+,-)	61.38
AYEL01065916.1:15952-16166(-)	65.25
AYEL01049819.1:11010-11248(+,-)	62.69
AYEL01087103.1:9843-10078(+,-)	63.89
AYEL01071176.1:12594-12823(+,-)	65.00
AYEL01087671.1:16450-16683(+,-)	63.89
AYEL01086400.1:80551-80760(+,-)	57.64
AYEL01090162.1:2508-2727(+,-)	65.05
AYEL01090172.1:59958-60173(+,-)	61.68
AYEL01087163.1:5285-5559(+,-)	61.14
AYEL01065621.1:70693-71022(+,-)	67.26
AYEL01072041.1:11839-12123(+,-)	63.41
AYEL01078317.1:1175-1392(+,-)	63.58
AYEL01070295.1:32108-32328(+,-)	64.19
AYEL01084366.1:15677-15905(+,-)	60.19
AYEL01084385.1:18992-19205(+,-)	55.81
AYEL01069356.1:3620-3819(+,-)	64.00
AYEL01087704.1:47239-47462(+,-)	61.73
AYEL01042048.1:1251-1479(+,-)	62.07
AYEL01036790.1:41462-41704(+,-)	65.04
AYEL01091704.1:87767-87982(+,-)	61.49
AYEL01072041.1:13038-13279(+,-)	61.07
AYEL01077677.1:109664-109884(+,-)	64.29
AYEL01082531.1:35264-35546(+,-)	62.11
AYEL01085305.1:41492-41721(+,-)	64.06
AYEL01064597.1:3584-3780(+,-)	64.00
AYEL01076413.1:5020-5370(+,-)	65.00
AYEL01060096.1:16363-16579(+,-)	60.14
AYEL01074729.1:2595-2821(+,-)	70.00
AYEL01044752.1:3068-3290(+,-)	62.94
AYEL01058576.1:16598-16821(+,-)	66.67
AYEL01038802.1:16037-16287(+,-)	66.67
AYEL01016001.1:14031-14262(+,-)	68.55
AYEL01084855.1:7418-7652(+,-)	68.35
AYEL01054829.1:3434-3633(+,-)	57.30
AYEL01075073.1:63709-63893(-)	75.56
AYEL01048862.1:1382-1609(+,-)	65.81
AYEL01074237.1:11809-12041(+,-)	72.73
AYEL01090187.1:1559-1809(+,-)	55.56
AYEL01081610.1:47106-47339(+,-)	60.90
AYEL01090509.1:119227-119441(+,-)	68.75
AYEL01046124.1:5192-5462(+,-)	63.43
AYEL01069395.1:5012-5245(+,-)	65.94
AYEL01079011.1:39433-39654(+,-)	61.59
AYEL01091055.1:11280-11505(+,-)	61.95
AYEL01030541.1:3648-3872(+,-)	62.39
AYEL01035089.1:678-886(+,-)	67.57
AYEL01040416.1:713-903(+,-)	69.72
AYEL01060636.1:5041-5261(+,-)	63.44
AYEL01088448.1:9014-9364(+,-)	64.29
AYEL01079576.1:7212-7417(+,-)	71.67
AYEL01027366.1:7941-8157(+,-)	57.67
AYEL01076911.1:42019-42267(+,-)	65.62
AYEL01058718.1:3232-3419(-)	55.64
AYEL01084670.1:28094-28282(+,-)	71.79
AYEL01075878.1:8766-8980(+,-)	64.42
AYEL01084287.1:28543-28751(+,-)	62.73
AYEL01065443.1:6625-6883(+,-)	58.96
AYEL01086553.1:3211-3442(+,-)	70.69
AYEL01035924.1:5648-6092(+,-)	73.58
AYEL01087735.1:10400-10608(+)	65.22
AYEL01051198.1:2702-2891(+,-)	65.85
AYEL01082602.1:14448-14673(+,-)	58.78
AYEL01072106.1:97874-98074(+,-)	62.50
AYEL01070390.1:56481-56714(+,-)	60.66
AYEL01077345.1:56275-56507(+,-)	63.44
AYEL01087968.1:50660-50890(+,-)	63.77
AYEL01089936.1:41326-41558(+,-)	69.16
AYEL01053756.1:30099-30331(+,-)	61.61
AYEL01070254.1:982-1206(+,-)	82.22
AYEL01081336.1:3631-3869(+,-)	60.39
AYEL01084814.1:65315-65545(+,-)	59.09
AYEL01078590.1:27140-27358(+,-)	64.06
AYEL01023611.1:8001-8231(+,-)	57.14
AYEL01078648.1:17543-17836(+,-)	63.98
AYEL01073739.1:8312-8599(+,-)	76.60
AYEL01084409.1:63591-63843(+,-)	71.11
AYEL01043833.1:7813-8001(+,-)	59.68
AYEL01056440.1:1271-1489(+,-)	60.26
AYEL01053856.1:3852-4082(+,-)	64.56
AYEL01073606.1:21142-21469(+,-)	57.33
AYEL01078772.1:38996-39229(+,-)	70.31
AYEL01074052.1:11508-11847(+,-)	66.91
AYEL01088013.1:4226-4459(+,-)	64.14
AYEL01029387.1:14219-14452(+,-)	65.66
AYEL01083026.1:1474-1675(+,-)	60.38
AYEL01080007.1:33615-33826(+,-)	68.57
AYEL01091899.1:52365-52599(+,-)	64.34
AYEL01056034.1:995-1194(+,-)	59.71
AYEL01070511.1:2689-2886(+,-)	59.23
AYEL01090356.1:22536-22728(+,-)	63.57
AYEL01087892.1:3159-3429(+,-)	66.00
AYEL01090592.1:42801-43021(+,-)	63.27
AYEL01052960.1:76-281(+,-)	82.14
AYEL01029899.1:406-610(+,-)	73.53
AYEL01090905.1:10157-10383(+,-)	61.65
AYEL01064897.1:7882-8091(+)	59.69
AYEL01063406.1:1866-2093(+,-)	59.71
AYEL01070898.1:23689-23908(+,-)	60.37
AYEL01069165.1:357-575(+,-)	66.46
AYEL01090954.1:27586-27821(+,-)	66.13
AYEL01086097.1:20102-20308(+,-)	80.00
AYEL01084145.1:7807-8035(+,-)	63.10
AYEL01080105.1:7361-7562(+,-)	59.28
AYEL01064569.1:44138-44344(+,-)	56.79
AYEL01081080.1:86448-86674(+,-)	70.79
AYEL01066958.1:16710-17000(+,-)	59.31
AYEL01067272.1:195-448(+,-)	63.16
AYEL01040512.1:45-243(+,-)	66.05
AYEL01075667.1:153591-153811(+,-)	70.00
AYEL01082075.1:1300-1564(+,-)	60.22
AYEL01085047.1:74096-74327(+,-)	64.02
AYEL01065465.1:24638-24862(+,-)	66.67
AYEL01074875.1:1656-1877(+,-)	65.49
AYEL01086783.1:537-754(+,-)	64.39
AYEL01061082.1:17924-18152(+,-)	66.96
AYEL01075159.1:23874-24078(+,-)	64.42
AYEL01080839.1:5780-6011(+,-)	62.98
AYEL01078039.1:101800-102035(+,-)	65.62
AYEL01078182.1:23155-23389(+,-)	66.67
AYEL01081918.1:9063-9257(+)	63.57
AYEL01050367.1:24601-24815(+,-)	68.75
AYEL01090029.1:7529-7743(+,-)	60.62
AYEL01063393.1:14395-14762(+,-)	63.92
AYEL01088817.1:67752-67988(+,-)	65.28
AYEL01079328.1:59925-60154(+,-)	61.17
AYEL01061246.1:771-1005(+,-)	77.27
AYEL01074382.1:60351-60583(+,-)	69.57
AYEL01090788.1:20982-21213(+,-)	58.64
AYEL01067660.1:14236-14439(+,-)	61.33
AYEL01091804.1:1567-1783(+,-)	65.03
AYEL01072103.1:23152-23467(+,-)	69.64
AYEL01083279.1:2714-2931(+,-)	64.71
AYEL01085808.1:28539-28764(+,-)	60.74
AYEL01062195.1:232-449(+,-)	63.51
AYEL01075870.1:3183-3389(+,-)	63.73
AYEL01079096.1:8003-8215(+,-)	59.88
AYEL01081729.1:25591-25798(+,-)	74.63
AYEL01074837.1:5754-5968(+,-)	62.73
AYEL01067648.1:4985-5248(+,-)	63.33
AYEL01054588.1:12425-12649(+,-)	63.68
AYEL01079649.1:14421-14651(+,-)	63.43
AYEL01072508.1:91201-91432(+,-)	62.35
AYEL01051380.1:46844-47075(+,-)	73.33
AYEL01063705.1:41318-41668(+,-)	64.29
AYEL01071007.1:3159-3395(+,-)	58.90
AYEL01069240.1:1546-1822(+,-)	66.02
AYEL01068816.1:9964-10197(+,-)	61.19
AYEL01079990.1:1679-1891(+,-)	64.42
AYEL01087621.1:1281-1494(-)	74.29
AYEL01079941.1:38917-39151(+,-)	61.90
AYEL01085604.1:132656-132984(+,-)	62.04
AYEL01080924.1:22382-22610(+,-)	64.06
AYEL01051376.1:8346-8554(+)	65.22
AYEL01017522.1:6814-7034(+,-)	86.67
AYEL01069610.1:4033-4324(+,-)	63.64
AYEL01067355.1:11947-12177(+,-)	63.37
AYEL01060362.1:15592-15808(+,-)	65.48
AYEL01052874.1:43277-43627(+,-)	65.00
AYEL01058952.1:17527-17744(+,-)	59.46
AYEL01080781.1:16960-17169(+,-)	60.81
AYEL01071803.1:6621-6851(+,-)	60.74
AYEL01082142.1:4881-5101(+,-)	64.13
AYEL01087432.1:231828-232065(+,-)	62.32
AYEL01029376.1:2559-2773(+,-)	57.89
AYEL01086766.1:90523-90728(+,-)	67.19
AYEL01029103.1:9266-9488(+,-)	61.16
AYEL01083769.1:21023-21259(+,-)	65.62
AYEL01084163.1:14978-15208(+,-)	66.41
AYEL01089426.1:17748-17975(+,-)	59.69
AYEL01032332.1:747-970(+,-)	62.50
AYEL01061514.1:5280-5500(+,-)	64.19
AYEL01087760.1:52958-53162(+,-)	64.29
AYEL01084845.1:72339-72568(+,-)	61.36
AYEL01044994.1:39700-40113(+,-)	71.67
AYEL01050101.1:4503-4741(+,-)	57.79
AYEL01065732.1:11785-12003(+,-)	64.93
AYEL01072870.1:39928-40247(+,-)	71.79
AYEL01087244.1:41723-41953(+,-)	60.28
AYEL01010822.1:12-270(+,-)	68.00
AYEL01068168.1:7569-7807(+,-)	65.00
AYEL01069225.1:19230-19463(+,-)	64.08
AYEL01029713.1:27358-27590(+,-)	63.51
AYEL01056261.1:6074-6294(+,-)	68.27
AYEL01078301.1:5404-5626(+,-)	69.60
AYEL01060345.1:1366-1585(+,-)	58.04
AYEL01083806.1:15351-15571(+,-)	61.81
AYEL01068064.1:3925-4169(+,-)	62.30
AYEL01071893.1:22171-22385(+,-)	64.21
AYEL01052921.1:12052-12267(+,-)	65.15
AYEL01056756.1:927-1159(+,-)	63.06
AYEL01006729.1:474-695(+,-)	58.14
AYEL01062385.1:15685-15919(+,-)	68.37
AYEL01079080.1:29633-29857(+,-)	64.08
AYEL01049777.1:4007-4254(+,-)	62.40
AYEL01016381.1:10478-10760(+,-)	63.11
AYEL01039381.1:3938-4170(+,-)	58.11
AYEL01086472.1:16573-16798(+,-)	62.19
AYEL01079955.1:4131-4521(+,-)	58.75
AYEL01090827.1:39181-39399(+,-)	67.71
AYEL01027842.1:7076-7264(+,-)	64.67
AYEL01071690.1:8221-8447(+,-)	63.32
AYEL01079562.1:5180-5401(+,-)	61.04
AYEL01082528.1:12308-12529(+,-)	65.69
AYEL01088195.1:67393-67678(+,-)	68.93
AYEL01089421.1:13570-13794(+,-)	63.27
AYEL01032840.1:76049-76265(+,-)	67.30
AYEL01085464.1:92572-92827(+,-)	62.07
AYEL01069332.1:22069-22271(+,-)	83.87
AYEL01052710.1:6806-7019(+,-)	60.62
AYEL01064913.1:22560-22759(+,-)	71.19
AYEL01091013.1:25358-25576(+,-)	80.00
AYEL01085409.1:7311-7522(+,-)	66.07
AYEL01068758.1:13908-14142(+,-)	60.00
AYEL01088768.1:1808-2011(+,-)	70.53
AYEL01049006.1:16801-17030(+,-)	63.59
AYEL01065970.1:72837-73066(+,-)	61.65
AYEL01063696.1:2530-2752(+,-)	70.79
AYEL01057629.1:34443-34640(+,-)	64.17
AYEL01067761.1:29519-29753(+,-)	58.88
AYEL01082968.1:25650-25866(+,-)	63.45
AYEL01076901.1:142710-142970(+,-)	61.27
AYEL01087289.1:6696-6920(+,-)	63.45
AYEL01053781.1:8194-8409(+,-)	60.27
AYEL01070742.1:6541-6774(+,-)	61.70
AYEL01077026.1:20631-20849(+,-)	60.14
AYEL01073023.1:9168-9374(+,-)	61.45
AYEL01080822.1:345-566(+,-)	83.33
AYEL01082167.1:11149-11334(-)	59.84
AYEL01055643.1:26411-26622(+,-)	62.71
AYEL01059889.1:29373-29570(+,-)	65.45
AYEL01073367.1:32440-32658(+,-)	71.67
AYEL01064101.1:24309-24538(+,-)	64.54
AYEL01065173.1:48191-48412(+,-)	65.77
AYEL01057587.1:27764-28014(+,-)	62.50
AYEL01022961.1:1492-1682(+,-)	69.75
AYEL01027717.1:4897-5117(+,-)	60.77
AYEL01069133.1:4671-4891(+,-)	60.31
AYEL01066652.1:6806-7012(+,-)	70.30
AYEL01082840.1:51702-52052(+,-)	64.62
AYEL01067488.1:678-891(+,-)	62.50
AYEL01068409.1:15403-15667(+,-)	63.70
AYEL01070138.1:28616-28833(+,-)	63.41
AYEL01087308.1:1784-1999(+,-)	59.51
AYEL01078010.1:6918-7134(+,-)	63.72
AYEL01071464.1:14028-14256(+,-)	56.46
AYEL01066067.1:4762-4972(+,-)	64.15
AYEL01080189.1:106318-106503(+)	73.95
AYEL01063638.1:33182-33420(+,-)	63.19
AYEL01075253.1:8557-8776(+,-)	64.91
AYEL01059761.1:199-409(+,-)	68.18
AYEL01062592.1:28993-29267(+,-)	71.74
AYEL01069101.1:20010-20237(+,-)	60.47
AYEL01083939.1:15980-16250(+,-)	70.14
AYEL01052970.1:46367-46559(+,-)	72.41
AYEL01048205.1:39752-40075(+,-)	68.42
AYEL01070550.1:56235-56444(+,-)	60.13
AYEL01058379.1:39739-39960(+,-)	59.71
AYEL01080903.1:100257-100564(+,-)	64.75
AYEL01076903.1:96548-96832(+,-)	59.12
AYEL01064838.1:22335-22545(+,-)	61.59
AYEL01085756.1:68075-68289(+,-)	57.14
AYEL01084037.1:22331-22565(+,-)	62.12
AYEL01077362.1:72117-72313(+,-)	69.51
AYEL01079929.1:59665-59916(+,-)	65.75
AYEL01081004.1:4716-4966(+,-)	60.14
AYEL01058291.1:27525-27749(+,-)	63.64
AYEL01046540.1:4783-5007(+,-)	61.50
AYEL01084163.1:6527-6739(+,-)	60.27
AYEL01067980.1:5126-5367(+,-)	62.61
AYEL01071360.1:4964-5189(+,-)	60.27
AYEL01065882.1:1674-1903(+,-)	62.20
AYEL01075858.1:11864-12083(+,-)	58.97
AYEL01063638.1:40681-40907(+,-)	61.38
AYEL01087164.1:99555-99791(+,-)	59.72
AYEL01090172.1:47015-47243(+,-)	61.38
AYEL01069785.1:37755-37989(+,-)	65.53
AYEL01084741.1:2068-2277(+,-)	61.54
AYEL01055927.1:2605-2842(+,-)	64.59
AYEL01078206.1:52612-52828(+,-)	63.47
AYEL01069355.1:27791-27991(+,-)	73.03
AYEL01069996.1:57015-57228(+,-)	57.14
AYEL01072914.1:25839-26194(+,-)	65.00
AYEL01054692.1:102451-102673(+,-)	60.42
AYEL01051341.1:34410-34628(+,-)	74.47
AYEL01067396.1:1073-1307(+,-)	59.44
AYEL01071639.1:45375-45589(+,-)	60.00
AYEL01079054.1:118045-118275(+,-)	65.05
AYEL01088201.1:1699-1994(+,-)	61.54
AYEL01059834.1:22359-22655(+,-)	60.49
AYEL01089262.1:6059-6292(+,-)	60.84
AYEL01051714.1:2274-2480(+,-)	68.85
AYEL01079058.1:76801-77008(+,-)	61.87
AYEL01060188.1:13046-13242(+,-)	68.75
AYEL01072483.1:13265-13522(+,-)	63.23
AYEL01047976.1:30841-31062(+,-)	57.53
AYEL01074266.1:4769-4989(+,-)	58.87
AYEL01083873.1:6263-6672(+,-)	59.86
AYEL01091307.1:39036-39254(+,-)	63.57
AYEL01066931.1:80972-81194(+,-)	59.57
AYEL01063174.1:87688-87898(+,-)	58.09
AYEL01069201.1:13696-13968(+,-)	59.86
AYEL01072584.1:17816-18035(+,-)	63.64
AYEL01081649.1:16631-16847(+,-)	64.34
AYEL01023413.1:2100-2326(+,-)	78.00
AYEL01059595.1:47612-47842(+,-)	66.46
AYEL01004178.1:172-405(+,-)	65.00
AYEL01034971.1:41301-41518(+,-)	59.31
AYEL01071975.1:5259-5478(+,-)	63.77
AYEL01084526.1:23270-23466(+,-)	64.76
AYEL01080130.1:30461-30679(+,-)	62.20
AYEL01084831.1:24086-24317(+,-)	65.38
AYEL01072592.1:2593-2869(+,-)	69.11
AYEL01066570.1:63490-63724(+,-)	70.59
AYEL01040417.1:9611-9845(+,-)	61.32
AYEL01089938.1:16879-17106(+,-)	62.32
AYEL01089476.1:19522-19743(+,-)	66.10
AYEL01050219.1:17614-17826(+,-)	61.15
AYEL01074249.1:5806-6036(+,-)	58.02
AYEL01082848.1:13627-13859(+,-)	62.32
AYEL01070218.1:38687-38903(+,-)	62.14
AYEL01089563.1:93822-94052(+,-)	64.71
AYEL01079342.1:30444-30654(+,-)	76.09
AYEL01064856.1:2950-3182(+,-)	70.49
AYEL01067132.1:30023-30304(+,-)	60.74
AYEL01078639.1:147805-148031(+,-)	60.50
AYEL01081188.1:49062-49267(+,-)	56.40
AYEL01091736.1:17097-17292(+,-)	71.28
AYEL01070627.1:21572-21779(+,-)	61.18
AYEL01063295.1:1169-1395(+,-)	60.31
AYEL01087064.1:36608-36876(+,-)	62.30
AYEL01056847.1:48415-48604(+,-)	61.43
AYEL01058432.1:11828-12063(+,-)	65.62
AYEL01036636.1:9361-9600(+,-)	64.44
AYEL01075279.1:47437-47669(+,-)	64.95
AYEL01089157.1:90665-91004(+,-)	65.04
AYEL01084102.1:3692-4111(+,-)	67.96
AYEL01046410.1:14540-14958(+,-)	64.60
AYEL01078348.1:3157-3389(+,-)	58.09
AYEL01060322.1:47818-48072(+,-)	63.49
AYEL01081687.1:13706-13934(+,-)	62.41
AYEL01056733.1:20214-20447(+,-)	58.74
AYEL01043685.1:764-1061(+,-)	66.35
AYEL01062174.1:5015-5245(+,-)	59.86
AYEL01086937.1:32102-32332(+,-)	62.86
AYEL01072216.1:5132-5415(+,-)	62.43
AYEL01088490.1:48267-48460(+,-)	63.40
AYEL01067073.1:15772-15988(+,-)	64.38
AYEL01085623.1:57166-57384(+,-)	64.08
AYEL01019418.1:4139-4370(+,-)	66.33
AYEL01051209.1:3157-3387(+,-)	64.71
AYEL01070975.1:25508-25733(+,-)	63.64
AYEL01086535.1:6340-6570(+,-)	63.81
AYEL01046600.1:17501-17704(+,-)	57.53
AYEL01091937.1:25943-26169(+,-)	63.31
AYEL01075552.1:30043-30260(+,-)	64.03
AYEL01083744.1:1386-1616(+,-)	62.86
AYEL01080143.1:3962-4330(+,-)	64.35
AYEL01064267.1:28979-29399(+,-)	64.29
AYEL01073263.1:38510-38737(+,-)	61.64
AYEL01073140.1:43315-43533(+,-)	64.71
AYEL01071017.1:47606-47840(+,-)	64.38
AYEL01059608.1:2423-2623(+,-)	69.39
AYEL01086718.1:13322-13540(+,-)	61.96
AYEL01089457.1:26082-26301(+,-)	71.91
AYEL01090152.1:96038-96250(+,-)	70.00
AYEL01044598.1:29220-29440(+,-)	59.51
AYEL01067395.1:15862-16088(+,-)	71.67
AYEL01074340.1:36351-36601(+,-)	63.72
AYEL01071723.1:43054-43306(+,-)	76.47
AYEL01076992.1:110674-110885(+,-)	62.22
AYEL01085477.1:4815-5036(+,-)	60.19
AYEL01081580.1:54824-55043(+,-)	73.33
AYEL01089166.1:36312-36545(+,-)	63.12
AYEL01072335.1:16078-16283(+,-)	64.79
AYEL01084372.1:25796-26028(+,-)	69.23
AYEL01065616.1:1230-1449(+,-)	62.58
AYEL01033811.1:17837-18105(+,-)	61.36
AYEL01086717.1:10833-11054(+,-)	57.75
AYEL01078443.1:83697-83957(+,-)	58.78
AYEL01084275.1:45014-45248(+,-)	62.68
AYEL01089442.1:5806-6022(+,-)	59.43
AYEL01091905.1:19261-19459(+,-)	63.52
AYEL01081789.1:72034-72270(+,-)	63.70
AYEL01078862.1:4161-4379(+,-)	60.54
AYEL01067502.1:813-1011(+,-)	70.00
AYEL01079011.1:38332-38551(+,-)	63.41
AYEL01086080.1:20431-20652(+,-)	59.85
AYEL01078058.1:3188-3386(+,-)	68.75
AYEL01071651.1:19862-20093(+,-)	73.33
AYEL01043479.1:7467-7694(+,-)	61.90
AYEL01061670.1:39449-39757(+,-)	66.99
AYEL01060099.1:31705-31920(+,-)	60.56
AYEL01083290.1:34349-34574(+,-)	63.43
AYEL01073135.1:90108-90317(+,-)	71.11
AYEL01070897.1:4394-4631(+,-)	65.49
AYEL01067064.1:5030-5250(+,-)	63.55
AYEL01024930.1:61874-62097(+,-)	59.54
AYEL01078820.1:331-540(+,-)	69.12
AYEL01091680.1:23807-24053(+,-)	61.25
AYEL01091871.1:26805-27072(+,-)	63.13
AYEL01058379.1:51952-52165(+,-)	74.58
AYEL01075761.1:1098-1316(+,-)	64.24
AYEL01091023.1:57273-57502(+,-)	61.35
AYEL01085936.1:24805-25031(+,-)	61.25
AYEL01060185.1:21060-21278(+,-)	64.63
AYEL01062196.1:6220-6437(+,-)	62.96
AYEL01077846.1:14266-14491(+,-)	59.20
AYEL01059631.1:26142-26352(+,-)	63.16
AYEL01082942.1:19370-19590(+,-)	59.23
AYEL01044051.1:1099-1312(+,-)	61.48
AYEL01091763.1:4909-5138(+,-)	69.57
AYEL01080607.1:33708-33943(+,-)	62.61
AYEL01055917.1:2655-2872(+,-)	64.91
AYEL01072453.1:7612-7937(+,-)	62.41
AYEL01060206.1:5707-5939(+,-)	61.90
AYEL01081585.1:1346-1635(+,-)	64.06
AYEL01092211.1:175-412(+,-)	68.06
AYEL01061673.1:10846-11068(+,-)	60.61
AYEL01056321.1:34018-34227(+,-)	64.52
AYEL01053288.1:17300-17533(+,-)	63.19
AYEL01072858.1:16325-16547(+,-)	72.00
AYEL01068587.1:73229-73492(+,-)	64.86
AYEL01088783.1:22218-22461(+,-)	62.58
AYEL01080874.1:2605-2816(+,-)	62.84
AYEL01052633.1:2868-3146(+,-)	64.24
AYEL01067982.1:16749-16974(+,-)	64.34
AYEL01065634.1:133951-134166(+,-)	74.51
AYEL01079930.1:51974-52188(+,-)	63.52
AYEL01060100.1:24361-24592(+,-)	58.50
AYEL01036031.1:566-821(+,-)	62.30
AYEL01065170.1:4154-4414(+,-)	58.33
AYEL01083959.1:23506-23695(+,-)	70.15
AYEL01084210.1:518-736(+,-)	65.62
AYEL01069499.1:7218-7428(+,-)	76.09
AYEL01063620.1:48591-48790(+,-)	63.64
AYEL01081787.1:74648-74843(+,-)	65.49
AYEL01032847.1:17267-17484(+,-)	65.00
AYEL01073998.1:12459-12654(+,-)	61.07
AYEL01061963.1:12311-12530(+,-)	63.80
AYEL01065053.1:979-1279(+,-)	62.96
AYEL01043958.1:51854-52063(+,-)	56.85
AYEL01085197.1:52193-52404(+,-)	60.14
AYEL01088330.1:36743-36966(+,-)	66.67
AYEL01080650.1:5454-5671(+,-)	61.22
AYEL01065170.1:1059-1260(+,-)	66.67
AYEL01090649.1:10542-10773(+,-)	58.77
AYEL01058031.1:29202-29416(+,-)	59.50
AYEL01062385.1:25732-25945(+,-)	60.12
AYEL01070440.1:25739-25936(+,-)	67.48
AYEL01067827.1:8755-9056(+,-)	55.46
AYEL01090593.1:12545-12775(+,-)	57.43
AYEL01075071.1:54168-54392(+,-)	61.19
AYEL01055793.1:19100-19320(+,-)	64.84
AYEL01085911.1:4790-5002(+,-)	63.01
AYEL01078067.1:35041-35277(+,-)	62.26
AYEL01065465.1:21800-22006(+,-)	62.16
AYEL01046283.1:23056-23287(+,-)	63.24
AYEL01075634.1:19380-19645(+,-)	64.63
AYEL01079457.1:8322-8574(+,-)	64.04
AYEL01071970.1:4707-4897(+,-)	69.05
AYEL01059050.1:18310-18529(+,-)	65.38
AYEL01065412.1:57717-57920(+,-)	59.18
AYEL01081696.1:2910-3130(+,-)	62.76
AYEL01084259.1:52230-52445(+,-)	60.53
AYEL01012478.1:17477-17695(+,-)	62.28
AYEL01074873.1:3956-4149(+,-)	73.33
AYEL01081440.1:6927-7215(+,-)	66.67
AYEL01084738.1:22775-23012(+,-)	63.53
AYEL01065341.1:5663-5871(+,-)	58.79
AYEL01073435.1:6490-6717(+,-)	60.69
AYEL01070258.1:21482-21702(+,-)	65.96
AYEL01023340.1:52-271(+,-)	60.14
AYEL01092338.1:11064-11267(+,-)	60.00
AYEL01079659.1:7789-8007(+,-)	64.75
AYEL01034204.1:36750-36948(+,-)	65.57
AYEL01076988.1:29597-29811(+,-)	64.62
AYEL01068817.1:13605-13872(+,-)	65.38
AYEL01091750.1:7959-8193(+,-)	62.50
AYEL01054685.1:2585-2803(+,-)	64.07
AYEL01083319.1:2207-2443(+,-)	62.69
AYEL01090588.1:14129-14322(+,-)	62.12
AYEL01051197.1:1125-1353(+,-)	62.76
AYEL01085179.1:21751-21937(+)	64.58
AYEL01078189.1:11496-11724(+,-)	61.59
AYEL01063854.1:12999-13230(+,-)	68.75
AYEL01070328.1:914-1132(+,-)	64.42
AYEL01091007.1:16883-17099(+,-)	64.96
AYEL01066319.1:35253-35476(+,-)	62.22
AYEL01024307.1:5640-5873(+,-)	60.56
AYEL01083887.1:17480-17729(+,-)	61.95
AYEL01070304.1:35622-35844(+,-)	62.07
AYEL01081365.1:93752-93978(+,-)	58.54
AYEL01071212.1:1825-2099(+,-)	60.00
AYEL01075276.1:29693-29906(+,-)	74.58
AYEL01074156.1:3662-3885(+,-)	60.10
AYEL01053014.1:2534-2747(+,-)	58.04
AYEL01079333.1:48580-48803(+,-)	62.86
AYEL01070579.1:15103-15355(+,-)	60.16
AYEL01010333.1:19442-19674(+,-)	63.43
AYEL01057164.1:58540-58758(+,-)	85.19
AYEL01076869.1:20606-20824(+,-)	64.02
AYEL01078084.1:27183-27417(+,-)	62.50
AYEL01077390.1:57181-57397(+,-)	63.31
AYEL01074266.1:17818-18031(+,-)	61.81
AYEL01091961.1:3586-3826(+,-)	69.42
AYEL01085126.1:8003-8221(+,-)	62.84
AYEL01051042.1:10970-11174(+,-)	64.36
AYEL01091687.1:15372-15575(+,-)	68.25
AYEL01073878.1:3926-4169(+,-)	62.50
AYEL01076807.1:105285-105507(+,-)	63.89
AYEL01060934.1:158092-158282(+,-)	70.09
AYEL01050044.1:7911-8142(+,-)	60.00
AYEL01080631.1:29502-29725(+,-)	60.27
AYEL01084968.1:7487-7722(+,-)	68.29
AYEL01059040.1:18043-18247(+,-)	60.42
AYEL01059446.1:3045-3256(+,-)	60.15
AYEL01073250.1:4689-4910(+,-)	60.00
AYEL01089571.1:66565-66855(+,-)	69.57
AYEL01086377.1:35127-35361(+,-)	64.83
AYEL01088591.1:6769-6995(+,-)	69.57
AYEL01084789.1:273-504(+,-)	60.31
AYEL01083847.1:7303-7488(-)	60.62
AYEL01068893.1:21100-21327(+,-)	60.54
AYEL01061878.1:46236-46444(+,-)	63.13
AYEL01085306.1:1462-1691(+,-)	64.06
AYEL01023308.1:8868-9056(+,-)	75.00
AYEL01015420.1:487-702(+,-)	70.49
AYEL01081813.1:51579-51804(+,-)	60.39
AYEL01090504.1:52642-53188(+,-)	55.22
AYEL01088421.1:30451-30671(+,-)	65.62
AYEL01061242.1:7967-8198(+,-)	63.41
AYEL01062892.1:4440-4629(+,-)	73.33
AYEL01090243.1:54150-54381(+,-)	63.89
AYEL01083093.1:30661-30863(+,-)	70.00
AYEL01086322.1:11681-11919(+,-)	65.62
AYEL01079061.1:31111-31456(+,-)	69.39
AYEL01079575.1:13823-14046(+,-)	63.96
AYEL01066958.1:12748-12977(+,-)	61.35
AYEL01079632.1:15815-16047(+,-)	62.09
AYEL01066712.1:31337-31605(+,-)	63.64
AYEL01074104.1:15818-16056(+,-)	64.83
AYEL01091088.1:87774-88008(+,-)	65.05
AYEL01088106.1:4631-4842(+,-)	57.82
AYEL01027573.1:16036-16250(+,-)	61.96
AYEL01075700.1:52264-52516(+,-)	60.82
AYEL01079002.1:20025-20244(+,-)	65.74
AYEL01071350.1:122310-122535(+,-)	58.46
AYEL01056361.1:52162-52359(+,-)	59.15
AYEL01067738.1:6813-7045(+,-)	61.74
AYEL01087178.1:56552-56772(+,-)	60.40
AYEL01030947.1:22303-22510(+,-)	70.21
AYEL01086333.1:36046-36255(+,-)	59.15
AYEL01080155.1:6118-6353(+,-)	58.22
AYEL01066568.1:3923-4158(+,-)	68.32
AYEL01082296.1:7698-7966(+,-)	61.36
AYEL01079846.1:2518-2822(+,-)	64.62
AYEL01088014.1:37960-38189(+,-)	63.28
AYEL01001350.1:45-251(+,-)	69.49
AYEL01081289.1:4325-4553(+,-)	63.01
AYEL01083098.1:93040-93272(+,-)	61.90
AYEL01059952.1:22551-22771(+,-)	58.90
AYEL01085697.1:8354-8590(+,-)	62.39
AYEL01037919.1:5752-5947(+,-)	71.11
AYEL01026801.1:3805-4002(+,-)	70.00
AYEL01083604.1:4336-4557(+,-)	62.07
AYEL01012530.1:9103-9425(+,-)	57.89
AYEL01089047.1:37119-37319(+,-)	70.73
AYEL01084645.1:15633-15862(+,-)	64.29
AYEL01068732.1:26158-26373(+,-)	76.92
AYEL01032383.1:2477-2686(+,-)	67.96
AYEL01038438.1:22025-22339(+,-)	61.61
AYEL01065161.1:38538-38746(+,-)	60.74
AYEL01072621.1:18849-19061(+,-)	59.90
AYEL01070975.1:23897-24115(+,-)	54.33
AYEL01043108.1:3110-3340(+,-)	60.47
AYEL01003867.1:1097-1331(+,-)	66.43
AYEL01092335.1:12633-12838(+,-)	66.28
AYEL01092236.1:67850-68073(+,-)	63.37
AYEL01076556.1:130440-130667(+,-)	59.31
AYEL01054671.1:34398-34628(+,-)	65.28
AYEL01086169.1:3840-4039(+,-)	67.19
AYEL01076704.1:43176-43397(+,-)	64.19
AYEL01056730.1:3066-3293(+,-)	64.23
AYEL01079109.1:836-1071(+,-)	67.19
AYEL01080984.1:8650-8919(+,-)	60.13
AYEL01059595.1:51872-52083(+,-)	64.29
AYEL01070372.1:55718-55943(+,-)	66.67
AYEL01084340.1:7543-7749(+,-)	61.39
AYEL01090064.1:5959-6170(+,-)	64.91
AYEL01052612.1:13604-13855(+,-)	63.78
AYEL01051218.1:15141-15349(+)	65.22
AYEL01076148.1:2923-3137(+,-)	61.49
AYEL01081413.1:17606-17865(+,-)	63.46
AYEL01077857.1:9857-10070(+,-)	60.00
AYEL01091983.1:28416-28680(+,-)	63.92
AYEL01091109.1:59811-60044(+,-)	65.00
AYEL01038913.1:49611-49841(+,-)	70.97
AYEL01059952.1:14999-15224(+,-)	68.75
AYEL01063157.1:35047-35294(+,-)	62.50
AYEL01065854.1:63991-64201(+,-)	68.12
AYEL01091538.1:50360-50572(+,-)	60.96
AYEL01085435.1:21382-21611(+,-)	60.15
AYEL01043550.1:966-1192(+,-)	64.75
AYEL01076235.1:120002-120191(-)	64.19
AYEL01076121.1:86442-86646(+,-)	60.00
AYEL01068071.1:568-798(+,-)	63.11
AYEL01084759.1:684-912(+,-)	72.09
AYEL01068920.1:134724-134982(+,-)	66.43
AYEL01081365.1:28771-28990(+,-)	63.40
AYEL01035221.1:9706-9908(+,-)	59.18
AYEL01066022.1:11516-11748(+,-)	61.29
AYEL01073193.1:14252-14472(+,-)	61.36
AYEL01083724.1:9918-10199(+,-)	63.23
AYEL01015680.1:57659-57887(+,-)	61.90
AYEL01049126.1:21123-21326(+,-)	64.58
AYEL01083696.1:3828-4043(+,-)	65.87
AYEL01064745.1:11956-12188(+,-)	62.09
AYEL01080851.1:15319-15537(+,-)	63.58
AYEL01077095.1:20146-20371(+,-)	70.59
AYEL01075052.1:24264-24491(+,-)	61.24
AYEL01073598.1:25511-25736(+,-)	61.95
AYEL01088655.1:2313-2543(+,-)	62.77
AYEL01080911.1:11207-11433(+,-)	60.62
AYEL01090186.1:23876-24099(+,-)	69.57
AYEL01045422.1:19777-20141(+,-)	59.84
AYEL01092200.1:2304-2548(+,-)	66.67
AYEL01045777.1:1061-1296(+,-)	61.76
AYEL01053848.1:11999-12228(+,-)	65.31
AYEL01063093.1:31309-31514(+)	71.96
AYEL01084981.1:79896-80146(+,-)	68.52
AYEL01082989.1:7138-7369(+,-)	66.00
AYEL01087644.1:29979-30181(+,-)	61.87
AYEL01057831.1:13335-13618(+,-)	63.92
AYEL01076122.1:2854-3072(+,-)	64.06
AYEL01075543.1:39965-40178(+,-)	66.67
AYEL01091412.1:5264-5485(+,-)	65.62
AYEL01072557.1:5565-5795(+,-)	70.00
AYEL01073777.1:6844-7061(+,-)	59.03
AYEL01069155.1:28784-29018(+,-)	63.19
AYEL01085823.1:46763-47212(+,-)	66.44
AYEL01086797.1:3450-3648(+,-)	62.32
AYEL01091916.1:14654-14881(+,-)	61.29
AYEL01070700.1:82948-83160(+,-)	68.60
AYEL01081787.1:76290-76523(+,-)	65.00
AYEL01080152.1:42826-43036(+,-)	59.01
AYEL01049777.1:4795-4989(+,-)	63.53
AYEL01074127.1:76337-76542(+,-)	63.19
AYEL01072980.1:46724-46960(+,-)	65.25
AYEL01063705.1:48232-48427(+,-)	67.57
AYEL01089466.1:44610-44827(+,-)	64.83
AYEL01087178.1:55494-55698(+,-)	59.79
AYEL01084236.1:416-650(+,-)	59.86
AYEL01068268.1:60083-60316(+,-)	70.31
AYEL01071854.1:11474-11727(+,-)	59.86
AYEL01080497.1:78573-78790(+,-)	57.76
AYEL01090418.1:1245-1445(+,-)	64.33
AYEL01050601.1:3888-4131(+,-)	62.14
AYEL01053643.1:25844-26060(+,-)	64.58
AYEL01060457.1:28830-29059(+,-)	60.27
AYEL01049573.1:20371-20577(+,-)	62.00
AYEL01065497.1:28112-28349(+,-)	62.14
AYEL01063292.1:13775-13990(+,-)	63.27
AYEL01088361.1:72-303(+,-)	66.67
AYEL01065539.1:17168-17385(+,-)	61.96
AYEL01073431.1:4152-4375(+,-)	61.07
AYEL01073985.1:60383-60586(+,-)	66.06
AYEL01090172.1:44146-44414(+,-)	61.87
AYEL01066780.1:7201-7496(+,-)	60.96
AYEL01089215.1:30723-30933(+,-)	59.59
AYEL01062559.1:44594-44824(+,-)	60.54
AYEL01090243.1:54616-54864(+,-)	60.69
AYEL01053885.1:2979-3208(+,-)	60.54
AYEL01075946.1:30151-30374(+,-)	67.16
AYEL01075899.1:1339-1561(+,-)	58.25
AYEL01083614.1:48884-49086(+,-)	63.50
AYEL01080047.1:4220-4453(+,-)	62.07
AYEL01062350.1:14601-14802(+,-)	59.30
AYEL01072643.1:75421-75648(+,-)	62.94
AYEL01077941.1:22963-23180(+,-)	61.18
AYEL01042059.1:113-303(+,-)	59.09
AYEL01084409.1:145910-146134(+,-)	60.90
AYEL01072888.1:60137-60411(+,-)	66.67
AYEL01084874.1:61207-61429(+,-)	77.78
AYEL01082247.1:31009-31215(+,-)	61.11
AYEL01078299.1:44977-45193(+,-)	59.29
AYEL01086030.1:223703-223932(+,-)	61.49
AYEL01031670.1:1696-1917(+,-)	62.40
AYEL01067799.1:45448-45659(+,-)	63.45
AYEL01043909.1:269-493(+,-)	60.81
AYEL01090375.1:12961-13190(+,-)	61.07
AYEL01071026.1:19058-19462(+,-)	64.06
AYEL01056274.1:1854-2089(+,-)	54.73
AYEL01066399.1:4554-4914(+,-)	63.72
AYEL01075428.1:79877-80112(+,-)	64.36
AYEL01080016.1:1300-1517(+,-)	61.01
AYEL01069166.1:31181-31409(+,-)	60.68
AYEL01025110.1:611-817(+,-)	59.86
AYEL01084922.1:9863-10100(+,-)	63.19
AYEL01084201.1:1717-2123(+,-)	64.54
AYEL01086600.1:8878-9076(+,-)	63.79
AYEL01072280.1:1492-1941(+,-)	61.14
AYEL01084497.1:17579-17858(+,-)	68.75
AYEL01067332.1:5807-6040(+,-)	69.84
AYEL01073135.1:112964-113186(+,-)	61.81
AYEL01076272.1:23195-23402(+,-)	61.07
AYEL01088739.1:14387-14612(+,-)	60.94
AYEL01079069.1:7527-7717(+,-)	63.83
AYEL01047838.1:38303-38519(+,-)	62.77
AYEL01085801.1:105508-105744(+,-)	68.25
AYEL01079649.1:18810-19028(+,-)	63.12
AYEL01034204.1:31951-32183(+,-)	63.83
AYEL01016307.1:7664-7890(+,-)	62.39
AYEL01074970.1:70748-70966(+,-)	65.38
AYEL01080654.1:32938-33158(+,-)	57.41
AYEL01080739.1:70857-71101(+,-)	59.86
AYEL01040590.1:21738-21936(+,-)	60.36
AYEL01071950.1:15566-15795(+,-)	63.64
AYEL01090369.1:18556-18793(+,-)	71.65
AYEL01052469.1:66620-66821(+,-)	68.89
AYEL01089379.1:37083-37300(+,-)	66.00
AYEL01062481.1:40093-40299(+,-)	63.93
AYEL01064828.1:33178-33478(+,-)	61.18
AYEL01046115.1:16937-17144(+,-)	64.15
AYEL01060374.1:14741-15050(+,-)	59.59
AYEL01064111.1:17389-17591(+,-)	72.00
AYEL01081649.1:4697-4977(+,-)	57.69
AYEL01086443.1:55588-55904(+,-)	67.37
AYEL01087802.1:5359-5578(+,-)	93.55
AYEL01090207.1:11751-11954(+,-)	64.24
AYEL01062040.1:9901-10163(+,-)	62.50
AYEL01052014.1:2102-2338(+,-)	65.87
AYEL01072688.1:28366-28568(+,-)	68.32
AYEL01078905.1:9213-9472(+,-)	63.97
AYEL01081484.1:19146-19348(+,-)	61.07
AYEL01084201.1:12677-12883(+,-)	64.97
AYEL01091274.1:12613-12807(+,-)	62.63
AYEL01085319.1:1390-1626(+,-)	59.12
AYEL01070863.1:21192-21467(+,-)	61.97
AYEL01085025.1:16569-16804(+,-)	69.23
AYEL01089065.1:41149-41549(+,-)	60.00
AYEL01074104.1:86941-87263(+,-)	60.90
AYEL01071719.1:23886-24108(+,-)	85.71
AYEL01048858.1:17780-18060(+,-)	62.12
AYEL01084738.1:19594-19805(+,-)	62.96
AYEL01069205.1:11244-11496(+,-)	67.80
AYEL01074043.1:171363-171626(+,-)	75.56
AYEL01047416.1:3690-3895(+,-)	57.74
AYEL01052675.1:13709-13967(+,-)	65.28
AYEL01061655.1:39936-40166(+,-)	68.50
AYEL01078840.1:5216-5411(+,-)	59.55
AYEL01088043.1:26216-26443(+,-)	64.36
AYEL01082093.1:11841-12043(+,-)	71.11
AYEL01083172.1:12361-12582(+,-)	66.41
AYEL01071723.1:43498-43723(+,-)	65.28
AYEL01058426.1:33951-34164(+,-)	80.56
AYEL01078670.1:9000-9476(+,-)	62.82
AYEL01077880.1:34987-35216(+,-)	61.54
AYEL01070810.1:10316-10530(+,-)	69.64
AYEL01079859.1:25923-26114(+,-)	62.10
AYEL01064051.1:21934-22180(+,-)	63.87
AYEL01088235.1:30258-30463(+,-)	56.99
AYEL01090670.1:29046-29285(+,-)	62.69
AYEL01090269.1:77073-77297(+,-)	68.18
AYEL01085735.1:6631-6840(+,-)	60.74
AYEL01061621.1:4245-4480(+,-)	56.85
AYEL01044840.1:38000-38205(+,-)	64.10
AYEL01066092.1:4364-4598(+,-)	66.90
AYEL01066731.1:21671-21885(+,-)	62.50
AYEL01075052.1:15938-16279(+,-)	69.05
AYEL01088734.1:60076-60311(+,-)	63.01
AYEL01069155.1:21577-21792(+,-)	65.98
AYEL01080958.1:38770-38956(-)	66.67
AYEL01083937.1:51271-51538(+,-)	61.29
AYEL01040518.1:6101-6317(+,-)	58.49
AYEL01057340.1:684-890(+,-)	60.94
AYEL01086899.1:30134-30417(+,-)	61.88
AYEL01085826.1:93603-93896(+,-)	62.50
AYEL01071779.1:1114-1381(+,-)	71.19
AYEL01091136.1:12259-12479(+,-)	60.27
AYEL01047185.1:11025-11245(+,-)	59.73
AYEL01074193.1:170100-170294(+,-)	67.89
AYEL01081714.1:51655-51880(+,-)	63.23
AYEL01090004.1:650-881(+,-)	57.14
AYEL01072747.1:774-1241(+,-)	62.99
AYEL01071132.1:36291-36488(+,-)	75.42
AYEL01045282.1:32729-32962(+,-)	64.06
AYEL01091726.1:13587-13819(+,-)	68.29
AYEL01065410.1:5580-5787(+,-)	59.31
AYEL01085891.1:3867-4086(+,-)	72.34
AYEL01062177.1:31210-31443(+,-)	61.90
AYEL01086126.1:91-322(+,-)	63.94
AYEL01069754.1:1227-1436(+,-)	65.71
AYEL01087053.1:21941-22162(+,-)	60.18
AYEL01077612.1:76480-76901(+,-)	59.44
AYEL01081475.1:59540-59759(+,-)	60.42
AYEL01071380.1:19237-19462(+,-)	59.86
AYEL01083917.1:44229-44441(+,-)	66.67
AYEL01064819.1:4417-4634(+,-)	63.35
AYEL01069756.1:16161-16379(+,-)	61.59
AYEL01086258.1:85211-85422(+,-)	71.74
AYEL01053215.1:17862-18090(+,-)	61.64
AYEL01065376.1:36298-36509(+,-)	80.00
AYEL01056047.1:17965-18208(+,-)	67.01
AYEL01053059.1:1455-1690(+,-)	64.62
AYEL01053741.1:1017-1215(+,-)	60.55
AYEL01044994.1:38097-38312(+,-)	66.67
AYEL01039907.1:1639-1871(+,-)	61.90
AYEL01084148.1:45793-46025(+,-)	68.33
AYEL01004981.1:267-484(+,-)	62.24
AYEL01070849.1:16876-17122(+,-)	70.42
AYEL01074506.1:20982-21216(+,-)	62.07
AYEL01084177.1:40056-40287(+,-)	62.84
AYEL01091189.1:41229-41459(+,-)	66.14
AYEL01087904.1:314-558(+,-)	60.93
AYEL01077252.1:16122-16333(+,-)	63.95
AYEL01085849.1:81475-81774(+,-)	65.03
AYEL01090972.1:108041-108273(+,-)	71.67
AYEL01059739.1:107821-108015(+,-)	68.33
AYEL01090288.1:368-614(+,-)	62.39
AYEL01056189.1:22477-22702(+,-)	62.63
AYEL01087899.1:14096-14325(+,-)	62.14
AYEL01082135.1:72040-72265(+,-)	63.52
AYEL01074215.1:7776-7991(+,-)	68.71
AYEL01089110.1:10101-10305(+,-)	68.97
AYEL01079333.1:72923-73151(+,-)	71.67
AYEL01059974.1:54906-55140(+,-)	61.87
AYEL01058253.1:47624-47858(+,-)	67.81
AYEL01018988.1:100-304(+,-)	65.25
AYEL01065107.1:14032-14265(+,-)	64.13
AYEL01089444.1:2077-2355(+,-)	65.87
AYEL01087241.1:32734-32929(+,-)	55.38
AYEL01074886.1:19837-20071(+,-)	66.67
AYEL01083206.1:23864-24088(+,-)	60.40
AYEL01086411.1:30617-30883(+,-)	65.66
AYEL01073134.1:23005-23290(+,-)	64.53
AYEL01086380.1:4088-4324(+,-)	66.99
AYEL01068664.1:29255-29460(+,-)	68.35
AYEL01071667.1:27009-27216(+,-)	60.29
AYEL01084201.1:175460-175675(+,-)	61.07
AYEL01064003.1:145066-145278(+,-)	64.60
AYEL01064760.1:4526-4760(+,-)	61.31
AYEL01086483.1:27684-27919(+,-)	68.06
AYEL01067930.1:12657-12910(+,-)	67.37
AYEL01071010.1:17476-17678(+,-)	61.90
AYEL01088853.1:46124-46480(+,-)	65.32
AYEL01065006.1:49618-49848(+,-)	66.13
AYEL01080408.1:21121-21353(+,-)	64.08
AYEL01004560.1:14261-14481(+,-)	64.63
AYEL01066574.1:40863-41087(+,-)	57.64
AYEL01055704.1:26036-26268(+,-)	60.56
AYEL01069487.1:50862-51080(+,-)	62.76
AYEL01075479.1:20574-20851(+,-)	65.62
AYEL01070023.1:39394-39741(+,-)	66.40
AYEL01090199.1:102327-102541(+,-)	65.28
AYEL01020539.1:2145-2366(+,-)	60.48
AYEL01063886.1:38774-39001(+,-)	62.50
AYEL01068288.1:78663-78897(+,-)	59.03
AYEL01074368.1:8037-8476(+,-)	56.90
AYEL01019572.1:12484-12718(+,-)	57.97
AYEL01081043.1:21061-21290(+,-)	60.22
AYEL01084409.1:41280-41504(+,-)	67.62
AYEL01073932.1:58545-58770(+,-)	68.00
AYEL01061382.1:721-944(+,-)	60.84
AYEL01091891.1:11566-11755(+,-)	60.87
AYEL01086955.1:20037-20315(+,-)	62.91
AYEL01076918.1:46982-47210(+,-)	65.69
AYEL01088352.1:68749-68981(+,-)	68.80
AYEL01086185.1:21251-21463(+,-)	65.38
AYEL01088641.1:56679-56997(+,-)	63.72
AYEL01084847.1:2311-2530(+,-)	61.49
AYEL01069402.1:50204-50418(+,-)	62.50
AYEL01062561.1:37529-37744(+,-)	63.03
AYEL01088421.1:28711-28938(+,-)	62.41
AYEL01090914.1:10189-10434(+,-)	62.72
AYEL01063827.1:22703-22920(+,-)	59.88
AYEL01039380.1:26140-26372(+,-)	60.66
AYEL01037186.1:8973-9176(-)	68.75
AYEL01082326.1:5562-5797(+,-)	70.00
AYEL01079231.1:13922-14143(+,-)	62.07
AYEL01074410.1:20360-20574(+,-)	62.42
AYEL01080060.1:1471-1690(+,-)	84.62
AYEL01056939.1:416-690(+,-)	64.53
AYEL01090908.1:2573-2801(+,-)	60.95
AYEL01076704.1:31525-31770(+,-)	65.48
AYEL01063493.1:27160-27475(+,-)	64.10
AYEL01084876.1:13446-13684(+,-)	62.84
AYEL01080155.1:1754-1988(+,-)	71.68
AYEL01082630.1:2782-2989(+,-)	73.33
AYEL01078902.1:14974-15272(+,-)	68.57
AYEL01082809.1:727-963(+,-)	60.87
AYEL01091673.1:52668-52896(+,-)	64.14
AYEL01031015.1:1466-1675(+,-)	66.67
AYEL01072964.1:31358-31567(+,-)	58.82
AYEL01014199.1:180006-180190(-)	61.38
AYEL01089752.1:29531-29874(+,-)	64.86
AYEL01046151.1:1801-2018(+,-)	69.12
AYEL01083103.1:6525-6761(+,-)	63.19
AYEL01053333.1:2195-2400(+,-)	66.67
AYEL01078005.1:4262-4493(+,-)	56.54
AYEL01021331.1:3264-3452(+,-)	67.80
AYEL01082889.1:2772-3006(+,-)	69.89
AYEL01035724.1:18951-19156(+,-)	65.22
AYEL01091721.1:130096-130314(+,-)	66.21
AYEL01066377.1:258-484(+,-)	63.28
AYEL01027718.1:20211-20425(+,-)	64.06
AYEL01054339.1:5792-6027(+,-)	61.21
AYEL01076645.1:104170-104402(+,-)	61.61
AYEL01091348.1:19149-19370(+,-)	64.95
AYEL01077071.1:416-649(+,-)	61.59
AYEL01074930.1:10131-10350(+,-)	65.98
AYEL01082369.1:9003-9238(+,-)	66.35
AYEL01052492.1:15408-15638(+,-)	62.02
AYEL01066585.1:19296-19497(-)	64.14
AYEL01077311.1:104562-104829(+,-)	59.38
AYEL01068496.1:10819-11056(+,-)	85.71
AYEL01053220.1:12053-12266(+,-)	62.82
AYEL01085331.1:1717-1911(+,-)	62.50
AYEL01062567.1:5276-5488(+,-)	60.12
AYEL01075863.1:64047-64267(+,-)	59.03
AYEL01085421.1:95008-95238(+,-)	68.55
AYEL01081427.1:26897-27100(+,-)	61.11
AYEL01072106.1:67362-67675(+,-)	67.33
AYEL01081768.1:45544-45808(+,-)	75.56
AYEL01062817.1:6639-6849(+,-)	58.00
AYEL01068496.1:53910-54141(+,-)	61.32
AYEL01049471.1:128760-128948(+,-)	62.73
AYEL01052469.1:67217-67502(+,-)	65.98
AYEL01074281.1:32193-32414(+,-)	62.89
AYEL01031801.1:124-345(+,-)	60.14
AYEL01055845.1:1885-2088(+,-)	64.24
AYEL01070986.1:63-367(+,-)	72.00
AYEL01085067.1:7716-7931(+,-)	61.11
AYEL01054163.1:10248-10511(+,-)	62.83
AYEL01084008.1:7088-7305(+,-)	64.74
AYEL01089433.1:5333-5558(+,-)	63.69
AYEL01092342.1:10774-10997(+,-)	62.16
AYEL01090162.1:14770-14992(+,-)	62.76
AYEL01064106.1:34676-34892(+,-)	61.35
AYEL01058619.1:4916-5121(+,-)	61.11
AYEL01074778.1:71389-71609(+,-)	63.89
AYEL01069299.1:11862-12088(+,-)	65.20
AYEL01048915.1:5140-5369(+,-)	63.12
AYEL01088913.1:18995-19224(+,-)	56.55
AYEL01063511.1:5024-5228(+,-)	60.19
AYEL01086278.1:13979-14223(+,-)	68.33
AYEL01083641.1:102639-102860(+,-)	61.25
AYEL01067426.1:3297-3516(+,-)	73.17
AYEL01051376.1:16268-16558(+)	70.00
AYEL01074283.1:2428-2621(+,-)	58.90
AYEL01084655.1:18726-18954(+,-)	61.73
AYEL01084735.1:34862-35094(+,-)	62.82
AYEL01086807.1:746-945(+,-)	60.15
AYEL01090907.1:4655-4867(+,-)	63.64
AYEL01040567.1:32209-32558(+,-)	68.03
AYEL01075039.1:133343-133560(+,-)	62.76
AYEL01069890.1:22219-22429(+,-)	59.26
AYEL01085059.1:3683-3919(+,-)	61.11
AYEL01068349.1:667-874(+,-)	59.86
AYEL01075137.1:11313-11536(+,-)	64.62
AYEL01081188.1:48766-48978(+,-)	57.43
AYEL01070467.1:52147-52365(+,-)	64.67
AYEL01076931.1:157435-157661(+,-)	66.67
AYEL01072215.1:1230-1448(+,-)	60.92
AYEL01067980.1:17763-17994(+,-)	62.59
AYEL01088783.1:24581-24834(+,-)	58.48
AYEL01071013.1:12637-12872(+,-)	62.73
AYEL01087322.1:157141-157347(+,-)	67.97
AYEL01076694.1:31097-31334(+,-)	59.15
AYEL01068098.1:31565-31781(+,-)	61.64
AYEL01048858.1:32039-32365(+,-)	61.78
AYEL01078266.1:307-523(+,-)	66.67
AYEL01059301.1:15844-16082(+,-)	58.29
AYEL01091793.1:17053-17283(+,-)	60.16
AYEL01070274.1:3773-3992(+,-)	63.29
AYEL01080978.1:53984-54182(+,-)	61.76
AYEL01081361.1:28166-28394(+,-)	58.65
AYEL01077009.1:46405-46640(+,-)	69.57
AYEL01070872.1:2705-2928(+,-)	68.89
AYEL01046574.1:53124-53334(+,-)	62.50
AYEL01057069.1:75920-76138(+,-)	60.27
AYEL01069658.1:41457-41685(+,-)	60.76
AYEL01075369.1:16481-16747(+,-)	66.67
AYEL01086651.1:24098-24316(+,-)	60.89
AYEL01084124.1:1451-1723(+,-)	66.67
AYEL01066414.1:1800-2031(+,-)	64.06
AYEL01049046.1:27776-28178(+,-)	72.50
AYEL01072380.1:64315-64544(+,-)	60.15
AYEL01071233.1:6595-6825(+,-)	77.27
AYEL01086521.1:49235-49424(-)	64.37
AYEL01072739.1:13720-14065(+,-)	62.38
AYEL01047927.1:12079-12299(+,-)	61.22
AYEL01062181.1:8924-9149(+,-)	88.89
AYEL01090568.1:38937-39143(+,-)	71.43
AYEL01029892.1:6166-6382(+,-)	59.01
AYEL01067757.1:11524-11745(+,-)	66.94
AYEL01079340.1:2601-2838(+,-)	63.73
AYEL01055623.1:8079-8306(+,-)	60.62
AYEL01015683.1:5716-5933(+,-)	64.42
AYEL01086149.1:42249-42604(+,-)	66.14
AYEL01082374.1:7344-7578(+,-)	60.00
AYEL01078845.1:28141-28419(+,-)	63.21
AYEL01090549.1:4582-4819(+,-)	71.43
AYEL01061522.1:6036-6245(+,-)	61.90
AYEL01074506.1:20384-20621(+,-)	65.00
AYEL01084950.1:90394-90598(+,-)	68.07
AYEL01082318.1:86664-86894(+,-)	66.02
AYEL01081749.1:33796-33993(+,-)	62.20
AYEL01085612.1:24844-25050(+,-)	67.61
AYEL01067272.1:4676-4898(+,-)	60.14
AYEL01091277.1:123340-123580(+,-)	63.37
AYEL01060253.1:34699-34994(+,-)	67.00
AYEL01085697.1:8694-8922(+,-)	70.16
AYEL01018327.1:5607-5826(+,-)	66.13
AYEL01068541.1:30730-30939(+,-)	64.71
AYEL01070345.1:13950-14189(+,-)	60.69
AYEL01061768.1:18094-18311(+,-)	58.78
AYEL01083363.1:17204-17588(+,-)	59.72
AYEL01085016.1:38094-38328(+,-)	70.53
AYEL01070345.1:6881-7115(+,-)	58.85
AYEL01065794.1:41651-41871(+,-)	64.71
AYEL01081406.1:35648-35880(+,-)	65.38
AYEL01063737.1:65847-66063(+,-)	65.47
AYEL01067715.1:26807-27026(+,-)	62.72
AYEL01090156.1:12395-12614(+,-)	71.01
AYEL01080150.1:78459-78681(+,-)	60.90
AYEL01087707.1:1836-2072(+,-)	67.27
AYEL01076410.1:61069-61336(+,-)	63.51
AYEL01062817.1:2794-3020(+,-)	61.04
AYEL01077225.1:3734-3956(+,-)	62.71
AYEL01059439.1:711-931(+,-)	70.42
AYEL01087065.1:21602-21821(+,-)	57.69
AYEL01071562.1:5517-5712(+,-)	69.09
AYEL01061310.1:2945-3162(+,-)	71.91
AYEL01062957.1:5422-5759(+,-)	63.06
AYEL01063620.1:52646-52859(+,-)	66.67
AYEL01084251.1:1021-1251(+,-)	66.92
AYEL01058161.1:6340-6530(+)	74.47
AYEL01083439.1:34379-34645(+,-)	62.88
AYEL01056064.1:32694-32886(+,-)	67.19
AYEL01066845.1:1963-2155(+,-)	62.71
AYEL01067490.1:4997-5192(+,-)	65.87
AYEL01087899.1:3074-3303(+,-)	63.01
AYEL01084130.1:23503-23721(+,-)	63.10
AYEL01034720.1:188-386(+,-)	64.29
AYEL01078252.1:59674-59877(+,-)	68.25
AYEL01075007.1:65990-66224(+,-)	69.79
AYEL01057307.1:8390-8622(+,-)	66.67
AYEL01020857.1:221-453(+,-)	62.63
AYEL01088946.1:49300-49512(+,-)	64.36
AYEL01091292.1:3919-4209(+,-)	67.97
AYEL01088451.1:39170-39393(+,-)	64.58
AYEL01084848.1:56379-56587(+,-)	65.93
AYEL01090869.1:27808-28372(+,-)	65.84
AYEL01065089.1:27079-27343(+,-)	66.06
AYEL01080020.1:6610-6886(+,-)	68.89
AYEL01023136.1:3817-4050(+,-)	61.81
AYEL01073003.1:21799-22247(+,-)	62.96
AYEL01059532.1:38764-38955(+,-)	63.64
AYEL01081395.1:4364-4605(+,-)	63.09
AYEL01059421.1:18525-18766(+,-)	61.11
AYEL01061855.1:28484-28697(+,-)	68.57
AYEL01082572.1:16194-16406(+,-)	59.40
AYEL01048916.1:4809-5008(+,-)	64.37
AYEL01050101.1:3457-3695(+,-)	62.86
AYEL01072787.1:62917-63146(+,-)	61.90
AYEL01076283.1:3931-4173(+,-)	60.29
AYEL01073831.1:31883-32116(+,-)	67.19
AYEL01090773.1:9250-9470(+,-)	67.21
AYEL01049797.1:37970-38175(+,-)	59.40
AYEL01069554.1:311-539(+,-)	60.67
AYEL01070622.1:65471-65698(+,-)	60.42
AYEL01033387.1:1231-1440(+,-)	65.79
AYEL01024385.1:28544-28852(+,-)	69.49
AYEL01069422.1:4840-5070(+,-)	60.90
AYEL01062875.1:33210-33439(+,-)	63.89
AYEL01084763.1:81424-81662(+,-)	65.62
AYEL01058975.1:5057-5278(+,-)	60.16
AYEL01088693.1:46012-46214(+,-)	62.96
AYEL01066467.1:6671-6904(+,-)	62.59
AYEL01081512.1:377-610(+,-)	63.51
AYEL01086411.1:39717-40005(+,-)	61.72
AYEL01070017.1:97705-97928(+,-)	62.50
AYEL01039642.1:24128-24343(+,-)	57.86
AYEL01091421.1:38238-38448(+,-)	61.43
AYEL01068552.1:13496-13702(+,-)	65.73
AYEL01053583.1:2304-2575(+,-)	61.19
AYEL01048868.1:386-678(+,-)	65.91
AYEL01064160.1:84002-84188(+)	59.69
AYEL01090696.1:79455-79755(+,-)	64.60
AYEL01088471.1:78379-78614(+,-)	60.00
AYEL01064134.1:82688-82946(+,-)	67.71
AYEL01074937.1:107180-107385(+,-)	68.29
AYEL01035960.1:529-752(+,-)	62.41
AYEL01064134.1:27423-27681(+,-)	66.00
AYEL01039633.1:12808-13024(+,-)	61.54
AYEL01049937.1:1708-1942(+,-)	72.95
AYEL01074120.1:2123-2359(+,-)	60.00
AYEL01062310.1:33012-33241(+,-)	60.87
AYEL01058576.1:12181-12412(+,-)	63.51
AYEL01071557.1:17839-18079(+,-)	69.49
AYEL01067000.1:12995-13215(+,-)	65.31
AYEL01066022.1:8848-9057(+,-)	58.60
AYEL01082402.1:30365-30596(+,-)	60.77
AYEL01073418.1:5758-5955(+,-)	63.64
AYEL01081059.1:14059-14275(+,-)	75.00
AYEL01073787.1:24201-24443(+,-)	67.31
AYEL01084738.1:84320-84551(+,-)	78.38
AYEL01084101.1:15550-15745(+,-)	67.80
AYEL01088369.1:25892-26114(+,-)	58.28
AYEL01073894.1:55135-55341(+,-)	63.75
AYEL01075039.1:175015-175210(+,-)	64.94
AYEL01072178.1:14154-14517(-)	65.44
AYEL01056365.1:9989-10194(+,-)	63.13
AYEL01059412.1:12659-12890(+,-)	73.33
AYEL01050207.1:40-273(+,-)	58.28
AYEL01065563.1:128175-128447(+,-)	62.50
AYEL01089246.1:14593-14823(+,-)	61.27
AYEL01073492.1:3473-3690(+,-)	65.04
AYEL01074241.1:2232-2468(+,-)	65.26
AYEL01079044.1:2882-3112(+,-)	62.86
AYEL01063827.1:23404-23600(+,-)	65.98
AYEL01073284.1:10415-10654(+,-)	66.67
AYEL01074361.1:24145-24375(+,-)	63.51
AYEL01068002.1:20840-21055(+,-)	61.90
AYEL01057069.1:84575-84793(+,-)	57.58
AYEL01081372.1:34362-34570(+,-)	60.00
AYEL01082069.1:14204-14440(+,-)	62.77
AYEL01038382.1:5808-6043(+,-)	62.76
AYEL01066316.1:5304-5534(+,-)	63.08
AYEL01091871.1:31353-31591(+,-)	61.07
AYEL01069869.1:81402-81626(+,-)	60.58
AYEL01027718.1:23207-23435(+,-)	62.11
AYEL01081459.1:216-439(+,-)	73.33
AYEL01045777.1:555-769(+,-)	61.96
AYEL01092281.1:318-508(+,-)	61.90
AYEL01065234.1:42666-42891(+,-)	57.04
AYEL01074760.1:24565-24865(+,-)	60.62
AYEL01073133.1:1658-1888(+,-)	64.38
AYEL01067051.1:16703-16953(+,-)	72.88
AYEL01076282.1:93825-94041(+,-)	63.73
AYEL01087537.1:256508-256739(+,-)	65.69
AYEL01084774.1:17446-17682(+,-)	60.69
AYEL01045647.1:22851-23041(+)	64.95
AYEL01070023.1:161288-161504(+,-)	62.50
AYEL01051042.1:71499-71767(+,-)	68.33
AYEL01067576.1:38518-38721(+,-)	64.71
AYEL01080331.1:2486-2689(+,-)	68.52
AYEL01074485.1:128384-128615(+,-)	60.82
AYEL01078443.1:84042-84270(+,-)	64.04
AYEL01078615.1:9786-10009(+,-)	61.38
AYEL01064182.1:42548-42780(+,-)	63.87
AYEL01020695.1:7177-7380(+,-)	62.26
AYEL01067752.1:5421-5608(-)	78.12
AYEL01068527.1:28386-28622(+,-)	61.97
AYEL01058289.1:20139-20370(+,-)	63.46
AYEL01086414.1:125810-126047(+,-)	62.62
AYEL01070650.1:6890-7090(+,-)	67.27
AYEL01086384.1:27698-27911(+,-)	70.00
AYEL01050177.1:11785-12007(+,-)	62.76
AYEL01083459.1:2614-2816(+,-)	59.80
AYEL01058452.1:74250-74472(+,-)	74.00
AYEL01058375.1:11324-11552(+,-)	59.59
AYEL01026931.1:117-351(+,-)	63.64
AYEL01067012.1:3832-4162(+,-)	65.35
AYEL01064472.1:30810-31032(+,-)	61.38
AYEL01082563.1:53672-53885(+,-)	66.96
AYEL01091272.1:6743-6945(+,-)	61.44
AYEL01019573.1:1455-1677(+,-)	61.66
AYEL01081289.1:3697-3928(+,-)	68.37
AYEL01072515.1:39160-39380(+,-)	63.37
AYEL01083520.1:2230-2456(+,-)	61.48
AYEL01084433.1:14929-15150(+,-)	58.62
AYEL01014663.1:11519-11714(+,-)	63.83
AYEL01078729.1:79199-79427(+,-)	60.27
AYEL01065114.1:32260-32468(+)	65.22
AYEL01080161.1:11615-11844(+,-)	59.59
AYEL01063938.1:12098-12306(+,-)	58.90
AYEL01075833.1:25901-26223(+,-)	62.70
AYEL01082889.1:2068-2330(+,-)	61.64
AYEL01052970.1:27761-27995(+,-)	64.06
AYEL01091216.1:42003-42214(+,-)	64.90
AYEL01074749.1:21880-22095(+,-)	63.40
AYEL01090421.1:71934-72141(+,-)	64.90
AYEL01090972.1:105259-105482(+,-)	69.23
AYEL01074538.1:8282-8499(+,-)	63.30
AYEL01060584.1:55380-55790(+,-)	63.36
AYEL01046039.1:50259-50580(+,-)	61.27
AYEL01052470.1:53537-53752(+,-)	68.93
AYEL01033790.1:124-357(+,-)	61.81
AYEL01081696.1:56402-56617(+,-)	63.95
AYEL01070335.1:24509-24710(+,-)	61.96
AYEL01087890.1:10602-10821(+,-)	62.33
AYEL01064239.1:3987-4194(+,-)	68.18
AYEL01085126.1:5377-5609(+,-)	63.19
AYEL01064655.1:11934-12150(+,-)	62.33
AYEL01090680.1:66389-66606(+,-)	59.46
AYEL01085282.1:5089-5297(+,-)	61.97
AYEL01081649.1:9161-9377(+,-)	62.03
AYEL01059398.1:3463-3681(+,-)	65.24
AYEL01047042.1:4113-4341(+,-)	62.88
AYEL01082970.1:32045-32355(+,-)	60.18
AYEL01082327.1:10291-10512(+,-)	68.75
AYEL01091704.1:86800-87084(+,-)	62.10
AYEL01077397.1:27174-27417(+,-)	63.25
AYEL01085978.1:26921-27153(+,-)	60.71
AYEL01067639.1:673-896(+,-)	59.18
AYEL01078058.1:6414-6646(+,-)	61.06
AYEL01091914.1:1298-1511(+,-)	71.11
AYEL01057932.1:17813-18108(+,-)	60.43
AYEL01063513.1:19479-19710(+,-)	62.68
AYEL01063379.1:0-197(+,-)	61.62
AYEL01068655.1:9758-9989(+,-)	60.84
AYEL01070448.1:3788-4008(+,-)	61.17
AYEL01075460.1:6541-6773(+,-)	61.14
AYEL01067051.1:21378-21607(+,-)	59.90
AYEL01065059.1:41493-41743(+,-)	61.22
AYEL01086781.1:11619-11834(+,-)	62.58
AYEL01073723.1:39435-39663(+,-)	65.89
AYEL01076316.1:31643-31861(+,-)	56.85
AYEL01062576.1:23987-24223(+,-)	58.62
AYEL01089296.1:62991-63320(+,-)	62.68
AYEL01081952.1:42897-43091(+,-)	64.97
AYEL01077612.1:38943-39151(+,-)	60.83
AYEL01029288.1:70677-70880(+,-)	65.99
AYEL01081753.1:8406-8618(+,-)	65.49
AYEL01091921.1:12021-12222(+,-)	62.00
AYEL01085538.1:6197-6428(+,-)	62.98
AYEL01049891.1:2706-2930(+,-)	60.84
AYEL01083001.1:13631-13866(+,-)	61.70
AYEL01078518.1:7086-7292(+,-)	75.00
AYEL01061249.1:226-421(+,-)	73.11
AYEL01084947.1:1154-1386(+,-)	70.97
AYEL01088243.1:21042-21270(+,-)	71.67
AYEL01029467.1:220-427(+,-)	65.12
AYEL01079557.1:5593-5826(+,-)	60.40
AYEL01055481.1:32934-33170(+,-)	62.41
AYEL01085756.1:70861-71075(+,-)	70.45
AYEL01063780.1:8113-8311(+,-)	63.16
AYEL01082838.1:25343-25599(+,-)	63.78
AYEL01068251.1:3943-4174(+,-)	60.24
AYEL01082988.1:12291-12510(+,-)	60.00
AYEL01075508.1:39677-39877(+,-)	75.63
AYEL01089890.1:26143-26363(+,-)	60.00
AYEL01082881.1:5518-5755(+,-)	60.61
AYEL01084953.1:19753-19967(+,-)	61.87
AYEL01092358.1:14480-14704(+,-)	70.59
AYEL01086028.1:39225-39431(+,-)	67.59
AYEL01080725.1:30066-30277(+,-)	66.67
AYEL01051530.1:6711-6928(+,-)	62.86
AYEL01076318.1:2536-2743(+,-)	64.38
AYEL01089492.1:10512-10727(+,-)	62.82
AYEL01072078.1:479-695(+,-)	62.41
AYEL01075400.1:12099-12331(+,-)	60.78
AYEL01026498.1:18728-18962(+,-)	59.31
AYEL01073819.1:2947-3185(+,-)	59.56
AYEL01084092.1:720-936(+,-)	61.07
AYEL01079491.1:22935-23150(+,-)	62.73
AYEL01051071.1:3581-3797(+,-)	67.65
AYEL01025075.1:1103-1320(+,-)	63.33
AYEL01072866.1:10541-10770(+,-)	62.76
AYEL01077255.1:9487-9729(+,-)	64.29
AYEL01076960.1:16574-16794(+,-)	61.46
AYEL01052979.1:137514-137718(+,-)	68.89
AYEL01065841.1:24916-25110(+,-)	62.43
AYEL01072555.1:55237-55612(+,-)	61.96
AYEL01075447.1:4149-4356(+,-)	68.89
AYEL01046584.1:57484-57813(+,-)	65.43
AYEL01087420.1:9719-9949(+,-)	71.79
AYEL01090614.1:23448-24067(+,-)	63.35
AYEL01058965.1:138676-138909(+,-)	62.84
AYEL01087225.1:23879-24111(+,-)	64.63
AYEL01054817.1:6419-6802(+,-)	65.62
AYEL01060253.1:13769-13995(+,-)	78.38
AYEL01090052.1:9344-9557(+,-)	59.26
AYEL01084178.1:12681-12954(+,-)	63.64
AYEL01070531.1:44192-44419(+,-)	58.04
AYEL01064323.1:3711-3930(+,-)	67.78
AYEL01088514.1:10573-10780(+,-)	61.82
AYEL01040564.1:4198-4402(+,-)	60.61
AYEL01073141.1:71270-71479(+,-)	66.36
AYEL01056872.1:13115-13351(+,-)	66.67
AYEL01079966.1:52427-52659(+,-)	60.19
AYEL01086634.1:2856-3050(+,-)	59.70
AYEL01056845.1:37664-37895(+,-)	64.12
AYEL01072853.1:53846-54060(+,-)	58.50
AYEL01013782.1:19302-19516(+,-)	57.93
AYEL01023174.1:1973-2203(+,-)	61.24
AYEL01066574.1:273727-273959(+,-)	56.16
AYEL01060207.1:4059-4277(+,-)	62.33
AYEL01045732.1:44301-44505(+,-)	66.46
AYEL01092322.1:27770-28090(+,-)	59.28
AYEL01060841.1:66477-66690(+,-)	64.33
AYEL01085524.1:43641-43850(+,-)	67.55
AYEL01054816.1:6959-7359(+,-)	70.25
AYEL01083329.1:28348-28573(+,-)	67.61
AYEL01074570.1:168328-168542(+,-)	66.09
AYEL01074540.1:23362-23593(+,-)	63.51
AYEL01079955.1:53979-54183(+,-)	69.57
AYEL01069204.1:15354-15574(+,-)	65.71
AYEL01069622.1:14216-14450(+,-)	65.49
AYEL01056001.1:17421-17634(+,-)	60.37
AYEL01073638.1:43198-43429(+,-)	64.08
AYEL01040568.1:5506-5714(+,-)	62.69
AYEL01091792.1:26413-26628(+,-)	72.88
AYEL01031809.1:141268-141480(+,-)	62.42
AYEL01066397.1:21000-21262(+,-)	61.45
AYEL01074595.1:3623-3843(+,-)	60.32
AYEL01068823.1:56155-56469(+,-)	68.00
AYEL01070693.1:27698-27916(+,-)	61.35
AYEL01076977.1:92789-93015(+,-)	60.27
AYEL01086414.1:122127-122352(+,-)	60.56
AYEL01067051.1:6976-7193(+,-)	64.44
AYEL01073874.1:46346-46602(+,-)	65.93
AYEL01077257.1:4466-4680(+,-)	62.63
AYEL01085072.1:14180-14412(+,-)	62.24
AYEL01084969.1:75070-75407(+,-)	61.21
AYEL01085305.1:47838-48068(+,-)	63.83
AYEL01074795.1:23171-23404(+,-)	64.58
AYEL01076743.1:9928-10143(+,-)	65.38
AYEL01090490.1:73826-74033(+,-)	62.07
AYEL01071365.1:75827-76036(+,-)	71.11
AYEL01075003.1:21613-21829(+,-)	60.00
AYEL01052376.1:39146-39373(+,-)	65.66
AYEL01035846.1:58658-58878(+,-)	57.89
AYEL01018509.1:20573-20799(+,-)	58.33
AYEL01085620.1:5749-6145(+,-)	62.50
AYEL01071244.1:42607-42877(+,-)	61.90
AYEL01031771.1:31235-31469(+,-)	61.81
AYEL01085745.1:18088-18320(+,-)	61.61
AYEL01089716.1:51675-51967(+,-)	67.44
AYEL01088017.1:22495-22710(+,-)	61.45
AYEL01060636.1:46037-46270(+,-)	68.12
AYEL01069908.1:10669-10880(+,-)	60.51
AYEL01076207.1:70189-70425(+,-)	66.25
AYEL01062732.1:51026-51256(+,-)	56.52
AYEL01085062.1:14211-14429(+,-)	60.00
AYEL01059984.1:34838-35053(+,-)	60.65
AYEL01073596.1:58315-58542(+,-)	59.63
AYEL01073470.1:23329-23546(+,-)	61.54
AYEL01047838.1:106617-106862(+,-)	64.11
AYEL01032332.1:83154-83384(+,-)	62.39
AYEL01024123.1:1606-1759(-)	65.06
AYEL01058470.1:54684-54888(+,-)	58.57
AYEL01084786.1:23256-23486(+,-)	59.85
AYEL01089669.1:3101-3319(+,-)	73.33
AYEL01085288.1:19217-19408(+,-)	66.67
AYEL01086896.1:78822-79056(+,-)	59.35
AYEL01064100.1:1465-1676(+,-)	60.53
AYEL01089677.1:21219-21432(+,-)	61.27
AYEL01036786.1:10129-10338(+,-)	61.25
AYEL01091563.1:107328-107547(+,-)	60.27
AYEL01074887.1:27841-28082(+,-)	68.12
AYEL01046594.1:1051-1270(+,-)	60.14
AYEL01082109.1:3023-3256(+,-)	66.67
AYEL01076645.1:63074-63264(+,-)	64.56
AYEL01088638.1:9352-9591(+,-)	69.51
AYEL01052624.1:28510-28710(+,-)	63.77
AYEL01084422.1:96559-96848(+,-)	59.84
AYEL01086371.1:0-215(+,-)	61.64
AYEL01065587.1:29666-29868(+,-)	66.67
AYEL01074249.1:172792-172993(+,-)	69.49
AYEL01080259.1:28082-28317(+,-)	58.62
AYEL01071627.1:15580-15810(+,-)	58.74
AYEL01077255.1:336-570(+,-)	73.47
AYEL01033644.1:24214-24428(+,-)	65.38
AYEL01078315.1:10784-10985(+,-)	59.87
AYEL01069924.1:18305-18515(+,-)	62.42
AYEL01078965.1:28068-28301(+,-)	60.96
AYEL01086210.1:615-887(+,-)	66.67
AYEL01034451.1:7270-7489(+,-)	57.14
AYEL01086587.1:42972-43205(+,-)	63.64
AYEL01088734.1:22011-22228(+,-)	64.29
AYEL01077649.1:5245-5446(+,-)	62.37
AYEL01028561.1:18490-18716(+,-)	62.60
AYEL01088297.1:43049-43340(+,-)	62.25
AYEL01091744.1:13342-13561(+,-)	61.90
AYEL01080041.1:8185-8404(+,-)	62.82
AYEL01088768.1:82019-82223(+,-)	62.89
AYEL01083204.1:18935-19180(+,-)	64.29
AYEL01060884.1:21731-21928(+,-)	64.13
AYEL01068501.1:4470-4687(+,-)	68.92
AYEL01089892.1:10436-10672(+,-)	62.33
AYEL01075415.1:5926-6137(+,-)	62.41
AYEL01090763.1:15052-15274(+,-)	62.84
AYEL01079682.1:15413-15618(+,-)	77.78
AYEL01089344.1:35225-35445(+,-)	65.18
AYEL01088039.1:90918-91130(+,-)	68.89
AYEL01074749.1:21637-21858(+,-)	70.18
AYEL01076530.1:10389-10596(+,-)	61.21
AYEL01068411.1:379-612(+,-)	62.90
AYEL01087404.1:13207-13439(+,-)	61.38
AYEL01073805.1:1257-1470(+,-)	61.83
AYEL01065978.1:2609-2799(+,-)	72.15
AYEL01067062.1:6857-7048(+,-)	63.98
AYEL01087448.1:7747-7973(+,-)	65.17
AYEL01063957.1:19699-19921(+,-)	73.33
AYEL01083081.1:51324-51555(+,-)	63.46
AYEL01069968.1:1235-1545(+,-)	65.12
AYEL01071214.1:22906-23270(+,-)	68.93
AYEL01082267.1:1-226(+,-)	62.24
AYEL01084870.1:9118-9315(+,-)	68.89
AYEL01048150.1:2790-3018(+,-)	58.29
AYEL01072338.1:41646-41947(+,-)	63.16
AYEL01083870.1:4219-4447(+,-)	61.54
AYEL01091891.1:76262-76486(+,-)	62.20
AYEL01077901.1:1867-2067(-)	62.79
AYEL01088323.1:19258-19488(+,-)	60.39
AYEL01077176.1:16139-16351(+,-)	72.73
AYEL01035847.1:26212-26430(+,-)	65.00
AYEL01090284.1:9020-9231(+,-)	66.00
AYEL01016025.1:11923-12181(+,-)	62.33
AYEL01090263.1:46320-46523(+,-)	62.83
AYEL01012174.1:23317-23545(+,-)	57.53
AYEL01078443.1:72044-72264(+,-)	60.61
AYEL01065834.1:2688-2876(+,-)	63.03
AYEL01071072.1:59634-59853(+,-)	58.62
AYEL01046383.1:37108-37307(+,-)	70.48
AYEL01069282.1:24323-24539(+,-)	62.59
AYEL01083682.1:6815-7047(+,-)	72.73
AYEL01085938.1:11191-11406(+,-)	66.67
AYEL01014199.1:74612-74848(+,-)	61.17
AYEL01070302.1:7611-7848(+,-)	61.64
AYEL01052470.1:62854-63111(+,-)	80.00
AYEL01081046.1:84929-85204(+,-)	60.40
AYEL01066902.1:45776-45985(+,-)	62.89
AYEL01086401.1:36116-36346(+,-)	70.97
AYEL01081632.1:6147-6361(+,-)	61.72
AYEL01075986.1:7291-7633(+,-)	60.14
AYEL01081788.1:28655-28874(+,-)	60.74
AYEL01071557.1:52161-52378(+,-)	61.04
AYEL01073135.1:114311-114503(+,-)	67.14
AYEL01067629.1:6610-6830(+,-)	65.00
AYEL01073757.1:14112-14306(+,-)	67.62
AYEL01066846.1:8903-9109(+,-)	69.70
AYEL01087337.1:35551-35782(+,-)	56.55
AYEL01057419.1:3111-3314(+,-)	60.26
AYEL01072640.1:11513-11740(+,-)	64.84
AYEL01090981.1:54779-54967(+,-)	69.49
AYEL01063058.1:84392-84824(+,-)	66.67
AYEL01023136.1:24740-25013(+,-)	67.41
AYEL01040577.1:68145-68375(+,-)	62.00
AYEL01072180.1:34324-34549(+,-)	60.29
AYEL01076783.1:1830-2023(+,-)	61.05
AYEL01056672.1:38502-38693(+,-)	63.20
AYEL01081580.1:90231-90514(+,-)	65.24
AYEL01047903.1:14335-14542(+,-)	64.00
AYEL01087262.1:7988-8210(+,-)	64.29
AYEL01052348.1:5155-5378(+,-)	65.66
AYEL01071562.1:26188-26419(+,-)	66.10
AYEL01038866.1:12107-12325(+,-)	62.16
AYEL01090442.1:58225-58481(+,-)	64.66
AYEL01088046.1:7199-7401(+,-)	63.11
AYEL01014199.1:181430-181639(+,-)	67.80
AYEL01076226.1:40112-40332(+,-)	61.21
AYEL01045732.1:68300-68523(+,-)	60.51
AYEL01087591.1:21756-21973(+,-)	59.57
AYEL01059063.1:3625-3859(+,-)	64.86
AYEL01083240.1:38505-38728(+,-)	59.44
AYEL01066467.1:21924-22160(+,-)	57.30
AYEL01087673.1:49935-50164(+,-)	60.96
AYEL01053421.1:35206-35436(+,-)	64.42
AYEL01087046.1:9185-9419(+,-)	69.79
AYEL01061970.1:25171-25396(+,-)	66.67
AYEL01070817.1:19958-20238(+,-)	63.01
AYEL01073894.1:31232-31424(-)	60.96
AYEL01046659.1:28200-28391(+)	67.74
AYEL01060150.1:35790-36004(+,-)	61.95
AYEL01055526.1:5931-6142(+,-)	67.21
AYEL01075595.1:17761-17996(+,-)	66.67
AYEL01051716.1:41882-42101(+,-)	75.56
AYEL01053367.1:28497-28724(+,-)	60.00
AYEL01088023.1:18781-18979(+,-)	61.05
AYEL01084741.1:3438-3675(+,-)	62.62
AYEL01051541.1:14312-14509(+,-)	67.53
AYEL01066225.1:37606-37852(+,-)	57.62
AYEL01061360.1:26177-26409(+,-)	60.49
AYEL01066129.1:695-902(+,-)	66.67
AYEL01056855.1:273531-273747(+,-)	57.05
AYEL01083283.1:56988-57213(+,-)	66.67
AYEL01056279.1:20543-20981(+,-)	60.32
AYEL01037246.1:6335-6631(+)	63.29
AYEL01080484.1:12248-12470(+,-)	63.83
AYEL01032675.1:2801-3001(+,-)	63.48
AYEL01035858.1:9930-10164(+,-)	64.42
AYEL01086179.1:58996-59245(+,-)	62.50
AYEL01064428.1:43797-44003(+,-)	63.37
AYEL01079412.1:3478-3704(+,-)	63.70
AYEL01050529.1:15068-15275(+,-)	61.62
AYEL01025817.1:68672-68888(+,-)	62.14
AYEL01089120.1:21337-21536(+,-)	65.12
AYEL01085068.1:25898-26118(+,-)	56.46
AYEL01075907.1:12584-12825(+,-)	62.42
AYEL01058885.1:3096-3290(+,-)	64.29
AYEL01087559.1:3852-4070(+,-)	59.69
AYEL01068955.1:5842-6039(+,-)	58.52
AYEL01073792.1:106574-106783(+,-)	66.25
AYEL01081942.1:5341-5635(+,-)	70.00
AYEL01081885.1:26381-26573(+,-)	72.88
AYEL01076495.1:15331-15554(+,-)	75.56
AYEL01079473.1:4521-4752(+,-)	63.22
AYEL01073760.1:114182-114398(+,-)	72.97
AYEL01054960.1:31385-31672(+,-)	61.54
AYEL01051541.1:15450-15666(+,-)	60.43
AYEL01053541.1:9601-9833(+,-)	61.14
AYEL01074361.1:20433-20633(+,-)	65.00
AYEL01053883.1:2317-2528(+,-)	62.65
AYEL01076765.1:3025-3223(+,-)	67.74
AYEL01071291.1:4871-5086(+,-)	72.97
AYEL01073094.1:14095-14327(+,-)	60.90
AYEL01068453.1:63908-64127(+,-)	70.83
AYEL01065681.1:26340-26556(+,-)	59.28
AYEL01025551.1:2838-3067(+,-)	60.31
AYEL01074193.1:35179-35403(+,-)	63.83
AYEL01066291.1:3992-4180(-)	70.00
AYEL01091350.1:28965-29181(+,-)	63.30
AYEL01064913.1:30918-31152(+,-)	62.63
AYEL01080599.1:40322-40535(+,-)	64.52
AYEL01069153.1:19126-19358(+,-)	62.68
AYEL01066762.1:17049-17255(+,-)	59.38
AYEL01034008.1:8646-8878(+,-)	71.01
AYEL01086505.1:26740-27033(+,-)	65.38
AYEL01028126.1:24908-25324(+,-)	60.63
AYEL01052357.1:45160-45384(+,-)	64.63
AYEL01068552.1:54231-54422(+,-)	74.29
AYEL01082775.1:37743-37991(+,-)	65.61
AYEL01084786.1:21540-21762(+,-)	65.29
AYEL01069688.1:8279-8487(+,-)	61.22
AYEL01034340.1:4795-5030(+,-)	63.76
AYEL01068829.1:5720-6075(+,-)	59.51
AYEL01082516.1:1-217(+,-)	68.91
AYEL01091868.1:3949-4183(+,-)	66.67
AYEL01074539.1:6515-6747(+,-)	63.11
AYEL01047506.1:3944-4168(+,-)	62.75
AYEL01079392.1:66995-67204(+,-)	71.84
AYEL01059724.1:24864-25081(+,-)	59.31
AYEL01079127.1:12632-12861(+,-)	64.55
AYEL01091454.1:26000-26216(+,-)	61.40
AYEL01065950.1:11359-11569(+,-)	63.70
AYEL01079650.1:3107-3322(+,-)	63.92
AYEL01071033.1:69517-69754(+,-)	70.45
AYEL01086308.1:41925-42155(+,-)	73.33
AYEL01060934.1:67884-68095(+,-)	82.14
AYEL01075243.1:261-484(+,-)	59.22
AYEL01084438.1:2754-2983(+,-)	60.39
AYEL01089448.1:24226-24438(+,-)	66.39
AYEL01086218.1:31853-32066(+,-)	61.79
AYEL01065582.1:3646-3850(+,-)	66.67
AYEL01086456.1:60357-60588(+,-)	59.51
AYEL01061822.1:8811-9021(+,-)	62.14
AYEL01071243.1:16180-16389(+,-)	62.90
AYEL01080350.1:26653-26873(+,-)	68.85
AYEL01070685.1:20587-20782(+,-)	62.10
AYEL01019960.1:61-357(+,-)	67.44
AYEL01061259.1:2863-3093(+,-)	65.03
AYEL01051211.1:27689-27879(+,-)	59.80
AYEL01091577.1:3544-3763(+,-)	61.54
AYEL01084256.1:10565-10780(+,-)	62.28
AYEL01080739.1:12968-13177(+,-)	64.66
AYEL01079987.1:16721-16940(+,-)	64.42
AYEL01084487.1:5446-5661(+,-)	58.74
AYEL01074800.1:5729-5946(+,-)	62.76
AYEL01065183.1:19588-19823(+,-)	65.69
AYEL01090677.1:3036-3251(+,-)	59.86
AYEL01054634.1:108857-109111(+,-)	64.06
AYEL01083576.1:4049-4278(+,-)	61.90
AYEL01068816.1:13400-13633(+,-)	59.40
AYEL01030254.1:22471-22707(+,-)	63.12
AYEL01081198.1:1720-1948(+,-)	63.71
AYEL01068133.1:10591-10795(+,-)	66.67
AYEL01084206.1:55537-55767(+,-)	63.46
AYEL01091138.1:24959-25164(+,-)	65.25
AYEL01042381.1:41701-41947(+,-)	58.56
AYEL01063573.1:14496-14713(+,-)	65.41
AYEL01057470.1:22054-22265(+,-)	60.54
AYEL01025357.1:21375-21616(+,-)	73.33
AYEL01071567.1:11548-11782(+,-)	70.00
AYEL01082496.1:30726-30945(+,-)	61.01
AYEL01089188.1:5686-5895(+,-)	68.80
AYEL01079706.1:84597-84813(+,-)	64.86
AYEL01066157.1:9091-9300(+,-)	61.00
AYEL01087802.1:78106-78323(+,-)	64.42
AYEL01076226.1:95550-95765(+,-)	64.29
AYEL01083098.1:94453-94682(+,-)	74.47
AYEL01063393.1:47648-47859(+,-)	71.05
AYEL01068496.1:69772-69977(+,-)	63.40
AYEL01082146.1:6004-6217(+,-)	66.00
AYEL01063394.1:88752-88969(+,-)	74.07
AYEL01087514.1:9210-9423(+,-)	59.51
AYEL01076270.1:20310-20532(+,-)	61.05
AYEL01081426.1:8730-8982(+,-)	63.93
AYEL01084870.1:7767-8001(+,-)	64.36
AYEL01090320.1:44343-44561(+,-)	65.38
AYEL01089937.1:43294-43514(+,-)	62.42
AYEL01083975.1:3555-3759(+,-)	66.10
AYEL01035585.1:18041-18255(+,-)	70.69
AYEL01088514.1:1463-1688(+,-)	60.81
AYEL01073674.1:4231-4433(+,-)	62.50
AYEL01072695.1:14515-14772(+,-)	63.78
AYEL01060883.1:30915-31138(+,-)	61.94
AYEL01086317.1:1344-1552(+,-)	66.43
AYEL01060620.1:24616-24845(+,-)	61.76
AYEL01075928.1:24049-24276(+,-)	60.14
AYEL01091836.1:12314-12518(+,-)	74.70
AYEL01079226.1:53858-54209(+,-)	58.62
AYEL01084213.1:12035-12266(+,-)	62.86
AYEL01078144.1:15900-16129(+,-)	61.22
AYEL01053845.1:28532-28753(+,-)	73.33
AYEL01086472.1:7940-8134(+,-)	66.00
AYEL01044597.1:41086-41307(+,-)	60.16
AYEL01090442.1:54967-55187(+,-)	75.00
AYEL01016915.1:8438-8671(+,-)	62.26
AYEL01067152.1:15370-15604(+,-)	66.27
AYEL01088813.1:14667-14861(+)	61.49
AYEL01083555.1:12738-12989(+,-)	67.09
AYEL01066276.1:15178-15461(+,-)	67.95
AYEL01087626.1:8912-9127(+,-)	63.64
AYEL01064334.1:1538-1734(+,-)	71.23
AYEL01081576.1:13150-13367(+,-)	74.00
AYEL01089158.1:20322-20642(+,-)	66.09
AYEL01083583.1:19216-19442(+,-)	63.76
AYEL01033811.1:904-1101(+,-)	67.82
AYEL01091087.1:70379-70613(+,-)	61.43
AYEL01072064.1:32760-32964(+,-)	60.73
AYEL01053367.1:19358-19552(+,-)	68.57
AYEL01068805.1:8540-8749(-)	84.62
AYEL01089358.1:72738-73013(+,-)	63.98
AYEL01089194.1:23912-24151(+,-)	61.64
AYEL01070628.1:32315-32554(+,-)	60.77
AYEL01076244.1:10576-10934(+,-)	64.16
AYEL01065492.1:42416-42620(+,-)	62.92
AYEL01064243.1:19025-19243(+,-)	60.51
AYEL01038801.1:42183-42417(+,-)	62.50
AYEL01020857.1:1114-1366(+,-)	60.58
AYEL01086380.1:424-659(+,-)	66.67
AYEL01083099.1:2241-2453(+,-)	71.11
AYEL01080227.1:4788-5025(+,-)	60.58
AYEL01054494.1:68968-69193(+,-)	68.55
AYEL01061834.1:51858-52093(+,-)	65.31
AYEL01088044.1:0-209(+,-)	62.99
AYEL01078280.1:64238-64457(+,-)	62.33
AYEL01070345.1:16319-16551(+,-)	68.75
AYEL01083679.1:19480-19703(+,-)	84.62
AYEL01064571.1:6753-6982(+,-)	62.89
AYEL01073767.1:6709-6915(+,-)	61.76
AYEL01069763.1:58855-59071(+,-)	65.52
AYEL01058864.1:53478-53694(+,-)	68.18
AYEL01074017.1:440-914(+,-)	60.16
AYEL01084130.1:42986-43202(+,-)	66.94
AYEL01064210.1:37609-37802(-)	58.21
AYEL01079212.1:16802-17003(+,-)	64.56
AYEL01054494.1:74016-74234(+,-)	62.77
AYEL01091477.1:59366-59554(-)	62.96
AYEL01078315.1:13361-13595(+,-)	61.38
AYEL01061221.1:6761-6989(+,-)	57.93
AYEL01091092.1:25291-25519(+,-)	67.29
AYEL01091561.1:98810-99004(+)	58.02
AYEL01080574.1:79855-80054(+,-)	69.39
AYEL01080649.1:574-802(+,-)	73.33
AYEL01084651.1:6669-6918(+,-)	64.19
AYEL01060841.1:64048-64277(+,-)	61.22
AYEL01061558.1:6882-7101(+,-)	64.86
AYEL01062082.1:1342-1563(+,-)	63.27
AYEL01083339.1:43329-43559(+,-)	63.52
AYEL01087793.1:29494-29699(+,-)	65.81
AYEL01086634.1:6666-6898(+,-)	62.12
AYEL01043351.1:15548-15794(+,-)	58.52
AYEL01039695.1:73-290(+,-)	60.54
AYEL01046656.1:66700-66927(+,-)	62.96
AYEL01089789.1:14079-14299(+,-)	64.22
AYEL01084035.1:1368-1592(+,-)	68.89
AYEL01078552.1:49190-49419(+,-)	57.04
AYEL01071684.1:27103-27332(+,-)	61.11
AYEL01066452.1:3419-3648(+,-)	60.63
AYEL01084318.1:36589-36800(+,-)	62.96
AYEL01068854.1:35241-35470(+,-)	58.04
AYEL01088039.1:48640-48869(+,-)	69.33
AYEL01011108.1:96978-97406(+,-)	77.97
AYEL01071421.1:68387-68602(+,-)	59.01
AYEL01082727.1:2-234(+,-)	61.61
AYEL01064204.1:2135-2356(+,-)	63.13
AYEL01007087.1:2873-3088(+,-)	63.83
AYEL01064482.1:168677-168878(+,-)	62.11
AYEL01036791.1:336-570(+,-)	73.47
AYEL01079619.1:33939-34148(+,-)	69.12
AYEL01082775.1:38022-38291(+,-)	60.13
AYEL01088550.1:23739-23974(+,-)	59.81
AYEL01074297.1:8237-8456(+,-)	63.38
AYEL01051451.1:4692-4904(+,-)	71.05
AYEL01050227.1:28542-28810(+,-)	61.36
AYEL01040355.1:14753-14984(+,-)	63.46
AYEL01090481.1:5797-6033(+,-)	67.29
AYEL01065036.1:5743-5951(+,-)	62.50
AYEL01076244.1:9082-9285(+,-)	64.29
AYEL01088484.1:11458-11673(+,-)	60.25
AYEL01075833.1:27631-27953(+,-)	62.70
AYEL01065517.1:12339-12649(+,-)	62.50
AYEL01063030.1:10671-10868(+,-)	75.00
AYEL01058979.1:6421-6648(+,-)	62.33
AYEL01049047.1:6599-6845(+,-)	63.45
AYEL01081256.1:5491-5719(+,-)	62.16
AYEL01069876.1:7900-8115(+,-)	67.39
AYEL01063357.1:5440-5667(+,-)	57.14
AYEL01058379.1:50348-50550(+,-)	61.02
AYEL01046379.1:51690-51900(+,-)	66.67
AYEL01070156.1:3519-3753(+,-)	62.50
AYEL01061465.1:11374-11626(+,-)	62.63
AYEL01057324.1:58035-58291(+,-)	62.94
AYEL01071785.1:4821-5051(+,-)	59.60
AYEL01050413.1:30767-30993(+,-)	65.67
AYEL01052598.1:1656-1890(+,-)	58.43
AYEL01084527.1:22874-23088(+,-)	60.37
AYEL01085296.1:2499-2688(+,-)	66.98
AYEL01066551.1:10947-11150(+,-)	62.41
AYEL01088996.1:40908-41114(+,-)	67.54
AYEL01043480.1:8486-8705(+,-)	61.97
AYEL01079549.1:89723-89959(+,-)	64.06
AYEL01078944.1:21863-22074(+,-)	63.80
AYEL01067421.1:33256-33480(+,-)	59.59
AYEL01064572.1:3979-4194(+,-)	67.47
AYEL01071077.1:25484-25716(+,-)	59.86
AYEL01068269.1:12038-12244(+,-)	64.23
AYEL01078181.1:2988-3220(+,-)	70.45
AYEL01085088.1:5150-5430(+,-)	67.21
AYEL01078051.1:8889-9111(+,-)	64.21
AYEL01090670.1:25768-25997(+,-)	61.86
AYEL01082917.1:18139-18373(+,-)	67.74
AYEL01072092.1:67191-67406(+,-)	60.19
AYEL01032850.1:40912-41130(+,-)	67.20
AYEL01063984.1:32543-32758(+,-)	61.64
AYEL01080739.1:66588-66810(+,-)	66.67
AYEL01072930.1:48951-49184(+,-)	61.39
AYEL01070187.1:11883-12228(+,-)	60.87
AYEL01089675.1:31057-31248(+)	63.41
AYEL01086398.1:972-1221(+,-)	62.88
AYEL01089188.1:4546-4752(+,-)	66.39
AYEL01069613.1:5717-5925(+,-)	69.11
AYEL01091754.1:48083-48271(+,-)	64.29
AYEL01078126.1:15269-15483(+,-)	64.24
AYEL01083917.1:81979-82216(+,-)	58.78
AYEL01064337.1:9151-9358(+,-)	58.94
AYEL01080712.1:83386-83607(+,-)	60.19
AYEL01075384.1:1212-1399(+)	58.78
AYEL01064789.1:3162-3387(+,-)	61.36
AYEL01085332.1:6336-6546(+,-)	61.27
AYEL01065910.1:13617-13825(+,-)	63.87
AYEL01060322.1:50403-50620(+,-)	59.51
AYEL01089449.1:3101-3320(+,-)	68.91
AYEL01070324.1:4148-4334(+)	57.29
AYEL01087419.1:16659-16891(+,-)	63.16
AYEL01090557.1:6466-6771(+,-)	62.76
AYEL01066790.1:3588-3819(+,-)	61.49
AYEL01035004.1:6463-6681(+,-)	62.22
AYEL01069130.1:9311-9502(+,-)	69.77
AYEL01069101.1:18116-18443(+,-)	68.33
AYEL01051937.1:38667-38903(+,-)	63.38
AYEL01073869.1:15078-15312(+,-)	61.50
AYEL01062266.1:10943-11177(+,-)	64.73
AYEL01036150.1:5586-5808(+,-)	57.82
AYEL01069084.1:153772-154011(+,-)	67.00
AYEL01091965.1:511-742(+,-)	60.00
AYEL01091922.1:8556-8793(+,-)	65.07
AYEL01079558.1:5957-6174(+,-)	63.70
AYEL01091480.1:10701-10918(+,-)	58.90
AYEL01091434.1:131893-132199(+,-)	62.50
AYEL01076874.1:5370-5584(+,-)	65.00
AYEL01064489.1:25657-25893(+,-)	61.38
AYEL01066328.1:87200-87434(+,-)	77.78
AYEL01086702.1:20493-20699(+,-)	63.02
AYEL01032811.1:17974-18193(+,-)	69.64
AYEL01067467.1:4172-4380(+,-)	61.07
AYEL01075173.1:7902-8174(+,-)	66.67
AYEL01088249.1:47482-47688(+,-)	61.35
AYEL01052626.1:38155-38389(+,-)	63.49
AYEL01069159.1:22170-22401(+,-)	63.58
AYEL01076481.1:75892-76129(+,-)	60.00
AYEL01071420.1:9101-9463(+,-)	62.25
AYEL01056844.1:16830-17062(+,-)	59.26
AYEL01069521.1:32855-33088(+,-)	57.64
AYEL01064188.1:20046-20247(+,-)	60.32
AYEL01082870.1:94938-95156(+,-)	58.62
AYEL01088287.1:41599-41831(+,-)	63.54
AYEL01088471.1:13793-14025(+,-)	62.32
AYEL01073370.1:13469-13688(+,-)	67.35
AYEL01076488.1:32650-32835(-)	63.27
AYEL01074875.1:1013-1227(+,-)	59.59
AYEL01029435.1:456-689(+,-)	62.84
AYEL01084864.1:11302-11512(+,-)	69.77
AYEL01062330.1:10989-11217(+,-)	67.20
AYEL01083313.1:6987-7208(+,-)	60.87
AYEL01076288.1:2456-2656(+,-)	61.90
AYEL01037345.1:9247-9446(+,-)	62.79
AYEL01033891.1:32021-32237(+,-)	61.64
AYEL01064341.1:348-537(+,-)	62.79
AYEL01065425.1:49434-49743(+,-)	63.19
AYEL01064472.1:30572-30801(+,-)	66.20
AYEL01080379.1:15510-15735(+,-)	58.50
AYEL01047185.1:10210-10441(+,-)	59.15
AYEL01051076.1:20586-20803(+,-)	64.62
AYEL01084092.1:12402-12623(+,-)	66.06
AYEL01042334.1:56883-57094(+,-)	63.98
AYEL01036278.1:218-438(+,-)	61.39
AYEL01047412.1:25321-25648(+,-)	65.19
AYEL01020279.1:715-1002(+,-)	63.64
AYEL01086645.1:2551-2851(+,-)	62.96
AYEL01086537.1:4781-4996(+,-)	75.51
AYEL01028046.1:7799-8002(+,-)	58.41
AYEL01078536.1:43808-44036(+,-)	55.98
AYEL01091347.1:86270-86690(+,-)	67.31
AYEL01088247.1:2156-2385(+,-)	58.42
AYEL01086693.1:50391-50597(+,-)	72.07
AYEL01090152.1:137814-138024(+,-)	58.49
AYEL01054704.1:10456-10688(+,-)	61.43
AYEL01068581.1:8509-8737(+,-)	63.09
AYEL01081459.1:734-957(+,-)	60.42
AYEL01085794.1:1873-2081(+,-)	61.36
AYEL01015530.1:4397-4624(+,-)	63.51
AYEL01063957.1:11044-11272(+,-)	60.49
AYEL01090914.1:11860-12086(+,-)	69.77
AYEL01077112.1:13860-14229(+,-)	68.33
AYEL01071006.1:116175-116409(+,-)	64.18
AYEL01064735.1:21334-21564(+,-)	66.67
AYEL01061727.1:41545-41756(+,-)	71.43
AYEL01089593.1:765-1021(+,-)	59.38
AYEL01090907.1:5590-5818(+,-)	60.63
AYEL01047589.1:24206-24437(+,-)	63.43
AYEL01091253.1:9722-9949(+,-)	66.32
AYEL01073113.1:7950-8168(+,-)	63.95
AYEL01074560.1:5308-5569(+,-)	58.99
AYEL01072563.1:4887-5121(+,-)	58.49
AYEL01073473.1:43459-43674(+,-)	58.68
AYEL01068001.1:4390-4623(+,-)	69.84
AYEL01080783.1:14123-14334(+,-)	63.79
AYEL01087105.1:10018-10225(+,-)	62.77
AYEL01081703.1:31896-32176(+,-)	65.73
AYEL01034687.1:31533-31752(+,-)	66.00
AYEL01045160.1:87806-88026(+,-)	68.75
AYEL01028653.1:20154-20367(+,-)	66.07
AYEL01081177.1:31299-31505(+,-)	63.89
AYEL01043465.1:561-781(+,-)	60.40
AYEL01076209.1:9764-10064(+,-)	64.94
AYEL01046658.1:4756-4973(+,-)	61.18
AYEL01044746.1:57227-57453(+,-)	74.58
AYEL01066153.1:14259-14489(+,-)	58.74
AYEL01072351.1:24971-25204(+,-)	66.90
AYEL01077026.1:35366-35599(+,-)	63.19
AYEL01056848.1:37389-37612(+,-)	60.19
AYEL01085059.1:3389-3620(+,-)	63.12
AYEL01056804.1:29582-29823(+,-)	68.82
AYEL01032058.1:71573-71807(+,-)	64.80
AYEL01013087.1:17519-17834(-)	61.49
AYEL01067748.1:54106-54339(+,-)	61.61
AYEL01080116.1:160-377(+,-)	62.10
AYEL01077355.1:852-1091(+,-)	59.73
AYEL01089460.1:11916-12150(+,-)	66.33
AYEL01066701.1:22566-22798(+,-)	60.40
AYEL01053421.1:94267-94482(+,-)	61.15
AYEL01069998.1:15878-16120(+,-)	60.78
AYEL01074334.1:1543-1770(+,-)	64.49
AYEL01084606.1:7844-8065(+,-)	56.80
AYEL01071091.1:24465-24718(+,-)	62.07
AYEL01045686.1:6872-7104(+,-)	61.11
AYEL01073873.1:10334-10566(+,-)	66.67
AYEL01088001.1:14945-15186(+,-)	64.89
AYEL01065374.1:68476-68678(+,-)	65.32
AYEL01091550.1:16736-16953(+,-)	62.79
AYEL01078170.1:932-1169(+,-)	58.90
AYEL01058434.1:13537-13778(+,-)	63.11
AYEL01056272.1:4101-4286(+)	62.77
AYEL01085351.1:24091-24312(+,-)	65.93
AYEL01065465.1:12790-13012(+,-)	68.89
AYEL01080859.1:7083-7296(+,-)	58.90
AYEL01076191.1:57331-57565(+,-)	64.63
AYEL01077138.1:82289-82694(+,-)	57.53
AYEL01084642.1:12537-12750(+,-)	72.97
AYEL01033910.1:2212-2416(+,-)	75.56
AYEL01053786.1:4904-5125(+,-)	60.34
AYEL01081927.1:137155-137372(+,-)	62.58
AYEL01045190.1:23479-23690(+,-)	63.16
AYEL01088994.1:85348-85565(+,-)	65.41
AYEL01084187.1:4660-4879(+,-)	62.38
AYEL01083796.1:27140-27372(+,-)	63.90
AYEL01078320.1:36993-37272(+,-)	57.14
AYEL01063883.1:29931-30153(+,-)	57.14
AYEL01066416.1:29289-29521(+,-)	64.18
AYEL01065228.1:5959-6168(+,-)	56.47
AYEL01075193.1:0-199(+,-)	66.94
AYEL01081340.1:769-981(+,-)	68.79
AYEL01091252.1:27225-27670(+,-)	63.12
AYEL01056836.1:16324-16553(+,-)	64.60
AYEL01072108.1:1585-1944(+,-)	62.40
AYEL01089503.1:20055-20273(+,-)	61.49
AYEL01033644.1:31539-31768(+,-)	61.35
AYEL01064989.1:9578-9771(+,-)	66.67
AYEL01089856.1:12331-12559(+,-)	62.89
AYEL01025824.1:48743-48971(+,-)	63.36
AYEL01047842.1:3979-4209(+,-)	58.50
AYEL01069432.1:9756-9962(+,-)	60.13
AYEL01090282.1:13721-13939(+,-)	62.20
AYEL01090693.1:12627-12826(+,-)	58.59
AYEL01022457.1:883-1102(+,-)	60.78
AYEL01080650.1:68790-68989(+,-)	61.81
AYEL01073335.1:3619-3836(+,-)	67.74
AYEL01080575.1:39637-39859(+,-)	62.35
AYEL01051541.1:24548-24766(+,-)	59.39
AYEL01069821.1:11756-11985(+,-)	61.64
AYEL01078601.1:9586-9810(+,-)	61.36
AYEL01074581.1:4045-4272(+,-)	57.62
AYEL01048232.1:157-389(+,-)	62.50
AYEL01077837.1:21779-21988(+,-)	59.18
AYEL01068774.1:31989-32217(+,-)	65.82
AYEL01057084.1:7558-7776(+,-)	62.41
AYEL01022647.1:11391-11625(+,-)	61.97
AYEL01072876.1:9677-9901(+,-)	64.14
AYEL01024377.1:2152-2360(+,-)	64.79
AYEL01073549.1:22290-22523(+,-)	62.50
AYEL01087103.1:10145-10366(+,-)	58.90
AYEL01085540.1:336-570(+,-)	73.47
AYEL01068587.1:73692-74053(+,-)	62.63
AYEL01088774.1:3679-3911(+,-)	59.43
AYEL01027718.1:4945-5175(+,-)	65.22
AYEL01088739.1:8974-9214(+,-)	61.22
AYEL01092405.1:24002-24224(+,-)	62.18
AYEL01080012.1:18270-18494(+,-)	58.77
AYEL01080620.1:2645-2860(+,-)	64.54
AYEL01027296.1:52861-53081(+,-)	65.08
AYEL01060770.1:1184-1413(+,-)	58.76
AYEL01085769.1:15025-15313(+,-)	62.60
AYEL01082812.1:9280-9477(+)	60.00
AYEL01063241.1:43965-44205(+,-)	72.73
AYEL01057884.1:18383-18577(+,-)	61.44
AYEL01066870.1:5976-6358(+,-)	75.56
AYEL01085448.1:4292-4493(+,-)	60.84
AYEL01041308.1:266-496(+,-)	66.67
AYEL01032840.1:67880-68198(+,-)	64.29
AYEL01074122.1:15829-16296(+,-)	63.78
AYEL01024953.1:68-271(+,-)	59.86
AYEL01063791.1:47141-47389(+,-)	65.61
AYEL01090369.1:63184-63438(+,-)	66.12
AYEL01054070.1:158646-158863(+,-)	59.18
AYEL01078418.1:3470-3695(+,-)	59.80
AYEL01076160.1:58996-59222(+,-)	61.54
AYEL01079778.1:77878-78107(+,-)	63.70
AYEL01092171.1:12102-12306(+,-)	59.39
AYEL01091755.1:6423-6658(+,-)	68.18
AYEL01091100.1:38586-38819(+,-)	60.67
AYEL01091894.1:68366-68604(+,-)	71.30
AYEL01020082.1:47166-47401(+,-)	64.11
AYEL01078100.1:529-751(+,-)	63.11
AYEL01007133.1:60-266(+,-)	59.86
AYEL01059099.1:11841-12048(+,-)	62.96
AYEL01089216.1:15117-15337(+,-)	57.72
AYEL01071894.1:25075-25293(+,-)	63.57
AYEL01090919.1:29588-29818(+,-)	58.96
AYEL01077482.1:10071-10312(+,-)	61.00
AYEL01066611.1:5092-5304(+,-)	71.43
AYEL01077009.1:45741-45942(-)	64.76
AYEL01070440.1:25034-25254(+,-)	72.55
AYEL01084529.1:29236-29448(+,-)	63.96
AYEL01055586.1:69789-69981(+,-)	72.06
AYEL01061118.1:34087-34301(+,-)	59.76
AYEL01088459.1:18973-19180(+,-)	59.65
AYEL01072335.1:70018-70224(+,-)	65.62
AYEL01054135.1:5378-5603(+,-)	66.94
AYEL01070295.1:33849-34053(+,-)	59.31
AYEL01090824.1:8853-9059(+,-)	63.19
AYEL01076675.1:19347-19550(+,-)	64.15
AYEL01077901.1:2312-2568(+,-)	65.61
AYEL01044793.1:39253-39488(+,-)	65.35
AYEL01090345.1:11825-12054(+,-)	58.76
AYEL01080037.1:4808-5038(+,-)	62.14
AYEL01087674.1:19133-19356(+,-)	66.20
AYEL01068657.1:12182-12400(+,-)	59.86
AYEL01058885.1:25407-25614(+,-)	58.04
AYEL01085124.1:62796-63011(+,-)	60.12
AYEL01091485.1:93392-93628(+,-)	65.05
AYEL01084771.1:7143-7355(+,-)	78.38
AYEL01076651.1:835-1050(+,-)	60.58
AYEL01082938.1:7963-8148(-)	70.00
AYEL01077701.1:1150-1398(+,-)	65.08
AYEL01026317.1:283-509(+,-)	62.76
AYEL01067302.1:32191-32423(+,-)	61.82
AYEL01035585.1:50158-50376(+,-)	64.86
AYEL01072993.1:17284-17481(+,-)	66.00
AYEL01066899.1:18333-18539(+,-)	63.92
AYEL01019413.1:1993-2210(+,-)	62.83
AYEL01019126.1:129-345(+,-)	61.74
AYEL01090487.1:18031-18318(+,-)	61.49
AYEL01085581.1:64930-65157(+,-)	64.58
AYEL01076589.1:21958-22166(+,-)	74.00
AYEL01083669.1:23655-23861(+,-)	59.31
AYEL01074782.1:71884-72185(+)	68.57
AYEL01073470.1:22938-23155(+,-)	62.96
AYEL01084995.1:12984-13208(+,-)	65.42
AYEL01063174.1:91059-91283(+,-)	71.01
AYEL01028355.1:24086-24281(+,-)	59.85
AYEL01054068.1:62838-63057(+,-)	58.96
AYEL01065684.1:31519-31748(+,-)	60.43
AYEL01076823.1:24870-25091(+,-)	58.96
AYEL01088141.1:63132-63363(+,-)	61.90
AYEL01087181.1:163-369(+,-)	62.50
AYEL01075073.1:60120-60340(+,-)	69.84
AYEL01071243.1:34290-34521(+,-)	78.18
AYEL01062209.1:22770-22999(+,-)	66.41
AYEL01084935.1:9801-10016(+,-)	65.47
AYEL01082291.1:149888-150119(+,-)	61.90
AYEL01072213.1:6674-6870(+,-)	67.61
AYEL01082091.1:1116-1351(+,-)	64.11
AYEL01092365.1:8875-9070(+,-)	59.80
AYEL01033266.1:49-386(+,-)	66.28
AYEL01074347.1:53325-53600(+,-)	62.20
AYEL01057486.1:1357-1587(+,-)	64.20
AYEL01066291.1:607-877(+,-)	59.69
AYEL01071161.1:1868-2082(+,-)	60.92
AYEL01057896.1:2418-2637(+,-)	62.50
AYEL01038748.1:12-214(+,-)	73.33
AYEL01089231.1:3352-3583(+,-)	61.07
AYEL01075384.1:4411-4598(-)	62.28
AYEL01013638.1:24303-24542(+,-)	60.49
AYEL01058955.1:22290-22484(+,-)	63.64
AYEL01083234.1:9016-9239(+,-)	70.94
AYEL01091619.1:17480-17820(+,-)	71.43
AYEL01087238.1:40288-40487(+,-)	66.39
AYEL01067326.1:959-1266(+,-)	60.54
AYEL01090206.1:43602-43800(+,-)	71.19
AYEL01086193.1:1413-1606(+,-)	69.81
AYEL01060934.1:129626-129950(+,-)	62.16
AYEL01056282.1:21114-21336(+,-)	61.40
AYEL01077911.1:1573-1806(+,-)	61.32
AYEL01059723.1:146512-146726(+,-)	86.21
AYEL01072870.1:63692-63901(+,-)	68.75
AYEL01053411.1:60052-60256(+,-)	63.83
AYEL01085984.1:15514-15731(+,-)	58.45
AYEL01092330.1:12023-12256(+,-)	60.74
AYEL01082959.1:851-1082(+,-)	57.89
AYEL01085181.1:42516-42721(+,-)	61.70
AYEL01080181.1:20393-20623(+,-)	64.54
AYEL01065582.1:3179-3387(+,-)	60.94
AYEL01061249.1:18580-18774(+,-)	57.04
AYEL01092358.1:36042-36235(+,-)	65.62
AYEL01082876.1:16735-16952(+,-)	60.42
AYEL01036007.1:7712-7908(+,-)	61.76
AYEL01083457.1:13462-13655(+,-)	60.47
AYEL01068606.1:38238-38478(+,-)	61.59
AYEL01069723.1:25031-25253(+,-)	64.71
AYEL01070331.1:44706-44940(+,-)	67.83
AYEL01025074.1:1574-1800(+,-)	62.31
AYEL01062458.1:13534-13761(+,-)	65.93
AYEL01089750.1:39842-40068(+,-)	63.96
AYEL01070604.1:19076-19299(+,-)	60.63
AYEL01067639.1:401-659(+,-)	56.80
AYEL01075776.1:4468-4681(+,-)	59.86
AYEL01068977.1:5142-5372(+,-)	63.31
AYEL01072891.1:23730-23963(+,-)	76.60
AYEL01064119.1:38841-39044(+,-)	67.80
AYEL01059050.1:21703-21924(+,-)	65.66
AYEL01075508.1:36731-36934(+,-)	62.77
AYEL01073097.1:524-711(-)	62.42
AYEL01069560.1:5820-6033(+,-)	59.81
AYEL01091686.1:8606-8880(+,-)	60.48
AYEL01053105.1:37411-37639(+,-)	61.81
AYEL01059446.1:4550-4755(+,-)	59.44
AYEL01089273.1:10568-10769(+,-)	64.96
AYEL01083112.1:79797-80074(+,-)	65.22
AYEL01068059.1:1156-1400(+,-)	65.09
AYEL01036746.1:11475-11713(+,-)	72.00
AYEL01074095.1:49521-49752(+,-)	65.03
AYEL01087982.1:108523-108728(+,-)	63.79
AYEL01027361.1:39426-39626(+,-)	62.73
AYEL01024495.1:1050-1265(+,-)	61.34
AYEL01060326.1:19090-19305(+,-)	66.22
AYEL01087164.1:32880-33108(+,-)	60.94
AYEL01073492.1:50663-50882(+,-)	57.64
AYEL01086067.1:79378-79568(+,-)	66.24
AYEL01074959.1:18870-19115(+,-)	61.40
AYEL01091660.1:7135-7357(+,-)	66.02
AYEL01090473.1:1269-1560(+,-)	70.59
AYEL01085836.1:31201-31424(+,-)	83.87
AYEL01026317.1:75-280(+,-)	63.71
AYEL01073887.1:35597-35809(+,-)	68.18
AYEL01072891.1:25408-25636(+,-)	62.11
AYEL01069163.1:4869-5090(+,-)	61.31
AYEL01046779.1:5877-6079(+,-)	59.07
AYEL01075786.1:14337-14572(+,-)	64.11
AYEL01042712.1:30371-30601(+,-)	65.85
AYEL01035396.1:1823-2045(+,-)	67.80
AYEL01087904.1:2459-2703(+,-)	61.59
AYEL01076650.1:40735-40967(+,-)	68.49
AYEL01048396.1:20670-20898(+,-)	69.12
AYEL01065621.1:73103-73329(+,-)	63.86
AYEL01085970.1:24984-25182(+,-)	67.59
AYEL01062197.1:76909-77114(+,-)	63.03
AYEL01082875.1:8400-8729(+,-)	65.67
AYEL01085725.1:6967-7206(+,-)	66.67
AYEL01074833.1:20367-20590(+,-)	76.27
AYEL01074016.1:51826-52042(+,-)	65.84
AYEL01074194.1:86690-86892(-)	62.59
AYEL01090316.1:1540-1740(+,-)	70.00
AYEL01051343.1:41018-41246(+,-)	61.54
AYEL01071497.1:7891-8109(+,-)	75.56
AYEL01054790.1:25746-26164(+,-)	61.64
AYEL01073422.1:28235-28454(+,-)	68.42
AYEL01069598.1:12397-12625(+,-)	64.62
AYEL01054132.1:4377-4608(+,-)	63.94
AYEL01080844.1:92549-92768(+,-)	59.46
AYEL01071352.1:1297-1524(+,-)	58.50
AYEL01068008.1:3146-3361(+,-)	66.06
AYEL01071557.1:18719-18948(+,-)	70.00
AYEL01080533.1:66800-67027(+,-)	61.64
AYEL01079893.1:108570-108790(+,-)	59.29
AYEL01091007.1:15926-16280(+,-)	69.14
AYEL01079914.1:5631-5842(+,-)	65.87
AYEL01081093.1:10111-10347(+,-)	62.33
AYEL01069160.1:25328-25586(+,-)	66.67
AYEL01070157.1:23258-23477(+,-)	63.23
AYEL01082093.1:14711-14928(+,-)	65.69
AYEL01061522.1:5704-5918(+,-)	60.81
AYEL01037785.1:4343-4579(+,-)	64.29
AYEL01059018.1:46908-47127(+,-)	64.74
AYEL01048939.1:32049-32282(+,-)	67.19
AYEL01073361.1:2119-2327(+,-)	60.14
AYEL01083641.1:54512-54737(+,-)	59.54
AYEL01042821.1:3157-3392(+,-)	67.74
AYEL01052980.1:27051-27270(+,-)	62.58
AYEL01050042.1:4952-5173(+,-)	60.29
AYEL01066758.1:19865-20061(+,-)	66.28
AYEL01068654.1:7109-7301(-)	59.79
AYEL01077784.1:17851-18075(+,-)	68.00
AYEL01033526.1:61-280(+,-)	61.35
AYEL01078415.1:19336-19527(+,-)	61.61
AYEL01060934.1:76490-76721(+,-)	62.28
AYEL01027715.1:56874-57091(+,-)	59.59
AYEL01074499.1:10241-10456(+,-)	62.73
AYEL01074665.1:8395-8600(+,-)	65.38
AYEL01091292.1:5367-5584(+,-)	60.98
AYEL01070287.1:1301-1517(+,-)	63.43
AYEL01067973.1:58250-58476(+)	64.15
AYEL01088319.1:26467-26695(+,-)	57.41
AYEL01018097.1:286-506(+,-)	63.91
AYEL01008602.1:76-276(+,-)	67.27
AYEL01079957.1:631-844(+,-)	60.49
AYEL01006005.1:21314-21552(+,-)	60.93
AYEL01076566.1:63058-63267(+,-)	69.37
AYEL01066842.1:79118-79317(-)	66.00
AYEL01054535.1:42-265(+,-)	58.05
AYEL01051550.1:758-950(+,-)	64.78
AYEL01090219.1:96613-96846(+,-)	72.88
AYEL01079955.1:492-711(+,-)	64.56
AYEL01074887.1:38367-38580(+,-)	62.79
AYEL01067044.1:38072-38302(+,-)	58.02
AYEL01066739.1:28179-28374(+)	65.71
AYEL01066869.1:36388-36598(+,-)	62.25
AYEL01067905.1:35216-35443(+,-)	67.90
AYEL01084606.1:13358-13572(+,-)	63.73
AYEL01034531.1:22152-22366(+,-)	64.15
AYEL01076575.1:13000-13210(+,-)	58.78
AYEL01052976.1:3389-3620(+,-)	62.16
AYEL01081836.1:107753-107969(+,-)	57.84
AYEL01071753.1:62302-62507(+,-)	57.76
AYEL01067132.1:26087-26306(+,-)	63.30
AYEL01084614.1:2746-2962(+,-)	61.38
AYEL01084532.1:3009-3291(+,-)	65.38
AYEL01067973.1:98643-98860(+,-)	60.56
AYEL01081080.1:83990-84217(+,-)	70.00
AYEL01063723.1:680-911(+,-)	70.59
AYEL01085016.1:90844-91069(+,-)	63.64
AYEL01088634.1:37547-37752(+,-)	63.38
AYEL01074493.1:42542-42760(+,-)	60.69
AYEL01084288.1:45307-45531(+,-)	64.14
AYEL01071923.1:98701-98917(+,-)	64.29
AYEL01085889.1:21644-21873(+,-)	73.02
AYEL01073440.1:41348-41605(+,-)	69.57
AYEL01089259.1:15035-15257(+,-)	68.00
AYEL01015197.1:3346-3576(+,-)	65.45
AYEL01081563.1:39638-39860(+,-)	70.59
AYEL01037298.1:41759-41978(+,-)	58.23
AYEL01090752.1:8045-8262(+,-)	66.67
AYEL01065319.1:55924-56162(+,-)	60.39
AYEL01051940.1:21757-22035(+,-)	63.70
AYEL01079640.1:20185-20484(+,-)	62.96
AYEL01068453.1:104671-104893(+,-)	60.00
AYEL01079382.1:3990-4200(+,-)	68.48
AYEL01087689.1:25922-26141(+,-)	64.23
AYEL01083995.1:128052-128280(+,-)	62.75
AYEL01063539.1:1476-1877(+,-)	61.26
AYEL01066696.1:17461-17677(+,-)	64.60
AYEL01088451.1:10881-11114(+,-)	60.14
AYEL01057506.1:38092-38283(+,-)	64.23
AYEL01060065.1:868-1089(+,-)	59.15
AYEL01074485.1:200726-200959(+,-)	66.33
AYEL01061704.1:11205-11407(+,-)	61.15
AYEL01085033.1:164-391(+,-)	60.96
AYEL01063470.1:3396-3669(+,-)	60.39
AYEL01078451.1:5671-5904(+,-)	58.93
AYEL01089047.1:35233-35427(+,-)	61.31
AYEL01068084.1:1653-1885(+,-)	59.44
AYEL01072497.1:22020-22236(+,-)	60.69
AYEL01071894.1:97375-97570(+,-)	61.22
AYEL01069050.1:55847-56066(+,-)	60.14
AYEL01078916.1:52127-52354(+,-)	65.74
AYEL01069861.1:1151-1385(+,-)	59.18
AYEL01074570.1:168791-169020(+,-)	62.33
AYEL01062911.1:1556-1782(+,-)	63.52
AYEL01059842.1:7087-7315(+,-)	58.11
AYEL01074249.1:98905-99142(+,-)	64.04
AYEL01081947.1:41742-41928(-)	59.88
AYEL01071639.1:45744-45969(+,-)	62.79
AYEL01087802.1:26081-26298(+,-)	59.51
AYEL01084611.1:11432-11655(+,-)	62.38
AYEL01082600.1:20536-20741(+,-)	59.12
AYEL01082153.1:75852-76095(+,-)	66.09
AYEL01087704.1:46784-47013(+,-)	61.35
AYEL01056355.1:11607-11829(+,-)	62.16
AYEL01090269.1:57680-57910(+,-)	61.76
AYEL01082398.1:22361-22565(+,-)	66.94
AYEL01078332.1:67354-67586(+,-)	85.37
AYEL01040597.1:1243-1480(+,-)	64.06
AYEL01084145.1:10677-10949(+,-)	66.67
AYEL01088842.1:18391-18616(+,-)	62.19
AYEL01056846.1:109727-109945(+,-)	67.83
AYEL01088279.1:65217-65434(+,-)	63.75
AYEL01086483.1:21067-21294(+,-)	60.61
AYEL01079007.1:73267-73472(+,-)	63.19
AYEL01070089.1:44172-44378(+,-)	62.94
AYEL01047914.1:64305-64523(+,-)	68.47
AYEL01062881.1:4804-5023(+,-)	63.51
AYEL01077787.1:30670-30884(+,-)	65.59
AYEL01056357.1:33020-33255(+,-)	64.11
AYEL01068155.1:7753-7965(+,-)	60.94
AYEL01052463.1:3085-3293(+,-)	68.00
AYEL01082825.1:5266-5496(+,-)	61.38
AYEL01076918.1:44401-44630(+,-)	63.16
AYEL01070523.1:6198-6403(+,-)	63.28
AYEL01066232.1:13416-13612(+,-)	60.82
AYEL01071356.1:2994-3225(+,-)	59.44
AYEL01089772.1:10973-11229(+,-)	77.78
AYEL01083572.1:21513-21737(+,-)	63.01
AYEL01070681.1:13082-13309(+,-)	60.00
AYEL01066978.1:16707-16898(+,-)	75.76
AYEL01075333.1:7491-7718(+,-)	61.81
AYEL01088599.1:266-562(+,-)	58.33
AYEL01082825.1:18368-18597(+,-)	64.36
AYEL01046574.1:54205-54424(+,-)	64.19
AYEL01060854.1:2327-2549(+,-)	66.67
AYEL01045597.1:1566-1797(+,-)	61.70
AYEL01052483.1:180251-180475(+,-)	65.07
AYEL01087793.1:30930-31176(+,-)	62.94
AYEL01073436.1:17655-18000(+,-)	60.25
AYEL01069166.1:117781-117997(+,-)	61.18
AYEL01085954.1:44541-44759(+,-)	63.98
AYEL01085229.1:21299-21501(+,-)	64.52
AYEL01071986.1:1687-1878(+,-)	68.81
AYEL01050885.1:10974-11240(+,-)	63.81
AYEL01073220.1:23225-23453(+,-)	62.64
AYEL01062099.1:4873-5210(+,-)	63.92
AYEL01062449.1:53-287(+,-)	64.42
AYEL01078907.1:14658-14891(+,-)	70.11
AYEL01050180.1:19412-20008(+,-)	62.12
AYEL01002562.1:0-205(+,-)	58.78
AYEL01084718.1:59055-59260(+,-)	67.01
AYEL01045782.1:2-228(+,-)	58.39
AYEL01072206.1:44342-44600(+,-)	71.01
AYEL01089962.1:3786-3984(+,-)	70.00
AYEL01091871.1:61654-61977(+,-)	57.82
AYEL01068163.1:14955-15188(+,-)	58.62
AYEL01090481.1:45972-46223(+,-)	76.00
AYEL01052480.1:50495-50730(+,-)	74.29
AYEL01051161.1:28717-28945(+,-)	57.86
AYEL01089170.1:17432-17651(+,-)	69.35
AYEL01070757.1:10020-10254(+,-)	63.89
AYEL01087308.1:1211-1426(+,-)	65.41
AYEL01079491.1:20428-20685(+,-)	55.11
AYEL01087058.1:2675-2911(+,-)	68.35
AYEL01078879.1:22333-22564(+,-)	74.42
AYEL01056644.1:39753-39987(+,-)	71.67
AYEL01086101.1:12509-12726(+,-)	75.61
AYEL01015480.1:26248-26504(+,-)	75.29
AYEL01082414.1:2988-3205(+,-)	61.22
AYEL01072339.1:336-570(+,-)	73.47
AYEL01072238.1:9903-10139(+,-)	60.69
AYEL01081018.1:4147-4353(+,-)	65.62
AYEL01074572.1:52937-53161(+,-)	61.38
AYEL01072522.1:19393-19628(+,-)	62.14
AYEL01074297.1:5425-5642(+,-)	59.38
AYEL01083613.1:2578-2800(+,-)	59.85
AYEL01064099.1:1946-2179(+,-)	63.86
AYEL01061475.1:13649-13881(+,-)	61.14
AYEL01078893.1:1538-1753(+,-)	71.11
AYEL01046574.1:94759-94983(+,-)	58.62
AYEL01075214.1:51844-52094(+,-)	60.96
AYEL01072483.1:15065-15289(+,-)	61.81
AYEL01090670.1:28030-28251(+,-)	65.22
AYEL01075014.1:48823-49054(+,-)	66.67
AYEL01068022.1:43068-43307(+,-)	68.69
AYEL01080575.1:44001-44225(+,-)	61.19
AYEL01088287.1:83394-83597(+,-)	64.52
AYEL01079772.1:7447-7673(+,-)	63.89
AYEL01070133.1:17138-17366(+,-)	62.84
AYEL01080681.1:25988-26409(+,-)	65.33
AYEL01087771.1:8056-8288(+,-)	61.49
AYEL01067845.1:6142-6434(+,-)	63.91
AYEL01084048.1:16386-16617(+,-)	61.72
AYEL01090475.1:60111-60466(+,-)	68.80
AYEL01039380.1:23318-23544(+,-)	62.50
AYEL01076901.1:55906-56147(+,-)	65.41
AYEL01071243.1:37423-37744(+,-)	61.36
AYEL01079741.1:64748-64967(+,-)	57.56
AYEL01062199.1:6130-6427(+,-)	64.03
AYEL01091992.1:2658-2885(+,-)	59.38
AYEL01072380.1:61745-61977(+,-)	60.66
AYEL01089433.1:19942-20214(+,-)	57.86
AYEL01083460.1:119886-120125(+,-)	60.25
AYEL01054697.1:39809-40030(+,-)	61.90
AYEL01067400.1:23203-23407(+,-)	68.75
AYEL01082840.1:22863-23071(+,-)	57.75
AYEL01061927.1:1024-1230(+,-)	64.80
AYEL01052357.1:40021-40249(+,-)	66.04
AYEL01089440.1:5981-6213(+,-)	61.61
AYEL01086939.1:3599-3847(+,-)	61.19
AYEL01081447.1:2730-2966(+,-)	60.54
AYEL01082808.1:2997-3194(+,-)	64.10
AYEL01091429.1:40694-40925(+,-)	60.28
AYEL01070382.1:47854-48072(+,-)	62.22
AYEL01060934.1:141917-142151(+,-)	61.11
AYEL01074215.1:9348-9563(+,-)	59.86
AYEL01076769.1:10939-11136(+,-)	67.33
AYEL01081365.1:91789-92086(+,-)	66.27
AYEL01079476.1:2539-2794(+,-)	61.36
AYEL01050473.1:33218-33432(+,-)	66.67
AYEL01075186.1:13115-13341(+,-)	66.32
AYEL01088928.1:34264-34515(+,-)	64.79
AYEL01067731.1:23236-23451(+,-)	62.25
AYEL01059285.1:16704-16949(+,-)	61.50
AYEL01070053.1:34316-34544(+,-)	62.50
AYEL01080533.1:64122-64353(+,-)	60.00
AYEL01064003.1:128350-128550(+,-)	59.86
AYEL01087103.1:4909-5131(+,-)	56.38
AYEL01053584.1:67548-67774(+,-)	83.33
AYEL01090245.1:1864-2472(+,-)	66.09
AYEL01088459.1:101859-102089(+,-)	61.70
AYEL01071241.1:10379-10607(+,-)	67.19
AYEL01079266.1:70403-70608(+,-)	61.90
AYEL01076618.1:22777-22976(+,-)	62.50
AYEL01075495.1:6878-7110(+,-)	60.49
AYEL01056966.1:13217-13432(+,-)	68.60
AYEL01067293.1:19928-20154(+,-)	69.57
AYEL01086056.1:41864-42061(+,-)	60.54
AYEL01062034.1:32426-32665(+,-)	62.33
AYEL01083604.1:6523-6743(+,-)	71.01
AYEL01079899.1:22740-22970(+,-)	63.33
AYEL01063705.1:46321-46593(+,-)	67.57
AYEL01062310.1:14505-14736(+,-)	61.70
AYEL01085621.1:3684-3902(+,-)	62.96
AYEL01064539.1:49546-49783(+,-)	60.43
AYEL01073981.1:5760-5990(+,-)	61.70
AYEL01071294.1:42764-42971(+,-)	66.99
AYEL01086449.1:82975-83184(+,-)	69.90
AYEL01087924.1:32526-32754(+,-)	63.72
AYEL01062728.1:2759-2987(+,-)	61.74
AYEL01072717.1:52958-53173(+,-)	65.43
AYEL01084537.1:54745-54969(+,-)	61.48
AYEL01077606.1:30979-31211(+,-)	66.67
AYEL01089067.1:355-551(+,-)	61.33
AYEL01084924.1:82099-82310(+,-)	71.54
AYEL01076259.1:13496-13717(+,-)	59.57
AYEL01075700.1:55396-55625(+,-)	61.54
AYEL01076056.1:19111-19344(+,-)	65.96
AYEL01065374.1:23532-23766(+,-)	73.47
AYEL01070255.1:2447-2665(+,-)	59.62
AYEL01057084.1:31971-32205(+,-)	68.00
AYEL01069442.1:3798-4072(+,-)	58.37
AYEL01090168.1:34589-34820(+,-)	60.15
AYEL01080543.1:51144-51395(+,-)	66.92
AYEL01067370.1:35470-35686(+,-)	59.12
AYEL01077915.1:83379-83593(+,-)	64.29
AYEL01052742.1:182-413(+,-)	59.85
AYEL01090914.1:11453-11637(-)	61.79
AYEL01077825.1:101181-101398(+,-)	62.26
AYEL01069324.1:4611-4834(+,-)	66.00
AYEL01060793.1:11029-11249(+,-)	64.44
AYEL01055579.1:14814-15046(+,-)	61.61
AYEL01084272.1:32636-32854(+,-)	62.59
AYEL01089725.1:63268-63566(+,-)	64.93
AYEL01054419.1:65842-66063(+,-)	73.68
AYEL01053988.1:4826-5053(+,-)	59.71
AYEL01087673.1:49216-49443(+,-)	63.73
AYEL01049777.1:40321-40541(+,-)	60.00
AYEL01052518.1:68208-68428(+,-)	67.92
AYEL01038417.1:40181-40402(+,-)	60.67
AYEL01065634.1:133683-133914(+,-)	63.46
AYEL01078514.1:6326-6560(+,-)	62.77
AYEL01016284.1:3005-3224(+,-)	58.78
AYEL01075954.1:5644-5846(+,-)	61.31
AYEL01081100.1:18050-18305(+,-)	66.36
AYEL01090867.1:3276-3534(+,-)	75.00
AYEL01034019.1:14948-15175(+,-)	62.73
AYEL01072531.1:19238-19458(+,-)	63.73
AYEL01059639.1:5565-5797(+,-)	63.43
AYEL01072136.1:55965-56185(+,-)	60.14
AYEL01064819.1:13150-13364(+,-)	65.07
AYEL01082042.1:1665-1965(+,-)	65.26
AYEL01054425.1:33250-33460(+,-)	61.27
AYEL01027367.1:72363-72590(+,-)	81.40
AYEL01074384.1:1686-1919(+,-)	61.81
AYEL01047435.1:12419-12636(+,-)	63.13
AYEL01081480.1:65853-66299(+,-)	59.15
AYEL01062969.1:33811-34050(+,-)	68.33
AYEL01078409.1:4943-5157(+,-)	64.38
AYEL01059014.1:6493-6722(+,-)	64.35
AYEL01025767.1:38002-38369(+,-)	56.92
AYEL01082191.1:134873-135106(+,-)	60.56
AYEL01074496.1:3067-3271(+,-)	63.09
AYEL01077046.1:23010-23287(+,-)	62.88
AYEL01039726.1:973-1207(+,-)	59.86
AYEL01058378.1:13182-13403(+,-)	60.14
AYEL01052970.1:31572-31809(+,-)	62.26
AYEL01088157.1:49519-49801(+,-)	61.46
AYEL01035609.1:813-1057(+,-)	61.64
AYEL01091202.1:1933-2221(+,-)	63.04
AYEL01058197.1:7833-8045(+,-)	62.99
AYEL01082203.1:46321-46604(+,-)	59.68
AYEL01069472.1:31689-31921(+,-)	59.62
AYEL01072410.1:3771-3996(+,-)	67.20
AYEL01054802.1:2137-2432(+,-)	66.42
AYEL01082760.1:4104-4316(+,-)	63.70
AYEL01082264.1:5873-6079(+,-)	62.30
AYEL01086559.1:9359-9588(+,-)	61.35
AYEL01074859.1:35452-35669(+,-)	63.19
AYEL01073752.1:10045-10246(+,-)	61.18
AYEL01086398.1:467-701(+,-)	62.75
AYEL01079377.1:25870-26104(+,-)	62.91
AYEL01068863.1:90891-91104(+,-)	61.39
AYEL01083905.1:61801-62016(+,-)	62.73
AYEL01053693.1:23881-24084(+,-)	64.74
AYEL01058885.1:2100-2314(+,-)	69.75
AYEL01072046.1:22560-22761(+,-)	60.98
AYEL01069259.1:2141-2358(+,-)	62.84
AYEL01078200.1:25006-25211(+,-)	58.06
AYEL01070974.1:9189-9423(+,-)	58.77
AYEL01083001.1:14515-14750(+,-)	59.22
AYEL01074399.1:61040-61295(+,-)	59.06
AYEL01071006.1:73889-74103(+,-)	61.54
AYEL01049777.1:28529-28757(+,-)	65.81
AYEL01068062.1:931-1166(+,-)	62.33
AYEL01074132.1:18605-18810(+,-)	66.67
AYEL01085085.1:16534-16740(+,-)	61.25
AYEL01067214.1:20539-20768(+,-)	57.82
AYEL01048857.1:72366-72587(+,-)	59.86
AYEL01079035.1:115577-115859(+,-)	62.11
AYEL01092382.1:15090-15321(+,-)	62.00
AYEL01062775.1:6624-6891(+,-)	70.31
AYEL01015531.1:1233-1447(+,-)	59.65
AYEL01072402.1:33879-34217(+,-)	79.55
AYEL01090908.1:5649-5909(+,-)	61.69
AYEL01065748.1:17052-17284(+,-)	68.33
AYEL01055879.1:1692-1930(+,-)	73.02
AYEL01069799.1:60406-60617(+,-)	69.37
AYEL01066534.1:23184-23484(+,-)	62.96
AYEL01028963.1:63890-64128(+,-)	60.19
AYEL01071837.1:7375-7616(+,-)	73.02
AYEL01090558.1:12858-13087(+,-)	62.60
AYEL01063403.1:67081-67289(+,-)	77.27
AYEL01090216.1:488-710(+,-)	68.25
AYEL01058791.1:12898-13119(+,-)	67.20
AYEL01074079.1:27591-27851(+,-)	67.80
AYEL01069354.1:10340-10558(+,-)	63.01
AYEL01057031.1:10357-10579(+,-)	65.71
AYEL01050344.1:5281-5497(+,-)	57.53
AYEL01090303.1:49563-49925(+,-)	62.33
AYEL01077960.1:19014-19217(+,-)	74.14
AYEL01091921.1:34051-34273(+,-)	57.72
AYEL01088701.1:8467-8701(+,-)	64.36
AYEL01087720.1:18390-18617(+,-)	60.90
AYEL01091529.1:3705-3904(+,-)	61.42
AYEL01064644.1:20057-20293(+,-)	61.95
AYEL01087998.1:2720-2936(+,-)	63.80
AYEL01076342.1:7838-8171(+,-)	67.94
AYEL01015794.1:380-689(+)	59.88
AYEL01072380.1:63088-63323(+,-)	60.27
AYEL01066656.1:12177-12397(+,-)	67.21
AYEL01019411.1:44240-44438(-)	55.90
AYEL01081046.1:18017-18254(+,-)	60.39
AYEL01061578.1:15546-15925(+,-)	68.22
AYEL01052762.1:74628-74835(+,-)	61.74
AYEL01070325.1:4942-5175(+,-)	63.89
AYEL01085325.1:1190-1540(+,-)	64.29
AYEL01090008.1:29868-30086(+,-)	77.78
AYEL01064428.1:35905-36100(+,-)	61.76
AYEL01092014.1:18754-19093(+,-)	58.11
AYEL01078055.1:25241-25472(+,-)	65.89
AYEL01030254.1:20479-20699(+,-)	56.55
AYEL01079941.1:36698-36931(+,-)	62.16
AYEL01087105.1:29109-29330(+,-)	59.04
AYEL01085020.1:28839-29068(+,-)	57.21
AYEL01067648.1:4636-4867(+,-)	65.25
AYEL01090572.1:18245-18474(+,-)	56.94
AYEL01040122.1:8269-8477(+,-)	61.61
AYEL01051410.1:13567-13772(+,-)	64.00
AYEL01073488.1:1657-1859(+,-)	65.25
AYEL01090030.1:9310-9529(+,-)	63.51
AYEL01062136.1:5491-5724(+,-)	61.54
AYEL01075657.1:7487-7722(+,-)	58.59
AYEL01065569.1:3350-3543(+,-)	70.49
AYEL01020367.1:3330-3531(+,-)	64.66
AYEL01048074.1:14196-14427(+,-)	63.94
AYEL01053164.1:296-570(+,-)	61.59
AYEL01069801.1:65818-66009(+,-)	64.18
AYEL01076025.1:29919-30157(+,-)	63.41
AYEL01080373.1:10000-10232(+,-)	60.00
AYEL01075907.1:9700-9912(+,-)	73.33
AYEL01088157.1:50887-51118(+,-)	66.06
AYEL01028047.1:18446-18637(+)	62.31
AYEL01083858.1:18885-19109(+,-)	58.04
AYEL01057932.1:23315-23525(+,-)	60.28
AYEL01084863.1:86568-86794(+,-)	63.57
AYEL01088323.1:14313-14508(+,-)	81.82
AYEL01062060.1:7524-7759(+,-)	69.14
AYEL01083242.1:17311-17544(+,-)	65.12
AYEL01088277.1:8995-9367(+,-)	60.12
AYEL01076342.1:36004-36215(+,-)	63.16
AYEL01071074.1:16907-17139(+,-)	59.62
AYEL01086214.1:10938-11153(+,-)	64.20
AYEL01051042.1:71044-71315(+,-)	59.48
AYEL01080843.1:8005-8201(+)	63.08
AYEL01091805.1:124409-124625(+,-)	62.42
AYEL01070927.1:10933-11199(+,-)	63.78
AYEL01064572.1:63420-63635(+,-)	60.95
AYEL01074967.1:20145-20368(+,-)	67.77
AYEL01092140.1:46029-46259(+,-)	72.73
AYEL01054586.1:1685-1904(+,-)	77.08
AYEL01070784.1:4471-4676(+,-)	66.43
AYEL01074570.1:31332-31608(+,-)	58.10
AYEL01083785.1:26964-27191(+,-)	60.45
AYEL01055844.1:24425-24643(+,-)	62.68
AYEL01071416.1:4346-4564(+,-)	64.15
AYEL01074558.1:43545-43776(+,-)	63.46
AYEL01073727.1:65939-66154(+,-)	67.95
AYEL01055579.1:11363-11656(+,-)	66.67
AYEL01091561.1:146320-146548(+,-)	61.27
AYEL01087321.1:16177-16391(+,-)	58.52
AYEL01090005.1:52380-52594(+,-)	62.99
AYEL01050382.1:21222-21435(+,-)	60.56
AYEL01047201.1:4433-4653(+,-)	62.94
AYEL01080924.1:4437-4659(+,-)	62.07
AYEL01064751.1:20095-20325(+,-)	63.29
AYEL01059633.1:2857-3074(+,-)	64.62
AYEL01090541.1:21397-21589(+,-)	57.04
AYEL01089855.1:22249-22487(+,-)	71.19
AYEL01029117.1:10840-11055(+,-)	64.07
AYEL01088438.1:35369-35581(+,-)	57.06
AYEL01066880.1:1237-1449(+,-)	63.70
AYEL01061822.1:8317-8541(+,-)	58.25
AYEL01086668.1:20614-20916(+,-)	59.43
AYEL01070644.1:28159-28387(+,-)	67.02
AYEL01091421.1:28560-28765(+,-)	61.90
AYEL01091244.1:5993-6225(+,-)	62.09
AYEL01090561.1:6004-6239(+,-)	61.17
AYEL01082975.1:18695-18974(+,-)	64.08
AYEL01066497.1:1137-1350(+,-)	70.45
AYEL01033357.1:18499-18710(+,-)	66.27
AYEL01089803.1:17115-17348(+,-)	61.79
AYEL01078577.1:31364-31668(+,-)	65.61
AYEL01076061.1:19104-19323(+,-)	65.93
AYEL01020767.1:22654-22859(+,-)	61.29
AYEL01073904.1:73933-74165(+,-)	61.14
AYEL01087751.1:10923-11154(-)	63.20
AYEL01090090.1:36601-36822(+,-)	64.29
AYEL01069166.1:81909-82142(+,-)	64.52
AYEL01063214.1:1199-1424(+,-)	63.89
AYEL01086194.1:68406-68641(+,-)	63.83
AYEL01086494.1:17546-17759(+,-)	69.60
AYEL01090334.1:15217-15443(+,-)	68.18
AYEL01046747.1:23191-23410(+,-)	67.29
AYEL01092279.1:28187-28410(+,-)	63.06
AYEL01046124.1:56315-56537(+,-)	66.32
AYEL01083478.1:24401-24626(+,-)	58.33
AYEL01074778.1:5857-6090(+,-)	58.43
AYEL01087859.1:145488-145711(+,-)	68.33
AYEL01044479.1:13299-13508(+,-)	63.16
AYEL01085667.1:11975-12255(+,-)	65.62
AYEL01065422.1:8173-8372(+,-)	65.56
AYEL01056994.1:28195-28633(+,-)	60.29
AYEL01012868.1:50-281(+,-)	59.52
AYEL01060628.1:20087-20306(+,-)	76.92
AYEL01073573.1:60719-60941(+,-)	72.00
AYEL01079619.1:45296-45521(+,-)	61.22
AYEL01062934.1:41863-42063(+,-)	69.57
AYEL01087794.1:5947-6157(+,-)	67.23
AYEL01081892.1:24244-24639(+,-)	62.50
AYEL01055999.1:16847-17148(+,-)	67.24
AYEL01021110.1:174445-174657(+,-)	66.67
AYEL01084570.1:51358-51720(+,-)	69.77
AYEL01066739.1:29785-29998(+,-)	63.48
AYEL01055355.1:13855-14081(+,-)	62.73
AYEL01078587.1:39686-39905(+,-)	57.82
AYEL01048867.1:27050-27293(+,-)	71.29
AYEL01060450.1:32956-33190(+,-)	62.76
AYEL01066299.1:42533-42725(+,-)	72.22
AYEL01091123.1:3496-3724(+,-)	69.81
AYEL01046526.1:3993-4210(+,-)	61.96
AYEL01073717.1:23084-23303(+,-)	60.14
AYEL01088698.1:22053-22269(+,-)	62.30
AYEL01077941.1:71883-72094(+,-)	74.04
AYEL01065497.1:38026-38241(+,-)	58.42
AYEL01070023.1:18641-18869(+,-)	66.37
AYEL01091599.1:45917-46144(+,-)	64.91
AYEL01022174.1:237-472(+,-)	62.14
AYEL01086214.1:24269-24490(+,-)	63.20
AYEL01086124.1:19740-19940(+,-)	68.53
AYEL01091793.1:5840-6042(+,-)	60.13
AYEL01069257.1:1065-1287(+,-)	68.00
AYEL01090403.1:3009-3193(-)	71.11
AYEL01071416.1:1963-2186(+,-)	71.43
AYEL01054589.1:4273-4507(+,-)	66.40
AYEL01030722.1:17292-17509(+,-)	62.58
AYEL01070685.1:15658-15907(+,-)	63.92
AYEL01089699.1:30564-30805(+,-)	63.64
AYEL01076764.1:51677-51897(+,-)	66.18
AYEL01024705.1:1653-1870(+,-)	65.22
AYEL01091252.1:24802-24994(+,-)	69.35
AYEL01061016.1:7988-8195(+,-)	59.68
AYEL01059044.1:2582-2780(+,-)	60.14
AYEL01082827.1:3292-3512(+,-)	62.16
AYEL01058950.1:1027-1263(+,-)	65.00
AYEL01070847.1:17814-18026(+,-)	64.20
AYEL01088873.1:32878-33085(+,-)	66.33
AYEL01058957.1:15127-15357(+,-)	62.77
AYEL01072348.1:198-412(+,-)	65.26
AYEL01083723.1:17961-18196(+)	62.18
AYEL01022628.1:82-427(+,-)	63.48
AYEL01034009.1:27499-27724(+,-)	59.75
AYEL01082566.1:11674-12054(+,-)	76.19
AYEL01030502.1:8422-8676(+,-)	65.08
AYEL01070304.1:13088-13311(+,-)	52.98
AYEL01071056.1:4259-4483(+,-)	71.31
AYEL01079512.1:1520-1792(+,-)	61.74
AYEL01086340.1:2304-2530(+,-)	59.41
AYEL01091533.1:15133-15351(+,-)	61.15
AYEL01090152.1:122261-122478(+,-)	69.23
AYEL01062921.1:13269-13488(+,-)	62.41
AYEL01073470.1:13263-13482(+,-)	65.03
AYEL01083339.1:48321-48523(+,-)	62.71
AYEL01077941.1:62890-63118(+,-)	57.14
AYEL01069924.1:7653-7887(+,-)	65.03
AYEL01082574.1:20600-21104(+,-)	58.08
AYEL01091584.1:12041-12279(+,-)	61.64
AYEL01087397.1:12311-12540(+,-)	62.24
AYEL01046747.1:33146-33572(+,-)	62.70
AYEL01052513.1:2850-3072(+,-)	61.59
AYEL01088982.1:498-736(+,-)	71.93
AYEL01009715.1:12-234(+,-)	63.83
AYEL01064319.1:24611-24830(+,-)	66.43
AYEL01071802.1:16797-17081(+,-)	61.72
AYEL01087094.1:42438-42700(+,-)	64.57
AYEL01064897.1:41951-42190(+,-)	63.87
AYEL01091244.1:11790-12032(+,-)	61.54
AYEL01080552.1:349-556(+,-)	72.82
AYEL01062942.1:345-552(+,-)	73.33
AYEL01080253.1:10274-10508(+,-)	65.52
AYEL01084055.1:30176-30410(+,-)	64.90
AYEL01069166.1:71615-71848(+,-)	63.80
AYEL01066024.1:18276-18509(+,-)	62.66
AYEL01025357.1:21640-21859(+,-)	67.27
AYEL01008563.1:139-324(-)	65.04
AYEL01064116.1:27431-27677(+,-)	58.00
AYEL01076692.1:11642-11857(+,-)	64.96
AYEL01066932.1:77525-77750(-)	64.49
AYEL01052489.1:97112-97320(+,-)	60.74
AYEL01072586.1:6861-7074(+,-)	58.76
AYEL01083292.1:56548-56743(+,-)	70.09
AYEL01076835.1:114-364(+,-)	62.03
AYEL01085087.1:9699-9919(+,-)	63.96
AYEL01029526.1:5472-5682(+,-)	60.27
AYEL01075432.1:40270-40458(-)	60.14
AYEL01042693.1:3014-3223(+,-)	63.74
AYEL01075657.1:14578-14787(+,-)	76.60
AYEL01083583.1:19000-19211(+,-)	67.23
AYEL01072106.1:45710-45897(-)	63.64
AYEL01091207.1:6298-6515(+,-)	57.43
AYEL01051607.1:48717-48938(+,-)	63.33
AYEL01087908.1:19392-19621(+,-)	61.59
AYEL01021382.1:20687-20915(+,-)	64.93
AYEL01053990.1:21165-21418(+,-)	64.95
AYEL01083696.1:7751-7960(+,-)	74.14
AYEL01080865.1:25941-26159(+,-)	67.72
AYEL01006003.1:21292-21526(+,-)	68.37
AYEL01024923.1:74542-74768(+,-)	61.24
AYEL01064389.1:127-362(+,-)	59.35
AYEL01065242.1:146880-147101(+,-)	71.11
AYEL01082890.1:19495-19695(+,-)	72.27
AYEL01070788.1:1696-1936(+,-)	67.00
AYEL01066777.1:56216-56426(+,-)	66.67
AYEL01015531.1:1508-1719(+,-)	63.16
AYEL01080885.1:3773-3970(+,-)	64.60
AYEL01073328.1:15569-15776(+,-)	60.69
AYEL01030541.1:4198-4402(+,-)	65.00
AYEL01085547.1:8308-8513(+,-)	62.07
AYEL01084433.1:46117-46401(+,-)	62.90
AYEL01079184.1:2368-2577(+,-)	70.80
AYEL01070637.1:36628-36842(+,-)	59.70
AYEL01074334.1:861-1110(+,-)	69.37
AYEL01086930.1:9198-9412(+,-)	62.42
AYEL01087524.1:27226-27415(+,-)	85.19
AYEL01086527.1:41423-41657(+,-)	59.42
AYEL01077888.1:8225-8481(+,-)	67.01
AYEL01061413.1:154-372(+,-)	66.99
AYEL01075762.1:14072-14291(+,-)	68.89
AYEL01082612.1:9873-10076(+,-)	67.27
AYEL01047237.1:8016-8274(+,-)	67.71
AYEL01084721.1:145320-145542(+,-)	61.90
AYEL01051919.1:37661-37894(+,-)	59.44
AYEL01078916.1:106684-106905(+,-)	63.64
AYEL01072173.1:11353-11557(+,-)	59.12
AYEL01078696.1:9067-9294(+,-)	58.37
AYEL01090017.1:46217-46434(+,-)	56.33
AYEL01070453.1:19584-19798(+,-)	65.00
AYEL01061909.1:8566-8781(+,-)	63.03
AYEL01086491.1:93163-93385(+,-)	64.29
AYEL01060105.1:16763-16980(+,-)	63.13
AYEL01086032.1:62141-62360(+,-)	59.85
AYEL01083246.1:85290-85505(+,-)	58.50
AYEL01066855.1:10718-10917(+,-)	68.14
AYEL01058920.1:2655-2881(+,-)	72.88
AYEL01082986.1:19453-19685(+,-)	68.42
AYEL01067302.1:26804-27034(+,-)	58.97
AYEL01091139.1:40741-40939(+,-)	67.86
AYEL01090795.1:381-618(+,-)	73.33
AYEL01063830.1:22451-22670(+,-)	62.09
AYEL01051376.1:15787-16023(+,-)	62.24
AYEL01073758.1:4508-4799(+,-)	71.01
AYEL01080731.1:44905-45138(+,-)	65.18
AYEL01067108.1:34460-34663(+,-)	65.27
AYEL01078945.1:2185-2376(+,-)	71.67
AYEL01075308.1:7735-7953(+,-)	64.04
AYEL01084572.1:15381-15618(+,-)	65.62
AYEL01007533.1:1688-1902(+,-)	67.92
AYEL01091426.1:3140-3355(+,-)	64.52
AYEL01058779.1:32450-32673(+,-)	66.07
AYEL01081947.1:136820-137038(+,-)	59.57
AYEL01053643.1:7550-7769(+,-)	62.64
AYEL01032848.1:26789-27006(+,-)	61.82
AYEL01084373.1:22670-22895(+,-)	64.71
AYEL01066265.1:14955-15181(+,-)	59.38
AYEL01076695.1:26606-26838(+,-)	55.77
AYEL01022535.1:25316-25507(+,-)	59.24
AYEL01069312.1:13446-13669(+,-)	63.21
AYEL01084774.1:11338-11566(+,-)	59.18
AYEL01088243.1:19804-20076(+,-)	63.85
AYEL01074693.1:41063-41301(+,-)	61.38
AYEL01089099.1:18019-18247(+,-)	68.00
AYEL01090163.1:845-1072(+,-)	61.95
AYEL01064003.1:89003-89225(+,-)	56.55
AYEL01071740.1:45273-45574(+,-)	88.89
AYEL01091897.1:41089-41308(+,-)	62.16
AYEL01089516.1:3398-3610(+,-)	70.69
AYEL01071294.1:32243-32469(+,-)	63.93
AYEL01041914.1:13529-13749(+,-)	65.33
AYEL01072178.1:31240-31491(+,-)	66.44
AYEL01089112.1:5654-5881(+,-)	64.52
AYEL01079343.1:1846-2075(+,-)	58.25
AYEL01015680.1:80932-81219(+,-)	67.31
AYEL01015533.1:36375-36571(+,-)	65.93
AYEL01080462.1:12339-12542(+,-)	74.44
AYEL01074000.1:29398-29604(+,-)	61.76
AYEL01085694.1:14848-15138(+,-)	63.85
AYEL01071939.1:10238-10474(+,-)	68.33
AYEL01086434.1:37611-37847(+,-)	63.43
AYEL01061242.1:7500-7716(+,-)	60.99
AYEL01073746.1:26577-26800(+,-)	58.54
AYEL01088328.1:49071-49289(+,-)	63.19
AYEL01073553.1:71256-71484(+,-)	66.00
AYEL01075158.1:54420-54623(+,-)	69.77
AYEL01051224.1:1759-1964(+,-)	79.07
AYEL01088700.1:12353-12568(+,-)	64.60
AYEL01059437.1:4605-4827(+,-)	69.84
AYEL01060121.1:3463-3677(+,-)	62.42
AYEL01084665.1:36942-37138(+,-)	60.96
AYEL01065591.1:45704-46019(+,-)	66.02
AYEL01089078.1:62773-62992(+,-)	66.40
AYEL01064301.1:722-943(+,-)	59.59
AYEL01068184.1:863-1121(+,-)	64.52
AYEL01029299.1:9290-9530(+,-)	62.39
AYEL01072970.1:13148-13371(+,-)	60.00
AYEL01063513.1:17458-17687(+,-)	63.73
AYEL01072178.1:8956-9191(+,-)	62.50
AYEL01065950.1:18734-18966(+,-)	62.37
AYEL01061135.1:238-476(+,-)	66.25
AYEL01057151.1:34782-35013(+,-)	61.96
AYEL01087648.1:20279-20500(+,-)	75.56
AYEL01083343.1:6598-6805(+,-)	59.06
AYEL01070402.1:15150-15341(+,-)	65.08
AYEL01022411.1:56515-56732(+,-)	58.78
AYEL01078077.1:920-1195(+,-)	65.91
AYEL01069956.1:25812-26017(+,-)	63.49
AYEL01085421.1:609-838(+,-)	70.00
AYEL01062870.1:9184-9406(+,-)	70.00
AYEL01065563.1:62463-62685(+,-)	60.54
AYEL01063647.1:1503-1735(+,-)	70.00
AYEL01040586.1:46722-46941(+,-)	64.24
AYEL01054712.1:44173-44404(+,-)	71.64
AYEL01066109.1:11838-12065(+,-)	64.29
AYEL01080844.1:150432-150650(+,-)	64.42
AYEL01069959.1:10875-11128(+,-)	61.36
AYEL01069174.1:35492-35710(+,-)	60.39
AYEL01061351.1:4912-5144(+,-)	65.62
AYEL01079753.1:8362-8766(+,-)	64.42
AYEL01074104.1:71708-71905(+,-)	60.14
AYEL01065897.1:42081-42309(+,-)	60.56
AYEL01052483.1:180619-180815(+,-)	63.09
AYEL01058737.1:0-230(+,-)	63.06
AYEL01075783.1:25571-25798(+,-)	62.73
AYEL01088518.1:87977-88198(+,-)	60.49
AYEL01080012.1:64589-64822(+,-)	72.41
AYEL01088651.1:2959-3178(+,-)	61.96
AYEL01083797.1:58508-58738(+,-)	60.87
AYEL01080405.1:27867-28099(+,-)	61.14
AYEL01077378.1:15276-15491(+,-)	59.20
AYEL01088253.1:24834-25054(+,-)	60.69
AYEL01069221.1:22461-22685(+,-)	67.01
AYEL01071875.1:53570-53765(+,-)	69.09
AYEL01029068.1:387-638(+,-)	60.11
AYEL01035044.1:8792-8987(+,-)	61.03
AYEL01083098.1:94938-95164(+,-)	59.40
AYEL01080235.1:72695-72930(+,-)	61.17
AYEL01040590.1:10003-10325(+,-)	64.94
AYEL01088845.1:6422-6639(+,-)	56.76
AYEL01066613.1:39558-39775(+,-)	63.41
AYEL01074956.1:26279-26493(+,-)	62.59
AYEL01072469.1:322-555(+,-)	60.28
AYEL01039439.1:9903-10135(+,-)	70.49
AYEL01059841.1:196-424(+,-)	63.16
AYEL01078843.1:5531-5750(+,-)	61.29
AYEL01066978.1:19042-19270(+,-)	62.02
AYEL01066060.1:41515-41737(+,-)	63.85
AYEL01074570.1:177949-178171(+,-)	67.71
AYEL01070195.1:13651-14075(+,-)	65.28
AYEL01066130.1:105970-106154(+)	60.00
AYEL01081784.1:8888-9099(+,-)	57.81
AYEL01086434.1:38666-39092(+,-)	64.15
AYEL01065682.1:38709-38933(+,-)	63.64
AYEL01070401.1:3522-3753(+,-)	61.98
AYEL01076348.1:6122-6355(+,-)	62.50
AYEL01090963.1:48181-48405(+,-)	59.86
AYEL01086265.1:27989-28199(+,-)	60.14
AYEL01052970.1:68821-69104(+,-)	63.53
AYEL01065230.1:10597-10828(+,-)	58.51
AYEL01058965.1:134772-134980(+,-)	62.68
AYEL01069396.1:33813-34057(+,-)	67.13
AYEL01073148.1:1875-2106(+,-)	60.90
AYEL01088508.1:65121-65353(+,-)	63.48
AYEL01080529.1:3454-3666(+,-)	60.98
AYEL01076381.1:23501-23712(+,-)	60.98
AYEL01063751.1:51394-51600(+,-)	62.30
AYEL01081952.1:18498-18723(+,-)	65.56
AYEL01068834.1:20932-21162(+,-)	63.21
AYEL01012174.1:634-829(-)	71.43
AYEL01072964.1:28710-28926(+,-)	60.69
AYEL01086986.1:68254-68491(+,-)	62.76
AYEL01067488.1:436-644(+,-)	64.42
AYEL01091887.1:73122-73383(+,-)	62.30
AYEL01067575.1:2784-2987(+,-)	59.59
AYEL01084261.1:43296-43563(+,-)	61.29
AYEL01072336.1:17098-17329(+,-)	67.21
AYEL01086097.1:27383-27598(+,-)	58.78
AYEL01075657.1:1125-1341(+,-)	58.11
AYEL01073468.1:61585-61802(+,-)	62.59
AYEL01078069.1:48948-49221(+,-)	63.91
AYEL01056792.1:8206-8435(+,-)	61.70
AYEL01038232.1:10714-10981(+,-)	69.59
AYEL01082464.1:2472-2676(+,-)	71.67
AYEL01066328.1:12801-13034(+,-)	66.41
AYEL01083307.1:3865-4054(-)	62.50
AYEL01050214.1:769-975(+,-)	71.67
AYEL01063919.1:10576-10785(+,-)	60.42
AYEL01050885.1:35259-35488(+,-)	72.41
AYEL01072208.1:27736-28106(+,-)	72.63
AYEL01088261.1:50186-50461(+,-)	66.93
AYEL01081813.1:24340-24554(+,-)	65.08
AYEL01060485.1:7195-7469(+,-)	63.64
AYEL01056522.1:10587-10780(+,-)	64.00
AYEL01080475.1:50780-51000(+,-)	73.33
AYEL01060621.1:31771-31966(+,-)	66.67
AYEL01064503.1:32385-32604(+,-)	64.63
AYEL01091742.1:1473-1710(+,-)	67.19
AYEL01073555.1:16723-16913(+,-)	66.67
AYEL01052626.1:36628-36859(+,-)	60.48
AYEL01075700.1:52598-52867(+,-)	60.13
AYEL01070999.1:44318-44526(+,-)	61.87
AYEL01066586.1:5846-6056(+,-)	58.74
AYEL01087419.1:22435-22713(+,-)	59.54
AYEL01037298.1:64365-64561(+,-)	62.58
AYEL01086720.1:1366-1596(+,-)	64.73
AYEL01083691.1:14828-15092(+,-)	66.67
AYEL01077846.1:2605-2819(+,-)	65.31
AYEL01065569.1:4283-4501(+,-)	63.16
AYEL01068511.1:11468-11684(+,-)	67.19
AYEL01078035.1:816-1049(+,-)	68.75
AYEL01087897.1:52022-52471(+,-)	61.70
AYEL01065587.1:83786-83985(+,-)	64.19
AYEL01072304.1:23623-23835(+,-)	62.16
AYEL01077863.1:3079-3296(+,-)	63.27
AYEL01088718.1:14925-15113(+,-)	61.67
AYEL01078397.1:27482-27689(+,-)	68.89
AYEL01090312.1:12758-12964(+,-)	75.56
AYEL01083298.1:14402-14627(+,-)	60.15
AYEL01071066.1:104585-104800(+,-)	84.62
AYEL01008045.1:91-314(+,-)	66.34
AYEL01087118.1:1875-2084(+,-)	60.00
AYEL01081560.1:973-1171(+,-)	67.35
AYEL01070135.1:3541-3749(+,-)	64.10
AYEL01086138.1:49330-49515(-)	62.67
AYEL01032576.1:6974-7204(+,-)	62.50
AYEL01057327.1:8518-8743(+,-)	72.34
AYEL01089913.1:26763-26981(+,-)	67.27
AYEL01067699.1:5753-5971(+,-)	57.93
AYEL01076908.1:924-1132(-)	61.16
AYEL01082838.1:45914-46104(+)	60.58
AYEL01071102.1:102135-102365(+,-)	61.22
AYEL01076379.1:39925-40154(+,-)	61.64
AYEL01059688.1:2213-2434(+,-)	62.84
AYEL01071375.1:23772-23993(+,-)	63.64
AYEL01086296.1:17739-17959(+,-)	65.99
AYEL01082231.1:8010-8240(+,-)	57.48
AYEL01037246.1:36799-37033(+,-)	60.40
AYEL01056659.1:433-654(+,-)	64.46
AYEL01040565.1:6201-6405(+,-)	60.61
AYEL01075214.1:38680-39131(+,-)	66.67
AYEL01090000.1:5332-5567(+,-)	63.64
AYEL01081406.1:40206-40424(+,-)	63.38
AYEL01062561.1:30535-30767(+,-)	62.25
AYEL01055404.1:54437-54663(+,-)	58.17
AYEL01080186.1:37767-38060(+,-)	74.79
AYEL01086602.1:82396-82632(+,-)	62.76
AYEL01058314.1:6601-6815(+,-)	60.69
AYEL01054959.1:6714-7028(+,-)	61.05
AYEL01052501.1:1950-2172(+,-)	63.73
AYEL01089093.1:12380-12598(+,-)	58.04
AYEL01051114.1:8617-8851(+,-)	64.86
AYEL01088205.1:9361-9576(+,-)	62.70
AYEL01062773.1:5312-5543(+,-)	64.15
AYEL01091138.1:46164-46310(+)	60.82
AYEL01082042.1:2464-2678(+,-)	66.12
AYEL01067293.1:26239-26447(+,-)	80.65
AYEL01076209.1:8874-9138(+,-)	61.18
AYEL01085657.1:35585-35815(+,-)	65.38
AYEL01070695.1:21496-21712(+,-)	61.27
AYEL01086369.1:42532-42758(+,-)	63.52
AYEL01075467.1:53944-54175(+,-)	58.57
AYEL01090852.1:16322-16523(+,-)	68.42
AYEL01085454.1:101781-102112(+)	59.79
AYEL01062592.1:14695-14925(+,-)	66.67
AYEL01079226.1:30716-30939(+,-)	66.92
AYEL01082699.1:26349-26584(+,-)	60.29
AYEL01026803.1:2269-2502(+,-)	62.99
AYEL01084868.1:101993-102210(+,-)	59.31
AYEL01061541.1:23028-23250(+,-)	64.08
AYEL01072253.1:26584-26808(+,-)	58.27
AYEL01088270.1:1094-1335(+,-)	62.14
AYEL01075473.1:14205-14434(+,-)	61.97
AYEL01080721.1:37452-37653(+,-)	68.18
AYEL01071310.1:24835-25027(+,-)	61.34
AYEL01091039.1:3737-4055(+,-)	60.56
AYEL01066712.1:61019-61253(+,-)	59.48
AYEL01071528.1:7487-7689(+,-)	58.65
AYEL01088618.1:46992-47187(+,-)	59.38
AYEL01069311.1:3459-3745(+,-)	62.96
AYEL01083941.1:12501-12692(+,-)	61.31
AYEL01073386.1:27106-27324(+,-)	58.22
AYEL01084201.1:176541-176755(+,-)	63.64
AYEL01071132.1:36956-37165(+,-)	75.51
AYEL01069319.1:12507-12724(+,-)	63.86
AYEL01074087.1:4117-4345(+,-)	88.89
AYEL01086145.1:35381-35593(+,-)	64.71
AYEL01052762.1:49123-49314(+,-)	68.29
AYEL01039454.1:5342-5577(+,-)	60.56
AYEL01089516.1:2549-2764(+,-)	60.61
AYEL01049777.1:99341-99573(+,-)	60.66
AYEL01078443.1:65162-65398(+,-)	63.33
AYEL01081446.1:919-1366(+,-)	61.87
AYEL01086916.1:14929-15151(+,-)	65.00
AYEL01082613.1:0-192(+,-)	62.07
AYEL01058521.1:10375-10587(+,-)	61.22
AYEL01086831.1:760-981(+,-)	60.98
AYEL01077599.1:5822-6051(+,-)	57.89
AYEL01085062.1:2211-2422(+,-)	57.79
AYEL01084673.1:1743-2052(+,-)	68.07
AYEL01076333.1:4368-4586(+,-)	63.83
AYEL01091508.1:14046-14252(+,-)	60.69
AYEL01063316.1:2530-2760(+,-)	61.90
AYEL01060102.1:298-532(+,-)	61.03
AYEL01084814.1:96567-96788(+,-)	59.20
AYEL01089516.1:5032-5232(+,-)	59.38
AYEL01090936.1:2082-2321(+,-)	61.54
AYEL01090454.1:24638-24865(+,-)	63.06
AYEL01061913.1:37-238(+,-)	59.35
AYEL01063791.1:47420-47692(+,-)	66.67
AYEL01067047.1:29476-29751(+,-)	70.00
AYEL01076923.1:11265-11458(+,-)	75.00
AYEL01034680.1:10267-10502(+,-)	57.41
AYEL01087499.1:29014-29227(+,-)	65.09
AYEL01074935.1:13097-13334(+,-)	65.07
AYEL01045917.1:5192-5429(+,-)	64.00
AYEL01076340.1:17760-18023(+,-)	71.19
AYEL01032840.1:28323-28565(+,-)	68.75
AYEL01069821.1:83192-83438(+,-)	72.50
AYEL01083816.1:3339-3571(+,-)	61.54
AYEL01091276.1:24366-24591(+,-)	62.39
AYEL01078021.1:60270-60492(+,-)	60.81
AYEL01017524.1:17085-17427(+,-)	66.14
AYEL01084914.1:44722-44955(+,-)	64.96
AYEL01071684.1:50578-50800(+,-)	58.25
AYEL01066126.1:27491-27698(+,-)	73.33
AYEL01076589.1:23641-23873(+,-)	65.08
AYEL01074937.1:107766-107995(+,-)	63.01
AYEL01091340.1:130382-130618(+,-)	70.31
AYEL01081753.1:5099-5314(+,-)	63.19
AYEL01059636.1:7733-7948(+,-)	58.22
AYEL01066067.1:4031-4248(+,-)	61.97
AYEL01084749.1:8605-8821(+,-)	62.21
AYEL01062498.1:8342-8566(+,-)	62.00
AYEL01082133.1:116209-116439(+,-)	63.27
AYEL01086298.1:13415-13670(+,-)	62.94
AYEL01028548.1:7601-7835(+,-)	65.48
AYEL01084708.1:51137-51352(+,-)	67.83
AYEL01084851.1:5083-5310(+,-)	62.75
AYEL01075989.1:11930-12156(+,-)	65.52
AYEL01077430.1:2536-2860(+,-)	61.36
AYEL01076673.1:4185-4410(+,-)	64.96
AYEL01076367.1:10327-10563(+,-)	62.76
AYEL01081528.1:17890-18106(+,-)	58.50
AYEL01050806.1:692-891(+,-)	63.64
AYEL01065554.1:17651-17861(+,-)	61.48
AYEL01076829.1:18785-19075(+,-)	65.49
AYEL01071079.1:6539-6829(+,-)	60.81
AYEL01086486.1:7626-7855(+,-)	68.89
AYEL01062690.1:24547-24904(-)	66.06
AYEL01066721.1:7806-8038(+,-)	66.67
AYEL01072569.1:4794-5028(+,-)	68.75
AYEL01064666.1:4241-4449(+,-)	63.58
AYEL01066399.1:5570-5887(+,-)	64.63
AYEL01057962.1:9445-9643(+,-)	70.49
AYEL01066443.1:29420-29630(+,-)	60.77
AYEL01084422.1:94167-94358(+,-)	65.47
AYEL01070280.1:4064-4252(+,-)	61.81
AYEL01084433.1:47141-47373(+,-)	68.33
AYEL01067156.1:2641-3010(+,-)	59.03
AYEL01051541.1:19883-20186(+,-)	61.36
AYEL01068288.1:79595-79799(+,-)	63.33
AYEL01075840.1:6981-7379(+,-)	65.25
AYEL01091939.1:4116-4348(+,-)	64.86
AYEL01077403.1:3090-3337(+,-)	62.10
AYEL01081766.1:6500-6696(+,-)	71.01
AYEL01090846.1:12510-12743(+,-)	63.00
AYEL01074315.1:2052-2276(+,-)	60.69
AYEL01001618.1:488-676(+,-)	59.30
AYEL01085349.1:46654-46874(+,-)	72.58
AYEL01065517.1:15030-15263(+,-)	63.25
AYEL01081787.1:72851-73077(+,-)	63.87
AYEL01090294.1:25623-25842(+,-)	70.45
AYEL01084539.1:23981-24252(+,-)	61.08
AYEL01088256.1:14079-14308(+,-)	62.04
AYEL01081641.1:4004-4212(+,-)	58.33
AYEL01080942.1:16106-16511(+,-)	64.96
AYEL01007640.1:1117-1346(+,-)	58.85
AYEL01074017.1:7697-7911(+,-)	62.84
AYEL01073282.1:26113-26344(+,-)	63.94
AYEL01075759.1:3155-3376(+,-)	61.83
AYEL01071669.1:1739-1944(-)	66.32
AYEL01073594.1:12947-13257(+,-)	62.84
AYEL01086208.1:4673-4890(+,-)	64.35
AYEL01054994.1:5881-6103(+,-)	70.65
AYEL01088573.1:13431-13650(+,-)	65.45
AYEL01077517.1:30442-30664(+,-)	65.98
AYEL01083818.1:3950-4169(+,-)	65.98
AYEL01063539.1:896-1121(+,-)	61.54
AYEL01091770.1:25389-25604(+,-)	60.11
AYEL01055355.1:5966-6186(+,-)	62.50
AYEL01086433.1:5539-5755(+,-)	56.93
AYEL01041914.1:67246-67451(+,-)	58.93
AYEL01053220.1:2829-3057(+,-)	65.97
AYEL01086602.1:59642-59899(+,-)	63.44
AYEL01068415.1:38239-38454(+,-)	69.64
AYEL01073940.1:23142-23361(+,-)	84.62
AYEL01088728.1:47518-47714(+,-)	60.74
AYEL01085954.1:16280-16495(+,-)	57.43
AYEL01073574.1:1771-1987(+,-)	60.69
AYEL01015645.1:18167-18441(+,-)	64.03
AYEL01085421.1:50635-50854(+,-)	59.44
AYEL01077801.1:1237-1471(+,-)	64.00
AYEL01072453.1:31808-32071(+,-)	60.64
AYEL01091285.1:47884-48137(+,-)	67.74
AYEL01071920.1:8817-9030(+,-)	59.52
AYEL01085995.1:987-1179(+,-)	61.18
AYEL01053961.1:51741-51957(+,-)	58.49
AYEL01088211.1:25857-26077(+,-)	58.50
AYEL01056440.1:11363-11581(+,-)	60.93
AYEL01075333.1:9649-9849(+,-)	65.25
AYEL01064052.1:20460-20691(+,-)	60.13
AYEL01055013.1:4840-5197(+,-)	58.71
AYEL01090402.1:6289-6510(+,-)	63.97
AYEL01083489.1:3720-3956(+,-)	65.05
AYEL01085620.1:4344-4546(+,-)	62.41
AYEL01090867.1:65546-65771(+,-)	64.93
AYEL01084201.1:16228-16434(+,-)	64.97
AYEL01080372.1:1441-1653(+,-)	66.67
AYEL01066568.1:337-570(+,-)	72.58
AYEL01070065.1:7413-7606(+,-)	64.13
AYEL01083289.1:15942-16159(+,-)	63.01
AYEL01067141.1:51895-52098(+,-)	62.24
AYEL01072091.1:81625-81851(+,-)	61.39
AYEL01072921.1:10478-10703(+,-)	60.19
AYEL01089246.1:17458-17684(+,-)	66.94
AYEL01088362.1:38092-38301(+,-)	60.63
AYEL01062592.1:28619-28836(+,-)	63.51
AYEL01078251.1:4032-4265(+,-)	63.33
AYEL01054833.1:73396-73625(+,-)	61.54
AYEL01067754.1:6611-6802(+,-)	61.94
AYEL01076765.1:8829-9037(+,-)	61.29
AYEL01075701.1:18649-18861(+,-)	67.86
AYEL01074056.1:24901-25116(+,-)	61.73
AYEL01065273.1:680-897(+,-)	65.00
AYEL01079941.1:51237-51455(+,-)	62.83
AYEL01041940.1:7178-7405(+,-)	62.31
AYEL01062924.1:33691-33879(+,-)	69.12
AYEL01067354.1:1258-1492(+,-)	63.19
AYEL01064195.1:5083-5481(+,-)	63.91
AYEL01012252.1:79306-79517(+,-)	61.70
AYEL01040590.1:11781-11987(+,-)	77.78
AYEL01069860.1:18365-18602(+,-)	59.74
AYEL01075039.1:98010-98218(+,-)	61.49
AYEL01081436.1:42797-43024(+,-)	59.69
AYEL01025074.1:6247-6473(+,-)	62.76
AYEL01054409.1:22333-22543(+,-)	60.50
AYEL01058431.1:946-1168(+,-)	58.10
AYEL01080533.1:65960-66179(+,-)	61.59
AYEL01078806.1:7254-7477(+,-)	63.64
AYEL01068415.1:71770-71987(+,-)	63.13
AYEL01078327.1:10892-11083(+,-)	57.84
AYEL01056052.1:76055-76285(+,-)	60.54
AYEL01034008.1:57916-58148(+,-)	65.62
AYEL01066154.1:7956-8192(+,-)	65.09
AYEL01020694.1:12791-13069(+,-)	64.67
AYEL01079323.1:15183-15409(+,-)	84.62
AYEL01067761.1:46862-47074(+,-)	67.72
AYEL01083833.1:42411-42628(+,-)	61.82
AYEL01073477.1:16869-17181(+,-)	64.62
AYEL01086414.1:113553-113777(+,-)	61.44
AYEL01072789.1:185-401(+,-)	61.73
AYEL01074008.1:5643-5875(+,-)	63.43
AYEL01088941.1:13085-13283(+)	61.38
AYEL01015475.1:26332-26550(+,-)	59.86
AYEL01068844.1:23979-24347(+,-)	61.81
AYEL01091943.1:35966-36200(+,-)	73.47
AYEL01086154.1:30196-30510(+,-)	62.89
AYEL01077371.1:17107-17315(+,-)	59.13
AYEL01055480.1:44396-44633(+,-)	66.24
AYEL01058724.1:17421-17648(+,-)	61.54
AYEL01080106.1:1329-1569(+,-)	68.89
AYEL01085622.1:15133-15363(+,-)	71.43
AYEL01091828.1:21570-21803(+,-)	71.57
AYEL01080361.1:20367-20611(+,-)	59.30
AYEL01079971.1:35521-35726(+,-)	63.06
AYEL01090125.1:6505-6708(+,-)	66.90
AYEL01089899.1:118644-118843(+,-)	63.08
AYEL01054472.1:27734-27950(+,-)	63.13
AYEL01073440.1:58665-58899(+,-)	62.33
AYEL01035040.1:72-371(+,-)	64.91
AYEL01078280.1:50407-50613(+,-)	63.89
AYEL01069375.1:18011-18225(+,-)	61.27
AYEL01086663.1:56521-56743(+,-)	60.51
AYEL01050062.1:35560-35752(+,-)	61.29
AYEL01078659.1:23650-23860(+,-)	61.31
AYEL01077402.1:18895-19111(+,-)	59.88
AYEL01051850.1:138963-139169(+,-)	59.43
AYEL01084146.1:12036-12244(+,-)	65.57
AYEL01083315.1:13766-13980(+,-)	58.02
AYEL01060793.1:33314-33603(+,-)	57.89
AYEL01077473.1:12286-12501(+,-)	69.31
AYEL01063454.1:2305-2524(+,-)	65.00
AYEL01078616.1:77912-78255(-)	63.24
AYEL01073674.1:2897-3169(+,-)	63.70
AYEL01066987.1:2747-2981(+,-)	64.21
AYEL01077430.1:5895-6140(+,-)	60.40
AYEL01051042.1:2602-2819(+,-)	61.67
AYEL01055264.1:26110-26332(+,-)	76.60
AYEL01086731.1:28004-28211(+,-)	61.74
AYEL01089875.1:29314-29538(+,-)	62.07
AYEL01083083.1:6483-6701(+,-)	80.00
AYEL01092085.1:15735-15970(+,-)	60.74
AYEL01064489.1:2903-3131(+,-)	60.00
AYEL01070692.1:58049-58272(+,-)	63.58
AYEL01069260.1:5046-5264(+,-)	66.67
AYEL01092025.1:1024-1254(+,-)	63.19
AYEL01091802.1:12084-12272(+,-)	68.18
AYEL01074422.1:55164-55401(+,-)	62.75
AYEL01074887.1:28525-28754(+,-)	61.60
AYEL01091136.1:14442-14685(+,-)	68.85
AYEL01089515.1:32565-32777(+,-)	68.97
AYEL01076807.1:87736-87959(+,-)	60.84
AYEL01025955.1:50527-50754(+,-)	60.99
AYEL01050762.1:5012-5241(+,-)	59.86
AYEL01080113.1:57485-57678(+,-)	59.35
AYEL01085713.1:11088-11311(+,-)	58.62
AYEL01092406.1:12761-13005(+,-)	64.14
AYEL01078383.1:4796-5031(+,-)	61.83
AYEL01081385.1:940-1170(+,-)	62.68
AYEL01065412.1:28327-28576(+,-)	60.75
AYEL01092322.1:27089-27465(+,-)	64.58
AYEL01078998.1:3794-3994(+,-)	66.20
AYEL01068781.1:26920-27154(+,-)	73.33
AYEL01045703.1:3760-3968(+,-)	59.06
AYEL01091754.1:80054-80334(+,-)	69.61
AYEL01084239.1:47523-47749(+,-)	56.20
AYEL01009035.1:7464-7698(+,-)	68.97
AYEL01052380.1:17396-17592(+,-)	62.50
AYEL01062801.1:29888-30077(-)	62.00
AYEL01054790.1:42277-42495(+,-)	65.96
AYEL01076234.1:8545-8769(+,-)	63.06
AYEL01086527.1:127605-127845(+,-)	61.38
AYEL01068235.1:34056-34248(-)	67.62
AYEL01070425.1:110421-110639(+,-)	62.31
AYEL01068892.1:18530-18746(+,-)	64.20
AYEL01039892.1:13793-14010(+,-)	56.59
AYEL01089216.1:139551-139771(+,-)	63.87
AYEL01046747.1:43312-43545(+,-)	62.24
AYEL01073914.1:7903-8131(+,-)	60.94
AYEL01078526.1:2287-2513(+,-)	64.29
AYEL01051341.1:99269-99563(+,-)	65.61
AYEL01074068.1:100458-100643(-)	72.88
AYEL01083926.1:19218-19409(+,-)	62.50
AYEL01074604.1:11743-12041(+,-)	62.83
AYEL01066360.1:12271-12485(+,-)	59.26
AYEL01080942.1:17796-18026(+,-)	64.71
AYEL01077262.1:6750-6979(+,-)	62.32
AYEL01060332.1:34576-34839(+,-)	70.87
AYEL01066498.1:23188-23409(+,-)	68.89
AYEL01060144.1:1243-1476(+,-)	75.00
AYEL01082490.1:54330-54516(+)	62.12
AYEL01078590.1:50483-50701(+,-)	67.72
AYEL01076140.1:14905-15259(+,-)	64.39
AYEL01075800.1:6364-6599(+,-)	62.33
AYEL01071919.1:13088-13282(+,-)	61.25
AYEL01084115.1:22966-23157(+,-)	74.47
AYEL01064026.1:352-579(+,-)	62.04
AYEL01081725.1:2256-2479(+,-)	57.71
AYEL01084670.1:24790-25030(+,-)	58.82
AYEL01057292.1:2981-3180(+,-)	63.13
AYEL01082909.1:246906-247132(+,-)	62.69
AYEL01073761.1:20728-20940(+,-)	68.81
AYEL01077026.1:23676-23879(+,-)	60.16
AYEL01069705.1:7744-7976(+,-)	57.58
AYEL01067182.1:37929-38165(+,-)	62.14
AYEL01043479.1:7199-7418(+,-)	59.44
AYEL01068688.1:6475-6703(+,-)	64.57
AYEL01090490.1:78623-78838(+,-)	64.08
AYEL01057373.1:2960-3156(+,-)	64.24
AYEL01071414.1:4056-4279(+,-)	75.56
AYEL01028964.1:24805-25036(+,-)	61.35
AYEL01078451.1:13863-14066(+,-)	60.14
AYEL01070762.1:72319-72534(+,-)	68.89
AYEL01075214.1:5435-5663(+,-)	58.97
AYEL01072853.1:53340-53592(+,-)	60.12
AYEL01063353.1:23233-23471(+,-)	70.49
AYEL01061170.1:20714-20996(+,-)	64.54
AYEL01033188.1:2849-3077(+,-)	61.65
AYEL01083578.1:31173-31410(+,-)	66.35
AYEL01076947.1:47563-47792(+,-)	57.83
AYEL01060243.1:19422-19687(+,-)	70.45
AYEL01043957.1:22570-22772(+,-)	69.14
AYEL01039632.1:36841-37066(+,-)	62.38
AYEL01061082.1:24296-24526(+,-)	63.37
AYEL01076012.1:7288-7537(+,-)	62.94
AYEL01012496.1:19503-19738(+,-)	63.39
AYEL01090823.1:479-693(+,-)	57.93
AYEL01081294.1:42595-42829(+,-)	59.62
AYEL01076149.1:1566-1794(+,-)	60.94
AYEL01026756.1:296-519(+,-)	63.49
AYEL01071538.1:16900-17098(+,-)	64.06
AYEL01029919.1:12959-13176(+,-)	68.27
AYEL01085506.1:15265-15479(+,-)	65.35
AYEL01060344.1:2512-2756(+,-)	77.78
AYEL01017363.1:828-1033(+,-)	58.33
AYEL01072884.1:8406-8628(+,-)	62.76
AYEL01067491.1:87093-87324(+,-)	68.38
AYEL01063959.1:13571-13816(+,-)	61.64
AYEL01060935.1:137428-137663(+,-)	60.38
AYEL01090302.1:57974-58174(+,-)	61.82
AYEL01026806.1:46883-47100(+,-)	65.08
AYEL01088330.1:21413-21620(+,-)	63.96
AYEL01075759.1:144741-145001(+,-)	58.78
AYEL01077817.1:2091-2287(+,-)	65.57
AYEL01081037.1:1909-2134(+,-)	68.75
AYEL01067381.1:10500-10697(+,-)	65.00
AYEL01085966.1:42265-42487(+,-)	87.10
AYEL01070295.1:34997-35213(+,-)	62.80
AYEL01080405.1:17866-18071(+,-)	67.80
AYEL01087894.1:43618-43832(+,-)	61.54
AYEL01091704.1:97479-97686(+,-)	60.74
AYEL01051014.1:5610-5826(+,-)	57.28
AYEL01079459.1:66703-66928(-)	62.39
AYEL01090342.1:72859-73319(+,-)	65.08
AYEL01069821.1:51051-51338(+,-)	64.74
AYEL01076431.1:30498-30737(+,-)	60.00
AYEL01068537.1:14554-14763(+,-)	61.43
AYEL01086284.1:15554-15783(+,-)	60.63
AYEL01052383.1:85551-85785(+,-)	58.49
AYEL01085517.1:63382-63604(+,-)	63.29
AYEL01061892.1:95375-95623(+,-)	69.49
AYEL01045686.1:6188-6419(+,-)	60.77
AYEL01091704.1:97112-97385(+,-)	68.12
AYEL01067171.1:27684-27902(+,-)	67.20
AYEL01075734.1:2561-2766(+,-)	64.76
AYEL01076473.1:24142-24346(+,-)	61.49
AYEL01083542.1:38866-39107(+,-)	71.01
AYEL01046072.1:20001-20348(+,-)	61.67
AYEL01071147.1:12446-12677(+,-)	63.52
AYEL01087428.1:9674-9878(+,-)	56.39
AYEL01075477.1:4524-4726(+,-)	66.19
AYEL01085873.1:18373-18585(+,-)	64.75
AYEL01056279.1:27723-27954(+,-)	57.14
AYEL01090696.1:22507-22742(+,-)	59.31
AYEL01079160.1:33655-33895(+,-)	65.00
AYEL01043680.1:49198-49420(+,-)	64.63
AYEL01069698.1:83957-84161(+,-)	70.91
AYEL01064039.1:28691-28907(+,-)	70.97
AYEL01047589.1:37412-37629(+,-)	60.96
AYEL01002364.1:89-316(+,-)	59.71
AYEL01050375.1:185-398(+,-)	58.11
AYEL01005298.1:8-243(+,-)	60.49
AYEL01068816.1:40145-40359(+,-)	63.78
AYEL01063379.1:8188-8406(+,-)	73.02
AYEL01054070.1:17591-17822(+,-)	66.38
AYEL01086322.1:12743-12960(+,-)	63.95
AYEL01066278.1:9731-9933(+,-)	72.88
AYEL01081634.1:1356-1585(+,-)	62.33
AYEL01086925.1:15203-15407(+,-)	61.54
AYEL01084814.1:14726-14948(+,-)	62.84
AYEL01059285.1:16431-16624(+)	63.76
AYEL01047817.1:9575-9875(+,-)	61.61
AYEL01062108.1:1115-1336(+,-)	62.58
AYEL01091823.1:27-339(+,-)	64.06
AYEL01067290.1:31009-31211(+,-)	65.62
AYEL01089901.1:4661-4890(+,-)	63.11
AYEL01085750.1:38921-39140(+,-)	63.25
AYEL01057792.1:6749-6940(+,-)	64.81
AYEL01063226.1:2872-3088(+,-)	61.94
AYEL01048567.1:10358-10585(+,-)	63.27
AYEL01068180.1:32656-33109(+,-)	66.37
AYEL01072616.1:2992-3203(+,-)	61.87
AYEL01061539.1:9383-9732(+,-)	65.97
AYEL01089906.1:39669-39900(+,-)	59.40
AYEL01055704.1:32390-32622(+,-)	61.14
AYEL01052611.1:7312-7522(+,-)	63.77
AYEL01027072.1:26509-26741(+,-)	62.09
AYEL01080653.1:20483-20721(+,-)	60.39
AYEL01090513.1:32798-32991(+,-)	65.55
AYEL01074570.1:30731-30967(+,-)	59.60
AYEL01085175.1:3215-3443(+,-)	66.67
AYEL01048076.1:24394-24609(+,-)	60.12
AYEL01073673.1:1764-1986(+,-)	61.83
AYEL01051797.1:8364-8602(+,-)	59.56
AYEL01085604.1:128417-128634(+,-)	56.38
AYEL01066551.1:44908-45140(+,-)	71.88
AYEL01073766.1:17327-17547(+,-)	58.45
AYEL01085248.1:47098-47314(+,-)	64.95
AYEL01063849.1:27776-28059(+,-)	69.72
AYEL01082426.1:13771-13985(+,-)	62.96
AYEL01085464.1:93014-93269(+,-)	62.07
AYEL01068620.1:336-570(+,-)	73.47
AYEL01079942.1:13573-13772(+,-)	59.18
AYEL01044148.1:35726-35947(+,-)	65.03
AYEL01069785.1:37402-37616(+,-)	77.27
AYEL01073277.1:9148-9378(+,-)	61.94
AYEL01086864.1:100436-100657(+,-)	70.69
AYEL01079491.1:15202-15392(-)	62.00
AYEL01072278.1:1285-1482(+,-)	67.31
AYEL01057672.1:389-650(+,-)	62.35
AYEL01058060.1:4261-4457(+,-)	72.73
AYEL01078916.1:146388-146581(+,-)	66.10
AYEL01091639.1:11380-11585(+,-)	70.43
AYEL01078394.1:451-682(+,-)	62.50
AYEL01087104.1:35518-35751(+,-)	60.43
AYEL01071348.1:8421-8660(+,-)	62.50
AYEL01062337.1:7258-7488(+,-)	71.01
AYEL01086542.1:11626-11834(+,-)	79.10
AYEL01076919.1:2867-3149(+,-)	63.73
AYEL01063263.1:60991-61195(+,-)	68.66
AYEL01087865.1:17822-18045(+,-)	63.92
AYEL01088747.1:3762-3971(+,-)	68.89
AYEL01088326.1:14952-15202(+,-)	63.86
AYEL01064489.1:24937-25158(+,-)	70.97
AYEL01084874.1:106127-106355(+,-)	57.67
AYEL01081427.1:9116-9341(+,-)	62.07
AYEL01086781.1:5018-5246(+,-)	64.62
AYEL01080258.1:2266-2506(+,-)	62.14
AYEL01075026.1:65371-65635(+,-)	71.11
AYEL01056473.1:3074-3290(+,-)	60.76
AYEL01023135.1:27910-28116(+,-)	62.50
AYEL01079491.1:19528-19783(+,-)	64.76
AYEL01080230.1:20658-20877(+,-)	62.73
AYEL01080543.1:58517-58719(+,-)	71.43
AYEL01089460.1:31575-31884(+,-)	63.64
AYEL01082203.1:45455-45686(+,-)	64.42
AYEL01080744.1:4720-4922(+,-)	77.27
AYEL01085062.1:13632-13858(+,-)	69.38
AYEL01087733.1:26981-27202(+,-)	67.47
AYEL01070332.1:21835-22067(+,-)	56.85
AYEL01054159.1:5532-5768(+,-)	55.50
AYEL01053704.1:24568-24840(+,-)	63.43
AYEL01037832.1:7127-7350(+,-)	59.59
AYEL01090177.1:50808-51030(+,-)	58.50
AYEL01069426.1:43756-43974(+,-)	67.19
AYEL01080311.1:1978-2201(+,-)	58.50
AYEL01077702.1:169329-169529(+,-)	64.52
AYEL01075479.1:23298-23521(+,-)	61.17
AYEL01083712.1:6712-6944(+,-)	63.77
AYEL01073141.1:10529-10758(+,-)	60.00
AYEL01083583.1:18041-18368(+,-)	63.01
AYEL01076321.1:21781-21973(+,-)	61.94
AYEL01059089.1:4319-4554(+,-)	58.00
AYEL01084094.1:5920-6110(+,-)	58.62
AYEL01074318.1:629-859(+,-)	67.90
AYEL01053797.1:26661-26867(+,-)	63.28
AYEL01073634.1:10446-10677(+,-)	60.00
AYEL01083303.1:55536-55817(+,-)	59.02
AYEL01073372.1:19423-19639(+,-)	60.00
AYEL01051391.1:13744-13971(+,-)	61.59
AYEL01075135.1:16186-16414(+,-)	68.89
AYEL01087193.1:32140-32357(+,-)	61.74
AYEL01083691.1:102685-102879(-)	65.00
AYEL01063393.1:81866-82071(+,-)	62.70
AYEL01072709.1:15216-15438(+,-)	64.46
AYEL01089563.1:94485-94713(+,-)	62.50
AYEL01042939.1:10482-10957(+,-)	65.35
AYEL01060628.1:17201-17418(+,-)	60.61
AYEL01032846.1:68028-68248(+,-)	61.27
AYEL01091117.1:68899-69100(+,-)	66.93
AYEL01065002.1:31105-31335(+,-)	67.19
AYEL01074493.1:116974-117214(+,-)	60.54
AYEL01067799.1:16040-16258(+,-)	63.83
AYEL01028163.1:47287-47512(+,-)	60.69
AYEL01091878.1:16934-17132(+,-)	58.04
AYEL01087441.1:15298-15500(+,-)	61.81
AYEL01049035.1:1037-1268(+,-)	61.54
AYEL01072484.1:145572-145789(+,-)	56.39
AYEL01049046.1:46403-46616(+,-)	63.06
AYEL01072474.1:13992-14246(+,-)	60.90
AYEL01079962.1:56172-56426(+,-)	62.88
AYEL01065028.1:10759-10990(+,-)	64.19
AYEL01073575.1:19703-19939(+,-)	65.54
AYEL01066861.1:29162-29389(+,-)	63.64
AYEL01065530.1:66774-67009(+,-)	65.69
AYEL01063767.1:43862-44061(+,-)	72.09
AYEL01037339.1:11747-11989(+,-)	65.22
AYEL01086620.1:45527-45757(+,-)	65.31
AYEL01078687.1:767-994(+,-)	63.28
AYEL01055407.1:67817-68048(+,-)	62.80
AYEL01077762.1:8350-8566(+,-)	66.94
AYEL01080440.1:13201-13435(+,-)	72.41
AYEL01073418.1:6653-6881(+)	70.73
AYEL01068802.1:48247-48463(+,-)	63.01
AYEL01020539.1:19290-19501(+,-)	69.77
AYEL01063682.1:5319-5526(+,-)	61.39
AYEL01069800.1:2984-3624(+,-)	57.34
AYEL01027350.1:2907-3113(+,-)	62.04
AYEL01069557.1:34246-34468(+,-)	59.51
AYEL01080405.1:27184-27398(+,-)	58.39
AYEL01070196.1:1379-1599(+,-)	63.43
AYEL01089093.1:19814-20107(+,-)	63.91
AYEL01088620.1:35387-35612(+,-)	69.11
AYEL01075039.1:113551-113770(+,-)	59.03
AYEL01069948.1:18331-18576(+,-)	64.65
AYEL01068426.1:39718-39954(+,-)	64.84
AYEL01068463.1:57252-57470(+,-)	77.78
AYEL01077661.1:5102-5295(+,-)	69.91
AYEL01046494.1:7225-7439(+,-)	62.07
AYEL01066761.1:1528-1755(+,-)	62.02
AYEL01062310.1:0-197(+,-)	68.54
AYEL01050805.1:27035-27259(+,-)	63.38
AYEL01065755.1:68696-68961(+,-)	57.53
AYEL01084811.1:1575-1799(+,-)	61.90
AYEL01086210.1:336-584(+,-)	65.08
AYEL01073932.1:49502-49722(+,-)	61.11
AYEL01081708.1:20213-20427(+,-)	61.15
AYEL01089921.1:195-412(+,-)	63.43
AYEL01088551.1:24806-25034(+,-)	70.18
AYEL01077347.1:8468-8759(+,-)	65.00
AYEL01075073.1:62760-62992(+,-)	60.56
AYEL01034497.1:10190-10407(+,-)	61.54
AYEL01064856.1:1131-1360(+,-)	61.71
AYEL01066508.1:13251-13483(+,-)	61.90
AYEL01068289.1:4429-4722(+,-)	64.34
AYEL01044842.1:4355-4562(+,-)	59.12
AYEL01060934.1:94161-94399(+,-)	59.52
AYEL01024380.1:7767-7995(+,-)	63.73
AYEL01074885.1:9050-9239(+,-)	65.28
AYEL01072382.1:67675-67899(+,-)	61.64
AYEL01069259.1:4725-4922(+,-)	67.24
AYEL01089461.1:37209-37423(+,-)	63.16
AYEL01083329.1:25322-25582(+,-)	58.33
AYEL01079038.1:7879-8183(+,-)	57.82
AYEL01062952.1:10741-10942(+,-)	59.38
AYEL01090627.1:784-998(+,-)	64.36
AYEL01065212.1:74661-74862(+,-)	60.64
AYEL01083951.1:20828-21065(+,-)	62.80
AYEL01065778.1:26717-26948(+,-)	61.11
AYEL01073792.1:106891-107117(+,-)	63.56
AYEL01079217.1:40107-40338(+,-)	60.98
AYEL01078569.1:4297-4516(+,-)	61.74
AYEL01081043.1:11737-11964(+,-)	67.68
AYEL01074443.1:17801-18029(+,-)	66.33
AYEL01071270.1:11652-11872(+,-)	59.57
AYEL01017854.1:567-785(+,-)	62.86
AYEL01075480.1:4242-4474(+,-)	61.14
AYEL01074284.1:81109-81327(+,-)	64.15
AYEL01011331.1:671-879(+,-)	62.32
AYEL01064761.1:3375-3607(+,-)	63.79
AYEL01075398.1:8431-8642(+,-)	61.35
AYEL01090047.1:42966-43184(+,-)	64.63
AYEL01057596.1:41917-42132(+,-)	62.73
AYEL01071540.1:73948-74183(+,-)	61.62
AYEL01061351.1:1187-1393(+,-)	64.29
AYEL01047840.1:2620-2814(+,-)	62.71
AYEL01077928.1:1813-2043(+,-)	61.65
AYEL01065925.1:19049-19247(+,-)	58.33
AYEL01059943.1:31485-31719(+,-)	68.00
AYEL01085435.1:10854-11078(+,-)	62.16
AYEL01060253.1:27394-27621(+,-)	59.75
AYEL01075058.1:29522-29743(+,-)	68.18
AYEL01073960.1:31996-32232(+,-)	60.68
AYEL01064616.1:32487-32671(+)	63.71
AYEL01069402.1:36024-36237(+,-)	63.00
AYEL01069296.1:2085-2354(+,-)	66.67
AYEL01063829.1:47367-47600(+,-)	60.42
AYEL01090773.1:8335-8593(+,-)	61.49
AYEL01063767.1:44271-44485(+,-)	66.14
AYEL01071277.1:46402-46622(-)	69.57
AYEL01026445.1:169-395(+,-)	63.95
AYEL01045563.1:138-381(+,-)	64.81
AYEL01084070.1:5425-5653(+,-)	62.50
AYEL01071921.1:4970-5170(+,-)	59.40
AYEL01071735.1:10970-11164(+,-)	63.16
AYEL01066932.1:80045-80257(+,-)	59.03
AYEL01063000.1:1247-1532(+,-)	70.00
AYEL01080696.1:1268-1530(+,-)	68.48
AYEL01062005.1:16455-16769(+,-)	59.38
AYEL01065734.1:8178-8416(+,-)	56.82
AYEL01073643.1:1406-1686(+,-)	61.73
AYEL01085132.1:8405-8619(+,-)	61.00
AYEL01016722.1:701-971(+,-)	65.66
AYEL01010375.1:292-495(+,-)	57.96
AYEL01046494.1:28293-28523(+,-)	60.74
AYEL01051980.1:8225-8430(+,-)	67.39
AYEL01074736.1:11294-11496(+,-)	60.80
AYEL01088755.1:12547-12760(+,-)	59.86
AYEL01080041.1:7942-8158(+,-)	61.90
AYEL01084454.1:4229-4453(+,-)	60.87
AYEL01041465.1:9301-9530(+,-)	61.61
AYEL01077612.1:41848-42049(+,-)	59.09
AYEL01087625.1:63032-63267(+,-)	70.00
AYEL01065173.1:47001-47221(+,-)	62.96
AYEL01063984.1:10410-10637(+,-)	63.45
AYEL01089592.1:4766-4962(+,-)	56.99
AYEL01008217.1:0-357(+,-)	65.08
AYEL01088039.1:48922-49122(+,-)	67.01
AYEL01037263.1:9159-9392(+,-)	62.50
AYEL01068581.1:16019-16253(+,-)	65.89
AYEL01089947.1:14154-14393(+,-)	67.59
AYEL01020851.1:21000-21216(+,-)	58.62
AYEL01089855.1:47738-47966(+,-)	61.84
AYEL01044146.1:80323-80524(+,-)	60.71
AYEL01080434.1:2338-2551(+,-)	67.11
AYEL01087049.1:38951-39175(+,-)	67.21
AYEL01054960.1:23306-23608(+,-)	64.93
AYEL01061325.1:28091-28319(+,-)	82.76
AYEL01078218.1:56008-56246(+,-)	60.39
AYEL01091755.1:34038-34269(+,-)	63.89
AYEL01079950.1:3325-3535(+,-)	57.78
AYEL01081768.1:15820-16036(+,-)	65.66
AYEL01083600.1:10971-11193(+,-)	61.64
AYEL01088543.1:25631-25847(+,-)	64.20
AYEL01075437.1:10027-10252(+,-)	63.75
AYEL01076646.1:8840-9075(+,-)	68.50
AYEL01077695.1:51466-51695(+,-)	82.61
AYEL01060355.1:1221-1452(+,-)	64.39
AYEL01088438.1:35610-35826(+,-)	61.22
AYEL01088285.1:36999-37202(+,-)	62.91
AYEL01073850.1:5823-6049(+,-)	63.45
AYEL01061386.1:42455-42668(+,-)	56.69
AYEL01082674.1:6480-6724(+,-)	65.62
AYEL01085755.1:42804-43031(+,-)	67.07
AYEL01089040.1:7473-7668(+,-)	63.35
AYEL01072214.1:4977-5196(+,-)	60.92
AYEL01079598.1:4326-4592(+,-)	63.00
AYEL01082909.1:206715-206942(+,-)	60.15
AYEL01055123.1:24808-25041(+,-)	59.86
AYEL01087756.1:15499-15713(+,-)	78.38
AYEL01057612.1:32837-33053(+,-)	65.84
AYEL01074365.1:4970-5185(+,-)	61.54
AYEL01086049.1:8350-8576(+,-)	62.32
AYEL01040832.1:733-1009(+,-)	62.01
AYEL01019193.1:1758-1973(+,-)	60.42
AYEL01078005.1:5068-5285(+,-)	68.71
AYEL01073673.1:16735-16951(+,-)	61.73
AYEL01055862.1:2056-2269(+,-)	63.06
AYEL01080980.1:58019-58250(+,-)	62.59
AYEL01076327.1:38368-38567(+,-)	64.19
AYEL01090017.1:53277-53504(+,-)	60.84
AYEL01060374.1:14185-14502(+,-)	65.22
AYEL01081580.1:34743-34974(+,-)	65.03
AYEL01067290.1:26636-26843(+,-)	63.81
AYEL01055726.1:2114-2346(+,-)	62.80
AYEL01088270.1:21947-22157(+,-)	57.14
AYEL01088761.1:45045-45268(+,-)	62.68
AYEL01052230.1:4588-4826(+,-)	69.31
AYEL01084339.1:4030-4255(+,-)	64.00
AYEL01079188.1:9104-9327(+,-)	63.89
AYEL01085148.1:16581-16818(+,-)	67.36
AYEL01080850.1:59524-59733(+,-)	65.79
AYEL01073322.1:195-423(+,-)	70.00
AYEL01049471.1:40231-40443(+,-)	59.18
AYEL01065981.1:1375-1589(+,-)	68.85
AYEL01084422.1:39906-40113(+,-)	58.60
AYEL01089197.1:20875-21073(+,-)	72.06
AYEL01076960.1:38090-38283(+,-)	78.05
AYEL01027718.1:44675-44980(+,-)	70.54
AYEL01082329.1:18228-18446(+,-)	80.65
AYEL01081807.1:42439-42656(+,-)	60.14
AYEL01067927.1:33285-33499(+,-)	63.38
AYEL01057555.1:6723-6947(+,-)	71.70
AYEL01064055.1:11734-12009(+,-)	61.36
AYEL01078052.1:7752-7983(+,-)	63.16
AYEL01055404.1:15857-16076(+,-)	68.27
AYEL01083334.1:49494-49708(+,-)	69.05
AYEL01083399.1:11398-11634(+,-)	64.34
AYEL01071581.1:3473-3687(+,-)	58.05
AYEL01080762.1:49716-49933(+,-)	68.89
AYEL01082094.1:32333-32555(+,-)	70.91
AYEL01058521.1:9450-9682(+,-)	59.03
AYEL01071416.1:6346-6561(+,-)	60.81
AYEL01084986.1:85076-85306(+,-)	59.72
AYEL01061921.1:29106-29324(+,-)	61.21
AYEL01090752.1:5794-6067(+,-)	61.36
AYEL01077489.1:33837-34051(+,-)	64.14
AYEL01077246.1:5729-6231(+,-)	60.98
AYEL01065737.1:19207-19407(+,-)	60.27
AYEL01062664.1:8054-8291(+,-)	62.62
AYEL01064451.1:10225-10421(+,-)	62.22
AYEL01085890.1:57832-58099(+,-)	61.76
AYEL01081813.1:21325-21557(+,-)	61.81
AYEL01083641.1:101425-101653(+,-)	68.80
AYEL01082318.1:68658-68886(+,-)	66.15
AYEL01072818.1:31945-32143(+,-)	59.24
AYEL01060132.1:35809-36007(+,-)	63.75
AYEL01035461.1:2492-2707(+,-)	74.47
AYEL01089012.1:120559-120790(+,-)	60.99
AYEL01050527.1:32719-32984(+,-)	66.12
AYEL01061252.1:28138-28358(+,-)	75.00
AYEL01070412.1:37547-37778(+,-)	69.70
AYEL01081649.1:14466-14683(+,-)	60.12
AYEL01062121.1:3426-3774(+,-)	70.37
AYEL01061727.1:42227-42445(+,-)	69.35
AYEL01083614.1:34197-34444(+,-)	65.43
AYEL01055623.1:8383-8684(+,-)	64.41
AYEL01069885.1:49332-49551(+,-)	63.54
AYEL01031990.1:217-410(+,-)	65.22
AYEL01084838.1:5286-5496(+,-)	63.16
AYEL01069941.1:44240-44463(+,-)	62.02
AYEL01087526.1:43711-43914(+,-)	64.81
AYEL01017975.1:212-438(+,-)	65.56
AYEL01085887.1:152-363(+,-)	66.46
AYEL01037345.1:9711-9915(+,-)	64.29
AYEL01065941.1:18685-18885(+,-)	68.89
AYEL01082445.1:29029-29288(+,-)	63.46
AYEL01015477.1:28288-28508(+,-)	62.22
AYEL01065710.1:8631-8823(+,-)	69.70
AYEL01065526.1:22159-22377(+,-)	62.96
AYEL01080634.1:5874-6104(+,-)	65.79
AYEL01079893.1:34076-34281(+,-)	60.71
AYEL01066188.1:25010-25239(+,-)	63.00
AYEL01064134.1:60503-60709(+,-)	64.81
AYEL01080775.1:19664-19897(+,-)	63.16
AYEL01085269.1:5393-5636(+,-)	60.95
AYEL01056526.1:4295-4482(+)	61.70
AYEL01025074.1:6476-6681(+,-)	63.71
AYEL01067715.1:25985-26186(+,-)	68.49
AYEL01038801.1:28047-28276(+,-)	60.74
AYEL01069814.1:52647-52866(+,-)	59.77
AYEL01090490.1:100558-100786(+,-)	63.41
AYEL01087206.1:2053-2239(+)	62.86
AYEL01084003.1:8306-8527(+,-)	61.27
AYEL01064971.1:395-600(+,-)	66.28
AYEL01076246.1:13144-13369(+,-)	60.61
AYEL01088273.1:3809-4123(+,-)	66.67
AYEL01074951.1:22520-22732(+,-)	62.35
AYEL01068234.1:10350-10564(+,-)	67.21
AYEL01071013.1:13366-13587(+,-)	63.45
AYEL01063212.1:23141-23522(+,-)	61.67
AYEL01086460.1:2684-2902(+,-)	60.81
AYEL01076120.1:23347-23582(+,-)	57.53
AYEL01059632.1:14675-14891(+,-)	58.04
AYEL01067051.1:3239-3451(+,-)	62.73
AYEL01073194.1:2376-2596(+,-)	61.96
AYEL01078300.1:81934-82162(+,-)	61.21
AYEL01075073.1:42339-42561(+,-)	64.52
AYEL01042586.1:284-503(+,-)	56.10
AYEL01092081.1:7212-7446(+,-)	61.74
AYEL01060279.1:2835-3069(+,-)	59.46
AYEL01061828.1:24066-24297(+,-)	63.94
AYEL01090389.1:16825-17049(+,-)	69.23
AYEL01092140.1:36728-36934(+,-)	53.50
AYEL01076226.1:39526-39736(+,-)	61.49
AYEL01069016.1:35199-35409(+,-)	67.80
AYEL01066499.1:7498-7719(+,-)	73.33
AYEL01067229.1:7974-8177(+,-)	63.92
AYEL01046115.1:29995-30249(+,-)	64.06
AYEL01087256.1:45715-45913(+,-)	64.44
AYEL01070304.1:7486-7714(+,-)	64.06
AYEL01072766.1:2257-2463(+,-)	67.68
AYEL01063919.1:10273-10493(+,-)	60.69
AYEL01084820.1:5803-6001(+,-)	60.99
AYEL01061389.1:10665-10879(+,-)	63.23
AYEL01070066.1:8273-8485(+,-)	60.61
AYEL01049928.1:31755-31969(+,-)	60.90
AYEL01086333.1:9169-9526(+,-)	63.25
AYEL01058786.1:10125-10347(+,-)	65.71
AYEL01070916.1:9887-10096(+,-)	61.11
AYEL01068529.1:28912-29101(+,-)	60.29
AYEL01088262.1:22191-22519(+,-)	65.18
AYEL01076215.1:112107-112323(+,-)	63.16
AYEL01071562.1:9104-9309(+,-)	69.30
AYEL01049071.1:14526-14745(+,-)	59.03
AYEL01085305.1:40371-40598(+,-)	62.50
AYEL01085755.1:19564-19799(+,-)	56.52
AYEL01072108.1:5912-6143(+,-)	64.06
AYEL01084636.1:4561-4778(+,-)	62.84
AYEL01060886.1:113967-114183(+,-)	84.62
AYEL01065002.1:32905-33103(+,-)	60.71
AYEL01091874.1:118794-119028(+,-)	73.33
AYEL01061909.1:10012-10242(+,-)	63.11
AYEL01078039.1:55496-55685(+,-)	65.62
AYEL01091373.1:25422-25649(+,-)	67.74
AYEL01092365.1:20635-20854(+,-)	62.50
AYEL01029408.1:51628-51826(+,-)	60.54
AYEL01090846.1:7458-7868(+,-)	64.24
AYEL01089058.1:11599-11830(+,-)	65.54
AYEL01078955.1:5418-5653(+,-)	63.12
AYEL01044425.1:45103-45330(+,-)	67.27
AYEL01065028.1:36680-36897(+,-)	62.96
AYEL01071277.1:10988-11223(+,-)	63.38
AYEL01063529.1:50427-50683(+,-)	69.14
AYEL01084206.1:46898-47093(+,-)	63.38
AYEL01036146.1:23005-23205(+,-)	57.34
AYEL01032304.1:8724-8942(+,-)	59.30
AYEL01085876.1:85429-85641(+,-)	60.81
AYEL01027292.1:13277-13497(+,-)	64.86
AYEL01088063.1:1325-1529(+,-)	68.14
AYEL01091833.1:16005-16219(+,-)	72.88
AYEL01060808.1:47639-47869(+,-)	66.04
AYEL01090475.1:36513-36771(+,-)	77.78
AYEL01075132.1:9956-10152(+,-)	63.24
AYEL01042231.1:5613-5816(+,-)	65.38
AYEL01085288.1:19409-19612(+,-)	61.64
AYEL01056735.1:37404-37613(+,-)	64.62
AYEL01072351.1:27344-27574(+,-)	67.91
AYEL01080258.1:3568-3799(+,-)	58.96
AYEL01059177.1:6290-6527(+,-)	68.25
AYEL01088039.1:162226-162452(+,-)	68.33
AYEL01075287.1:9910-10144(+,-)	63.72
AYEL01065640.1:18974-19206(+,-)	64.06
AYEL01060831.1:22101-22332(+,-)	63.39
AYEL01072108.1:5258-5475(+,-)	63.01
AYEL01059105.1:19222-19434(+,-)	56.16
AYEL01086731.1:24061-24299(+,-)	62.79
AYEL01075667.1:76962-77192(+,-)	60.49
AYEL01074829.1:7874-8084(+,-)	63.31
AYEL01047589.1:32078-32319(+,-)	64.63
AYEL01077046.1:22008-22238(+,-)	60.81
AYEL01090954.1:37204-37417(+,-)	60.28
AYEL01062934.1:48148-48457(+,-)	68.09
AYEL01013123.1:31334-31535(+,-)	60.64
AYEL01022647.1:12799-13029(+,-)	60.54
AYEL01077723.1:4408-4600(+,-)	70.31
AYEL01080752.1:12012-12244(+,-)	72.34
AYEL01011591.1:463-699(+,-)	60.96
AYEL01090707.1:31224-31419(+,-)	68.24
AYEL01084868.1:26946-27206(+,-)	60.19
AYEL01081093.1:43305-43541(+,-)	65.69
AYEL01089103.1:58741-58995(+,-)	75.56
AYEL01074361.1:22162-22374(+,-)	59.38
AYEL01069801.1:33797-34031(+,-)	68.09
AYEL01078965.1:13863-14091(+,-)	67.68
AYEL01061419.1:9646-9914(+,-)	55.93
AYEL01087537.1:165789-166001(+,-)	63.35
AYEL01088053.1:11993-12213(+,-)	58.39
AYEL01036367.1:8660-9071(+,-)	60.28
AYEL01082876.1:14919-15130(+,-)	61.38
AYEL01089675.1:25572-25797(+,-)	64.33
AYEL01050299.1:49-338(+,-)	64.10
AYEL01078320.1:2593-2827(+,-)	62.33
AYEL01061890.1:19782-19985(+,-)	62.07
AYEL01074866.1:7942-8135(+,-)	61.11
AYEL01083947.1:29957-30158(+,-)	63.06
AYEL01052828.1:82-354(+,-)	66.14
AYEL01079970.1:39483-39799(+,-)	60.81
AYEL01039434.1:3566-3795(+,-)	63.64
AYEL01070847.1:28519-28749(+,-)	61.00
AYEL01080028.1:3838-4069(+,-)	72.95
AYEL01073508.1:10094-10319(+,-)	61.59
AYEL01092384.1:7938-8163(+,-)	61.35
AYEL01064442.1:23587-23832(+,-)	56.44
AYEL01079393.1:8155-8383(+,-)	57.58
AYEL01080513.1:13645-13859(+,-)	59.12
AYEL01026284.1:15430-15663(+,-)	76.06
AYEL01065013.1:570-787(+,-)	67.74
AYEL01073746.1:36273-36498(+,-)	59.48
AYEL01056357.1:37153-37382(+,-)	62.03
AYEL01072688.1:150-367(+,-)	64.02
AYEL01073550.1:31472-31688(+,-)	61.27
AYEL01088356.1:6997-7221(+,-)	66.43
AYEL01079476.1:2825-3097(+,-)	66.67
AYEL01074340.1:24907-25121(+,-)	61.39
AYEL01077787.1:613-840(+,-)	62.50
AYEL01080433.1:8799-9019(+,-)	64.85
AYEL01054816.1:41430-41662(+,-)	60.66
AYEL01089219.1:1745-1969(+,-)	65.62
AYEL01068552.1:6909-7154(+,-)	63.83
AYEL01079398.1:73018-73248(+,-)	60.29
AYEL01040828.1:6367-6598(+,-)	61.14
AYEL01087225.1:28988-29222(+,-)	61.82
AYEL01024123.1:56710-56973(+,-)	62.50
AYEL01068802.1:49765-49995(+,-)	61.64
AYEL01073295.1:20612-20829(+,-)	67.19
AYEL01076321.1:22232-22444(+)	60.71
AYEL01081466.1:16584-16811(+,-)	63.78
AYEL01070069.1:3270-3501(+,-)	60.00
AYEL01064388.1:21886-22105(+,-)	59.88
AYEL01024972.1:789-984(+,-)	62.90
AYEL01075435.1:15044-15300(+,-)	58.78
AYEL01085707.1:14588-14790(+,-)	63.45
AYEL01089067.1:30772-30996(+,-)	62.59
AYEL01069844.1:89557-89790(+,-)	59.44
AYEL01070382.1:48583-48817(+,-)	61.03
AYEL01068541.1:30316-30528(+,-)	58.75
AYEL01065579.1:16-252(+,-)	62.41
AYEL01083008.1:17578-17780(+,-)	59.88
AYEL01053741.1:12981-13200(+,-)	64.63
AYEL01090284.1:6494-6707(+,-)	61.42
AYEL01077397.1:21777-22136(+,-)	67.00
AYEL01054320.1:89-274(+)	80.00
AYEL01077698.1:11687-11917(+,-)	64.34
AYEL01068881.1:29690-29908(+,-)	60.14
AYEL01062079.1:43165-43400(+,-)	66.67
AYEL01063150.1:1244-1479(+,-)	64.11
AYEL01091902.1:62835-63068(+,-)	58.87
AYEL01075010.1:15207-15663(+,-)	62.75
AYEL01045879.1:1011-1226(+,-)	68.55
AYEL01031809.1:38142-38374(+,-)	61.14
AYEL01072987.1:6167-6360(+,-)	65.33
AYEL01081806.1:26009-26281(+,-)	66.67
AYEL01088421.1:16580-16937(+,-)	63.72
AYEL01091050.1:1341-1584(+,-)	68.82
AYEL01061433.1:20802-20994(+,-)	63.01
AYEL01076327.1:18196-18424(+,-)	63.77
AYEL01081079.1:77585-77797(+,-)	67.01
AYEL01055329.1:20481-20713(+,-)	63.25
AYEL01079392.1:11027-11247(+,-)	63.95
AYEL01044146.1:82923-83150(+,-)	62.41
AYEL01064710.1:16700-17052(+,-)	63.58
AYEL01076743.1:7977-8205(+,-)	62.60
AYEL01078196.1:44078-44279(+,-)	82.14
AYEL01090324.1:2330-2604(+,-)	65.35
AYEL01082191.1:64948-65169(+,-)	64.83
AYEL01078996.1:12146-12380(+,-)	61.97
AYEL01084868.1:123854-124129(+,-)	65.70
AYEL01063414.1:55916-56150(+,-)	68.89
AYEL01087279.1:4497-4719(+,-)	61.39
AYEL01057550.1:2057-2302(+,-)	64.29
AYEL01089091.1:1766-1988(+,-)	63.33
AYEL01089634.1:8925-9256(+,-)	64.10
AYEL01072626.1:474-781(+,-)	61.83
AYEL01084273.1:40304-40531(+,-)	56.67
AYEL01053643.1:21051-21250(+,-)	63.19
AYEL01050759.1:19049-19274(+,-)	68.18
AYEL01091755.1:12761-12984(+,-)	60.29
AYEL01083328.1:16909-17178(+,-)	58.93
AYEL01043287.1:236-483(+,-)	70.00
AYEL01088448.1:6391-6598(+,-)	64.52
AYEL01083240.1:47707-47940(+,-)	63.64
AYEL01052693.1:10976-11207(+,-)	58.57
AYEL01091971.1:7752-7944(+,-)	68.38
AYEL01059063.1:4240-4472(+,-)	58.82
AYEL01065373.1:32596-32831(+,-)	62.69
AYEL01071639.1:44967-45196(+,-)	62.44
AYEL01058470.1:23182-23412(+,-)	60.95
AYEL01073128.1:35757-35952(+,-)	61.02
AYEL01064826.1:88646-88907(+,-)	59.86
AYEL01048857.1:72001-72225(+,-)	59.44
AYEL01064235.1:22665-22886(+,-)	74.42
AYEL01070842.1:14663-14892(+,-)	67.27
AYEL01084164.1:33219-33430(+,-)	62.18
AYEL01084721.1:124968-125187(+,-)	67.35
AYEL01082970.1:30510-30744(+,-)	67.31
AYEL01057151.1:9741-10041(+,-)	62.96
AYEL01077024.1:1449-1712(+,-)	62.77
AYEL01066035.1:12079-12309(+,-)	61.72
AYEL01061821.1:49458-49694(+,-)	60.25
AYEL01091216.1:40963-41203(+,-)	58.65
AYEL01085675.1:10554-10777(+,-)	58.50
AYEL01079144.1:20179-20432(+,-)	59.63
AYEL01030849.1:65871-66079(+,-)	66.14
AYEL01062966.1:11158-11386(+,-)	59.23
AYEL01078432.1:35882-36109(+,-)	66.67
AYEL01077482.1:9778-10015(+,-)	72.73
AYEL01075668.1:100064-100263(+,-)	68.13
AYEL01085725.1:6038-6274(+,-)	65.26
AYEL01091245.1:1923-2227(+,-)	61.22
AYEL01081206.1:68574-68911(+,-)	65.22
AYEL01071240.1:13589-13788(+,-)	64.18
AYEL01030541.1:18734-18963(+,-)	57.89
AYEL01079491.1:30437-30666(+,-)	69.57
AYEL01058957.1:11529-11736(+,-)	84.62
AYEL01081697.1:18210-18419(+,-)	61.54
AYEL01056859.1:45900-46113(+,-)	62.30
AYEL01046473.1:560-793(+,-)	59.74
AYEL01031798.1:4027-4231(+,-)	71.11
AYEL01064942.1:49385-49610(+,-)	69.84
AYEL01081778.1:66008-66223(+,-)	58.89
AYEL01083700.1:25094-25345(+,-)	65.71
AYEL01090988.1:9842-10077(+,-)	63.16
AYEL01080230.1:34713-34945(+,-)	71.55
AYEL01083387.1:79845-80060(+,-)	62.73
AYEL01072740.1:4160-4349(+,-)	63.80
AYEL01089095.1:2960-3169(+,-)	58.90
AYEL01054365.1:1760-2029(+,-)	62.60
AYEL01064116.1:28959-29391(+,-)	62.11
AYEL01065517.1:1913-2207(+,-)	64.75
AYEL01058713.1:6187-6397(+,-)	65.26
AYEL01039365.1:1053-1267(+,-)	65.62
AYEL01077960.1:32329-32550(+,-)	66.67
AYEL01071939.1:4819-5019(+,-)	66.67
AYEL01053952.1:8491-8723(+,-)	70.31
AYEL01090975.1:18323-18541(+,-)	61.04
AYEL01088235.1:25529-25752(+,-)	63.64
AYEL01078299.1:14638-14844(+,-)	68.14
AYEL01080150.1:60103-60339(+,-)	61.11
AYEL01070431.1:27232-27455(+,-)	67.16
AYEL01085584.1:84933-85168(+,-)	54.76
AYEL01080978.1:55035-55262(+,-)	60.61
AYEL01087851.1:25135-25360(+,-)	70.31
AYEL01072206.1:27313-27503(+,-)	73.11
AYEL01077071.1:1547-1759(+,-)	61.01
AYEL01067530.1:25120-25349(+,-)	58.78
AYEL01073858.1:39116-39367(+,-)	58.29
AYEL01091552.1:14970-15195(+,-)	58.93
AYEL01051802.1:6875-7073(+,-)	60.21
AYEL01084851.1:4781-5008(+,-)	60.31
AYEL01091686.1:14010-14203(+,-)	63.79
AYEL01087940.1:56516-56730(+,-)	64.38
AYEL01064994.1:12096-12301(+,-)	63.85
AYEL01064984.1:1573-1804(+,-)	59.45
AYEL01054132.1:2044-2328(+,-)	60.47
AYEL01079058.1:4092-4318(+,-)	66.97
AYEL01080658.1:9656-9890(+,-)	60.90
AYEL01091631.1:597-878(+,-)	59.87
AYEL01077829.1:11551-11778(+,-)	57.97
AYEL01079317.1:20555-20797(+,-)	64.83
AYEL01070847.1:85249-85441(+,-)	63.39
AYEL01066809.1:4593-4805(+,-)	61.64
AYEL01076321.1:19934-20151(+,-)	57.63
AYEL01052764.1:32988-33217(+,-)	61.74
AYEL01088996.1:42880-43078(+,-)	62.65
AYEL01081487.1:1218-1415(+,-)	57.69
AYEL01090748.1:19565-19770(+,-)	62.39
AYEL01032137.1:10698-10913(+,-)	63.54
AYEL01073101.1:7671-7871(+,-)	69.62
AYEL01089120.1:21801-22014(+,-)	63.72
AYEL01056064.1:32237-32458(+,-)	59.44
AYEL01070747.1:598-800(+,-)	61.43
AYEL01084273.1:57937-58131(+,-)	63.16
AYEL01073786.1:151963-152237(+,-)	61.48
AYEL01082698.1:2669-2887(+,-)	61.64
AYEL01016282.1:13576-13810(+,-)	60.39
AYEL01083922.1:19743-19971(+,-)	59.18
AYEL01067161.1:58318-58514(+,-)	62.16
AYEL01077753.1:46495-46717(+,-)	63.40
AYEL01084055.1:29820-30026(+,-)	56.12
AYEL01075833.1:64715-64947(+,-)	60.00
AYEL01078021.1:60522-60751(+,-)	58.78
AYEL01059719.1:27404-27615(+,-)	68.18
AYEL01087479.1:23573-23946(+,-)	60.96
AYEL01082431.1:9461-9693(+,-)	63.41
AYEL01087634.1:85449-85677(+,-)	61.27
AYEL01046376.1:16906-17131(+,-)	59.31
AYEL01032995.1:3256-3514(+,-)	61.73
AYEL01058861.1:12050-12270(+,-)	63.70
AYEL01087407.1:83019-83258(+,-)	59.09
AYEL01054695.1:34578-34800(+,-)	63.78
AYEL01060488.1:6376-6624(+,-)	65.61
AYEL01085335.1:3946-4162(+,-)	67.48
AYEL01085196.1:34353-34576(+,-)	68.18
AYEL01057508.1:102032-102265(+,-)	62.88
AYEL01071033.1:47775-47996(+,-)	62.12
AYEL01076046.1:45029-45245(+,-)	56.03
AYEL01050888.1:71177-71373(+,-)	69.79
AYEL01081873.1:19640-19847(+)	68.29
AYEL01077258.1:16350-16569(+,-)	63.37
AYEL01087275.1:54436-54652(+,-)	61.64
AYEL01076179.1:56746-57054(+,-)	68.93
AYEL01088193.1:17921-18211(+,-)	61.11
AYEL01072800.1:362-585(+,-)	59.31
AYEL01085714.1:15314-15534(+,-)	63.95
AYEL01002807.1:709-900(+,-)	64.75
AYEL01066033.1:9082-9401(+,-)	67.65
AYEL01081174.1:14132-14340(+,-)	62.96
AYEL01053957.1:5957-6192(+,-)	70.09
AYEL01068083.1:24171-24382(+)	56.83
AYEL01053548.1:24195-24428(+,-)	65.66
AYEL01051919.1:33108-33317(+,-)	59.79
AYEL01056778.1:35172-35405(+,-)	59.44
AYEL01087813.1:29376-29603(+,-)	60.49
AYEL01079176.1:2716-2935(+,-)	64.34
AYEL01089736.1:33396-33627(+,-)	66.02
AYEL01060263.1:35912-36130(+,-)	67.09
AYEL01073367.1:47903-48130(+,-)	62.18
AYEL01054790.1:32532-32763(+,-)	63.09
AYEL01073374.1:23850-24064(+,-)	59.46
AYEL01074283.1:43754-43942(+,-)	62.34
AYEL01064989.1:38796-39032(+,-)	59.88
AYEL01075514.1:22364-22571(+,-)	58.77
AYEL01083155.1:74606-74818(+,-)	62.35
AYEL01077219.1:3647-3879(+,-)	70.97
AYEL01086795.1:3518-3742(+,-)	64.19
AYEL01073670.1:42538-42769(+,-)	63.46
AYEL01074154.1:15302-15505(+,-)	66.67
AYEL01064134.1:78170-78380(+,-)	65.15
AYEL01088429.1:527-761(+,-)	60.56
AYEL01065374.1:67188-67419(+,-)	63.94
AYEL01060450.1:40322-40538(+,-)	59.76
AYEL01085635.1:21977-22191(-)	66.25
AYEL01026284.1:18143-18477(+,-)	68.55
AYEL01062680.1:18799-19026(+,-)	63.19
AYEL01075601.1:5566-5799(+,-)	63.50
AYEL01084213.1:33864-34096(+,-)	62.86
AYEL01065183.1:21215-21444(+,-)	58.22
AYEL01090824.1:14793-15014(+,-)	64.63
AYEL01078250.1:14692-14927(+,-)	63.33
AYEL01066020.1:1392-1622(+,-)	62.89
AYEL01017063.1:950-1164(+,-)	60.65
AYEL01081025.1:18471-18703(+,-)	60.09
AYEL01086278.1:16012-16243(+,-)	64.36
AYEL01074407.1:4807-5035(+,-)	59.44
AYEL01027846.1:19395-19610(+,-)	70.49
AYEL01068121.1:2295-2509(+,-)	65.22
AYEL01089277.1:7128-7352(+,-)	58.90
AYEL01077026.1:21465-21721(+,-)	64.19
AYEL01084672.1:76739-76956(+,-)	63.54
AYEL01074485.1:203604-203818(+,-)	61.95
AYEL01077707.1:31657-31854(+,-)	64.00
AYEL01090887.1:25378-25575(+,-)	59.34
AYEL01054816.1:37355-37586(+,-)	62.80
AYEL01063620.1:50557-50820(+,-)	62.11
AYEL01060263.1:23476-23703(+,-)	62.34
AYEL01005823.1:200-476(+,-)	62.58
AYEL01034166.1:1282-1513(+,-)	68.37
AYEL01090513.1:33035-33246(+,-)	60.96
AYEL01064655.1:68061-68276(+,-)	60.00
AYEL01060241.1:26275-26497(+,-)	63.54
AYEL01081824.1:28068-28424(+,-)	62.16
AYEL01057508.1:19422-19792(+,-)	59.33
AYEL01077493.1:13109-13297(+,-)	60.26
AYEL01048856.1:1346-1574(+,-)	63.27
AYEL01085622.1:18177-18410(+,-)	60.00
AYEL01052978.1:2594-2768(+)	69.23
AYEL01042268.1:32054-32289(+,-)	61.97
AYEL01078265.1:20948-21238(-)	76.47
AYEL01085282.1:5947-6179(+,-)	61.22
AYEL01081740.1:53013-53297(+,-)	62.33
AYEL01059064.1:4567-4767(+,-)	64.46
AYEL01061456.1:15191-15426(+,-)	63.64
AYEL01068996.1:10522-10752(+,-)	64.32
AYEL01054739.1:3954-4190(+,-)	63.05
AYEL01060357.1:30883-31114(+,-)	61.90
AYEL01076042.1:3686-3923(+,-)	60.56
AYEL01046600.1:17025-17246(+,-)	69.86
AYEL01065147.1:20478-20690(+,-)	66.67
AYEL01089743.1:23038-23264(+,-)	62.61
AYEL01080923.1:1216-1497(+,-)	64.12
AYEL01090466.1:19887-20115(+,-)	58.45
AYEL01085174.1:50427-50644(+,-)	63.70
AYEL01080531.1:2675-2898(+,-)	60.14
AYEL01036130.1:14-242(+,-)	58.14
AYEL01046411.1:0-225(+,-)	63.43
AYEL01064116.1:126-352(+,-)	63.52
AYEL01051526.1:3203-3414(+,-)	66.67
AYEL01050406.1:1487-1710(+,-)	67.19
AYEL01069917.1:26881-27118(+,-)	60.37
AYEL01087100.1:26193-26415(+,-)	59.52
AYEL01053071.1:3693-3915(+,-)	70.45
AYEL01069101.1:39825-40239(+,-)	60.18
AYEL01072437.1:561-851(+,-)	63.23
AYEL01082840.1:54318-54536(+,-)	59.63
AYEL01085838.1:37036-37254(+,-)	62.99
AYEL01063302.1:12417-12655(+,-)	61.35
AYEL01038194.1:2803-3010(+,-)	66.67
AYEL01090908.1:1135-1366(+,-)	62.86
AYEL01076531.1:201-417(+,-)	67.59
AYEL01087923.1:34168-34374(+,-)	67.72
AYEL01079548.1:73641-73836(+,-)	64.42
AYEL01074728.1:24950-25179(+,-)	61.48
AYEL01067082.1:1587-1809(+,-)	63.38
AYEL01075253.1:83398-83701(+,-)	63.95
AYEL01082491.1:24004-24215(+,-)	60.32
AYEL01078211.1:26719-26947(+,-)	64.71
AYEL01053584.1:67127-67358(+,-)	60.54
AYEL01046376.1:16709-16901(+,-)	60.80
AYEL01090347.1:40349-40644(+,-)	64.42
AYEL01087479.1:27063-27259(+,-)	68.57
AYEL01075274.1:11912-12143(+,-)	64.02
AYEL01076948.1:25683-25912(+,-)	63.36
AYEL01084725.1:9694-9900(+,-)	59.03
AYEL01068090.1:27577-27810(+,-)	62.38
AYEL01064531.1:11226-11663(+,-)	62.76
AYEL01065822.1:16486-16700(+,-)	61.31
AYEL01089918.1:31359-31566(+,-)	63.27
AYEL01047105.1:0-220(+,-)	62.69
AYEL01074558.1:62144-62372(+,-)	65.08
AYEL01081495.1:7529-7721(+,-)	60.00
AYEL01068863.1:85463-85695(+,-)	68.54
AYEL01087322.1:157408-157604(+,-)	60.32
AYEL01051999.1:1675-1911(+,-)	62.14
AYEL01080504.1:68426-68649(+,-)	60.42
AYEL01052634.1:78344-78564(+,-)	62.07
AYEL01066512.1:5470-5678(+)	67.03
AYEL01070333.1:52632-52838(+,-)	65.96
AYEL01044629.1:64617-64843(+,-)	61.29
AYEL01090680.1:24424-24650(+,-)	63.57
AYEL01044597.1:32114-32486(+,-)	59.90
AYEL01090099.1:105538-106015(+,-)	65.85
AYEL01060196.1:5342-5556(+,-)	60.42
AYEL01076178.1:49258-49545(+,-)	64.11
AYEL01080423.1:12026-12291(+,-)	62.39
AYEL01082960.1:728-927(+,-)	59.72
AYEL01060323.1:34377-34599(+,-)	72.45
AYEL01066178.1:35177-35411(+,-)	64.02
AYEL01065680.1:26572-26801(+,-)	64.60
AYEL01073766.1:12921-13197(+,-)	58.38
AYEL01066613.1:40474-40693(+,-)	59.39
AYEL01047431.1:4935-5156(+,-)	72.73
AYEL01039880.1:59-251(+,-)	64.97
AYEL01085424.1:159818-160041(+,-)	59.22
AYEL01053797.1:67813-68040(+,-)	61.76
AYEL01071781.1:11780-12012(+,-)	64.71
AYEL01073404.1:1576-1798(+,-)	80.65
AYEL01068730.1:836-1107(+,-)	61.65
AYEL01073128.1:36072-36392(+,-)	66.42
AYEL01088759.1:124218-124449(+,-)	64.63
AYEL01076807.1:104868-105090(+,-)	63.89
AYEL01078215.1:34198-34436(+,-)	83.87
AYEL01076160.1:8386-8601(+,-)	59.03
AYEL01073994.1:8387-8617(+,-)	60.14
AYEL01080227.1:972-1192(+,-)	63.51
AYEL01064160.1:92796-93018(+,-)	63.64
AYEL01092333.1:5866-6166(+,-)	61.29
AYEL01054695.1:33332-33537(+,-)	63.78
AYEL01080843.1:7772-7999(+,-)	71.01
AYEL01088946.1:46682-46915(+,-)	63.33
AYEL01089481.1:24275-24481(+,-)	60.40
AYEL01083870.1:9263-9474(+,-)	61.74
AYEL01080603.1:70191-70409(+,-)	62.35
AYEL01084701.1:85202-85708(+,-)	66.41
AYEL01075375.1:13982-14548(+,-)	61.70
AYEL01071270.1:17398-17625(+,-)	60.94
AYEL01076012.1:5013-5246(+,-)	62.90
AYEL01070535.1:42363-42733(+,-)	77.27
AYEL01062083.1:459-695(+,-)	65.38
AYEL01071875.1:55985-56207(+,-)	64.14
AYEL01054162.1:6272-6499(+,-)	58.59
AYEL01086370.1:1938-2265(+,-)	68.37
AYEL01089875.1:50158-50368(+,-)	62.58
AYEL01078666.1:672-865(+,-)	63.85
AYEL01076677.1:19277-19497(+,-)	64.35
AYEL01087339.1:42989-43213(+,-)	68.12
AYEL01091198.1:10935-11166(+,-)	66.28
AYEL01080033.1:26683-26913(+,-)	62.84
AYEL01069220.1:13337-13549(+,-)	71.74
AYEL01086317.1:63425-63622(+,-)	65.35
AYEL01062673.1:7086-7316(+,-)	61.97
AYEL01057630.1:53186-53402(+,-)	60.54
AYEL01081927.1:145917-146195(+,-)	61.78
AYEL01082703.1:103941-104158(+,-)	63.46
AYEL01075752.1:336-570(+,-)	73.47
AYEL01075231.1:39729-39953(+,-)	71.19
AYEL01080739.1:7739-7953(+,-)	69.84
AYEL01041492.1:10589-10796(+,-)	62.80
AYEL01087885.1:8728-8959(+,-)	61.11
AYEL01086919.1:5401-5620(+,-)	70.16
AYEL01060764.1:17330-17564(+,-)	71.67
AYEL01016285.1:9948-10178(+,-)	62.20
AYEL01009286.1:143-368(+,-)	63.27
AYEL01069062.1:110216-110431(+,-)	63.89
AYEL01058955.1:2891-3122(+,-)	63.19
AYEL01080739.1:13230-13425(+,-)	62.94
AYEL01045010.1:3539-3808(+,-)	59.80
AYEL01069822.1:10267-10483(+,-)	60.81
AYEL01089918.1:46851-47073(+,-)	67.01
AYEL01063263.1:10696-10896(+,-)	64.55
AYEL01054428.1:15786-15983(+,-)	60.31
AYEL01066701.1:37037-37266(+,-)	62.68
AYEL01068267.1:6360-6607(+,-)	60.00
AYEL01060362.1:14746-15011(+,-)	61.54
AYEL01087636.1:41668-41871(+,-)	68.12
AYEL01090977.1:49056-49274(+,-)	60.93
AYEL01021622.1:5668-5879(+,-)	62.84
AYEL01068775.1:10331-10548(+,-)	60.37
AYEL01064003.1:178938-179150(+,-)	59.38
AYEL01016307.1:8421-8654(+,-)	64.54
AYEL01087963.1:5140-5404(+,-)	59.12
AYEL01055579.1:7173-7631(+,-)	62.58
AYEL01012566.1:71900-72153(+,-)	62.60
AYEL01073319.1:4795-5025(+,-)	63.98
AYEL01087277.1:19250-19466(+,-)	61.21
AYEL01080554.1:4887-5119(+,-)	59.15
AYEL01072717.1:54791-55020(+,-)	62.58
AYEL01040566.1:32394-32630(+,-)	68.33
AYEL01015790.1:3341-3605(+,-)	61.43
AYEL01066366.1:16882-17093(+,-)	66.39
AYEL01092116.1:6335-6558(+,-)	69.70
AYEL01064129.1:755-946(+,-)	62.28
AYEL01010723.1:75-265(+,-)	58.23
AYEL01085319.1:14883-15078(+,-)	66.96
AYEL01070629.1:8064-8316(+,-)	63.72
AYEL01020851.1:36046-36254(+,-)	61.26
AYEL01080012.1:75781-76121(+,-)	60.63
AYEL01087441.1:1444-1661(+,-)	58.50
AYEL01072275.1:28049-28263(+,-)	61.49
AYEL01048868.1:79-340(+,-)	62.02
AYEL01074485.1:171652-171865(+,-)	66.13
AYEL01071965.1:31997-32235(+,-)	64.58
AYEL01062156.1:38062-38287(+,-)	67.01
AYEL01064570.1:474-680(+,-)	55.56
AYEL01082989.1:8589-8801(+)	65.00
AYEL01073794.1:9740-10058(+,-)	63.72
AYEL01064188.1:18931-19206(+,-)	59.71
AYEL01071988.1:12127-12418(+,-)	62.42
AYEL01076700.1:25047-25284(+,-)	59.74
AYEL01038491.1:66-298(+,-)	61.90
AYEL01077215.1:10898-11128(+,-)	61.35
AYEL01076948.1:12166-12409(+,-)	65.62
AYEL01074356.1:5045-5250(+,-)	61.17
AYEL01084484.1:750-977(+,-)	64.08
AYEL01070390.1:50401-50629(+,-)	60.62
AYEL01088292.1:35240-35456(+,-)	61.25
AYEL01071277.1:9613-9878(+,-)	63.27
AYEL01081634.1:1751-1975(+,-)	59.29
AYEL01063774.1:30181-30407(+,-)	65.12
AYEL01089419.1:11272-11488(+,-)	60.40
AYEL01084017.1:16451-16649(+,-)	61.38
AYEL01086720.1:77617-77977(+,-)	63.72
AYEL01081181.1:1113-1348(+,-)	63.27
AYEL01055522.1:33216-33431(+,-)	67.80
AYEL01076317.1:1770-2003(+,-)	68.12
AYEL01076340.1:13075-13285(+,-)	59.09
AYEL01072168.1:18022-18234(+,-)	63.37
AYEL01046072.1:1555-1773(+,-)	64.18
AYEL01067980.1:4782-5017(+,-)	61.21
AYEL01051252.1:1316-1544(+,-)	60.28
AYEL01087241.1:33223-33456(+,-)	58.99
AYEL01075819.1:7960-8197(+,-)	60.92
AYEL01061834.1:14576-14782(+,-)	68.25
AYEL01076221.1:16326-16543(+,-)	66.67
AYEL01007657.1:6979-7389(+,-)	66.35
AYEL01083438.1:225565-225764(+,-)	72.41
AYEL01084292.1:18944-19175(+,-)	59.03
AYEL01061822.1:12594-12831(+,-)	59.40
AYEL01091623.1:7189-7422(+,-)	64.85
AYEL01055861.1:52643-52859(+,-)	62.96
AYEL01073505.1:27680-27912(+,-)	64.56
AYEL01078879.1:2147-2390(+,-)	76.04
AYEL01069589.1:9713-9930(+,-)	70.45
AYEL01060798.1:7536-7766(+,-)	59.81
AYEL01085429.1:53124-53332(+,-)	61.54
AYEL01092322.1:33399-33625(+,-)	59.73
AYEL01083697.1:18326-18542(+,-)	60.61
AYEL01083481.1:21159-21383(+,-)	56.83
AYEL01082811.1:12185-12400(+,-)	63.12
AYEL01071652.1:31998-32249(+,-)	61.79
AYEL01087051.1:1879-2104(+,-)	65.65
AYEL01079209.1:6823-7039(+,-)	63.24
AYEL01091782.1:55424-55656(+,-)	66.67
AYEL01078380.1:132570-132808(+,-)	61.87
AYEL01069402.1:10596-10819(+,-)	58.90
AYEL01067442.1:17237-17434(+,-)	71.19
AYEL01085373.1:4507-4726(+,-)	57.33
AYEL01076251.1:52031-52266(+,-)	61.76
AYEL01009032.1:36013-36223(+,-)	62.65
AYEL01070700.1:36661-36890(+,-)	69.84
AYEL01091891.1:13875-14095(+,-)	74.00
AYEL01087641.1:3048-3293(+,-)	67.80
AYEL01088459.1:62738-62964(+,-)	66.92
AYEL01072178.1:45325-45712(+,-)	63.46
AYEL01085983.1:14209-14427(+,-)	62.32
AYEL01073846.1:1757-1981(+,-)	57.78
AYEL01045727.1:34157-34366(+,-)	62.65
AYEL01068358.1:2790-3023(+,-)	71.67
AYEL01062155.1:5634-5844(+,-)	62.41
AYEL01076316.1:16582-17021(+,-)	63.16
AYEL01073960.1:25805-26037(+,-)	63.87
AYEL01063062.1:2164-2358(+,-)	73.91
AYEL01061401.1:4572-4788(+,-)	62.26
AYEL01052475.1:3684-3928(+,-)	66.67
AYEL01078100.1:51362-51654(+,-)	68.80
AYEL01081634.1:2286-2520(+,-)	59.59
AYEL01077846.1:13847-14063(+,-)	60.90
AYEL01083024.1:30843-31179(+,-)	58.04
AYEL01060488.1:6655-6927(+,-)	66.67
AYEL01065949.1:8985-9196(+,-)	61.54
AYEL01046081.1:1009-1227(+,-)	61.87
AYEL01085542.1:66775-67006(+,-)	61.49
AYEL01089155.1:18234-18454(+,-)	61.90
AYEL01019603.1:69-301(+,-)	60.66
AYEL01051941.1:11124-11400(+,-)	63.64
AYEL01089570.1:32362-32631(+,-)	62.84
AYEL01089499.1:3031-3298(+,-)	58.65
AYEL01087099.1:26813-27051(+,-)	55.30
AYEL01043909.1:23-240(+,-)	58.09
AYEL01085121.1:10613-10821(+,-)	67.01
AYEL01045733.1:18984-19198(+,-)	61.94
AYEL01041795.1:17032-17247(+,-)	61.54
AYEL01077286.1:2167-2382(+,-)	66.27
AYEL01009736.1:7757-7987(+,-)	69.89
AYEL01052492.1:8106-8332(+,-)	64.83
AYEL01043224.1:51074-51296(+,-)	61.90
AYEL01065458.1:7443-7668(+,-)	81.82
AYEL01056949.1:25903-26121(+,-)	61.17
AYEL01071651.1:22100-22365(+,-)	62.18
AYEL01081781.1:167985-168220(+,-)	60.65
AYEL01083625.1:19616-19841(+,-)	65.98
AYEL01070323.1:68496-68705(+,-)	64.08
AYEL01059142.1:44677-44959(+,-)	58.02
AYEL01064085.1:37283-37505(+,-)	63.16
AYEL01087452.1:69784-69995(+,-)	75.00
AYEL01078862.1:3830-4033(+,-)	60.87
AYEL01083339.1:37218-37463(+,-)	65.49
AYEL01051132.1:7800-8034(+,-)	59.46
AYEL01083679.1:26404-26693(+,-)	70.21
AYEL01077657.1:11469-11702(+,-)	66.06
AYEL01082432.1:5655-5851(+,-)	61.15
AYEL01090975.1:2229-2438(+,-)	65.59
AYEL01086644.1:1473-1701(+,-)	58.28
AYEL01075665.1:9918-10128(+,-)	68.00
AYEL01086471.1:54821-55054(+,-)	66.67
AYEL01067491.1:78979-79291(+,-)	62.86
AYEL01088471.1:20403-20640(+,-)	60.19
AYEL01065038.1:725-951(+,-)	62.59
AYEL01065182.1:36687-36960(+,-)	59.86
AYEL01071587.1:37120-37389(+,-)	60.13
AYEL01061386.1:2497-2729(+,-)	64.49
AYEL01091804.1:9222-9431(+,-)	59.39
AYEL01091373.1:22446-22704(+,-)	63.27
AYEL01042939.1:8763-8983(+,-)	62.60
AYEL01059974.1:21968-22188(+,-)	66.39
AYEL01069880.1:31054-31282(+,-)	58.25
AYEL01088173.1:3432-3667(+,-)	60.78
AYEL01024680.1:9154-9372(+,-)	60.00
AYEL01071324.1:6289-6493(+,-)	69.31
AYEL01087012.1:36796-37036(+,-)	61.21
AYEL01076712.1:6052-6269(+,-)	66.39
AYEL01085849.1:84521-84743(+,-)	66.67
AYEL01078587.1:107198-107461(+,-)	66.30
AYEL01078085.1:22193-22425(+,-)	65.24
AYEL01084047.1:27429-27631(+,-)	59.26
AYEL01086766.1:16153-16375(+,-)	61.81
AYEL01089083.1:75511-75740(+,-)	61.35
AYEL01081080.1:84375-84611(+,-)	58.33
AYEL01073994.1:2463-2693(+,-)	62.18
AYEL01091449.1:3491-3724(+,-)	66.02
AYEL01079969.1:6309-6548(+,-)	61.64
AYEL01087564.1:36537-36913(+,-)	60.61
AYEL01075140.1:24050-24279(+,-)	56.60
AYEL01083833.1:3624-3828(+,-)	63.27
AYEL01062892.1:5405-5604(+,-)	68.89
AYEL01084892.1:4906-5135(+,-)	67.46
AYEL01058438.1:699-907(-)	64.46
AYEL01072497.1:19509-19742(+,-)	60.94
AYEL01082398.1:27752-27968(+,-)	68.29
AYEL01077268.1:36305-36631(+,-)	64.52
AYEL01040026.1:210-435(+,-)	63.27
AYEL01085649.1:7974-8164(+,-)	72.22
AYEL01081045.1:37779-38015(+,-)	69.57
AYEL01065732.1:14653-14887(+,-)	64.02
AYEL01069399.1:3443-3660(+,-)	65.81
AYEL01037777.1:44352-44573(+,-)	65.00
AYEL01066792.1:3043-3265(+,-)	62.16
AYEL01062337.1:2279-2482(+,-)	61.19
AYEL01069959.1:22721-22934(+,-)	66.30
AYEL01076147.1:46329-46541(+,-)	65.18
AYEL01065202.1:18781-19007(+,-)	60.00
AYEL01022995.1:584-775(+,-)	72.97
AYEL01077124.1:9545-9775(+,-)	63.36
AYEL01065061.1:125413-125631(+,-)	62.50
AYEL01082575.1:13437-13707(+,-)	63.71
AYEL01080432.1:30399-30618(+,-)	61.22
AYEL01037237.1:13056-13371(+,-)	70.30
AYEL01062155.1:7283-7514(+,-)	62.80
AYEL01079180.1:5514-5740(+,-)	58.64
AYEL01076651.1:1187-1406(+,-)	75.00
AYEL01082852.1:16344-16556(+,-)	67.92
AYEL01072106.1:22982-23190(+,-)	58.91
AYEL01079923.1:71957-72165(+,-)	68.42
AYEL01052761.1:23615-23990(+,-)	63.72
AYEL01083024.1:20560-20792(+,-)	61.31
AYEL01058432.1:12325-12635(+,-)	60.19
AYEL01019363.1:8710-8926(+,-)	58.86
AYEL01080475.1:49009-49354(+,-)	64.89
AYEL01059952.1:8628-8858(+,-)	59.76
AYEL01078403.1:25207-25405(+,-)	61.07
AYEL01074506.1:22962-23183(+,-)	71.43
AYEL01042525.1:670-975(+,-)	62.11
AYEL01088187.1:48712-48929(+,-)	63.58
AYEL01076944.1:1374-1595(+,-)	60.00
AYEL01047589.1:19336-19562(+,-)	65.52
AYEL01089328.1:3696-3916(+,-)	60.00
AYEL01086449.1:83423-83645(+,-)	58.50
AYEL01065814.1:42285-42486(+,-)	61.97
AYEL01083135.1:13625-13852(+,-)	60.49
AYEL01082613.1:36946-37184(+,-)	58.44
AYEL01072964.1:38921-39133(+,-)	69.09
AYEL01077397.1:29617-29821(+,-)	61.24
AYEL01076045.1:11166-11375(+,-)	60.49
AYEL01072167.1:24023-24254(+,-)	64.63
AYEL01082563.1:40543-40775(+,-)	62.58
AYEL01065737.1:25740-25951(+,-)	61.76
AYEL01048687.1:3745-3961(+,-)	69.57
AYEL01088372.1:735-951(+,-)	64.15
AYEL01086606.1:5409-5604(+,-)	62.61
AYEL01087103.1:6426-6663(+,-)	59.74
AYEL01063985.1:61210-61433(+,-)	65.31
AYEL01027973.1:231-450(+,-)	59.02
AYEL01055049.1:30419-30635(+,-)	59.63
AYEL01064182.1:33539-33738(+,-)	68.18
AYEL01086303.1:7183-7404(+,-)	62.50
AYEL01088889.1:234263-234699(+,-)	64.12
AYEL01085676.1:27886-28097(+,-)	62.32
AYEL01072167.1:21392-21624(+,-)	61.61
AYEL01091751.1:22797-23017(+,-)	64.94
AYEL01091578.1:37201-37419(+,-)	62.02
AYEL01086225.1:38337-38555(+,-)	62.16
AYEL01071799.1:8077-8294(+,-)	61.76
AYEL01067750.1:22445-22816(+,-)	61.11
AYEL01080775.1:20201-20393(+,-)	66.67
AYEL01067499.1:62563-62756(+,-)	62.00
AYEL01068844.1:18709-18928(+,-)	63.27
AYEL01083614.1:34475-34747(+,-)	66.67
AYEL01075617.1:12925-13156(+,-)	63.43
AYEL01067224.1:1139-1359(+,-)	71.88
AYEL01058939.1:1445-1664(+,-)	59.74
AYEL01065881.1:52430-52670(+,-)	62.07
AYEL01076171.1:12913-13123(+,-)	63.00
AYEL01072236.1:31320-31541(+,-)	62.79
AYEL01090977.1:50092-50285(+,-)	70.73
AYEL01064705.1:4010-4239(+,-)	58.54
AYEL01055522.1:41428-41645(+,-)	63.80
AYEL01083825.1:12444-12658(+,-)	53.81
AYEL01057123.1:2110-2375(+,-)	65.22
AYEL01076296.1:19815-20033(+,-)	61.81
AYEL01079558.1:6278-6517(+,-)	66.06
AYEL01078126.1:14825-15042(+,-)	61.65
AYEL01014022.1:1603-1838(+,-)	64.11
AYEL01068811.1:21950-22244(+,-)	63.54
AYEL01091287.1:1704-1921(+,-)	61.95
AYEL01089748.1:3005-3240(+,-)	73.02
AYEL01013742.1:13931-14152(+,-)	61.81
AYEL01089793.1:3219-3428(+,-)	69.83
AYEL01088359.1:4650-4850(+,-)	68.63
AYEL01078219.1:5297-5636(+,-)	62.50
AYEL01029435.1:1314-1537(+,-)	75.00
AYEL01088160.1:1387-1620(+,-)	61.54
AYEL01067791.1:175-394(+,-)	61.21
AYEL01058655.1:20993-21383(+,-)	65.54
AYEL01063499.1:5321-5531(+,-)	64.29
AYEL01063096.1:3791-4126(+,-)	66.93
AYEL01050882.1:2392-2617(+,-)	63.19
AYEL01080922.1:5879-6103(+,-)	59.15
AYEL01077350.1:18811-19045(+,-)	60.62
AYEL01074078.1:15738-15954(+,-)	62.11
AYEL01080574.1:61477-61698(+,-)	69.53
AYEL01090762.1:65335-65611(+,-)	67.96
AYEL01082284.1:21583-21813(+,-)	64.42
AYEL01074935.1:4188-4417(+,-)	64.42
AYEL01010627.1:30-261(+,-)	62.33
AYEL01075116.1:10364-10580(+,-)	71.11
AYEL01045424.1:7344-7553(+,-)	63.57
AYEL01085197.1:51515-51816(+,-)	63.46
AYEL01081776.1:2200-2401(-)	63.08
AYEL01070799.1:3850-4083(+,-)	66.32
AYEL01091160.1:27727-27941(+,-)	65.81
AYEL01069639.1:345-579(+,-)	71.11
AYEL01064121.1:7248-7477(+,-)	61.22
AYEL01035847.1:26930-27122(+,-)	68.42
AYEL01079001.1:11372-11579(+,-)	66.01
AYEL01081789.1:101052-101264(+,-)	65.24
AYEL01027361.1:15623-15834(+,-)	68.89
AYEL01011530.1:2338-2556(+,-)	66.67
AYEL01083983.1:5361-5592(+,-)	63.45
AYEL01030254.1:17849-18079(+,-)	62.68
AYEL01068200.1:28073-28342(+,-)	60.13
AYEL01068684.1:4345-4549(+,-)	70.45
AYEL01080451.1:28429-28651(+,-)	64.36
AYEL01080712.1:83930-84154(+,-)	70.25
AYEL01069252.1:3773-3992(+,-)	66.67
AYEL01090999.1:3385-3599(+,-)	63.83
AYEL01038450.1:28109-28351(+,-)	60.29
AYEL01073707.1:41869-42084(+,-)	66.67
AYEL01065197.1:31821-32015(+,-)	71.67
AYEL01087139.1:5903-6122(+,-)	68.89
AYEL01069612.1:1384-1617(+,-)	62.16
AYEL01065640.1:17785-18017(+,-)	59.06
AYEL01076286.1:7081-7317(+,-)	62.50
AYEL01078731.1:15075-15294(+,-)	58.62
AYEL01041243.1:530-747(+,-)	60.12
AYEL01079974.1:7559-7775(+,-)	63.83
AYEL01080301.1:29809-30022(+,-)	60.42
AYEL01062547.1:16799-17027(+,-)	63.92
AYEL01081970.1:44445-44674(+,-)	72.46
AYEL01060319.1:5150-5364(+,-)	67.80
AYEL01084035.1:770-1001(+,-)	66.17
AYEL01055793.1:15416-15684(+,-)	70.77
AYEL01080819.1:14718-15008(+,-)	62.30
AYEL01065891.1:22013-22231(+,-)	71.11
AYEL01085493.1:15713-15928(+,-)	58.62
AYEL01016747.1:2511-2747(+,-)	63.38
AYEL01086028.1:56350-56582(+,-)	64.19
AYEL01081619.1:1377-1646(+,-)	65.10
AYEL01090504.1:55327-55561(+,-)	68.75
AYEL01075351.1:21827-22062(+,-)	59.20
AYEL01068925.1:5935-6143(+,-)	65.22
AYEL01080220.1:49014-49245(+,-)	65.22
AYEL01080593.1:24608-24827(+,-)	65.99
AYEL01091690.1:15315-15517(+,-)	60.00
AYEL01082595.1:41795-41984(+,-)	58.87
AYEL01047623.1:8081-8297(+,-)	65.49
AYEL01091041.1:5493-5780(+,-)	62.00
AYEL01077404.1:59614-59818(+,-)	68.85
AYEL01034340.1:172287-172486(+,-)	63.28
AYEL01065710.1:2830-3024(+,-)	61.25
AYEL01026822.1:2401-2615(+,-)	62.42
AYEL01078035.1:14547-14781(+,-)	65.60
AYEL01079180.1:0-219(+,-)	63.98
AYEL01087936.1:4850-5063(+,-)	62.89
AYEL01061854.1:16717-16907(+,-)	62.07
AYEL01069844.1:55200-55415(+,-)	61.08
AYEL01032159.1:1038-1317(+,-)	62.75
AYEL01062498.1:8941-9167(+,-)	64.56
AYEL01079038.1:1273-1495(+,-)	66.40
AYEL01023135.1:47416-47644(+,-)	56.08
AYEL01082125.1:7838-8040(+)	73.33
AYEL01047413.1:12719-12926(+,-)	63.56
AYEL01071507.1:1636-1847(+,-)	62.59
AYEL01053856.1:463-668(+,-)	59.86
AYEL01063564.1:26634-26851(+,-)	61.62
AYEL01077987.1:19481-19699(+,-)	62.80
AYEL01090138.1:35998-36229(+,-)	61.38
AYEL01078100.1:24469-24728(+,-)	63.06
AYEL01051343.1:45427-45699(+,-)	67.81
AYEL01083378.1:52083-52363(+,-)	64.29
AYEL01066158.1:30885-31113(+,-)	63.29
AYEL01077533.1:6375-6964(+,-)	70.45
AYEL01084721.1:124735-124963(+,-)	62.35
AYEL01089450.1:44147-44447(+,-)	62.96
AYEL01055047.1:55817-56033(+,-)	61.59
AYEL01064026.1:9052-9291(+,-)	61.27
AYEL01086456.1:10215-10437(+,-)	64.66
AYEL01064234.1:3139-3359(+,-)	67.42
AYEL01078878.1:793-1029(+,-)	68.33
AYEL01086174.1:21571-21867(+,-)	60.43
AYEL01015683.1:7034-7269(+,-)	64.14
AYEL01080850.1:61394-61598(+,-)	65.03
AYEL01079819.1:22731-22966(+,-)	60.00
AYEL01080459.1:10596-10792(+,-)	73.33
AYEL01076012.1:2154-2390(+,-)	62.75
AYEL01091088.1:69391-69601(+,-)	73.33
AYEL01050093.1:28765-28969(+,-)	59.14
AYEL01091340.1:230209-230443(+,-)	62.33
AYEL01034570.1:12974-13197(+,-)	62.68
AYEL01065840.1:35328-35533(+,-)	61.87
AYEL01015685.1:18938-19145(+,-)	67.33
AYEL01060483.1:8410-8657(+,-)	61.72
AYEL01085936.1:20057-20279(+,-)	61.39
AYEL01068758.1:1823-2043(+,-)	65.71
AYEL01074536.1:54755-55015(+,-)	57.69
AYEL01057437.1:7318-7543(+,-)	60.28
AYEL01073113.1:73638-73923(+,-)	61.18
AYEL01089684.1:40793-41011(+,-)	59.86
AYEL01032808.1:2258-2494(+,-)	63.70
AYEL01078083.1:9178-9394(+,-)	71.43
AYEL01083819.1:8238-8431(+,-)	64.58
AYEL01091259.1:81940-82147(+,-)	62.50
AYEL01048205.1:1381-1611(+,-)	61.69
AYEL01083343.1:28149-28380(+,-)	67.24
AYEL01082689.1:26103-26298(+,-)	66.67
AYEL01058060.1:16693-16926(+,-)	71.67
AYEL01054097.1:0-201(+,-)	56.86
AYEL01091467.1:145450-145641(+,-)	67.23
AYEL01058395.1:716-907(+,-)	65.45
AYEL01084007.1:68633-68852(+,-)	67.33
AYEL01055313.1:3507-3918(+,-)	60.84
AYEL01072850.1:29239-29474(+,-)	57.42
AYEL01051795.1:10482-10719(+,-)	59.74
AYEL01091088.1:66131-66352(+,-)	62.78
AYEL01075700.1:6884-7127(+,-)	61.46
AYEL01085918.1:44759-44963(+,-)	68.38
AYEL01017064.1:2304-2504(+,-)	67.27
AYEL01052669.1:214-407(+,-)	69.84
AYEL01035224.1:2815-3022(+,-)	61.43
AYEL01078307.1:29289-29540(+,-)	59.74
AYEL01068314.1:17237-17464(+,-)	66.67
AYEL01076226.1:45030-45263(+,-)	66.67
AYEL01078366.1:3506-3728(+,-)	61.76
AYEL01009844.1:27342-27547(+,-)	62.60
AYEL01052624.1:44330-44563(+,-)	60.68
AYEL01081415.1:21-240(+,-)	59.32
AYEL01087967.1:10839-11087(+,-)	68.66
AYEL01056034.1:22390-22663(+,-)	64.34
AYEL01078056.1:12244-12467(+,-)	61.95
AYEL01075874.1:12448-12653(+,-)	55.61
AYEL01074530.1:29787-30010(+,-)	60.76
AYEL01074937.1:66962-67182(+,-)	85.19
AYEL01057007.1:4405-4635(+,-)	65.14
AYEL01086671.1:53741-53982(-)	65.14
AYEL01065031.1:1664-1889(+,-)	64.19
AYEL01065390.1:517-740(+,-)	62.16
AYEL01079624.1:4242-4474(+,-)	62.84
AYEL01090177.1:6238-6437(+,-)	63.41
AYEL01068415.1:67986-68177(+,-)	66.10
AYEL01078716.1:629-847(+,-)	64.15
AYEL01053961.1:45330-45531(+)	80.00
AYEL01074889.1:4946-5157(+,-)	71.55
AYEL01084813.1:9963-10241(+,-)	68.37
AYEL01042334.1:41261-41472(+,-)	63.98
AYEL01089170.1:8007-8231(+,-)	60.84
AYEL01089158.1:19926-20167(+,-)	61.94
AYEL01076486.1:12602-12830(+,-)	63.75
AYEL01091316.1:81542-81755(+,-)	63.27
AYEL01072991.1:44824-45097(+,-)	59.06
AYEL01074153.1:4909-5095(+)	65.77
AYEL01048437.1:1213-1431(+,-)	62.11
AYEL01069310.1:12234-12453(+,-)	63.37
AYEL01068920.1:127263-127492(+,-)	67.89
AYEL01063249.1:11401-11604(+,-)	56.17
AYEL01084542.1:0-278(+,-)	66.02
AYEL01080851.1:4515-4751(+,-)	64.06
AYEL01074057.1:23727-23939(+,-)	68.29
AYEL01064442.1:23923-24141(+,-)	64.14
AYEL01020080.1:2265-2475(+,-)	63.27
AYEL01077612.1:76122-76338(+,-)	67.65
AYEL01032295.1:1376-1608(+,-)	62.32
AYEL01068463.1:52892-53104(+,-)	60.59
AYEL01088921.1:56725-56961(+,-)	62.07
AYEL01081581.1:19034-19305(+,-)	61.75
AYEL01072036.1:1717-1909(+,-)	75.56
AYEL01074024.1:2031-2242(+,-)	62.77
AYEL01087973.1:11133-11348(+,-)	62.89
AYEL01079027.1:8184-8410(+,-)	57.06
AYEL01083096.1:52724-53019(+,-)	62.60
AYEL01089435.1:33677-33899(+,-)	62.41
AYEL01091994.1:19644-19954(+,-)	67.19
AYEL01075387.1:14633-14852(+,-)	70.00
AYEL01091858.1:17056-17275(+,-)	65.77
AYEL01056838.1:10745-10941(+,-)	85.29
AYEL01071028.1:53429-53649(+,-)	60.84
AYEL01054132.1:35444-35681(+,-)	59.74
AYEL01089950.1:1872-2078(+,-)	61.05
AYEL01085930.1:338-570(+,-)	66.67
AYEL01069155.1:26350-26584(+,-)	59.38
AYEL01087058.1:2229-2428(+,-)	59.60
AYEL01087299.1:47283-47479(+,-)	69.77
AYEL01069494.1:20742-20952(+,-)	69.77
AYEL01068511.1:36043-36263(+,-)	66.23
AYEL01050413.1:28719-28951(+,-)	62.65
AYEL01069349.1:12217-12466(+,-)	64.04
AYEL01024679.1:45036-45250(+,-)	67.03
AYEL01062449.1:655-881(+,-)	65.87
AYEL01083121.1:45971-46191(+,-)	62.84
AYEL01087766.1:2221-2437(+,-)	69.72
AYEL01059141.1:1833-2068(+,-)	63.73
AYEL01030585.1:11446-11636(+,-)	62.50
AYEL01066328.1:98242-98487(+,-)	61.17
AYEL01054838.1:12269-12481(+,-)	63.06
AYEL01090284.1:9340-9562(+,-)	65.73
AYEL01079892.1:21706-21940(+,-)	61.64
AYEL01065578.1:22667-22861(+,-)	63.20
AYEL01088623.1:5532-5743(-)	62.59
AYEL01070523.1:10321-10543(+,-)	62.24
AYEL01079328.1:60591-60825(+,-)	77.78
AYEL01044994.1:20674-20892(+,-)	65.43
AYEL01076507.1:37730-37924(+,-)	58.64
AYEL01076388.1:15265-15499(+,-)	64.83
AYEL01079010.1:290-485(-)	73.21
AYEL01085820.1:4058-4286(+,-)	74.42
AYEL01091992.1:4697-4931(+,-)	56.52
AYEL01068980.1:76839-77045(+,-)	56.38
AYEL01065778.1:28200-28406(+,-)	69.47
AYEL01053859.1:50950-51212(+,-)	62.37
AYEL01091637.1:35115-35322(+,-)	75.00
AYEL01059889.1:27750-27971(+,-)	71.11
AYEL01089457.1:8213-8407(+,-)	60.53
AYEL01091554.1:13283-13500(+,-)	65.13
AYEL01087868.1:3612-3844(+,-)	63.00
AYEL01076764.1:23723-23931(+,-)	63.12
AYEL01066409.1:17638-17864(+,-)	62.59
AYEL01089259.1:17489-17701(+,-)	59.71
AYEL01029913.1:7507-7749(+,-)	60.14
AYEL01076817.1:101401-101617(+,-)	64.42
AYEL01060241.1:9312-9543(+,-)	62.31
AYEL01083879.1:22091-22334(+,-)	54.69
AYEL01060253.1:11373-11599(+,-)	63.28
AYEL01028394.1:181-564(+,-)	61.45
AYEL01089082.1:3553-3782(+,-)	64.36
AYEL01076911.1:38367-38598(+,-)	62.98
AYEL01050580.1:3412-3634(+,-)	62.20
AYEL01066017.1:10938-11170(+,-)	62.09
AYEL01078643.1:12575-12810(+,-)	59.86
AYEL01091673.1:64552-64772(+,-)	62.30
AYEL01051716.1:33040-33275(+,-)	60.65
AYEL01075015.1:14457-14672(+,-)	58.27
AYEL01053895.1:8195-8452(+,-)	67.91
AYEL01064412.1:1773-1990(+,-)	64.91
AYEL01066225.1:34023-34269(+,-)	57.62
AYEL01079037.1:1827-2057(+,-)	62.69
AYEL01080050.1:32638-32879(+,-)	59.22
AYEL01074068.1:72026-72282(+,-)	61.11
AYEL01091277.1:92187-92417(+,-)	62.84
AYEL01075040.1:13283-13477(+,-)	67.97
AYEL01085765.1:116305-116537(+,-)	61.61
AYEL01024923.1:89142-89362(+,-)	63.37
AYEL01077578.1:49607-49803(+,-)	61.02
AYEL01087290.1:27144-27647(+,-)	62.31
AYEL01066808.1:82470-82679(+,-)	64.60
AYEL01070271.1:83567-83789(+,-)	77.78
AYEL01055778.1:22907-23118(+,-)	61.61
AYEL01074280.1:1204-1421(+,-)	69.23
AYEL01086425.1:2675-2909(+,-)	60.56
AYEL01047506.1:26310-26522(+,-)	60.13
AYEL01077348.1:16755-16954(+,-)	57.93
AYEL01057933.1:22387-22627(+,-)	64.08
AYEL01078665.1:8762-8986(+,-)	65.41
AYEL01084422.1:39310-39517(+,-)	58.60
AYEL01063157.1:25705-25923(+,-)	64.23
AYEL01084867.1:12651-12989(+,-)	59.42
AYEL01060340.1:39489-39707(+,-)	60.74
AYEL01072481.1:17637-18020(+,-)	65.75
AYEL01060073.1:13669-13894(+,-)	62.76
AYEL01085096.1:3680-3896(+,-)	58.78
AYEL01022535.1:2288-2530(+,-)	58.25
AYEL01069639.1:5201-5430(+,-)	60.96
AYEL01089536.1:2340-2584(+,-)	67.02
AYEL01065794.1:41157-41377(+,-)	63.70
AYEL01080462.1:11783-11986(+,-)	74.44
AYEL01072950.1:47078-47308(+,-)	63.01
AYEL01091180.1:1845-2075(+,-)	59.86
AYEL01069128.1:11146-11362(+,-)	62.07
AYEL01081227.1:38472-38661(+,-)	74.58
AYEL01086725.1:6419-6649(+,-)	69.84
AYEL01084904.1:19464-19691(+,-)	61.60
AYEL01085449.1:29013-29225(+,-)	60.56
AYEL01070132.1:1448-1641(+,-)	66.38
AYEL01074068.1:54552-54802(+,-)	67.52
AYEL01068008.1:2901-3143(+,-)	73.33
AYEL01085398.1:5766-5983(+,-)	61.81
AYEL01083801.1:62093-62307(+,-)	59.26
AYEL01044728.1:10893-11101(+,-)	67.97
AYEL01086975.1:23348-23570(+,-)	58.96
AYEL01027715.1:9146-9363(+,-)	68.12
AYEL01058012.1:27968-28187(+,-)	61.11
AYEL01047725.1:3047-3278(+,-)	71.88
AYEL01085522.1:0-196(+,-)	61.94
AYEL01078294.1:10-225(+,-)	62.89
AYEL01090349.1:23487-23713(+,-)	63.27
AYEL01065197.1:10776-11024(+,-)	68.06
AYEL01062559.1:43427-43642(+,-)	77.78
AYEL01048199.1:1664-1868(+,-)	60.76
AYEL01081488.1:9701-9909(+,-)	67.39
AYEL01055541.1:45994-46212(+,-)	65.03
AYEL01040395.1:9501-9730(+,-)	64.56
AYEL01090251.1:736-988(+,-)	66.96
AYEL01084572.1:9146-9452(+,-)	66.96
AYEL01088667.1:25211-25431(+,-)	70.41
AYEL01022995.1:316-530(+,-)	63.37
AYEL01063767.1:45453-45670(+,-)	59.26
AYEL01067648.1:4317-4547(+,-)	64.38
AYEL01048074.1:15762-15958(+,-)	67.27
AYEL01067434.1:19739-19957(+,-)	59.86
AYEL01073005.1:32542-33090(+,-)	60.00
AYEL01070700.1:76391-76620(+,-)	66.13
AYEL01081037.1:1266-1491(+,-)	68.75
AYEL01066227.1:21151-21504(+,-)	65.57
AYEL01073766.1:12497-12717(+,-)	72.00
AYEL01077459.1:8035-8240(+,-)	63.37
AYEL01083235.1:61730-61950(+,-)	62.68
AYEL01028561.1:12372-12617(+,-)	69.70
AYEL01087438.1:4153-4364(+,-)	64.12
AYEL01067325.1:1114-1346(+,-)	58.96
AYEL01031365.1:8851-9055(+,-)	73.33
AYEL01074570.1:47912-48134(+,-)	70.21
AYEL01074536.1:41265-41494(+,-)	60.00
AYEL01070833.1:527-744(+,-)	67.46
AYEL01038450.1:28538-28742(+,-)	73.33
AYEL01032577.1:8425-8643(+,-)	62.26
AYEL01028239.1:600-813(+,-)	64.00
AYEL01078273.1:26785-27017(+,-)	61.49
AYEL01081947.1:156169-156364(+,-)	68.00
AYEL01071350.1:92457-92689(+,-)	61.68
AYEL01066344.1:3349-3591(+,-)	60.19
AYEL01058746.1:8606-8802(+,-)	65.79
AYEL01091293.1:1742-1989(+,-)	62.69
AYEL01078931.1:5941-6159(+,-)	83.33
AYEL01091754.1:47811-48024(+,-)	64.33
AYEL01092238.1:30531-30744(+,-)	57.14
AYEL01062487.1:14306-14530(+,-)	56.64
AYEL01088963.1:27786-28020(+,-)	59.70
AYEL01080448.1:9642-10093(+,-)	66.67
AYEL01024322.1:20610-20864(+,-)	64.41
AYEL01069556.1:21974-22190(+,-)	61.81
AYEL01046539.1:23119-23350(+,-)	56.64
AYEL01043351.1:14846-15087(+,-)	62.50
AYEL01066790.1:1156-1360(+,-)	61.49
AYEL01060187.1:4605-4858(+,-)	58.82
AYEL01072717.1:51559-51792(+,-)	67.02
AYEL01075477.1:3365-3584(+,-)	63.38
AYEL01084437.1:113336-113553(+,-)	63.06
AYEL01042941.1:60752-60962(+,-)	61.97
AYEL01070112.1:71077-71291(+,-)	61.44
AYEL01078201.1:157963-158176(+,-)	61.25
AYEL01077657.1:2933-3136(+,-)	62.33
AYEL01089998.1:23551-23782(+,-)	68.75
AYEL01058449.1:19465-19682(+,-)	72.73
AYEL01078539.1:32338-32530(+,-)	66.29
AYEL01063541.1:3789-4019(+,-)	59.15
AYEL01075428.1:160950-161163(+,-)	62.16
AYEL01068732.1:20786-21006(+,-)	65.33
AYEL01060340.1:120841-121058(+,-)	66.94
AYEL01063774.1:39391-39614(+,-)	66.67
AYEL01086032.1:36347-36577(+,-)	61.90
AYEL01068169.1:8979-9211(+,-)	61.94
AYEL01091878.1:20817-21241(+,-)	56.67
AYEL01062680.1:17168-17370(+,-)	71.54
AYEL01070517.1:7715-8002(+,-)	68.42
AYEL01066015.1:6323-6538(+,-)	61.64
AYEL01086169.1:30028-30263(+,-)	71.03
AYEL01081112.1:8285-8520(+,-)	59.86
AYEL01044603.1:535-723(+,-)	70.94
AYEL01064055.1:52339-52567(+,-)	61.90
AYEL01050543.1:6858-7090(+,-)	67.53
AYEL01080373.1:49534-49768(+,-)	61.61
AYEL01086792.1:759-985(+,-)	64.39
AYEL01073067.1:2468-2712(+,-)	62.42
AYEL01054507.1:249-535(+,-)	64.60
AYEL01035068.1:10567-10833(+,-)	63.57
AYEL01087245.1:175393-175613(+,-)	63.03
AYEL01082569.1:40525-40755(+,-)	58.22
AYEL01091898.1:35957-36230(+,-)	58.16
AYEL01063984.1:12855-13086(+,-)	66.41
AYEL01092171.1:46531-46745(+,-)	65.64
AYEL01034489.1:4860-5075(+,-)	58.33
AYEL01048781.1:4999-5213(+,-)	62.20
AYEL01024930.1:61677-61871(+,-)	59.72
AYEL01074123.1:6596-6816(+,-)	58.72
AYEL01075540.1:19810-20023(+,-)	64.10
AYEL01055641.1:543-776(+,-)	60.28
AYEL01085102.1:3379-3602(+,-)	63.16
AYEL01070586.1:14538-14755(+,-)	58.54
AYEL01084201.1:136395-136632(+,-)	69.75
AYEL01071267.1:33034-33413(+,-)	63.86
AYEL01063143.1:71197-71414(+,-)	64.63
AYEL01082612.1:10374-10576(+,-)	62.07
AYEL01091704.1:94068-94288(+,-)	57.42
AYEL01091340.1:1802-2021(+,-)	71.11
AYEL01092082.1:27554-27759(+,-)	64.08
AYEL01072213.1:7128-7393(+,-)	68.33
AYEL01063160.1:26453-26669(+,-)	71.11
AYEL01075939.1:8167-8401(+,-)	69.11
AYEL01087537.1:52723-52923(-)	62.76
AYEL01068288.1:85703-85932(+,-)	64.34
AYEL01084394.1:12675-12907(+,-)	71.07
AYEL01059604.1:7066-7287(+,-)	62.24
AYEL01082858.1:63239-63458(+,-)	61.82
AYEL01084107.1:52311-52526(+,-)	66.10
AYEL01065804.1:4529-4734(+,-)	63.38
AYEL01085223.1:1106-1325(+,-)	61.26
AYEL01000472.1:461-698(+,-)	58.90
AYEL01069434.1:115059-115275(+,-)	56.13
AYEL01072108.1:521-718(+,-)	57.14
AYEL01061514.1:19164-19397(+,-)	61.19
AYEL01068151.1:44796-45015(+,-)	62.41
AYEL01058619.1:492-714(+,-)	56.67
AYEL01085284.1:12007-12241(+,-)	61.76
AYEL01082508.1:17976-18173(+,-)	75.56
AYEL01033705.1:10386-10605(+,-)	68.47
AYEL01092372.1:51147-51362(+,-)	56.77
AYEL01082533.1:13685-13919(+,-)	59.85
AYEL01064761.1:9796-10132(+,-)	64.35
AYEL01086926.1:11214-11512(+,-)	64.74
AYEL01071619.1:29584-29801(+,-)	62.20
AYEL01088944.1:849-1071(+,-)	66.43
AYEL01062337.1:4039-4302(+,-)	59.30
AYEL01008342.1:29319-29550(+,-)	71.11
AYEL01030990.1:733-940(+,-)	59.46
AYEL01027340.1:0-205(+,-)	66.67
AYEL01053961.1:42967-43181(+,-)	62.00
AYEL01081527.1:24771-25006(+,-)	60.54
AYEL01074113.1:7528-7741(+,-)	60.25
AYEL01076557.1:50707-50923(+,-)	59.76
AYEL01083330.1:4107-4324(+,-)	63.64
AYEL01086387.1:1761-2043(+,-)	65.03
AYEL01091524.1:6545-6761(+,-)	58.78
AYEL01072152.1:63830-64034(+,-)	59.36
AYEL01068639.1:14135-14344(+,-)	72.00
AYEL01074956.1:18250-18478(+,-)	59.44
AYEL01080230.1:27874-28101(+,-)	74.55
AYEL01087193.1:16649-16855(+,-)	60.87
AYEL01061953.1:1038-1256(+,-)	65.52
AYEL01072328.1:8370-8576(+,-)	64.14
AYEL01090680.1:28221-28441(+,-)	61.54
AYEL01091624.1:70982-71190(+,-)	60.37
AYEL01054948.1:1805-2015(+,-)	69.77
AYEL01043668.1:63872-64103(+,-)	61.43
AYEL01078360.1:5379-5613(+,-)	60.50
AYEL01061798.1:11820-12052(+,-)	65.24
AYEL01080890.1:7446-7688(+,-)	64.36
AYEL01051596.1:103961-104179(+,-)	64.58
AYEL01073891.1:14184-14411(+,-)	58.33
AYEL01081015.1:49687-49924(+,-)	61.54
AYEL01075875.1:523-733(+,-)	62.07
AYEL01076749.1:37724-37981(+,-)	71.43
AYEL01083893.1:51814-52042(+,-)	57.86
AYEL01074070.1:34565-34811(+,-)	67.19
AYEL01068228.1:47183-47409(+,-)	61.29
AYEL01034204.1:36403-36701(+,-)	58.33
AYEL01065174.1:2864-3060(+,-)	63.93
AYEL01080732.1:5476-5692(+,-)	60.87
AYEL01078187.1:8172-8574(+,-)	72.88
AYEL01061921.1:56855-57111(+,-)	66.67
AYEL01051211.1:23831-24054(+,-)	60.00
AYEL01088579.1:18130-18344(+,-)	61.70
AYEL01041914.1:106830-107051(+,-)	59.09
AYEL01023613.1:32520-32898(+,-)	63.73
AYEL01078466.1:30840-31210(+,-)	65.32
AYEL01034594.1:94-363(+,-)	63.28
AYEL01038269.1:1914-2147(+,-)	76.19
AYEL01076650.1:18318-18550(+,-)	61.19
AYEL01070007.1:4500-4689(+,-)	62.24
AYEL01080167.1:86491-86723(+,-)	73.33
AYEL01091922.1:8903-9108(+,-)	59.54
AYEL01032383.1:3114-3310(+,-)	63.11
AYEL01069807.1:4443-4666(+,-)	64.94
AYEL01021883.1:0-204(+,-)	63.23
AYEL01056602.1:11199-11425(+,-)	59.33
AYEL01072819.1:55241-55446(-)	72.97
AYEL01088878.1:2703-2991(+,-)	63.78
AYEL01080063.1:31079-31294(-)	66.18
AYEL01086441.1:68801-68994(+)	63.11
AYEL01036790.1:69280-69473(+,-)	62.50
AYEL01071620.1:7273-7498(+,-)	68.57
AYEL01046659.1:1524-1757(+,-)	64.83
AYEL01081127.1:19285-19512(+,-)	64.83
AYEL01060344.1:22100-22315(+,-)	63.38
AYEL01056180.1:12209-12438(+,-)	61.83
AYEL01088807.1:42810-43009(+)	64.29
AYEL01083063.1:71634-71875(+,-)	64.29
AYEL01065850.1:11694-11902(+,-)	64.17
AYEL01080762.1:43651-43865(+,-)	60.27
AYEL01088352.1:73554-73786(+,-)	66.67
AYEL01091813.1:8605-8808(+,-)	60.27
AYEL01084398.1:17869-18104(+,-)	60.42
AYEL01090122.1:12385-12619(+,-)	64.90
AYEL01081655.1:1737-1955(+,-)	73.91
AYEL01070902.1:41040-41266(+,-)	60.20
AYEL01068544.1:413-628(+,-)	61.54
AYEL01056838.1:37963-38193(+,-)	75.00
AYEL01084115.1:55330-55562(+,-)	62.34
AYEL01046530.1:27090-27301(+,-)	70.25
AYEL01071538.1:18654-18875(+,-)	65.77
AYEL01048162.1:9938-10198(+,-)	63.27
AYEL01059468.1:45001-45428(+,-)	59.42
AYEL01061569.1:1443-1663(+,-)	66.00
AYEL01086704.1:49958-50173(+,-)	58.54
AYEL01058078.1:57532-57747(+,-)	61.31
AYEL01090273.1:79702-79933(+,-)	62.94
AYEL01083363.1:1521-1738(+,-)	65.00
AYEL01038865.1:2697-2971(+,-)	61.49
AYEL01075105.1:37143-37361(+,-)	65.03
AYEL01067859.1:4304-4516(-)	61.15
AYEL01083481.1:19961-20181(+,-)	59.46
AYEL01061850.1:29139-29361(+,-)	62.31
AYEL01075279.1:39433-39677(+,-)	58.95
AYEL01085319.1:34307-34596(+,-)	72.03
AYEL01049029.1:1354-1554(+,-)	64.00
AYEL01092281.1:747-961(+,-)	64.35
AYEL01051197.1:48-234(+)	66.67
AYEL01045733.1:20143-20371(+,-)	60.27
AYEL01055854.1:129250-129537(+,-)	59.59
AYEL01091048.1:67072-67296(+,-)	60.00
AYEL01082180.1:1199-1416(+,-)	65.59
AYEL01074194.1:66576-66769(+,-)	65.16
AYEL01079252.1:2076-2303(+,-)	62.50
AYEL01089379.1:33458-33678(+,-)	66.17
AYEL01034019.1:13766-14015(+,-)	64.57
AYEL01083833.1:11570-11787(+,-)	65.87
AYEL01070176.1:5901-6142(+,-)	69.57
AYEL01086533.1:20526-20733(+,-)	72.36
AYEL01077311.1:148780-148981(+,-)	57.78
AYEL01087689.1:27534-27749(+,-)	61.70
AYEL01073976.1:5094-5315(+,-)	64.29
AYEL01071925.1:2718-2938(+,-)	60.10
AYEL01091483.1:3026-3246(+,-)	62.16
AYEL01067726.1:16276-16464(+,-)	67.47
AYEL01071314.1:16080-16285(+,-)	62.63
AYEL01077846.1:7372-7591(+,-)	65.35
AYEL01084614.1:1912-2141(+,-)	61.90
AYEL01068696.1:52958-53191(+,-)	58.10
AYEL01053578.1:20045-20443(+,-)	72.34
AYEL01090762.1:3352-3624(+,-)	61.71
AYEL01089716.1:40885-41121(+,-)	59.18
AYEL01057628.1:3976-4199(+,-)	63.85
AYEL01051114.1:9462-9692(+,-)	62.50
AYEL01070647.1:22892-23128(+,-)	67.16
AYEL01053548.1:16887-17107(+,-)	71.55
AYEL01083114.1:2215-2428(+,-)	59.44
AYEL01061434.1:5935-6154(+,-)	65.22
AYEL01082689.1:13792-14007(+,-)	59.63
AYEL01074970.1:27241-27434(+,-)	64.29
AYEL01054875.1:987-1287(+)	64.63
AYEL01085219.1:4665-4899(+,-)	66.41
AYEL01058955.1:23842-24087(+,-)	65.31
AYEL01040606.1:5965-6160(+,-)	64.86
AYEL01087986.1:1707-1914(+,-)	65.38
AYEL01070864.1:1725-2083(+,-)	65.03
AYEL01058280.1:310-515(+,-)	64.36
AYEL01072568.1:11489-11709(+,-)	70.24
AYEL01053395.1:265-491(+,-)	59.66
AYEL01084120.1:207-412(+,-)	69.57
AYEL01047609.1:5352-5548(+,-)	72.88
AYEL01036790.1:42131-42347(+,-)	68.80
AYEL01081372.1:28955-29200(+,-)	73.91
AYEL01045013.1:28988-29214(+,-)	62.12
AYEL01062005.1:50335-50555(+,-)	58.33
AYEL01065853.1:11786-12003(+,-)	64.34
AYEL01060749.1:16356-16575(+,-)	64.62
AYEL01045931.1:79-284(+,-)	60.00
AYEL01079469.1:9562-9763(+)	68.12
AYEL01069682.1:1655-1875(+,-)	68.52
AYEL01066908.1:14126-14316(-)	64.71
AYEL01075183.1:19066-19294(+,-)	65.08
AYEL01090159.1:336-570(+,-)	73.47
AYEL01075428.1:22077-22307(+,-)	66.02
AYEL01089918.1:30940-31155(+,-)	61.08
AYEL01087420.1:3481-3701(+,-)	62.89
AYEL01092070.1:43-246(+,-)	60.63
AYEL01086831.1:107-326(+,-)	61.29
AYEL01070853.1:561-782(+,-)	63.33
AYEL01081765.1:14560-14758(+,-)	71.05
AYEL01078669.1:6645-6857(+,-)	67.86
AYEL01069653.1:33609-33845(+,-)	61.74
AYEL01089941.1:13529-13734(-)	66.33
AYEL01041414.1:352-590(+,-)	60.95
AYEL01076384.1:81596-81829(+,-)	62.26
AYEL01069636.1:3171-3398(+,-)	69.89
AYEL01080476.1:2457-2680(+,-)	60.69
AYEL01040577.1:804-1002(+,-)	62.94
AYEL01061748.1:8486-8715(+,-)	67.86
AYEL01069861.1:60182-60432(+,-)	60.14
AYEL01063292.1:28905-29139(+,-)	60.56
AYEL01070017.1:56641-56836(+,-)	60.58
AYEL01062618.1:2824-3028(-)	62.39
AYEL01086572.1:12456-12687(+,-)	56.72
AYEL01087175.1:42038-42278(+,-)	68.42
AYEL01043982.1:2692-2897(+,-)	57.93
AYEL01084814.1:4268-4507(+,-)	68.33
AYEL01055844.1:26096-26302(+,-)	59.07
AYEL01074266.1:32752-32984(+,-)	61.11
AYEL01060863.1:20967-21200(+,-)	54.93
AYEL01072177.1:34575-34807(+,-)	65.62
AYEL01081610.1:44186-44417(+,-)	63.58
AYEL01070401.1:9231-9458(+,-)	60.14
AYEL01076999.1:9778-10005(+,-)	64.83
AYEL01072695.1:29606-29823(+,-)	64.76
AYEL01079378.1:21056-21275(+,-)	64.63
AYEL01086000.1:35374-35582(+,-)	66.96
AYEL01066360.1:12503-12716(+,-)	60.27
AYEL01090996.1:16031-16284(+,-)	67.19
AYEL01011980.1:1010-1238(+,-)	62.30
AYEL01085046.1:18618-18833(+,-)	64.00
AYEL01076669.1:40230-40450(+,-)	85.19
AYEL01088161.1:1917-2170(+,-)	61.94
AYEL01066596.1:20209-20395(+)	64.15
AYEL01088471.1:121037-121263(+,-)	63.25
AYEL01072056.1:1268-1462(+,-)	62.64
AYEL01049846.1:10916-11146(+,-)	63.51
AYEL01071988.1:13922-14179(+,-)	65.57
AYEL01066344.1:3869-4071(+,-)	64.15
AYEL01071279.1:233-437(+,-)	66.94
AYEL01081383.1:2179-2370(+,-)	63.44
AYEL01081702.1:27815-28057(+,-)	66.07
AYEL01085667.1:9945-10136(-)	61.19
AYEL01038438.1:57727-57959(+,-)	61.14
AYEL01083771.1:6411-6643(+,-)	61.14
AYEL01083441.1:34293-34508(+,-)	62.71
AYEL01042071.1:583-775(+,-)	60.95
AYEL01034339.1:16220-16457(+,-)	61.90
AYEL01086975.1:26393-26615(+,-)	58.96
AYEL01068138.1:24013-24232(+,-)	58.90
AYEL01077355.1:37724-37930(+,-)	72.07
AYEL01084638.1:31794-32145(+,-)	59.29
AYEL01022393.1:8-230(+,-)	68.33
AYEL01091565.1:32206-32407(+,-)	66.67
AYEL01033765.1:2031-2258(+,-)	64.58
AYEL01060039.1:18718-18940(+,-)	60.12
AYEL01075187.1:27025-27279(+,-)	60.00
AYEL01038903.1:10567-10782(+,-)	64.38
AYEL01063539.1:41661-41881(+,-)	85.19
AYEL01045931.1:12015-12209(+,-)	61.54
AYEL01075700.1:13023-13255(+,-)	64.54
AYEL01056110.1:1299-1529(+,-)	58.75
AYEL01077677.1:86929-87163(+,-)	59.81
AYEL01070465.1:1902-2109(+)	61.54
AYEL01063932.1:107548-107763(+,-)	60.14
AYEL01051287.1:216-400(+)	60.16
AYEL01076122.1:5703-5921(+,-)	58.70
AYEL01072787.1:12202-12398(+,-)	58.50
AYEL01083762.1:30803-31034(+,-)	60.14
AYEL01070325.1:22462-22694(+,-)	61.64
AYEL01009438.1:78441-78637(+,-)	73.08
AYEL01073792.1:105446-105675(+,-)	62.16
AYEL01072876.1:50000-50231(+,-)	60.14
AYEL01049780.1:5894-6146(+,-)	62.63
AYEL01065003.1:31740-31955(+,-)	69.32
AYEL01084110.1:7110-7320(+,-)	67.69
AYEL01088402.1:6081-6314(+,-)	64.08
AYEL01083093.1:31221-31454(+,-)	61.64
AYEL01073952.1:4617-4860(+,-)	63.46
AYEL01066398.1:8472-8664(+,-)	64.36
AYEL01084652.1:2474-2709(+,-)	61.81
AYEL01071230.1:14794-15089(+,-)	69.32
AYEL01073437.1:1269-1489(+,-)	63.51
AYEL01087767.1:8853-9074(+,-)	63.89
AYEL01069263.1:21743-21940(+,-)	59.13
AYEL01082909.1:165980-166205(+,-)	63.04
AYEL01071587.1:36850-37038(+,-)	64.10
AYEL01020691.1:23239-23464(+,-)	61.74
AYEL01065710.1:8905-9178(+,-)	60.39
AYEL01089779.1:8037-8256(+,-)	63.38
AYEL01077537.1:7471-7690(+,-)	64.42
AYEL01072660.1:11001-11218(+,-)	62.50
AYEL01091769.1:4643-4870(+,-)	60.20
AYEL01056283.1:2783-2982(+,-)	68.70
AYEL01058374.1:18178-18397(+,-)	63.77
AYEL01075928.1:23171-23401(+,-)	66.14
AYEL01084719.1:2619-2810(+)	65.69
AYEL01075070.1:9891-10185(+,-)	61.59
AYEL01068180.1:3444-3650(+,-)	61.35
AYEL01082285.1:52690-52908(+,-)	58.04
AYEL01078215.1:99416-99643(+,-)	64.65
AYEL01079251.1:1890-2124(+,-)	59.72
AYEL01042880.1:2821-3040(+,-)	71.91
AYEL01091759.1:28375-28614(+,-)	59.63
AYEL01074967.1:30924-31141(+,-)	70.89
AYEL01085934.1:23634-23855(+,-)	60.00
AYEL01056035.1:2401-2609(+,-)	61.60
AYEL01063598.1:3067-3276(+,-)	63.27
AYEL01087093.1:5443-5679(+,-)	62.76
AYEL01087579.1:29635-29840(+,-)	63.83
AYEL01077695.1:26922-27143(+,-)	66.32
AYEL01077609.1:35057-35468(+,-)	64.29
AYEL01087521.1:34118-34349(+,-)	58.96
AYEL01081580.1:32443-32659(+,-)	58.29
AYEL01073855.1:14250-14473(+,-)	62.11
AYEL01056796.1:34435-34676(+,-)	61.49
AYEL01054836.1:30622-30856(+,-)	59.52
AYEL01038801.1:25995-26402(+,-)	61.22
AYEL01064134.1:6905-7279(+,-)	69.03
AYEL01076379.1:40316-40547(+,-)	61.64
AYEL01078209.1:10096-10371(+,-)	58.29
AYEL01089288.1:18572-18798(+,-)	63.64
AYEL01046015.1:187-406(+,-)	60.78
AYEL01091538.1:50069-50287(+,-)	59.01
AYEL01064796.1:5017-5240(+,-)	62.50
AYEL01086542.1:17323-17556(+,-)	62.75
AYEL01019895.1:27701-27913(+,-)	63.69
AYEL01020217.1:0-307(+,-)	62.65
AYEL01045931.1:5651-5853(+,-)	65.59
AYEL01077411.1:71450-71666(+,-)	67.74
AYEL01072063.1:1354-1577(+,-)	61.76
AYEL01047850.1:473-673(+,-)	62.90
AYEL01066994.1:47088-47427(+,-)	65.96
AYEL01068288.1:43491-43697(+,-)	56.06
AYEL01062135.1:4997-5232(+,-)	62.07
AYEL01085788.1:11122-11336(+,-)	64.60
AYEL01070218.1:26558-26780(+,-)	63.83
AYEL01078098.1:15771-16060(+,-)	65.62
AYEL01076496.1:9306-9538(+,-)	65.03
AYEL01078372.1:22925-23160(+,-)	64.65
AYEL01064655.1:12674-13102(+,-)	60.00
AYEL01078919.1:92955-93186(+,-)	67.00
AYEL01070762.1:74190-74402(+,-)	68.89
AYEL01067523.1:5479-5698(+,-)	59.06
AYEL01091487.1:564-829(+,-)	59.75
AYEL01061927.1:5406-5673(+,-)	63.16
AYEL01081811.1:38972-39196(+,-)	66.30
AYEL01081836.1:129784-129993(+,-)	66.67
AYEL01036790.1:58078-58283(+,-)	62.71
AYEL01082247.1:44150-44378(+,-)	61.36
AYEL01075312.1:98974-99201(+,-)	59.86
AYEL01060831.1:3970-4178(+,-)	58.73
AYEL01062957.1:6668-6908(+,-)	60.39
AYEL01087598.1:29874-30092(+,-)	77.27
AYEL01025817.1:55501-55731(+,-)	61.11
AYEL01080752.1:7796-8017(+,-)	62.61
AYEL01072086.1:3422-3641(+,-)	67.26
AYEL01067310.1:1132-1349(+,-)	77.78
AYEL01082193.1:27222-27422(+,-)	64.35
AYEL01068200.1:55180-55414(+,-)	61.97
AYEL01082661.1:10965-11177(+,-)	63.38
AYEL01058716.1:6067-6275(+,-)	66.88
AYEL01083438.1:112084-112283(+,-)	63.79
AYEL01048511.1:6435-6642(+,-)	61.81
AYEL01089936.1:43760-43976(+,-)	62.59
AYEL01065333.1:31321-31551(+,-)	63.75
AYEL01058578.1:7472-7684(+,-)	60.65
AYEL01073127.1:104095-104325(+,-)	62.02
AYEL01090824.1:9216-9447(+,-)	59.62
AYEL01021110.1:107422-107654(+,-)	70.21
AYEL01087480.1:16615-16846(+,-)	64.83
AYEL01089590.1:30360-30551(+,-)	61.81
AYEL01087859.1:106550-106817(+,-)	68.79
AYEL01087800.1:22798-23027(+,-)	65.56
AYEL01001679.1:0-209(+,-)	62.41
AYEL01092333.1:14431-14671(+,-)	64.60
AYEL01091285.1:50060-50447(+,-)	60.96
AYEL01077699.1:4400-4600(+,-)	64.91
AYEL01081907.1:1315-1555(+,-)	64.03
AYEL01087859.1:109538-109744(+,-)	70.59
AYEL01039381.1:66479-66706(+,-)	62.07
AYEL01083926.1:6604-6820(+,-)	59.77
AYEL01070092.1:564-778(+,-)	62.11
AYEL01052483.1:159405-159636(+,-)	62.16
AYEL01051410.1:13922-14205(+,-)	63.19
AYEL01034624.1:3101-3307(+,-)	68.85
AYEL01079682.1:16077-16330(+,-)	53.99
AYEL01063825.1:3819-4046(+,-)	68.57
AYEL01082059.1:2448-2666(+,-)	63.01
AYEL01078206.1:50330-50598(+,-)	63.64
AYEL01076668.1:4126-4350(+,-)	65.15
AYEL01070349.1:17751-17970(+,-)	65.54
AYEL01087438.1:10260-10470(+,-)	58.33
AYEL01065678.1:2186-2414(+,-)	63.16
AYEL01080405.1:28831-29056(+,-)	60.42
AYEL01053423.1:2968-3177(+,-)	66.33
AYEL01023129.1:48777-49012(+,-)	63.85
AYEL01070960.1:69270-69495(+,-)	57.94
AYEL01069633.1:27934-28146(+,-)	64.85
AYEL01081446.1:20525-20751(+,-)	61.11
AYEL01066077.1:8436-8657(+,-)	63.01
AYEL01056283.1:5835-6052(+,-)	60.74
AYEL01059724.1:23681-23877(-)	69.67
AYEL01091557.1:5949-6161(+,-)	61.54
AYEL01082203.1:48066-48303(+,-)	62.07
AYEL01087030.1:62138-62356(+,-)	61.31
AYEL01071524.1:18492-18705(+,-)	64.97
AYEL01021331.1:10461-10674(+,-)	66.67
AYEL01070701.1:5202-5433(+,-)	63.19
AYEL01082988.1:15633-15869(+,-)	60.31
AYEL01081951.1:5813-6034(+,-)	57.64
AYEL01079333.1:47567-47838(+,-)	65.42
AYEL01061170.1:26167-26407(+,-)	69.35
AYEL01086433.1:13635-13988(+,-)	64.29
AYEL01087858.1:139219-139437(+,-)	63.19
AYEL01084814.1:52894-53124(+,-)	63.36
AYEL01082574.1:23396-23616(+,-)	64.91
AYEL01064766.1:22440-22661(+,-)	59.85
AYEL01078278.1:30262-30475(+,-)	68.10
AYEL01063769.1:12176-12409(+,-)	62.14
AYEL01091483.1:1153-1404(+,-)	71.19
AYEL01060440.1:5025-5239(+,-)	62.76
AYEL01064182.1:41260-41483(+,-)	58.11
AYEL01065949.1:11103-11335(+,-)	61.14
AYEL01078916.1:41081-41317(+,-)	63.41
AYEL01077013.1:6371-6585(+,-)	62.30
AYEL01069541.1:1118-1370(+,-)	62.50
AYEL01091467.1:120754-120958(+,-)	58.40
AYEL01076175.1:3603-3820(+,-)	61.49
AYEL01089936.1:44003-44222(+,-)	62.82
AYEL01068983.1:17217-17428(+,-)	64.90
AYEL01061858.1:4028-4252(+,-)	64.77
AYEL01073651.1:88488-88727(+,-)	63.31
AYEL01080993.1:40371-40928(+,-)	66.18
AYEL01083959.1:23777-24047(+,-)	60.78
AYEL01091628.1:36312-36523(+,-)	62.33
AYEL01051940.1:3910-4123(+,-)	69.43
AYEL01072555.1:56538-56770(+,-)	67.19
AYEL01090302.1:32519-32716(+,-)	59.18
AYEL01044793.1:5541-5732(+,-)	64.80
AYEL01089795.1:40528-40749(+,-)	80.65
AYEL01091792.1:23964-24179(+,-)	72.88
AYEL01063357.1:19-458(+,-)	64.38
AYEL01087520.1:4754-4953(+,-)	62.73
AYEL01085548.1:2775-2998(+,-)	60.29
AYEL01077107.1:12382-12609(+,-)	65.18
AYEL01089448.1:26929-27137(+,-)	64.05
AYEL01080741.1:24140-24366(+,-)	62.24
AYEL01044747.1:23-243(+,-)	65.85
AYEL01074095.1:13176-13374(+,-)	82.76
AYEL01086297.1:12318-12547(+,-)	60.61
AYEL01067101.1:625-853(+,-)	63.98
AYEL01035924.1:22978-23202(+,-)	63.92
AYEL01091754.1:62887-63119(+,-)	65.67
AYEL01070194.1:32159-32352(+,-)	66.47
AYEL01084814.1:62404-62568(-)	63.10
AYEL01090930.1:2946-3353(+,-)	65.22
AYEL01087967.1:14570-15063(+,-)	61.39
AYEL01088851.1:11711-11927(+,-)	65.07
AYEL01070762.1:3662-3856(+,-)	61.96
AYEL01089780.1:1093-1309(+,-)	63.77
AYEL01086910.1:96597-96830(+,-)	62.04
AYEL01079558.1:7482-7701(+,-)	61.11
AYEL01063292.1:54327-54562(+,-)	66.67
AYEL01083276.1:38549-38888(+,-)	62.60
AYEL01086971.1:25287-25476(+,-)	64.60
AYEL01061065.1:25638-25868(+,-)	58.11
AYEL01078840.1:2998-3287(+,-)	64.04
AYEL01079778.1:38986-39195(+,-)	62.32
AYEL01082540.1:35650-35907(+,-)	66.14
AYEL01085424.1:112696-112922(+)	63.00
AYEL01086702.1:89416-89647(+,-)	64.22
AYEL01081395.1:2569-2869(+,-)	62.96
AYEL01065457.1:1836-2055(+,-)	57.92
AYEL01058864.1:30785-30975(+,-)	64.86
AYEL01060433.1:2249-2463(+,-)	57.43
AYEL01049339.1:27136-27374(+,-)	56.74
AYEL01088951.1:2945-3195(+,-)	57.69
AYEL01074356.1:4719-4924(+,-)	61.17
AYEL01091602.1:39405-39601(-)	59.31
AYEL01075701.1:17986-18211(+,-)	59.11
AYEL01036053.1:19289-19519(+,-)	60.98
AYEL01051041.1:231-445(+,-)	66.67
AYEL01086537.1:34323-34541(+,-)	57.14
AYEL01067703.1:36151-36365(+,-)	68.00
AYEL01073625.1:2442-2677(+,-)	65.85
AYEL01081816.1:11453-11677(+,-)	64.02
AYEL01083724.1:5931-6159(+,-)	63.91
AYEL01004903.1:83-329(+,-)	62.82
AYEL01085282.1:1756-1981(+,-)	64.76
AYEL01070466.1:30298-30506(+,-)	66.67
AYEL01066842.1:7404-7661(+,-)	61.33
AYEL01089432.1:13025-13251(+,-)	66.67
AYEL01070363.1:14111-14390(+,-)	60.53
AYEL01037210.1:30615-30850(+,-)	70.31
AYEL01087398.1:30796-31004(+,-)	62.75
AYEL01025760.1:47305-47526(+,-)	68.18
AYEL01079942.1:37110-37324(+,-)	62.42
AYEL01091423.1:17719-18014(+,-)	63.92
AYEL01084840.1:1116-1335(+,-)	64.02
AYEL01056853.1:12608-12819(+,-)	66.67
AYEL01036586.1:13-204(+,-)	69.51
AYEL01074867.1:3218-3449(+,-)	63.91
AYEL01082588.1:11187-11422(+,-)	65.08
AYEL01083453.1:65444-65662(+,-)	60.96
AYEL01019881.1:28-244(+,-)	63.36
AYEL01046472.1:15392-15620(+,-)	63.27
AYEL01090214.1:40871-41087(+,-)	63.51
AYEL01049006.1:16530-16780(+,-)	57.53
AYEL01091891.1:84225-84428(+,-)	62.99
AYEL01081404.1:12317-12526(+,-)	64.91
AYEL01091212.1:31177-31617(+,-)	58.27
AYEL01069159.1:51223-51455(+,-)	61.61
AYEL01083375.1:8886-9240(+,-)	59.86
AYEL01074249.1:172535-172729(+,-)	76.19
AYEL01084868.1:22878-23107(+,-)	61.27
AYEL01071684.1:27448-27680(+,-)	63.25
AYEL01065230.1:12115-12335(+,-)	60.99
AYEL01075273.1:18671-18892(+,-)	60.99
AYEL01076557.1:62877-63340(+,-)	68.04
AYEL01084197.1:112206-112443(+,-)	65.62
AYEL01087784.1:24664-24886(+,-)	85.19
AYEL01084326.1:155273-155492(+,-)	62.16
AYEL01076012.1:3077-3287(+,-)	70.80
AYEL01090021.1:7776-8007(+,-)	59.62
AYEL01069402.1:49833-50194(+,-)	64.63
AYEL01049264.1:15576-15787(+,-)	61.94
AYEL01027770.1:1169-1454(+,-)	60.31
AYEL01076046.1:64050-64262(+,-)	73.03
AYEL01086333.1:34737-34955(+,-)	66.00
AYEL01088269.1:14864-15062(+,-)	60.00
AYEL01086081.1:5333-5563(+,-)	64.53
AYEL01086938.1:27891-28170(+,-)	68.25
AYEL01077754.1:13520-13739(+,-)	65.62
AYEL01075816.1:6809-7045(+,-)	63.35
AYEL01088734.1:60890-61104(+,-)	63.45
AYEL01082414.1:1532-1763(+,-)	65.03
AYEL01048079.1:45095-45283(+,-)	65.62
AYEL01065006.1:48045-48239(+,-)	67.62
AYEL01081068.1:66366-66593(+,-)	62.02
AYEL01068567.1:739-972(+,-)	59.31
AYEL01031771.1:32492-32724(+,-)	60.74
AYEL01089535.1:18017-18234(+,-)	57.14
AYEL01072697.1:18405-18604(+,-)	63.44
AYEL01060673.1:12125-12334(+,-)	85.19
AYEL01051214.1:70282-70498(+,-)	57.78
AYEL01069016.1:346-562(+,-)	60.14
AYEL01087743.1:59795-60024(-)	68.80
AYEL01074379.1:24529-24745(+,-)	63.70
AYEL01087426.1:20992-21221(-)	55.49
AYEL01083011.1:35902-36163(+,-)	66.35
AYEL01075816.1:41663-41892(+,-)	59.15
AYEL01080158.1:33877-34093(+,-)	62.50
AYEL01073953.1:1884-2102(+,-)	60.27
AYEL01075817.1:71853-72079(+,-)	64.41
AYEL01083290.1:83009-83224(+,-)	60.49
AYEL01088261.1:11893-12120(+,-)	60.87
AYEL01058273.1:2217-2419(+,-)	60.00
AYEL01088991.1:22299-22528(+,-)	60.69
AYEL01057628.1:7009-7237(+,-)	61.97
AYEL01075986.1:13167-13403(+,-)	59.86
AYEL01054790.1:24618-24831(+,-)	62.71
AYEL01086965.1:48933-49148(+,-)	64.67
AYEL01069624.1:9177-9412(+,-)	68.32
AYEL01074587.1:11804-12030(+,-)	57.62
AYEL01087689.1:27321-27520(+,-)	62.35
AYEL01082838.1:46200-46434(+,-)	61.50
AYEL01053975.1:11901-12094(+,-)	77.14
AYEL01085876.1:87209-87404(+,-)	61.86
AYEL01081480.1:1403-1622(+,-)	73.33
AYEL01080903.1:98185-98396(+,-)	61.07
AYEL01083801.1:61862-62075(+,-)	60.27
AYEL01085680.1:11215-11434(+,-)	63.01
AYEL01060560.1:6138-6353(+,-)	60.27
AYEL01044597.1:24676-24909(+,-)	61.86
AYEL01066842.1:6907-7116(+,-)	66.67
AYEL01058379.1:39962-40188(+,-)	64.08
AYEL01087979.1:69406-69602(+,-)	70.69
AYEL01087899.1:9423-9741(+,-)	65.62
AYEL01053575.1:60606-60835(+,-)	64.86
AYEL01087126.1:10077-10292(+,-)	69.15
AYEL01070604.1:21365-21620(+,-)	64.21
AYEL01070628.1:8146-8360(+,-)	60.87
AYEL01091092.1:60607-60803(+,-)	67.61
AYEL01053352.1:14519-14730(+,-)	63.39
AYEL01042804.1:4237-4468(+,-)	58.87
AYEL01072905.1:13318-13529(+,-)	63.72
AYEL01075428.1:160484-160702(+,-)	62.16
AYEL01076464.1:7567-7863(+,-)	67.57
AYEL01062539.1:10891-11117(+,-)	64.83
AYEL01085584.1:117236-117441(+,-)	59.73
AYEL01049773.1:262-577(+,-)	66.40
AYEL01077034.1:9705-10019(+,-)	64.79
AYEL01037239.1:3931-4160(+,-)	60.66
AYEL01080492.1:2493-2686(+,-)	75.56
AYEL01086781.1:7676-7934(+,-)	64.19
AYEL01063439.1:42925-43159(+,-)	68.35
AYEL01078409.1:26092-26317(+,-)	60.80
AYEL01057836.1:23287-23521(+,-)	61.90
AYEL01087041.1:93169-93366(+,-)	65.18
AYEL01091276.1:23663-23909(+,-)	64.76
AYEL01089856.1:71052-71281(+,-)	64.54
AYEL01079930.1:20566-20836(+,-)	62.86
AYEL01070802.1:4895-5087(-)	69.05
AYEL01091745.1:7960-8287(+,-)	59.55
AYEL01077724.1:70339-70560(+,-)	58.12
AYEL01070519.1:3517-3922(+,-)	61.72
AYEL01065443.1:5369-5592(+,-)	58.78
AYEL01036148.1:68101-68332(+,-)	58.49
AYEL01040561.1:6165-6384(+,-)	64.38
AYEL01020027.1:489-688(+,-)	64.49
AYEL01055586.1:37152-37374(+,-)	62.90
AYEL01083593.1:2961-3185(+,-)	57.93
AYEL01047817.1:8143-8347(+,-)	66.67
AYEL01091200.1:22598-22809(+,-)	64.29
AYEL01074881.1:9566-9781(+,-)	60.81
AYEL01082881.1:5254-5474(+,-)	65.22
AYEL01080980.1:38710-38926(+,-)	61.22
AYEL01015531.1:926-1127(+,-)	59.65
AYEL01092372.1:54676-54916(+,-)	65.07
AYEL01087301.1:22525-22752(+,-)	64.34
AYEL01088702.1:21459-21686(+,-)	59.22
AYEL01075463.1:18198-18411(+,-)	63.49
AYEL01045858.1:1217-1445(+,-)	58.90
AYEL01049437.1:844-1038(+,-)	63.08
AYEL01056035.1:1544-1977(+,-)	56.67
AYEL01082265.1:14506-14742(+,-)	63.45
AYEL01085181.1:16994-17226(+,-)	67.74
AYEL01078136.1:2249-2498(+,-)	58.99
AYEL01063638.1:30726-31006(+,-)	64.44
AYEL01046538.1:5993-6231(+,-)	68.75
AYEL01086086.1:4258-4466(+,-)	72.97
AYEL01065182.1:24999-25233(+,-)	73.33
AYEL01091347.1:88494-88716(+,-)	56.74
AYEL01060886.1:84270-84496(+,-)	62.12
AYEL01086532.1:1575-1802(+,-)	64.38
AYEL01087525.1:10384-10582(+,-)	75.56
AYEL01077138.1:80468-80832(+,-)	66.18
AYEL01037298.1:41494-41720(+,-)	67.48
AYEL01079675.1:18578-18806(+,-)	85.71
AYEL01077506.1:1890-2093(+,-)	62.50
AYEL01050691.1:8198-8406(+,-)	61.11
AYEL01091761.1:13677-13921(+,-)	65.22
AYEL01055579.1:8851-9296(+,-)	65.62
AYEL01083948.1:3255-3515(+,-)	66.67
AYEL01055879.1:6385-6599(+,-)	61.40
AYEL01069434.1:61894-62163(+,-)	62.41
AYEL01075430.1:45113-45326(+,-)	63.72
AYEL01081778.1:43185-43401(+,-)	64.75
AYEL01084070.1:1679-1947(+,-)	63.57
AYEL01088165.1:1345-1577(+,-)	62.31
AYEL01085697.1:12870-13142(+,-)	64.29
AYEL01067897.1:22564-22782(+,-)	63.41
AYEL01072152.1:71436-71647(+,-)	59.42
AYEL01034367.1:2313-2546(+,-)	62.14
AYEL01072140.1:87059-87275(+,-)	62.35
AYEL01073141.1:70745-70961(+,-)	64.10
AYEL01038741.1:6514-6726(+,-)	67.74
AYEL01074443.1:42070-42282(+,-)	68.89
AYEL01061909.1:17892-18123(+,-)	61.06
AYEL01084673.1:17542-17760(+,-)	64.08
AYEL01068463.1:88436-88662(+,-)	64.75
AYEL01071358.1:15926-16141(+,-)	65.85
AYEL01087888.1:51602-51825(+,-)	63.77
AYEL01091340.1:228367-228606(+,-)	61.01
AYEL01060564.1:2173-2369(+,-)	62.96
AYEL01081808.1:42868-43297(+,-)	58.75
AYEL01080506.1:14018-14207(+)	62.28
AYEL01076948.1:26528-26724(+,-)	72.27
AYEL01075977.1:47371-47536(+)	59.79
AYEL01080235.1:37324-37552(+,-)	66.67
AYEL01071579.1:21201-21430(+,-)	65.05
AYEL01074749.1:24087-24310(+,-)	59.90
AYEL01081595.1:3328-3539(+,-)	57.82
AYEL01057084.1:33417-33726(+,-)	60.12
AYEL01078856.1:4022-4238(+,-)	63.64
AYEL01075495.1:7724-8121(+,-)	75.51
AYEL01065260.1:9456-9687(+,-)	88.89
AYEL01089918.1:30528-30826(+,-)	71.01
AYEL01085911.1:30674-30879(+,-)	67.74
AYEL01017524.1:2721-2944(+,-)	65.62
AYEL01091638.1:31233-31450(+,-)	61.22
AYEL01080713.1:64266-64456(+,-)	60.14
AYEL01055157.1:15797-16023(+,-)	57.97
AYEL01075232.1:3587-3823(+,-)	61.49
AYEL01082013.1:20114-20311(+,-)	67.01
AYEL01052954.1:55051-55271(+,-)	65.57
AYEL01086360.1:13519-13731(+,-)	63.28
AYEL01062060.1:7189-7412(+,-)	63.77
AYEL01085141.1:22447-22686(+,-)	69.09
AYEL01081266.1:4700-4927(+)	61.19
AYEL01029435.1:793-1021(+,-)	67.21
AYEL01088474.1:16218-16454(+,-)	61.11
AYEL01085227.1:12259-12463(+,-)	62.88
AYEL01067965.1:12726-12934(+,-)	60.92
AYEL01086496.1:4081-4271(+,-)	69.75
AYEL01064282.1:12722-12937(+,-)	60.29
AYEL01090728.1:7273-7465(+,-)	67.03
AYEL01077724.1:19804-20034(+,-)	69.57
AYEL01047237.1:8664-8884(+,-)	57.04
AYEL01061542.1:17287-17508(+,-)	56.94
AYEL01049358.1:22766-22983(+,-)	64.10
AYEL01053849.1:4829-5054(+,-)	66.39
AYEL01075946.1:17380-17594(+,-)	62.50
AYEL01083165.1:8074-8286(+,-)	65.41
AYEL01083633.1:204783-205029(+,-)	56.83
AYEL01046548.1:57730-57928(+,-)	65.47
AYEL01090254.1:34985-35215(+,-)	65.08
AYEL01086465.1:66790-67013(+)	62.07
AYEL01079784.1:29455-29678(+,-)	61.62
AYEL01070267.1:11102-11318(+,-)	62.35
AYEL01083273.1:64842-65056(+,-)	61.87
AYEL01076646.1:9119-9338(+,-)	73.33
AYEL01061592.1:624-851(+,-)	63.70
AYEL01089608.1:20763-20974(+,-)	68.89
AYEL01086986.1:76439-76624(-)	60.54
AYEL01084636.1:6022-6252(+,-)	65.88
AYEL01073326.1:26120-26324(+,-)	67.80
AYEL01088573.1:11650-11871(+,-)	63.78
AYEL01076835.1:902-1152(+,-)	62.03
AYEL01089154.1:15805-16055(+,-)	65.98
AYEL01065248.1:61266-61497(+,-)	64.34
AYEL01028818.1:6961-7181(+,-)	58.33
AYEL01053861.1:4615-4846(+,-)	64.04
AYEL01085641.1:64739-64970(+,-)	63.98
AYEL01035847.1:27251-27475(+,-)	68.42
AYEL01077292.1:3123-3346(+,-)	62.33
AYEL01008340.1:1355-1619(+,-)	68.25
AYEL01077215.1:9590-9812(+,-)	60.77
AYEL01085473.1:30511-30730(+,-)	60.29
AYEL01077423.1:3368-3597(+,-)	57.76
AYEL01076389.1:14927-15162(+,-)	66.33
AYEL01071603.1:27104-27300(+)	67.62
AYEL01085492.1:10240-10467(+,-)	68.47
AYEL01053426.1:83628-83827(+,-)	72.73
AYEL01047980.1:19724-19940(+,-)	61.54
AYEL01063782.1:20934-21166(+,-)	56.34
AYEL01083847.1:7780-8006(+,-)	57.97
AYEL01049158.1:48537-48752(+,-)	60.87
AYEL01064138.1:43-261(+,-)	59.77
AYEL01088195.1:33179-33413(+,-)	59.59
AYEL01073929.1:6187-6399(+,-)	66.41
AYEL01055182.1:458-675(+,-)	61.96
AYEL01035924.1:8382-8614(+,-)	58.59
AYEL01081207.1:34124-34339(+,-)	62.50
AYEL01074116.1:94606-94833(+,-)	62.42
AYEL01039905.1:16227-16458(+,-)	64.06
AYEL01061194.1:4601-4833(+,-)	62.56
AYEL01072336.1:21353-21629(+,-)	62.50
AYEL01081952.1:8298-8524(+,-)	59.86
AYEL01061870.1:8826-9108(+,-)	64.63
AYEL01065182.1:40379-40874(+,-)	62.79
AYEL01071587.1:1252-1485(+,-)	61.26
AYEL01091450.1:53649-53888(+,-)	60.31
AYEL01057485.1:2949-3175(+,-)	62.58
AYEL01091125.1:2774-2978(+,-)	64.60
AYEL01014267.1:10627-10850(+,-)	61.78
AYEL01062604.1:2246-2472(+,-)	68.33
AYEL01065183.1:20298-20531(+,-)	63.00
AYEL01068816.1:11241-11465(+,-)	70.31
AYEL01075938.1:100694-100917(+,-)	75.56
AYEL01085727.1:34437-34658(+,-)	68.92
AYEL01080666.1:23076-23300(+,-)	62.86
AYEL01091400.1:31404-31641(+,-)	58.97
AYEL01050354.1:35824-36062(+,-)	59.74
AYEL01065008.1:8413-8648(+,-)	61.32
AYEL01049348.1:62158-62360(+,-)	66.37
AYEL01079211.1:64712-64969(+,-)	72.46
AYEL01086932.1:1957-2175(+,-)	61.22
AYEL01084945.1:2270-2500(+,-)	67.16
AYEL01088831.1:15961-16165(+,-)	65.41
AYEL01073488.1:22244-22448(+,-)	61.49
AYEL01061044.1:34565-34765(+,-)	67.80
AYEL01088157.1:50553-50761(+,-)	59.31
AYEL01060145.1:15801-16006(+,-)	68.75
AYEL01079553.1:59402-59607(+,-)	60.77
AYEL01073475.1:17800-18020(+,-)	66.93
AYEL01090243.1:53472-53702(+,-)	66.10
AYEL01083024.1:26948-27180(+,-)	58.59
AYEL01090869.1:34341-34563(+,-)	68.42
AYEL01092115.1:5924-6144(+,-)	63.83
AYEL01091526.1:586-858(+,-)	67.74
AYEL01088211.1:21639-21856(+,-)	64.14
AYEL01087264.1:24183-24398(+,-)	65.59
AYEL01044169.1:5832-6055(+,-)	68.89
AYEL01077086.1:15695-15926(+,-)	60.54
AYEL01075145.1:20131-20513(+,-)	63.01
AYEL01089195.1:48064-48384(+,-)	66.67
AYEL01086856.1:23368-23609(+,-)	65.71
AYEL01075073.1:61301-61529(+,-)	59.02
AYEL01072959.1:37661-37873(+,-)	58.66
AYEL01079109.1:11287-11514(+,-)	63.27
AYEL01056234.1:3932-4151(+,-)	63.72
AYEL01060325.1:10067-10302(+,-)	64.11
AYEL01060653.1:57726-57933(+,-)	73.33
AYEL01092358.1:37509-37725(+,-)	64.02
AYEL01078211.1:6950-7182(+,-)	64.81
AYEL01054836.1:6246-6455(+,-)	82.76
AYEL01074582.1:9072-9299(+,-)	58.82
AYEL01091675.1:70603-70822(+,-)	75.56
AYEL01033762.1:6593-6855(+,-)	67.07
AYEL01045167.1:19903-20122(+,-)	66.19
AYEL01040423.1:3353-3581(+,-)	75.56
AYEL01068691.1:4741-5016(+,-)	60.00
AYEL01091895.1:79331-79563(+,-)	59.89
AYEL01068057.1:16186-16420(+,-)	66.67
AYEL01063598.1:3374-3656(+,-)	60.43
AYEL01080436.1:559-1044(+,-)	58.50
AYEL01046540.1:5313-5541(+,-)	70.45
AYEL01089395.1:56708-56906(+,-)	80.00
AYEL01020082.1:43891-44121(+,-)	70.41
AYEL01056068.1:15282-15504(+,-)	60.69
AYEL01036636.1:7755-7990(+,-)	61.35
AYEL01057359.1:4449-4667(+,-)	71.19
AYEL01076918.1:46736-46969(+,-)	70.42
AYEL01087634.1:112787-112993(+,-)	72.97
AYEL01067767.1:3778-4009(+,-)	62.50
AYEL01088471.1:70541-70733(+)	73.33
AYEL01039432.1:35181-35482(+,-)	59.22
AYEL01071006.1:7902-8150(+,-)	66.67
AYEL01073574.1:26215-26416(+,-)	67.89
AYEL01088209.1:26869-27082(+,-)	68.89
AYEL01079008.1:25295-25524(+,-)	60.19
AYEL01052837.1:7825-8051(+,-)	58.45
AYEL01062969.1:44417-44652(+,-)	61.38
AYEL01076042.1:2694-2928(+,-)	58.27
AYEL01086456.1:22462-22686(+,-)	57.14
AYEL01090334.1:26364-26583(+,-)	68.80
AYEL01076890.1:33655-33873(+,-)	64.08
AYEL01074064.1:35730-35952(+,-)	63.92
AYEL01059702.1:33867-34079(+,-)	62.50
AYEL01084240.1:1828-2054(+,-)	64.15
AYEL01065374.1:72932-73154(+,-)	61.68
AYEL01074340.1:7601-7815(+,-)	72.41
AYEL01085286.1:1545-1767(+,-)	59.31
AYEL01058412.1:3558-3778(+,-)	62.99
AYEL01079803.1:14678-14913(+,-)	64.11
AYEL01071645.1:8328-8660(+,-)	70.10
AYEL01081107.1:31987-32260(+,-)	62.50
AYEL01074138.1:55217-55431(+,-)	69.84
AYEL01084003.1:108931-109138(+,-)	69.39
AYEL01081198.1:759-987(+,-)	63.71
AYEL01057932.1:22082-22297(+,-)	64.89
AYEL01072511.1:385-607(+,-)	59.59
AYEL01081649.1:2154-2384(+,-)	62.16
AYEL01076216.1:8088-8364(+,-)	60.27
AYEL01069299.1:10857-11089(+,-)	63.01
AYEL01063372.1:152-366(+,-)	63.25
AYEL01055264.1:24910-25132(+,-)	69.64
AYEL01079863.1:7153-7367(+,-)	81.58
AYEL01076195.1:18656-18890(+,-)	62.14
AYEL01090737.1:10673-10988(+,-)	60.19
AYEL01089867.1:8675-8885(+,-)	63.48
AYEL01069623.1:38877-39112(+,-)	71.43
AYEL01068027.1:13084-13272(+,-)	67.27
AYEL01083941.1:1986-2197(+,-)	65.22
AYEL01055672.1:499-721(+,-)	71.43
AYEL01087702.1:13801-14008(+,-)	62.22
AYEL01061494.1:833-1068(+,-)	67.37
AYEL01046893.1:18234-18473(+,-)	71.67
AYEL01062108.1:0-192(+,-)	64.62
AYEL01028563.1:1234-1445(+,-)	60.27
AYEL01069750.1:18795-19025(+,-)	71.19
AYEL01067001.1:12615-12828(+,-)	61.49
AYEL01068934.1:23494-23712(+,-)	57.79
AYEL01071810.1:26117-26348(+,-)	64.02
AYEL01089411.1:18828-19056(+,-)	62.41
AYEL01090818.1:9249-9446(+)	57.89
AYEL01044728.1:11558-11789(+,-)	64.44
AYEL01091092.1:61726-61949(+,-)	59.20
AYEL01091340.1:80155-80362(+,-)	64.34
AYEL01091747.1:9830-10056(+,-)	62.50
AYEL01074821.1:3874-4104(+,-)	59.70
AYEL01056517.1:8563-8824(+,-)	64.41
AYEL01068736.1:1129-1358(+,-)	64.57
AYEL01081467.1:3428-3629(+,-)	62.99
AYEL01087999.1:36030-36265(+,-)	64.36
AYEL01089998.1:18871-19086(+,-)	65.22
AYEL01087650.1:16504-16725(+,-)	62.05
AYEL01083604.1:43946-44164(+,-)	60.95
AYEL01083224.1:16568-16794(+,-)	69.62
AYEL01080889.1:44797-45157(+,-)	63.72
AYEL01064602.1:3086-3316(+,-)	65.62
AYEL01052040.1:60575-60810(+,-)	66.41
AYEL01068495.1:9045-9244(+,-)	63.29
AYEL01073438.1:24536-24752(+,-)	74.42
AYEL01049296.1:29448-29794(+,-)	63.70
AYEL01080865.1:34214-34612(+,-)	65.44
AYEL01088523.1:23273-23508(+,-)	58.70
AYEL01032213.1:331-530(+,-)	63.12
AYEL01053387.1:1472-1739(+,-)	68.03
AYEL01080892.1:169796-170024(+,-)	61.40
AYEL01062690.1:17555-17782(+,-)	60.74
AYEL01070778.1:24970-25172(+,-)	59.63
AYEL01077319.1:39816-40039(+,-)	65.22
AYEL01079667.1:873-1163(+,-)	61.73
AYEL01043668.1:62048-62284(+,-)	62.24
AYEL01076256.1:11539-11971(+,-)	60.31
AYEL01055404.1:17920-18149(+,-)	61.43
AYEL01082373.1:5538-5773(+,-)	61.54
AYEL01067936.1:3888-4219(+,-)	61.54
AYEL01069310.1:12971-13186(+,-)	61.90
AYEL01071986.1:3488-3726(+,-)	61.03
AYEL01038804.1:10004-10217(+,-)	61.96
AYEL01055226.1:1040-1271(+,-)	63.94
AYEL01082703.1:39360-39658(+,-)	61.65
AYEL01066551.1:45219-45455(+,-)	65.00
AYEL01087245.1:77339-77531(+)	58.93
AYEL01083736.1:19226-19431(+,-)	66.67
AYEL01089165.1:111487-111695(+,-)	58.89
AYEL01068587.1:37847-38062(+,-)	62.91
AYEL01065764.1:138391-138617(+,-)	64.36
AYEL01089298.1:8921-9148(+,-)	59.18
AYEL01085378.1:76113-76316(+,-)	60.20
AYEL01067415.1:6393-6603(+,-)	62.65
AYEL01072709.1:17436-17652(+,-)	59.18
AYEL01090939.1:515-759(+,-)	61.90
AYEL01080612.1:29652-29870(+,-)	68.12
AYEL01021627.1:119-348(+,-)	63.36
AYEL01052713.1:1658-1972(+,-)	62.41
AYEL01064706.1:11764-11980(+,-)	60.36
AYEL01090119.1:4712-4941(+,-)	67.65
AYEL01033765.1:3170-3391(+,-)	80.00
AYEL01068235.1:1215-1451(+,-)	65.00
AYEL01077642.1:6319-6527(+,-)	61.90
AYEL01049927.1:23304-23608(-)	61.72
AYEL01055481.1:34387-34601(+,-)	68.10
AYEL01077355.1:20398-20633(+,-)	64.11
AYEL01064405.1:4074-4282(+,-)	61.11
AYEL01089480.1:62895-63126(+,-)	63.80
AYEL01085284.1:13099-13370(+,-)	61.75
AYEL01072891.1:23418-23636(+,-)	77.78
AYEL01081836.1:43521-43901(+,-)	58.00
AYEL01085817.1:5738-5947(+,-)	65.45
AYEL01028046.1:32067-32284(+,-)	63.43
AYEL01048914.1:22221-22450(+,-)	60.10
AYEL01055195.1:7699-7914(+,-)	57.71
AYEL01087289.1:18766-18960(+,-)	62.61
AYEL01065182.1:19200-19430(+,-)	63.58
AYEL01074990.1:2321-2558(+,-)	59.74
AYEL01072472.1:35551-35796(+,-)	61.22
AYEL01038417.1:3144-3350(+,-)	71.07
AYEL01081820.1:1839-2073(+,-)	57.93
AYEL01055845.1:7807-8034(+,-)	63.77
AYEL01069464.1:10594-10797(+,-)	59.79
AYEL01091367.1:133747-133939(+,-)	80.00
AYEL01078492.1:45284-45742(+,-)	57.10
AYEL01076328.1:2865-3085(+,-)	74.29
AYEL01031719.1:5199-5410(+,-)	62.73
AYEL01071844.1:60942-61370(+,-)	65.75
AYEL01083161.1:82198-82403(+,-)	60.69
AYEL01079334.1:67447-67649(+,-)	63.69
AYEL01056047.1:17578-17950(+,-)	61.64
AYEL01065573.1:8552-8751(+,-)	57.14
AYEL01084222.1:44533-44739(+,-)	60.99
AYEL01026679.1:43599-43876(+,-)	64.41
AYEL01078796.1:50793-51027(+,-)	61.65
AYEL01029381.1:1316-1535(+,-)	69.57
AYEL01081811.1:39292-39508(+,-)	62.04
AYEL01033564.1:1708-1918(+,-)	72.73
AYEL01076829.1:20852-21062(+,-)	72.00
AYEL01036053.1:36474-36701(+,-)	71.67
AYEL01082584.1:20824-21018(+,-)	60.22
AYEL01065737.1:22094-22310(+,-)	65.48
AYEL01063682.1:4932-5154(+,-)	65.62
AYEL01058619.1:2042-2276(+,-)	62.44
AYEL01052509.1:11204-11417(+,-)	65.36
AYEL01049927.1:12956-13234(+,-)	62.65
AYEL01039888.1:25120-25359(+,-)	62.79
AYEL01068633.1:51150-51349(+,-)	75.22
AYEL01072923.1:283-502(+,-)	61.45
AYEL01078196.1:6732-6963(+,-)	57.41
AYEL01065449.1:10104-10323(+,-)	60.87
AYEL01075173.1:7623-7871(+,-)	66.14
AYEL01040371.1:519-749(+,-)	60.63
AYEL01081662.1:48763-48998(+,-)	58.50
AYEL01080924.1:33585-33819(+,-)	60.78
AYEL01061105.1:35908-36102(+,-)	66.10
AYEL01026597.1:627-847(+,-)	59.02
AYEL01087044.1:18599-18828(+,-)	58.54
AYEL01071673.1:102714-102913(+,-)	66.67
AYEL01077578.1:129121-129353(+,-)	64.84
AYEL01056611.1:61-293(+,-)	61.14
AYEL01018904.1:860-1096(+,-)	61.38
AYEL01089414.1:3527-3743(+,-)	72.17
AYEL01081824.1:31691-31886(+,-)	68.18
AYEL01090861.1:2656-2871(+,-)	60.25
AYEL01075946.1:38447-38715(+,-)	60.27
AYEL01071894.1:9825-10059(+,-)	61.03
AYEL01090509.1:11362-11576(+,-)	61.54
AYEL01084209.1:15503-15718(+,-)	69.29
AYEL01080159.1:47909-48209(+,-)	62.96
AYEL01075666.1:6839-7057(+,-)	61.82
AYEL01069756.1:94897-95126(+,-)	57.55
AYEL01080198.1:8110-8336(+,-)	65.59
AYEL01064761.1:1278-1733(+,-)	63.64
AYEL01067761.1:46330-46695(+,-)	68.70
AYEL01078288.1:16673-16891(+,-)	60.10
AYEL01023308.1:6674-6898(+,-)	66.67
AYEL01006352.1:2361-2596(+,-)	68.31
AYEL01021396.1:18269-18539(+,-)	64.76
AYEL01029948.1:5508-5734(+,-)	65.31
AYEL01080851.1:5195-5416(+,-)	58.74
AYEL01067909.1:861-1062(+,-)	61.70
AYEL01081920.1:22786-22978(-)	69.23
AYEL01072626.1:34737-34946(+,-)	62.66
AYEL01077193.1:2556-2770(+,-)	56.47
AYEL01070531.1:51993-52226(+,-)	63.38
AYEL01048728.1:32706-32912(+,-)	66.95
AYEL01080860.1:14397-14613(+,-)	63.45
AYEL01065669.1:17660-17892(+,-)	63.29
AYEL01079682.1:17047-17279(+,-)	60.66
AYEL01066344.1:4120-4344(+,-)	63.93
AYEL01032853.1:12840-13068(+,-)	60.58
AYEL01034623.1:3624-3879(+,-)	60.15
AYEL01075269.1:30490-30709(+,-)	61.59
AYEL01074078.1:12896-13110(+,-)	63.29
AYEL01032570.1:9669-9891(+,-)	62.82
AYEL01064617.1:77850-78158(+,-)	71.25
AYEL01068608.1:9291-9514(+,-)	63.71
AYEL01088294.1:1994-2253(+,-)	60.68
AYEL01088471.1:19016-19246(+,-)	68.75
AYEL01074493.1:57994-58195(+,-)	66.02
AYEL01066561.1:63157-63395(+,-)	62.89
AYEL01092372.1:40234-40441(+,-)	62.34
AYEL01092021.1:10606-10838(+,-)	68.18
AYEL01087597.1:9954-10203(+,-)	64.36
AYEL01087218.1:10063-10277(+,-)	68.00
AYEL01065775.1:3-236(+,-)	65.85
AYEL01066568.1:46434-46645(+,-)	59.64
AYEL01049307.1:0-204(+,-)	72.73
AYEL01086145.1:69624-69857(+,-)	63.45
AYEL01059050.1:24341-24538(+,-)	56.34
AYEL01091635.1:16804-17037(+,-)	58.29
AYEL01089157.1:13215-13427(+,-)	60.81
AYEL01088698.1:22717-22980(+,-)	63.30
AYEL01091672.1:37127-37333(+,-)	64.60
AYEL01083750.1:9605-9833(+,-)	59.86
AYEL01091805.1:65788-66011(+,-)	65.00
AYEL01074833.1:22280-22506(+,-)	60.90
AYEL01069538.1:12226-12432(+,-)	59.38
AYEL01055006.1:426-657(+,-)	58.44
AYEL01019891.1:17830-18033(+,-)	58.45
AYEL01065623.1:62822-63029(+,-)	72.88
AYEL01073141.1:68852-69104(+,-)	58.45
AYEL01075874.1:8939-9130(+,-)	67.62
AYEL01072182.1:2544-2750(+,-)	71.67
AYEL01079456.1:5119-5602(+,-)	65.69
AYEL01090608.1:14392-14604(+,-)	67.23
AYEL01049046.1:28788-29086(+,-)	62.59
AYEL01065499.1:15863-16082(+,-)	62.03
AYEL01038135.1:211-508(+,-)	66.17
AYEL01073766.1:9643-9849(+,-)	61.76
AYEL01091236.1:7269-7488(+,-)	62.73
AYEL01038166.1:8598-8908(+,-)	61.02
AYEL01065465.1:22645-22968(+,-)	61.98
AYEL01092248.1:11397-11620(+,-)	69.23
AYEL01072552.1:4109-4309(+,-)	58.70
AYEL01052517.1:13728-13976(+,-)	59.15
AYEL01089343.1:43953-44206(+)	69.61
AYEL01067454.1:49080-49287(+,-)	65.62
AYEL01053704.1:16731-16926(+,-)	64.06
AYEL01050527.1:5207-5624(+,-)	62.20
AYEL01082336.1:110545-110766(+,-)	62.87
AYEL01072506.1:21426-21702(+,-)	60.13
AYEL01092109.1:92915-93152(+,-)	62.33
AYEL01089416.1:18377-18609(+,-)	61.61
AYEL01069057.1:58606-58822(+,-)	63.25
AYEL01046818.1:3809-4035(+,-)	67.19
AYEL01068181.1:2565-2771(+,-)	63.64
AYEL01078372.1:30928-31158(+,-)	65.62
AYEL01074727.1:21611-21824(+,-)	62.24
AYEL01019789.1:31737-31975(+,-)	63.70
AYEL01091831.1:6351-6553(+,-)	58.90
AYEL01070427.1:4653-5082(+,-)	65.22
AYEL01089856.1:88323-88695(+,-)	61.29
AYEL01082261.1:140897-141113(+,-)	65.62
AYEL01085319.1:6456-6685(+,-)	61.38
AYEL01084869.1:38399-38628(+,-)	63.16
AYEL01090793.1:23947-24148(+,-)	60.40
AYEL01052758.1:28644-28954(+,-)	63.89
AYEL01074153.1:4598-4816(+,-)	60.54
AYEL01079014.1:54330-54547(+,-)	58.50
AYEL01081250.1:66489-66705(+,-)	61.59
AYEL01082228.1:19476-19706(+,-)	58.74
AYEL01076669.1:1695-1926(+,-)	69.86
AYEL01024833.1:2969-3183(+,-)	76.32
AYEL01084526.1:16641-16873(+,-)	60.77
AYEL01082574.1:19496-19702(+,-)	65.32
AYEL01046379.1:10744-10971(+,-)	61.65
AYEL01089952.1:2584-2800(+,-)	59.80
AYEL01060074.1:15491-15704(+,-)	60.84
AYEL01088362.1:35850-36082(+,-)	65.85
AYEL01085769.1:2648-2861(+)	74.14
AYEL01087537.1:88339-88572(+,-)	69.84
AYEL01053399.1:14097-14293(+,-)	62.03
AYEL01081095.1:15793-16013(+,-)	63.71
AYEL01070913.1:95009-95202(+,-)	77.14
AYEL01049282.1:4084-4310(+,-)	64.44
AYEL01088578.1:28151-28382(+,-)	59.56
AYEL01076099.1:32889-33125(+,-)	70.97
AYEL01056001.1:18037-18369(+,-)	62.07
AYEL01068447.1:88039-88274(+,-)	63.64
AYEL01072072.1:4796-4994(+,-)	61.74
AYEL01091815.1:1039-1271(+,-)	68.42
AYEL01072180.1:33627-33834(+,-)	63.03
AYEL01090592.1:15657-15875(+,-)	62.20
AYEL01090481.1:45279-45494(+,-)	62.73
AYEL01079915.1:13764-13976(+,-)	66.10
AYEL01080035.1:1858-2063(+,-)	60.44
AYEL01036879.1:658-940(+,-)	58.65
AYEL01071464.1:14722-14950(+,-)	56.76
AYEL01062767.1:12372-12603(+,-)	63.89
AYEL01065447.1:61250-61468(+,-)	66.67
AYEL01090516.1:13705-13932(+,-)	65.85
AYEL01077106.1:35416-35643(+,-)	68.42
AYEL01064933.1:16423-16650(+,-)	65.69
AYEL01089139.1:67364-67560(+,-)	61.90
AYEL01089510.1:27959-28181(+,-)	66.67
AYEL01077756.1:28961-29161(-)	62.59
AYEL01086600.1:6435-6651(+,-)	65.00
AYEL01056743.1:4371-4588(+,-)	63.19
AYEL01051366.1:36788-36984(+,-)	69.49
AYEL01054061.1:215985-216195(+,-)	64.04
AYEL01091895.1:21485-21698(+,-)	60.99
AYEL01064472.1:27061-27265(+,-)	66.67
AYEL01087736.1:1494-1739(+,-)	59.31
AYEL01088087.1:31700-31921(+,-)	68.70
AYEL01082165.1:743-1001(+,-)	63.82
AYEL01084322.1:118166-118374(+,-)	61.11
AYEL01071753.1:103480-103696(+,-)	75.56
AYEL01086225.1:19152-19360(+,-)	58.50
AYEL01087584.1:34919-35107(+,-)	71.25
AYEL01016253.1:914-1130(+,-)	64.14
AYEL01087497.1:61088-61322(+,-)	66.34
AYEL01075657.1:16281-16518(+,-)	59.31
AYEL01089137.1:13439-13649(+,-)	62.84
AYEL01076246.1:12464-12671(+,-)	69.75
AYEL01070523.1:14499-14732(+,-)	62.84
AYEL01057497.1:8850-9081(+,-)	64.63
AYEL01074335.1:5020-5248(+,-)	59.86
AYEL01072229.1:8174-8374(+,-)	63.70
AYEL01058287.1:15856-16094(+,-)	71.43
AYEL01091397.1:4817-5032(+,-)	59.40
AYEL01087105.1:28077-28299(+,-)	73.33
AYEL01076559.1:54550-54802(+,-)	62.60
AYEL01070717.1:8139-8383(+,-)	63.44
AYEL01086532.1:28299-28506(+,-)	56.90
AYEL01079112.1:509-712(+,-)	63.72
AYEL01084017.1:18229-18432(+,-)	63.16
AYEL01066880.1:7399-7620(+,-)	64.08
AYEL01060560.1:3992-4208(+,-)	62.96
AYEL01057704.1:10077-10266(-)	61.81
AYEL01080999.1:19279-19547(+,-)	61.36
AYEL01063030.1:4827-5048(+,-)	59.72
AYEL01078069.1:7255-7483(+,-)	68.18
AYEL01059952.1:23001-23214(+,-)	73.47
AYEL01090753.1:55593-55815(+,-)	64.60
AYEL01087514.1:151-367(+,-)	62.84
AYEL01062592.1:8859-9085(+,-)	64.08
AYEL01072864.1:24170-24438(+,-)	57.71
AYEL01057933.1:7622-7819(+,-)	62.38
AYEL01042208.1:10872-11090(+,-)	61.54
AYEL01066060.1:40527-40760(+,-)	61.64
AYEL01088873.1:8412-8634(+,-)	66.00
AYEL01067491.1:74000-74229(+,-)	70.79
AYEL01070335.1:25971-26189(+,-)	56.74
AYEL01080373.1:10446-10677(+,-)	60.54
AYEL01076845.1:4130-4346(+,-)	63.39
AYEL01035924.1:24524-24744(+,-)	68.66
AYEL01074952.1:72617-72842(+,-)	65.43
AYEL01080746.1:16507-16740(+,-)	57.14
AYEL01019572.1:2288-2541(+,-)	69.89
AYEL01090490.1:82406-82605(+,-)	70.45
AYEL01086173.1:4364-4579(+,-)	60.98
AYEL01083417.1:14304-14522(+,-)	62.73
AYEL01056848.1:5769-6002(+,-)	61.01
AYEL01081154.1:3859-4071(+,-)	60.74
AYEL01015937.1:8433-8668(+,-)	63.12
AYEL01051224.1:2840-3055(+,-)	56.34
AYEL01092186.1:37742-37976(+,-)	59.71
AYEL01080142.1:5454-5705(+,-)	62.90
AYEL01070636.1:6121-6344(+,-)	62.68
AYEL01032561.1:284-501(+,-)	64.16
AYEL01052516.1:22767-22992(+,-)	66.94
AYEL01047626.1:8631-8850(+,-)	69.49
AYEL01076538.1:14726-14945(+,-)	64.85
AYEL01073360.1:49667-49877(+,-)	64.34
AYEL01060301.1:0-239(+,-)	65.91
AYEL01091782.1:60775-60991(+,-)	66.44
AYEL01057832.1:28340-28555(+,-)	59.49
AYEL01022647.1:317-566(+,-)	67.37
AYEL01089951.1:3771-3977(+,-)	61.05
AYEL01084315.1:7968-8173(+,-)	57.06
AYEL01039381.1:69527-69745(+,-)	61.18
AYEL01076538.1:23768-24037(+,-)	65.62
AYEL01040566.1:119534-119765(+,-)	64.86
AYEL01062870.1:9588-9832(+,-)	82.35
AYEL01029288.1:143614-143830(+,-)	63.28
AYEL01091759.1:26359-26608(+,-)	67.31
AYEL01034033.1:6339-6555(+,-)	57.89
AYEL01072175.1:23561-23775(+,-)	58.90
AYEL01059412.1:11212-11439(+,-)	59.87
AYEL01076382.1:42985-43186(+,-)	63.93
AYEL01060653.1:53506-53722(+,-)	60.81
AYEL01080477.1:19565-19780(+,-)	65.43
AYEL01073064.1:1168-1391(+,-)	63.45
AYEL01089001.1:12591-12819(+,-)	62.69
AYEL01077925.1:1807-2010(+,-)	77.27
AYEL01087903.1:3139-3383(+,-)	65.42
AYEL01027677.1:69488-69720(+,-)	60.14
AYEL01073110.1:5986-6237(+,-)	69.84
AYEL01082214.1:1139-1365(+,-)	64.29
AYEL01031809.1:37733-37923(+,-)	69.77
AYEL01091754.1:46374-46777(+,-)	59.52
AYEL01092383.1:10522-10747(+,-)	65.52
AYEL01064702.1:62110-62313(+,-)	76.47
AYEL01080562.1:20296-20505(+,-)	74.00
AYEL01063944.1:3825-4032(+,-)	58.79
AYEL01031812.1:30-260(+,-)	63.10
AYEL01067127.1:17443-17685(+,-)	57.46
AYEL01087598.1:27462-27661(+,-)	62.14
AYEL01090717.1:34212-34420(+,-)	63.09
AYEL01069133.1:4303-4665(+,-)	57.35
AYEL01081721.1:24629-24866(+,-)	68.33
AYEL01076805.1:6248-6480(+,-)	60.31
AYEL01068308.1:3426-3656(+,-)	60.38
AYEL01085449.1:104249-104463(+,-)	63.85
AYEL01083235.1:62153-62386(+,-)	67.90
AYEL01091422.1:25673-25896(+,-)	58.37
AYEL01070290.1:6638-6866(+,-)	79.59
AYEL01081283.1:4097-4333(+,-)	73.44
AYEL01082332.1:21414-21625(+,-)	62.50
AYEL01091292.1:71120-71341(+,-)	55.47
AYEL01041913.1:17245-17438(+)	65.22
AYEL01049573.1:29878-30067(-)	60.00
AYEL01027986.1:42438-42671(+,-)	68.55
AYEL01069821.1:82903-83119(+,-)	63.83
AYEL01081782.1:6264-6463(+,-)	62.75
AYEL01058885.1:33075-33278(+,-)	69.11
AYEL01087621.1:7892-8122(+,-)	62.35
AYEL01078624.1:21558-21791(+,-)	59.46
AYEL01077117.1:70118-70346(+,-)	57.93
AYEL01068981.1:10660-10898(+,-)	61.93
AYEL01066985.1:5049-5271(+,-)	64.02
AYEL01090276.1:2650-2872(+,-)	59.32
AYEL01023836.1:168-401(+,-)	61.94
AYEL01070377.1:901-1121(+,-)	58.45
AYEL01064160.1:92243-92433(+,-)	66.00
AYEL01084436.1:17986-18216(+,-)	71.88
AYEL01063293.1:29391-29595(+,-)	57.46
AYEL01088368.1:4408-4632(+,-)	72.00
AYEL01061082.1:26163-26364(+,-)	68.89
AYEL01081454.1:9946-10172(+,-)	66.43
AYEL01078873.1:17971-18185(+,-)	57.53
AYEL01029284.1:21953-22161(+,-)	66.20
AYEL01055355.1:34198-34431(+,-)	70.00
AYEL01074920.1:3296-3525(+,-)	68.14
AYEL01042589.1:13573-13792(+,-)	61.21
AYEL01007432.1:1480-1773(+,-)	61.65
AYEL01079778.1:79352-79584(+,-)	65.85
AYEL01083419.1:23799-23987(+,-)	69.01
AYEL01072260.1:47442-47884(+,-)	57.82
AYEL01056545.1:22465-22699(+,-)	59.44
AYEL01061921.1:30307-30525(+,-)	60.56
AYEL01056994.1:22176-22382(+,-)	63.86
AYEL01092353.1:5136-5357(+,-)	58.75
AYEL01049006.1:17285-17517(+,-)	62.24
AYEL01057069.1:76205-76395(+,-)	66.67
AYEL01039441.1:9285-9497(+,-)	60.76
AYEL01083185.1:11647-11849(+,-)	61.27
AYEL01084387.1:20384-20595(+,-)	60.87
AYEL01061518.1:5735-5950(+,-)	59.31
AYEL01059778.1:53119-53388(+,-)	59.86
AYEL01064826.1:57818-58047(+,-)	67.50
AYEL01069191.1:17013-17247(+,-)	61.90
AYEL01088292.1:42267-42487(+,-)	65.41
AYEL01086518.1:21217-21414(+,-)	63.97
AYEL01091578.1:37576-37793(+,-)	63.16
AYEL01083858.1:20731-20962(+,-)	64.20
AYEL01055729.1:1911-2128(+,-)	64.20
AYEL01083462.1:14144-14565(+,-)	62.24
AYEL01076661.1:3345-3543(+,-)	62.30
AYEL01076823.1:24334-24556(+,-)	57.78
AYEL01059723.1:28806-28994(+,-)	62.04
AYEL01091230.1:35790-36022(+,-)	60.19
AYEL01071506.1:957-1186(+,-)	62.42
AYEL01087993.1:38388-38602(+,-)	62.58
AYEL01081738.1:89437-89634(+,-)	56.46
AYEL01079888.1:295-489(+,-)	61.25
AYEL01088055.1:50761-50979(+,-)	66.46
AYEL01074833.1:21784-21996(+,-)	61.43
AYEL01036679.1:1565-1780(+,-)	62.89
AYEL01077515.1:678-879(+,-)	73.33
AYEL01084386.1:101741-101933(+,-)	67.61
AYEL01078084.1:54010-54241(+,-)	61.22
AYEL01051264.1:68856-69063(+,-)	64.22
AYEL01087478.1:3434-3634(+,-)	59.12
AYEL01086458.1:2464-2682(+,-)	59.46
AYEL01047838.1:61008-61216(+,-)	62.50
AYEL01086046.1:5643-5887(+,-)	69.77
AYEL01078759.1:17161-17397(+,-)	60.42
AYEL01081696.1:24184-24414(+,-)	66.67
AYEL01086409.1:27604-27822(+,-)	65.22
AYEL01067759.1:99141-99369(+,-)	59.13
AYEL01073005.1:35679-35912(+,-)	68.82
AYEL01076948.1:250-464(+,-)	68.47
AYEL01084811.1:2411-2635(+,-)	61.90
AYEL01081458.1:2915-3120(+,-)	64.49
AYEL01086717.1:1462-1666(+,-)	71.43
AYEL01058777.1:32049-32263(+,-)	60.23
AYEL01067103.1:19689-19921(+,-)	62.29
AYEL01021135.1:46137-46471(+,-)	65.08
AYEL01084543.1:12692-12920(+,-)	63.95
AYEL01059050.1:24542-24763(+,-)	62.59
AYEL01084299.1:11704-11936(+,-)	70.45
AYEL01074736.1:16536-16768(+,-)	58.82
AYEL01084497.1:73142-73371(+,-)	68.25
AYEL01064140.1:770-1259(+,-)	63.46
AYEL01055355.1:4887-5106(+,-)	62.50
AYEL01080211.1:161581-161806(+,-)	61.90
AYEL01091444.1:16658-16866(+,-)	63.01
AYEL01058885.1:15697-15926(+,-)	65.66
AYEL01049571.1:42463-42678(+,-)	66.02
AYEL01071562.1:8478-8709(+,-)	64.63
AYEL01075114.1:14990-15204(+,-)	60.96
AYEL01076665.1:1677-1898(+,-)	59.44
AYEL01066276.1:17090-17543(+,-)	62.99
AYEL01079557.1:4394-4622(+,-)	57.46
AYEL01081201.1:20590-20820(+,-)	64.44
AYEL01085001.1:25950-26164(+,-)	75.56
AYEL01033780.1:7115-7347(+,-)	60.66
AYEL01088368.1:4881-5106(+,-)	72.00
AYEL01051268.1:1191-1424(+,-)	67.20
AYEL01055623.1:7699-7918(+,-)	60.00
AYEL01045266.1:16251-16548(+,-)	62.50
AYEL01076923.1:10824-11091(+,-)	60.98
AYEL01020082.1:48359-48576(+,-)	59.46
AYEL01086564.1:1263-1489(+,-)	63.52
AYEL01072216.1:3235-3459(+,-)	69.35
AYEL01091220.1:17107-17329(+,-)	64.81
AYEL01073594.1:888-1145(+,-)	64.65
AYEL01074306.1:14291-14503(+,-)	66.20
AYEL01034845.1:147-386(+,-)	69.05
AYEL01080586.1:4687-4919(+,-)	61.11
AYEL01072353.1:6342-6547(+,-)	68.75
AYEL01082554.1:41343-41655(+,-)	67.74
AYEL01079366.1:17477-17697(+,-)	64.58
AYEL01069236.1:43267-43520(+,-)	60.54
AYEL01004590.1:47-271(+,-)	58.79
AYEL01072688.1:8104-8312(+,-)	61.76
AYEL01003984.1:370-583(+,-)	65.26
AYEL01072127.1:5336-5555(+,-)	61.48
AYEL01061078.1:174-437(+,-)	64.02
AYEL01042203.1:1763-1982(+,-)	61.34
AYEL01062181.1:13638-13856(+,-)	63.93
AYEL01074571.1:21591-21820(+,-)	63.46
AYEL01079126.1:81593-81837(+,-)	60.78
AYEL01060457.1:24205-24428(+,-)	62.10
AYEL01088745.1:16217-16433(+,-)	62.89
AYEL01078714.1:20907-21113(+,-)	60.00
AYEL01067026.1:51703-51935(+,-)	62.09
AYEL01075826.1:10228-10446(+,-)	62.04
AYEL01089899.1:51823-52052(+,-)	58.11
AYEL01066570.1:60676-60897(+,-)	62.24
AYEL01066830.1:56307-56502(+,-)	60.32
AYEL01086560.1:27348-27572(+,-)	63.59
AYEL01083462.1:16293-16529(+,-)	67.59
AYEL01072520.1:162-391(+,-)	65.62
AYEL01086333.1:24791-25225(+,-)	65.87
AYEL01062905.1:9053-9269(+,-)	62.80
AYEL01081821.1:1270-1506(+,-)	63.45
AYEL01083222.1:2762-2982(+,-)	60.40
AYEL01087262.1:65774-66181(+,-)	63.00
AYEL01074283.1:61566-61756(+,-)	69.16
AYEL01068314.1:30229-30487(+,-)	60.66
AYEL01046353.1:185-393(+,-)	67.12
AYEL01077986.1:53772-54003(+,-)	59.88
AYEL01091548.1:3122-3338(+,-)	61.82
AYEL01082997.1:20992-21223(+,-)	61.61
AYEL01008372.1:30013-30241(+,-)	68.75
AYEL01072236.1:67188-67424(+,-)	62.07
AYEL01076444.1:27293-27521(+,-)	60.43
AYEL01073851.1:55662-55892(+,-)	64.25
AYEL01052509.1:3175-3409(+,-)	64.18
AYEL01076388.1:14637-14941(+,-)	65.08
AYEL01073133.1:2850-3072(+,-)	60.31
AYEL01074194.1:153482-153703(+,-)	64.34
AYEL01076918.1:33773-33977(+,-)	60.69
AYEL01084226.1:37281-37515(+,-)	59.31
AYEL01049928.1:97752-97973(+,-)	65.25
AYEL01069687.1:19354-19590(+,-)	65.49
AYEL01090301.1:3585-3803(+,-)	67.54
AYEL01081951.1:10739-10952(+,-)	62.76
AYEL01090696.1:74788-75210(+,-)	64.52
AYEL01090541.1:20387-20608(+,-)	57.62
AYEL01022127.1:2456-2676(+,-)	60.81
AYEL01070169.1:5881-6104(+,-)	65.87
AYEL01056897.1:9925-10165(+,-)	60.38
AYEL01089298.1:28363-28589(+,-)	62.69
AYEL01087265.1:76032-76250(+,-)	70.00
AYEL01089613.1:6102-6328(+,-)	66.67
AYEL01076140.1:5163-5373(+,-)	60.22
AYEL01068041.1:46405-46625(+,-)	67.09
AYEL01081797.1:3151-3359(+,-)	65.49
AYEL01080776.1:5657-5895(+,-)	61.07
AYEL01058605.1:18177-18377(+,-)	64.96
AYEL01082988.1:4876-5104(+,-)	63.45
AYEL01080226.1:32375-32608(+,-)	85.19
AYEL01060450.1:38113-38339(+,-)	66.97
AYEL01081458.1:10926-11157(+,-)	57.75
AYEL01067136.1:7856-8086(+,-)	65.22
AYEL01029408.1:34745-34959(+,-)	80.00
AYEL01068636.1:55853-56086(+,-)	64.08
AYEL01091275.1:36366-36580(+,-)	64.66
AYEL01090680.1:23313-23509(+)	63.89
AYEL01087237.1:49775-50059(+,-)	69.57
AYEL01084623.1:0-219(+,-)	63.43
AYEL01018513.1:19702-19921(+,-)	59.15
AYEL01066352.1:12511-12731(+,-)	60.00
AYEL01066319.1:16238-16466(+,-)	63.75
AYEL01075589.1:9909-10122(+,-)	83.33
AYEL01075816.1:45741-46050(+,-)	64.39
AYEL01008914.1:3315-3516(+,-)	61.82
AYEL01080802.1:2450-2671(+,-)	61.74
AYEL01092358.1:16186-16398(+,-)	62.26
AYEL01082531.1:56682-56906(+,-)	59.41
AYEL01092068.1:2207-2456(+,-)	63.45
AYEL01078227.1:12086-12316(+,-)	63.51
AYEL01063672.1:2107-2332(+,-)	63.38
AYEL01072178.1:44422-44809(+,-)	56.49
AYEL01080980.1:37221-37449(+,-)	68.37
AYEL01060457.1:31199-31487(+,-)	64.60
AYEL01091148.1:28970-29170(+,-)	63.49
AYEL01090143.1:963-1199(+,-)	63.64
AYEL01079542.1:12400-12632(+,-)	60.48
AYEL01063156.1:10286-10508(+,-)	63.37
AYEL01087419.1:36369-36600(+,-)	62.75
AYEL01074235.1:50466-50677(+,-)	64.66
AYEL01025772.1:12672-12887(+,-)	63.38
AYEL01067930.1:10345-10566(+,-)	63.64
AYEL01085807.1:28213-28426(+,-)	58.62
AYEL01064555.1:3604-3820(+,-)	66.34
AYEL01070355.1:9299-9532(+,-)	65.28
AYEL01087380.1:74040-74280(+,-)	71.01
AYEL01063150.1:2273-2491(+,-)	61.90
AYEL01078315.1:7606-7840(+,-)	61.38
AYEL01058683.1:38864-39067(+,-)	73.91
AYEL01083833.1:18355-18570(+,-)	62.63
AYEL01049819.1:60844-61037(+,-)	61.90
AYEL01083053.1:38524-38732(+,-)	58.33
AYEL01070628.1:33005-33223(+,-)	61.64
AYEL01059595.1:54126-54337(+,-)	64.29
AYEL01070531.1:51213-51777(+,-)	63.19
AYEL01079080.1:15086-15321(+,-)	60.84
AYEL01072770.1:21165-21447(+,-)	60.27
AYEL01069891.1:6559-6794(+,-)	61.90
AYEL01062195.1:52153-52461(+,-)	64.60
AYEL01074485.1:79650-79880(+,-)	59.33
AYEL01069809.1:5873-6103(+,-)	71.93
AYEL01032208.1:18078-18291(+,-)	67.57
AYEL01082881.1:15438-15696(+,-)	61.05
AYEL01066929.1:579-837(+,-)	60.58
AYEL01023335.1:56657-56881(+,-)	66.36
AYEL01085684.1:2944-3142(+,-)	74.07
AYEL01058890.1:4367-4569(+,-)	75.56
AYEL01091670.1:2074-2296(+,-)	62.59
AYEL01070641.1:4761-4964(+,-)	65.19
AYEL01084065.1:1853-2053(+,-)	65.22
AYEL01068810.1:23302-23501(+,-)	61.34
AYEL01072887.1:27659-28007(+,-)	59.60
AYEL01048718.1:299-514(+,-)	58.99
AYEL01073698.1:4702-4919(+,-)	65.00
AYEL01076481.1:77543-77766(+,-)	62.33
AYEL01014840.1:9-272(+,-)	61.17
AYEL01075594.1:6383-6610(+,-)	62.02
AYEL01084702.1:553-771(+,-)	60.56
AYEL01074741.1:23288-23494(+,-)	70.59
AYEL01089643.1:6043-6268(+,-)	62.63
AYEL01027717.1:16518-16737(+,-)	72.73
AYEL01063403.1:67802-68115(+,-)	65.57
AYEL01041564.1:4954-5157(+,-)	64.00
AYEL01049806.1:27233-27450(+,-)	62.50
AYEL01072454.1:15347-15628(+,-)	68.32
AYEL01071333.1:20342-20704(+,-)	60.08
AYEL01083926.1:5628-5861(+,-)	64.08
AYEL01045417.1:1840-2056(+,-)	63.64
AYEL01090680.1:55427-55647(+,-)	69.49
AYEL01085016.1:92718-92934(+,-)	62.80
AYEL01067159.1:23735-23951(+,-)	72.97
AYEL01070962.1:8730-8968(+,-)	66.25
AYEL01090852.1:17676-17877(+,-)	68.42
AYEL01087331.1:4179-4408(+,-)	66.99
AYEL01083360.1:14552-14777(+,-)	63.33
AYEL01076974.1:14780-15014(+,-)	60.00
AYEL01064451.1:6864-7091(+,-)	70.49
AYEL01075007.1:63541-63775(+,-)	69.79
AYEL01072531.1:18930-19146(+,-)	61.82
AYEL01068606.1:87639-87859(+,-)	80.65
AYEL01091663.1:13646-13883(+,-)	60.42
AYEL01056473.1:15369-15579(+,-)	65.07
AYEL01056899.1:6471-6682(+,-)	58.90
AYEL01049296.1:21992-22220(+,-)	71.01
AYEL01089206.1:15212-15439(+,-)	61.36
AYEL01088831.1:6267-6497(+,-)	62.76
AYEL01065183.1:17241-17441(+,-)	59.18
AYEL01083691.1:13282-13529(+,-)	62.16
AYEL01052918.1:10242-10459(+,-)	68.57
AYEL01063682.1:5905-6144(+,-)	60.26
AYEL01081485.1:23162-23380(+,-)	59.90
AYEL01084065.1:1614-1824(+,-)	61.29
AYEL01030846.1:8725-8937(+,-)	62.69
AYEL01023131.1:64770-64978(+,-)	65.79
AYEL01044842.1:81-302(+,-)	64.14
AYEL01055334.1:39504-39881(+,-)	77.27
AYEL01090352.1:14855-15078(+,-)	75.00
AYEL01083315.1:15407-15619(+)	58.39
AYEL01073652.1:31063-31274(+,-)	67.06
AYEL01020767.1:30973-31208(+,-)	64.44
AYEL01068447.1:34093-34324(+,-)	64.07
AYEL01086544.1:5479-5697(+,-)	72.97
AYEL01068833.1:58606-58809(+,-)	69.91
AYEL01092384.1:11563-11793(+,-)	67.20
AYEL01064789.1:533-961(+,-)	58.04
AYEL01051376.1:8628-8841(+,-)	63.72
AYEL01072236.1:73227-73456(+,-)	75.00
AYEL01086902.1:64868-65099(+,-)	62.33
AYEL01087626.1:78749-78970(+,-)	67.26
AYEL01074496.1:43516-43758(+,-)	63.72
AYEL01036024.1:21234-21429(+,-)	68.89
AYEL01075400.1:14169-14418(-)	64.33
AYEL01086792.1:1478-1675(+,-)	60.33
AYEL01057710.1:1745-1963(+,-)	63.03
AYEL01052483.1:273338-273558(+,-)	60.33
AYEL01055314.1:9409-9674(+,-)	64.08
AYEL01082313.1:15118-15331(+,-)	62.30
AYEL01058975.1:5339-5532(+)	62.40
AYEL01075068.1:9087-9306(+,-)	70.00
AYEL01084373.1:23177-23399(+,-)	73.33
AYEL01071870.1:14131-14361(+,-)	60.00
AYEL01065477.1:1294-1513(+,-)	61.82
AYEL01080094.1:34798-35005(+,-)	66.44
AYEL01073194.1:7164-7384(+,-)	63.19
AYEL01078884.1:21668-21876(+,-)	68.42
AYEL01085628.1:1272-1473(+,-)	60.71
AYEL01065780.1:19256-19584(+,-)	58.06
AYEL01062906.1:1590-1811(+,-)	65.71
AYEL01051941.1:7334-7648(+,-)	58.44
AYEL01014814.1:722-933(+,-)	63.72
AYEL01091011.1:45806-46134(+,-)	68.33
AYEL01090419.1:12567-12764(+,-)	56.46
AYEL01016281.1:3975-4161(-)	64.52
AYEL01091687.1:2354-2701(+,-)	64.33
AYEL01060788.1:22649-22838(+,-)	59.15
AYEL01069556.1:21734-21945(+,-)	57.82
AYEL01054119.1:32964-33172(+,-)	61.11
AYEL01081738.1:149039-149270(+,-)	62.12
AYEL01084973.1:74917-75145(+,-)	64.10
AYEL01066011.1:1697-1916(+,-)	61.81
AYEL01090823.1:748-962(+,-)	57.62
AYEL01062414.1:36-266(+,-)	62.20
AYEL01023847.1:6246-6561(+,-)	59.89
AYEL01069874.1:6948-7146(+,-)	61.70
AYEL01076673.1:3899-4118(+,-)	63.51
AYEL01075353.1:38766-38990(+,-)	60.77
AYEL01064368.1:110554-110831(+,-)	62.99
AYEL01090894.1:34336-34563(+,-)	62.50
AYEL01080468.1:82337-82585(+,-)	64.55
AYEL01074570.1:48185-48425(+,-)	68.33
AYEL01064838.1:45143-45368(+,-)	71.01
AYEL01087376.1:34438-34668(+,-)	60.84
AYEL01070739.1:38171-38403(+,-)	61.39
AYEL01067546.1:47651-47877(+,-)	63.19
AYEL01087255.1:21063-21267(+,-)	72.09
AYEL01091340.1:128638-128879(+,-)	64.06
AYEL01086414.1:183808-184047(+,-)	64.06
AYEL01056924.1:3686-3962(+,-)	61.35
AYEL01082252.1:12718-12911(+,-)	61.72
AYEL01077960.1:13220-13448(+,-)	57.24
AYEL01083899.1:6431-6662(+,-)	64.42
AYEL01071923.1:99055-99270(+,-)	61.49
AYEL01064428.1:42566-42975(+,-)	64.29
AYEL01080984.1:6604-6842(+,-)	64.76
AYEL01076395.1:7536-7749(+,-)	63.41
AYEL01066803.1:11008-11248(+,-)	60.93
AYEL01022126.1:9596-9827(+,-)	64.49
AYEL01087258.1:37551-37742(+,-)	63.57
AYEL01029913.1:68464-68694(+,-)	58.21
AYEL01087923.1:35621-35839(+,-)	62.82
AYEL01018327.1:3882-4105(+,-)	63.19
AYEL01075965.1:2856-3070(+,-)	65.71
AYEL01085768.1:12751-12971(+,-)	68.75
AYEL01063494.1:3699-3918(+,-)	56.64
AYEL01059595.1:58120-58347(+,-)	66.67
AYEL01064221.1:35348-35583(+,-)	57.14
AYEL01085934.1:22722-22957(+,-)	63.77
AYEL01071555.1:12639-12867(+,-)	69.18
AYEL01078545.1:26266-26490(+,-)	62.50
AYEL01084318.1:16969-17162(+,-)	62.50
AYEL01074098.1:57975-58194(+,-)	62.50
AYEL01058061.1:3587-3806(+,-)	70.31
AYEL01090972.1:110474-110694(+,-)	61.69
AYEL01070626.1:14670-14899(+,-)	67.37
AYEL01077877.1:3139-3346(+,-)	66.10
AYEL01059864.1:1749-2022(+,-)	58.93
AYEL01063144.1:1481-1704(+,-)	62.16
AYEL01076762.1:16210-16424(+,-)	62.18
AYEL01068949.1:1427-1728(+,-)	60.62
AYEL01006781.1:629-893(+,-)	63.98
AYEL01060195.1:30612-30820(+,-)	68.89
AYEL01078893.1:47804-48001(+,-)	57.98
AYEL01076595.1:1999-2217(+,-)	63.19
AYEL01056280.1:10035-10250(+,-)	78.57
AYEL01080367.1:60807-61028(+,-)	66.20
AYEL01073550.1:31881-32113(+,-)	60.81
AYEL01070855.1:6599-6817(+,-)	60.00
AYEL01071684.1:95701-95897(+,-)	61.11
AYEL01061854.1:9258-9480(+,-)	63.00
AYEL01075817.1:88309-88541(+,-)	65.00
AYEL01083022.1:1607-1815(+,-)	62.86
AYEL01087804.1:12682-12886(+,-)	61.07
AYEL01032136.1:28214-28431(+,-)	63.91
AYEL01072191.1:0-215(+,-)	66.67
AYEL01060187.1:7331-7584(+,-)	58.82
AYEL01022411.1:5080-5300(+,-)	64.29
AYEL01084583.1:92182-92510(+,-)	61.14
AYEL01084868.1:103640-103869(+,-)	63.77
AYEL01087281.1:32715-32931(+,-)	62.73
AYEL01083081.1:1175-1365(+,-)	70.51
AYEL01001371.1:303-552(+,-)	62.50
AYEL01023224.1:39816-40010(+,-)	68.89
AYEL01077479.1:22870-23065(+,-)	61.32
AYEL01072482.1:59734-59936(+,-)	60.56
AYEL01076507.1:64548-64784(+,-)	67.19
AYEL01088193.1:42903-43123(+,-)	62.20
AYEL01088361.1:1747-1978(+,-)	63.29
AYEL01084206.1:109574-110074(+,-)	59.90
AYEL01056319.1:30582-30812(+,-)	64.08
AYEL01074944.1:891-1114(+,-)	73.33
AYEL01084704.1:32527-32749(+,-)	58.65
AYEL01083851.1:6266-6486(+,-)	68.89
AYEL01054472.1:14256-14482(+,-)	64.18
AYEL01091180.1:4795-5016(+,-)	62.32
AYEL01090723.1:21936-22165(+,-)	59.04
AYEL01057748.1:141-368(+,-)	63.00
AYEL01085836.1:17644-17840(+,-)	60.14
AYEL01075817.1:101419-101652(+,-)	61.60
AYEL01081740.1:32710-32943(+,-)	60.87
AYEL01050789.1:10098-10326(+,-)	60.15
AYEL01031133.1:1153-1358(+,-)	63.44
AYEL01061690.1:228-563(+,-)	61.44
AYEL01048161.1:2155-2405(+,-)	85.71
AYEL01047506.1:21537-21738(+,-)	66.67
AYEL01069058.1:7115-7332(+,-)	68.18
AYEL01047977.1:45591-45820(+,-)	62.58
AYEL01077916.1:96416-96611(+,-)	70.09
AYEL01080859.1:6623-7044(+,-)	59.59
AYEL01072275.1:44741-44975(+,-)	64.29
AYEL01080432.1:33345-33550(+,-)	62.18
AYEL01079620.1:34971-35195(+,-)	57.04
AYEL01073669.1:2954-3365(+,-)	64.33
AYEL01049927.1:22345-22560(+,-)	63.64
AYEL01067546.1:40289-40520(+,-)	63.94
AYEL01053952.1:4468-4689(+,-)	63.64
AYEL01074970.1:26243-26437(+,-)	65.41
AYEL01088471.1:68605-68874(+,-)	71.11
AYEL01090263.1:5669-5897(+,-)	64.58
AYEL01028927.1:17678-17896(+,-)	62.84
AYEL01087098.1:12889-13123(+,-)	73.42
AYEL01070138.1:36975-37198(+,-)	64.10
AYEL01074070.1:29853-30085(+,-)	58.82
AYEL01090128.1:1802-2026(+,-)	68.24
AYEL01091988.1:22152-22381(+,-)	62.66
AYEL01072736.1:2819-3041(+,-)	62.76
AYEL01055013.1:2175-2373(+,-)	64.29
AYEL01009032.1:8770-8984(+,-)	69.49
AYEL01059688.1:2796-3020(+,-)	61.65
AYEL01031198.1:5139-5376(+,-)	63.11
AYEL01053426.1:71538-71759(+,-)	63.92
AYEL01019578.1:992-1225(+,-)	59.72
AYEL01028697.1:24341-24552(+,-)	63.04
AYEL01085232.1:1296-1512(+,-)	58.54
AYEL01088428.1:7686-7902(+,-)	64.58
AYEL01085174.1:51132-51363(+,-)	60.54
AYEL01028355.1:30637-30865(+,-)	65.08
AYEL01080540.1:8268-8495(+,-)	61.94
AYEL01024380.1:8037-8235(+,-)	63.46
AYEL01083962.1:5210-5426(+,-)	65.41
AYEL01045728.1:34540-34771(+,-)	58.74
AYEL01065950.1:11598-11807(+,-)	61.54
AYEL01056707.1:8582-8805(+,-)	60.15
AYEL01089108.1:2947-3175(+,-)	68.64
AYEL01037209.1:1947-2151(+,-)	75.56
AYEL01043956.1:13338-13547(+,-)	65.25
AYEL01043457.1:5359-5562(+,-)	62.90
AYEL01049440.1:6030-6263(+,-)	64.85
AYEL01074707.1:91943-92138(+,-)	63.43
AYEL01084209.1:13410-13709(+)	68.75
AYEL01019789.1:1438-1660(+,-)	64.34
AYEL01055130.1:7436-7641(+,-)	59.48
AYEL01082081.1:110275-110476(+,-)	70.69
AYEL01073746.1:35051-35282(+,-)	61.35
AYEL01086487.1:35134-35361(+,-)	56.69
AYEL01068000.1:10875-11104(+,-)	61.06
AYEL01084437.1:112507-112720(+,-)	63.33
AYEL01076050.1:4104-4327(+,-)	64.60
AYEL01083569.1:64920-65153(+,-)	71.43
AYEL01070739.1:11381-11611(+,-)	62.10
AYEL01082878.1:7893-8241(+,-)	62.96
AYEL01075573.1:10598-10792(-)	68.89
AYEL01044147.1:25513-25738(+,-)	63.48
AYEL01081740.1:8004-8291(+,-)	66.67
AYEL01027685.1:1078-1292(+,-)	58.39
AYEL01084250.1:21834-22051(+,-)	63.06
AYEL01087820.1:38723-38948(+,-)	61.19
AYEL01081453.1:15557-15778(+,-)	66.67
AYEL01071160.1:20384-20601(+,-)	67.01
AYEL01074095.1:48874-49081(+,-)	67.35
AYEL01068386.1:3510-3723(+,-)	64.15
AYEL01087789.1:93655-93883(+,-)	63.89
AYEL01081738.1:6394-6612(+,-)	57.97
AYEL01079639.1:41793-42014(+,-)	66.25
AYEL01057104.1:74236-74450(+,-)	57.89
AYEL01089414.1:3929-4153(+,-)	65.13
AYEL01051803.1:6096-6316(+,-)	59.80
AYEL01065455.1:9997-10225(+,-)	59.29
AYEL01088440.1:58711-58944(+,-)	63.51
AYEL01063867.1:84548-84751(+,-)	59.70
AYEL01090754.1:26434-26638(+,-)	64.20
AYEL01052596.1:8044-8259(+,-)	59.49
AYEL01085667.1:11305-11523(+,-)	60.81
AYEL01070545.1:23981-24193(+,-)	61.00
AYEL01071158.1:27761-27952(+,-)	72.88
AYEL01084201.1:173894-174109(+,-)	62.41
AYEL01067434.1:21710-21927(+,-)	61.64
AYEL01082122.1:21206-21426(+,-)	65.84
AYEL01049927.1:16649-16888(+,-)	61.82
AYEL01051195.1:37548-37770(+,-)	60.31
AYEL01068496.1:51621-51851(+,-)	63.69
AYEL01086768.1:12632-12835(+,-)	62.10
AYEL01086194.1:67204-67422(+,-)	64.86
AYEL01062609.1:10804-11021(+,-)	61.49
AYEL01080624.1:2457-2677(+,-)	83.87
AYEL01074266.1:7275-7699(+,-)	68.22
AYEL01088047.1:7042-7275(+,-)	60.49
AYEL01038951.1:4111-4343(+,-)	63.85
AYEL01085564.1:11519-11749(+,-)	58.94
AYEL01082493.1:4905-5242(+,-)	68.00
AYEL01090950.1:535-747(+,-)	66.99
AYEL01075817.1:75807-76035(+,-)	69.57
AYEL01037210.1:14751-14977(+,-)	62.76
AYEL01086169.1:5068-5262(+,-)	63.50
AYEL01086317.1:14271-14504(+,-)	65.35
AYEL01074116.1:65131-65538(+,-)	59.70
AYEL01087498.1:2972-3188(+,-)	64.29
AYEL01089298.1:8074-8290(+,-)	60.87
AYEL01081927.1:73914-74119(+,-)	71.01
AYEL01085131.1:65208-65443(+,-)	68.64
AYEL01058447.1:17517-17716(+,-)	58.39
AYEL01016310.1:18303-18673(+,-)	71.88
AYEL01072688.1:32404-32601(+,-)	64.00
AYEL01089874.1:7544-7781(+,-)	69.89
AYEL01083281.1:78159-78366(+,-)	64.60
AYEL01066907.1:8017-8233(+,-)	60.40
AYEL01061170.1:25062-25279(+,-)	59.85
AYEL01091638.1:64465-64660(+,-)	64.79
AYEL01087200.1:25531-25763(+,-)	57.14
AYEL01083793.1:3605-3825(+,-)	68.80
AYEL01055355.1:12003-12292(+,-)	62.50
AYEL01082890.1:29949-30178(+,-)	65.06
AYEL01061544.1:30431-30656(+,-)	60.70
AYEL01067083.1:2827-3059(+,-)	60.54
AYEL01081459.1:10398-10626(+,-)	61.49
AYEL01071268.1:7470-7697(+,-)	60.81
AYEL01056778.1:36245-36463(+,-)	73.33
AYEL01050562.1:164-383(+,-)	62.79
AYEL01078583.1:14858-15072(+,-)	60.96
AYEL01081582.1:2706-2935(+,-)	66.10
AYEL01046494.1:1020-1264(+,-)	62.20
AYEL01055746.1:48338-48564(+,-)	59.31
AYEL01076209.1:8291-8549(+,-)	63.70
AYEL01017660.1:3319-3593(+,-)	64.39
AYEL01082035.1:46861-47093(+,-)	63.64
AYEL01077016.1:40128-40343(+,-)	74.00
AYEL01058735.1:5134-5352(+,-)	60.28
AYEL01050638.1:5711-5928(+,-)	66.99
AYEL01079188.1:9517-9735(+,-)	68.89
AYEL01069155.1:32841-33053(+,-)	60.29
AYEL01083388.1:419-616(+,-)	61.63
AYEL01056778.1:27363-27596(+,-)	59.44
AYEL01068496.1:40305-40537(+,-)	61.14
AYEL01076219.1:5655-5874(+,-)	65.45
AYEL01091075.1:18673-19288(+,-)	64.06
AYEL01064118.1:26033-26252(+,-)	66.20
AYEL01090017.1:41704-41928(+,-)	58.74
AYEL01058861.1:16421-16652(+,-)	60.47
AYEL01082127.1:7423-7625(+,-)	64.42
AYEL01038438.1:53329-53547(+,-)	66.95
AYEL01069978.1:30891-31115(+,-)	71.79
AYEL01080700.1:23789-24016(+,-)	65.04
AYEL01091804.1:25053-25267(+,-)	65.73
AYEL01087720.1:19104-19301(+,-)	65.22
AYEL01060132.1:13279-13507(+,-)	60.00
AYEL01068209.1:243-450(+,-)	65.94
AYEL01040597.1:2168-2400(+,-)	62.60
AYEL01081352.1:1806-2112(+,-)	59.43
AYEL01074837.1:7150-7390(+,-)	58.45
AYEL01057630.1:58631-58851(+,-)	68.89
AYEL01081592.1:43437-43633(+,-)	62.41
AYEL01062196.1:5622-5838(+,-)	62.96
AYEL01065611.1:34237-34470(+,-)	63.43
AYEL01086320.1:28959-29176(+,-)	62.58
AYEL01070826.1:38327-38533(+,-)	66.67
AYEL01086414.1:113173-113454(+,-)	68.89
AYEL01082563.1:15698-15927(+,-)	59.51
AYEL01091535.1:18244-18467(+,-)	63.71
AYEL01055642.1:6910-7128(+,-)	61.43
AYEL01084736.1:34668-34874(+,-)	60.98
AYEL01075038.1:5146-5454(+,-)	69.72
AYEL01066498.1:25239-25438(+,-)	60.94
AYEL01074540.1:7014-7250(+,-)	65.43
AYEL01091061.1:8762-8969(+,-)	64.29
AYEL01047183.1:3666-3894(+,-)	62.02
AYEL01065884.1:33029-33237(+,-)	56.52
AYEL01055526.1:5402-5641(+,-)	56.93
AYEL01026886.1:3522-3824(+,-)	67.16
AYEL01084386.1:42019-42324(+,-)	59.52
AYEL01073436.1:8427-8660(+,-)	63.64
AYEL01067728.1:16935-17171(+,-)	59.73
AYEL01092025.1:51053-51292(+,-)	60.39
AYEL01072640.1:39555-39786(+,-)	61.19
AYEL01058375.1:4610-4835(+,-)	59.91
AYEL01010640.1:24-244(+,-)	61.24
AYEL01080644.1:51262-51487(+,-)	61.64
AYEL01085184.1:23791-24021(+,-)	66.36
AYEL01088100.1:13961-14155(+,-)	73.33
AYEL01085934.1:45514-45743(+,-)	65.82
AYEL01082950.1:17734-17971(+,-)	62.76
AYEL01081083.1:18913-19130(+,-)	61.21
AYEL01039437.1:40060-40294(+,-)	61.50
AYEL01071421.1:88653-88868(+,-)	61.22
AYEL01085490.1:29819-30046(+,-)	61.64
AYEL01081502.1:14869-15114(+,-)	66.43
AYEL01070687.1:27779-28015(+,-)	65.73
AYEL01073634.1:10048-10265(+,-)	60.87
AYEL01085410.1:21187-21402(+,-)	64.52
AYEL01085546.1:14759-14973(+,-)	61.24
AYEL01070101.1:15478-15719(+,-)	62.38
AYEL01076207.1:46182-46407(+,-)	70.25
AYEL01080733.1:54612-54843(+,-)	64.49
AYEL01057359.1:5593-5822(+,-)	63.29
AYEL01078669.1:3615-3832(+,-)	60.00
AYEL01064407.1:22491-22702(+,-)	63.95
AYEL01038893.1:73366-73599(+,-)	59.51
AYEL01034689.1:1276-1504(+,-)	66.18
AYEL01069355.1:16700-16919(+,-)	62.31
AYEL01073295.1:18843-19087(+,-)	66.67
AYEL01051264.1:68210-68425(+,-)	66.35
AYEL01081841.1:4199-4428(+,-)	69.74
AYEL01088247.1:2494-2723(+,-)	62.14
AYEL01092382.1:37025-37255(+,-)	58.11
AYEL01080012.1:65144-65364(+,-)	60.61
AYEL01076806.1:101378-101614(+,-)	71.43
AYEL01075940.1:12591-12820(+,-)	61.15
AYEL01066696.1:16680-16909(+,-)	67.86
AYEL01067271.1:35255-35478(+,-)	62.86
AYEL01023295.1:4292-4530(+,-)	60.39
AYEL01084451.1:31358-31571(+,-)	58.02
AYEL01075899.1:16510-16728(+,-)	59.54
AYEL01072344.1:72732-72953(+,-)	63.11
AYEL01064572.1:3692-3925(+,-)	64.19
AYEL01002243.1:2660-2878(+,-)	61.96
AYEL01055778.1:23404-23605(+,-)	65.98
AYEL01087163.1:10134-10368(+,-)	61.45
AYEL01080373.1:9171-9400(+,-)	60.54
AYEL01080474.1:19967-20191(+,-)	66.67
AYEL01062678.1:48326-48539(+,-)	63.72
AYEL01049829.1:1192-1417(+,-)	63.83
AYEL01084436.1:36414-36657(+,-)	62.28
AYEL01065167.1:3732-3949(+,-)	61.25
AYEL01081606.1:58761-58977(+,-)	61.81
AYEL01086346.1:32662-32874(+,-)	70.00
AYEL01075628.1:58027-58338(+,-)	69.01
AYEL01068306.1:3936-4160(+,-)	62.86
AYEL01084198.1:20583-20808(+,-)	70.54
AYEL01070531.1:19843-20059(+,-)	65.03
AYEL01089607.1:519-708(+,-)	66.95
AYEL01046379.1:13189-13409(+,-)	65.77
AYEL01067015.1:6022-6248(+,-)	73.68
AYEL01012169.1:59007-59218(+,-)	69.37
AYEL01075104.1:41567-41786(+,-)	58.74
AYEL01069742.1:2278-2515(+,-)	65.89
AYEL01085421.1:50873-51093(+,-)	57.93
AYEL01029381.1:75845-76080(+,-)	70.97
AYEL01055281.1:30594-30827(+,-)	59.81
AYEL01080506.1:10885-11141(+,-)	62.11
AYEL01079767.1:11167-11479(+,-)	64.38
AYEL01081436.1:44149-44353(+,-)	66.10
AYEL01076703.1:3448-3674(+,-)	60.26
AYEL01064819.1:6616-6836(+,-)	65.00
AYEL01044993.1:4224-4449(+,-)	68.89
AYEL01074210.1:11737-11953(+,-)	60.49
AYEL01082079.1:13265-13496(+,-)	61.76
AYEL01073025.1:18238-18470(+,-)	61.06
AYEL01091824.1:48208-48424(+,-)	68.66
AYEL01090762.1:62214-62447(+,-)	69.84
AYEL01072555.1:26569-26796(+,-)	62.50
AYEL01088949.1:14714-14933(+,-)	63.00
AYEL01088792.1:6623-6825(+,-)	68.66
AYEL01090773.1:8604-8818(+,-)	60.87
AYEL01024124.1:4484-4706(+,-)	61.90
AYEL01079185.1:16808-17042(+,-)	61.54
AYEL01082941.1:4002-4242(+,-)	65.05
AYEL01090451.1:25774-25976(+,-)	60.54
AYEL01047989.1:35997-36217(+,-)	67.68
AYEL01046540.1:8080-8344(+,-)	65.06
AYEL01079693.1:27135-27362(+,-)	61.38
AYEL01089941.1:13156-13387(+,-)	57.72
AYEL01076784.1:13628-13859(+,-)	66.67
AYEL01048857.1:81118-81350(+,-)	62.68
AYEL01053701.1:2101-2309(+,-)	68.89
AYEL01075138.1:13574-13774(+,-)	67.23
AYEL01088448.1:20118-20333(+,-)	63.57
AYEL01058861.1:11774-12035(+,-)	61.54
AYEL01078332.1:64816-65011(+,-)	57.72
AYEL01058118.1:33860-34063(+,-)	63.10
AYEL01055586.1:16168-16407(+,-)	64.77
AYEL01064407.1:23389-23637(+,-)	63.92
AYEL01088086.1:13857-14069(+,-)	63.37
AYEL01082117.1:4359-4595(+,-)	61.97
AYEL01055618.1:23272-23468(+,-)	63.04
AYEL01038453.1:347-561(+,-)	64.02
AYEL01080794.1:11436-11641(+,-)	60.98
AYEL01078965.1:7027-7261(+,-)	62.94
AYEL01085077.1:2494-2722(+,-)	57.78
AYEL01068570.1:31321-31555(+,-)	65.05
AYEL01077955.1:12474-12934(+,-)	63.87
AYEL01078554.1:21785-21993(+,-)	60.98
AYEL01070204.1:1984-2181(+,-)	66.96
AYEL01090919.1:17716-17946(+,-)	63.57
AYEL01066367.1:46905-47144(+,-)	64.77
AYEL01078581.1:3348-3554(+,-)	64.00
AYEL01082320.1:1805-2038(+,-)	62.41
AYEL01048390.1:297-512(+,-)	61.08
AYEL01007220.1:10841-11047(+,-)	59.01
AYEL01063285.1:16294-16508(+,-)	62.42
AYEL01088318.1:10137-10370(+,-)	59.46
AYEL01076422.1:3377-3609(+,-)	67.71
AYEL01092358.1:16462-16657(+,-)	63.27
AYEL01090874.1:1959-2188(+,-)	62.32
AYEL01069796.1:4805-5034(+,-)	64.60
AYEL01027573.1:30021-30240(+,-)	61.94
AYEL01089571.1:52343-52576(+,-)	68.80
AYEL01073378.1:9626-9859(+,-)	62.38
AYEL01084422.1:815-1044(+,-)	61.90
AYEL01083653.1:965-1157(+,-)	60.22
AYEL01052478.1:686-915(+,-)	66.67
AYEL01064807.1:41291-41509(+,-)	61.22
AYEL01086061.1:10129-10450(+,-)	64.33
AYEL01069346.1:11994-12196(+)	62.96
AYEL01079724.1:13703-13917(+,-)	63.51
AYEL01090564.1:25518-25735(+,-)	60.00
AYEL01064121.1:7876-8089(+,-)	63.12
AYEL01091804.1:56339-56549(+,-)	63.44
AYEL01092379.1:26057-26293(+,-)	70.49
AYEL01084238.1:14401-14603(+,-)	60.74
AYEL01080700.1:26279-26493(+,-)	64.41
AYEL01068827.1:23733-24002(-)	63.64
AYEL01089684.1:24915-25124(+,-)	63.44
AYEL01091208.1:9961-10196(+,-)	64.58
AYEL01089861.1:54850-55066(+,-)	60.69
AYEL01083846.1:6853-7079(+,-)	62.41
AYEL01084111.1:14223-14452(+,-)	62.41
AYEL01092370.1:42302-42500(+,-)	66.67
AYEL01050531.1:8679-8898(+,-)	64.54
AYEL01082930.1:85836-86068(+,-)	61.61
AYEL01059477.1:2717-2945(+,-)	66.67
AYEL01090302.1:61014-61249(+,-)	62.32
AYEL01085126.1:11816-12047(+,-)	64.90
AYEL01078526.1:1687-1922(+,-)	61.38
AYEL01088797.1:2003-2231(+,-)	65.08
AYEL01076077.1:43644-43871(+,-)	56.30
AYEL01078140.1:1604-1837(+,-)	74.60
AYEL01074361.1:25290-25540(+,-)	58.04
AYEL01089330.1:20015-20229(+,-)	69.49
AYEL01086125.1:5605-5843(+,-)	60.80
AYEL01060227.1:20638-20855(+,-)	63.38
AYEL01062474.1:7883-8170(+,-)	61.25
AYEL01057328.1:23128-23347(+,-)	67.86
AYEL01056745.1:1427-1631(-)	65.38
AYEL01037210.1:12532-12760(+,-)	60.45
AYEL01077280.1:46514-46709(+,-)	62.65
AYEL01085753.1:880-1154(+,-)	60.31
AYEL01091986.1:4407-4643(+,-)	59.73
AYEL01082402.1:48553-48770(+,-)	60.27
AYEL01080350.1:27771-27978(+,-)	60.91
AYEL01087441.1:463-671(+,-)	65.71
AYEL01091602.1:13547-13744(+,-)	58.59
AYEL01086693.1:69894-70121(+,-)	61.38
AYEL01057610.1:42489-42709(+,-)	65.31
AYEL01078998.1:2279-2510(+,-)	67.27
AYEL01087879.1:4032-4246(+,-)	71.19
AYEL01081808.1:50181-50466(+,-)	62.39
AYEL01087111.1:32953-33172(+,-)	61.22
AYEL01060386.1:701-914(+,-)	72.13
AYEL01079767.1:9783-10014(+,-)	67.86
AYEL01038740.1:17055-17314(+,-)	64.65
AYEL01017507.1:2-214(+,-)	58.65
AYEL01061118.1:34327-34541(+,-)	69.70
AYEL01088287.1:44430-44658(+,-)	62.50
AYEL01064034.1:26512-26729(+,-)	62.14
AYEL01088080.1:13764-13973(+,-)	67.80
AYEL01065681.1:28077-28312(+,-)	57.14
AYEL01070865.1:54664-54901(+,-)	81.82
AYEL01083801.1:75852-76086(+,-)	65.35
AYEL01088102.1:7269-7497(+,-)	61.73
AYEL01059923.1:6499-6722(+,-)	66.96
AYEL01084168.1:38416-38647(+,-)	67.80
AYEL01089658.1:992-1241(+,-)	65.00
AYEL01088579.1:20527-20784(+,-)	64.06
AYEL01063356.1:347-775(+,-)	65.35
AYEL01029524.1:2732-2945(+,-)	63.72
AYEL01090102.1:51699-51932(+,-)	60.71
AYEL01056636.1:25813-26027(+,-)	64.38
AYEL01044798.1:18035-18246(+,-)	64.96
AYEL01069016.1:33805-34102(+,-)	53.96
AYEL01087224.1:1033-1251(+,-)	61.59
AYEL01069685.1:31893-32114(+,-)	65.24
AYEL01075003.1:21997-22242(+,-)	60.36
AYEL01079741.1:62179-62412(+,-)	61.97
AYEL01054499.1:34986-35192(+,-)	64.47
AYEL01088414.1:1696-1996(+,-)	66.67
AYEL01079088.1:1480-1700(+,-)	60.14
AYEL01086496.1:4359-4558(+,-)	63.23
AYEL01076743.1:7152-7377(+,-)	62.73
AYEL01084650.1:23359-23739(+,-)	67.15
AYEL01084703.1:6650-6885(+,-)	64.08
AYEL01084339.1:4657-4885(+,-)	63.70
AYEL01068653.1:15594-15830(+,-)	63.28
AYEL01060934.1:176596-176812(+,-)	64.76
AYEL01032519.1:1212-1430(+,-)	68.85
AYEL01067290.1:32647-32870(+,-)	70.53
AYEL01047928.1:875-1090(+,-)	63.76
AYEL01082989.1:8913-9199(+,-)	61.60
AYEL01090199.1:104171-104399(+,-)	60.19
AYEL01065821.1:611-1015(+,-)	63.08
AYEL01089438.1:36902-37134(+,-)	63.38
AYEL01084535.1:14932-15148(+,-)	62.80
AYEL01069733.1:18105-18337(+,-)	61.36
AYEL01062223.1:1433-1651(+,-)	73.33
AYEL01092117.1:611-820(+,-)	70.45
AYEL01089419.1:15492-15719(+,-)	62.77
AYEL01092023.1:4950-5180(+,-)	59.22
AYEL01084653.1:50431-50765(+,-)	67.26
AYEL01073730.1:13309-13541(+,-)	62.16
AYEL01060763.1:10075-10296(+,-)	62.94
AYEL01047662.1:698-905(+,-)	59.68
AYEL01032332.1:1945-2174(+,-)	62.14
AYEL01053014.1:971-1185(+,-)	60.00
AYEL01064934.1:10003-10207(+,-)	60.69
AYEL01073474.1:33226-33437(+,-)	59.15
AYEL01037210.1:29886-30121(+,-)	70.31
AYEL01056150.1:2597-2815(+,-)	61.59
AYEL01026800.1:6795-7018(+,-)	64.91
AYEL01036148.1:76390-76621(+,-)	61.54
AYEL01067502.1:382-693(+,-)	65.29
AYEL01043673.1:4649-4885(+,-)	62.14
AYEL01077233.1:31982-32214(+,-)	58.33
AYEL01080574.1:80819-81022(+,-)	64.13
AYEL01076193.1:36934-37172(+,-)	61.62
AYEL01087012.1:32888-33109(+,-)	76.74
AYEL01063939.1:2955-3187(+,-)	64.86
AYEL01085750.1:37633-37841(+,-)	58.97
AYEL01061592.1:1321-1555(+,-)	61.81
AYEL01080144.1:49212-49448(+,-)	62.69
AYEL01081358.1:6472-6673(+,-)	59.71
AYEL01063985.1:32813-33028(+,-)	63.19
AYEL01071528.1:11265-11495(+,-)	68.69
AYEL01081224.1:1096-1342(+,-)	67.35
AYEL01080113.1:29380-29592(+,-)	68.18
AYEL01070103.1:39307-39521(+,-)	59.86
AYEL01062950.1:8416-8637(+,-)	61.97
AYEL01076960.1:38589-38792(+,-)	62.07
AYEL01074401.1:53134-53365(+,-)	63.46
AYEL01080286.1:1266-1527(+,-)	61.76
AYEL01052382.1:52366-52574(+,-)	68.33
AYEL01062559.1:44267-44487(+,-)	63.19
AYEL01085429.1:52282-52499(+,-)	64.76
AYEL01086507.1:245-464(+,-)	60.81
AYEL01062592.1:11320-11534(+,-)	64.96
AYEL01081107.1:42810-43027(+,-)	64.63
AYEL01069101.1:40776-40969(+,-)	62.07
AYEL01089273.1:11603-11830(+,-)	70.00
AYEL01064389.1:750-942(+,-)	73.33
AYEL01087459.1:17920-18151(+,-)	62.16
AYEL01053642.1:60068-60275(+,-)	59.29
AYEL01066188.1:58091-58315(+,-)	60.20
AYEL01056350.1:1633-1848(+,-)	64.05
AYEL01090255.1:13821-14049(+,-)	63.11
AYEL01086116.1:74537-74733(+,-)	65.58
AYEL01072012.1:86152-86369(+,-)	67.20
AYEL01073488.1:23795-24157(+,-)	64.86
AYEL01070149.1:14060-14290(+,-)	62.32
AYEL01089860.1:24209-24437(+,-)	58.78
AYEL01063214.1:18931-19152(+,-)	61.54
AYEL01078939.1:40786-41182(+,-)	60.00
AYEL01081991.1:29878-30086(+,-)	75.00
AYEL01068358.1:597-830(+,-)	71.67
AYEL01074937.1:19312-19538(+,-)	63.75
AYEL01034838.1:21812-22001(+,-)	62.66
AYEL01068881.1:33843-34073(+,-)	62.38
AYEL01083276.1:27016-27316(+,-)	64.02
AYEL01080744.1:15034-15239(+,-)	59.42
AYEL01089421.1:53233-53467(+,-)	60.75
AYEL01072860.1:7336-7557(+,-)	70.31
AYEL01054472.1:13077-13344(+,-)	63.45
AYEL01055300.1:3235-3445(+,-)	57.93
AYEL01069742.1:9749-9965(+,-)	61.73
AYEL01060991.1:1723-1949(+,-)	61.79
AYEL01082402.1:17762-17964(+,-)	73.33
AYEL01074776.1:3704-3924(+,-)	71.67
AYEL01091137.1:19503-19720(+,-)	65.38
AYEL01077366.1:18930-19135(+)	72.97
AYEL01082425.1:13015-13246(+,-)	70.45
AYEL01070186.1:3440-3675(+,-)	60.69
AYEL01089585.1:15758-15992(+,-)	66.02
AYEL01091466.1:15464-15686(+,-)	64.97
AYEL01013452.1:16587-16803(+,-)	60.69
AYEL01038801.1:795-1019(+,-)	67.19
AYEL01070314.1:11955-12207(+,-)	62.42
AYEL01071684.1:29680-29899(+,-)	65.08
AYEL01069153.1:14399-14626(+,-)	66.18
AYEL01084017.1:18438-18630(+,-)	66.67
AYEL01056848.1:42323-42705(+,-)	69.42
AYEL01064188.1:18225-18461(+,-)	60.28
AYEL01087766.1:4392-4608(+,-)	69.72
AYEL01091317.1:13619-13861(+,-)	58.00
AYEL01069124.1:52522-52770(+,-)	69.77
AYEL01090340.1:17251-17471(+,-)	85.71
AYEL01084222.1:60379-60596(+,-)	64.95
AYEL01077215.1:12132-12584(+,-)	60.14
AYEL01060099.1:2313-2544(+,-)	60.12
AYEL01084986.1:88244-88467(+,-)	57.69
AYEL01080985.1:18220-18517(+,-)	66.29
AYEL01083058.1:59432-59666(+,-)	60.75
AYEL01070872.1:3902-4125(+,-)	68.89
AYEL01059313.1:4827-5054(+,-)	67.48
AYEL01052390.1:13859-14175(+,-)	65.49
AYEL01065409.1:11152-11378(+,-)	66.24
AYEL01067033.1:22451-22646(+,-)	77.27
AYEL01087055.1:4651-4860(+,-)	64.71
AYEL01085831.1:49650-49865(+,-)	66.23
AYEL01077707.1:7540-7799(+,-)	63.38
AYEL01065779.1:11949-12166(+,-)	60.54
AYEL01024307.1:5426-5626(+,-)	61.03
AYEL01047196.1:150227-150456(+,-)	59.26
AYEL01081799.1:3481-3697(+,-)	60.54
AYEL01071777.1:14463-14697(+,-)	62.38
AYEL01058452.1:43701-43906(+,-)	62.39
AYEL01057406.1:74620-74854(+,-)	70.37
AYEL01039460.1:9395-9592(+,-)	64.41
AYEL01081123.1:19915-20132(+,-)	63.00
AYEL01080543.1:49487-49719(+,-)	66.89
AYEL01027573.1:33311-33500(+,-)	57.86
AYEL01059748.1:9185-9418(+,-)	60.39
AYEL01079460.1:24439-24671(+,-)	60.36
AYEL01066410.1:522-751(+,-)	60.54
AYEL01077150.1:15114-15337(+,-)	64.36
AYEL01065432.1:3940-4160(+,-)	70.00
AYEL01083329.1:275171-275429(+,-)	62.35
AYEL01073723.1:18278-18501(+,-)	60.51
AYEL01088397.1:1491-1705(+,-)	61.44
AYEL01089220.1:61544-61818(+,-)	64.00
AYEL01086532.1:593-820(+,-)	64.38
AYEL01084738.1:3983-4218(+,-)	60.78
AYEL01074934.1:1121-1336(+,-)	61.08
AYEL01084863.1:13588-13804(+,-)	75.00
AYEL01072092.1:63211-63445(+,-)	58.06
AYEL01084843.1:305-520(+,-)	63.19
AYEL01080850.1:57845-58062(+,-)	63.80
AYEL01081992.1:4428-4653(+,-)	62.38
AYEL01080841.1:69381-69596(+,-)	58.90
AYEL01071006.1:154792-155073(+,-)	60.65
AYEL01088141.1:58312-58539(+,-)	63.20
AYEL01085093.1:45261-45629(+,-)	64.06
AYEL01084275.1:30402-30615(+,-)	60.69
AYEL01088994.1:86824-87060(+,-)	64.23
AYEL01071446.1:48603-48806(+,-)	61.17
AYEL01076079.1:558-763(+,-)	67.65
AYEL01087105.1:27510-27728(+,-)	61.15
AYEL01019789.1:76540-76765(+,-)	62.40
AYEL01083973.1:12981-13208(+,-)	60.96
AYEL01081372.1:30416-30835(+,-)	62.50
AYEL01078514.1:6771-7064(+,-)	83.33
AYEL01030753.1:4873-5087(+,-)	64.71
AYEL01090838.1:15006-15238(+,-)	62.59
AYEL01077588.1:6244-6456(+,-)	57.92
AYEL01069240.1:2513-2758(+,-)	62.18
AYEL01083818.1:4191-4391(+)	72.73
AYEL01083595.1:27515-27752(+,-)	66.91
AYEL01071667.1:21768-21994(+,-)	66.02
AYEL01033764.1:2595-2817(+,-)	58.33
AYEL01077640.1:7146-7363(+,-)	60.41
AYEL01038801.1:43716-43992(+,-)	56.94
AYEL01066949.1:336-570(+,-)	73.47
AYEL01074665.1:48920-49142(+,-)	61.17
AYEL01070757.1:1018-1225(+,-)	61.48
AYEL01085189.1:10854-11086(+,-)	61.14
AYEL01081816.1:35958-36172(+,-)	61.14
AYEL01075415.1:2539-2745(+,-)	60.25
AYEL01088937.1:1238-1460(+,-)	66.67
AYEL01089980.1:51581-51812(+,-)	65.64
AYEL01075039.1:115989-116290(+,-)	64.02
AYEL01089183.1:47939-48166(+,-)	59.26
AYEL01089984.1:15348-15580(+,-)	58.49
AYEL01078955.1:5992-6200(+,-)	65.32
AYEL01088296.1:19719-19934(+,-)	58.78
AYEL01068520.1:10935-11163(+,-)	62.59
AYEL01075138.1:13943-14178(+,-)	67.26
AYEL01083669.1:22382-22613(+,-)	59.26
AYEL01085319.1:46076-46327(+,-)	61.54
AYEL01026494.1:38-256(+,-)	61.82
AYEL01044004.1:65-286(+,-)	77.50
AYEL01078183.1:11170-11399(+,-)	63.27
AYEL01070507.1:14205-14430(+,-)	62.03
AYEL01085357.1:21532-21763(+,-)	64.79
AYEL01081153.1:12805-13066(+,-)	62.96
AYEL01067814.1:2030-2250(+,-)	60.67
AYEL01070562.1:43036-43242(+,-)	62.50
AYEL01080258.1:4447-4674(+,-)	71.79
AYEL01087751.1:13144-13357(+,-)	61.11
AYEL01081527.1:10619-10821(+,-)	65.17
AYEL01082291.1:51231-51490(+,-)	67.00
AYEL01040567.1:34352-34749(+,-)	59.06
AYEL01086971.1:27557-27787(+,-)	62.35
AYEL01054148.1:2053-2266(+,-)	70.16
AYEL01061104.1:16221-16433(+,-)	60.87
AYEL01070724.1:36196-36423(+,-)	71.11
AYEL01088194.1:75911-76225(+,-)	60.73
AYEL01054655.1:17366-17587(+,-)	63.40
AYEL01085623.1:17400-17627(+,-)	68.75
AYEL01082496.1:28282-28487(+,-)	68.03
AYEL01086314.1:7033-7261(+,-)	66.28
AYEL01085454.1:128988-129217(+,-)	60.61
AYEL01088806.1:45423-45613(+,-)	73.33
AYEL01077720.1:6492-6719(+,-)	65.00
AYEL01087012.1:33966-34187(+,-)	73.33
AYEL01068415.1:69023-69216(+,-)	56.82
AYEL01063685.1:11531-11763(+,-)	60.66
AYEL01059398.1:3703-3914(+,-)	63.72
AYEL01072091.1:95854-96149(+,-)	72.46
AYEL01088743.1:24890-25113(+,-)	83.33
AYEL01068234.1:11420-11656(+,-)	59.90
AYEL01071447.1:36473-36760(+,-)	69.49
AYEL01078465.1:3990-4217(+,-)	61.39
AYEL01060336.1:12460-12696(+,-)	66.34
AYEL01060749.1:15340-15644(+,-)	70.18
AYEL01072506.1:26134-26370(+,-)	69.57
AYEL01085435.1:110848-111079(+,-)	62.07
AYEL01084557.1:7004-7222(+,-)	65.69
AYEL01076500.1:7983-8183(+,-)	57.36
AYEL01079749.1:5946-6179(+,-)	58.65
AYEL01080859.1:8624-8851(+,-)	71.67
AYEL01060241.1:17496-17702(+,-)	64.52
AYEL01060426.1:48208-48434(+,-)	65.56
AYEL01076801.1:33896-34124(+,-)	61.73
AYEL01078451.1:14070-14277(+,-)	60.94
AYEL01068200.1:54745-54963(+,-)	71.67
AYEL01071875.1:65421-65633(+,-)	59.59
AYEL01067895.1:36929-37160(+,-)	66.67
AYEL01063638.1:70465-70698(+,-)	63.73
AYEL01029917.1:2097-2329(+,-)	73.33
AYEL01062801.1:8694-8920(+,-)	69.84
AYEL01045619.1:15-230(+,-)	61.08
AYEL01053940.1:3925-4190(+,-)	64.13
AYEL01080719.1:919-1152(+,-)	73.97
AYEL01085765.1:114440-114679(+,-)	60.28
AYEL01065910.1:13133-13342(+,-)	61.01
AYEL01082305.1:17870-18072(+,-)	64.10
AYEL01084201.1:166683-166919(+,-)	65.07
AYEL01081810.1:1628-1864(+,-)	66.99
AYEL01050180.1:18980-19404(+,-)	60.94
AYEL01085492.1:8843-9056(+,-)	69.49
AYEL01087044.1:5669-5889(+,-)	61.97
AYEL01073801.1:14414-14633(+,-)	66.00
AYEL01082950.1:14682-14903(+,-)	64.00
AYEL01075493.1:28217-28448(+,-)	62.98
AYEL01066978.1:21240-21467(+,-)	64.34
AYEL01041795.1:14597-14812(+,-)	61.54
AYEL01084454.1:1804-2239(+,-)	59.42
AYEL01071815.1:33708-34000(+,-)	61.25
AYEL01072186.1:56415-56642(+,-)	60.87
AYEL01042047.1:2799-3013(+,-)	62.59
AYEL01080566.1:10485-10710(+,-)	67.74
AYEL01056072.1:16319-16553(+,-)	64.22
AYEL01069528.1:5-235(+,-)	66.67
AYEL01091285.1:44147-44342(+,-)	69.75
AYEL01042453.1:21718-21948(+,-)	65.62
AYEL01039549.1:33601-33831(+,-)	64.19
AYEL01090199.1:10719-10955(+,-)	60.15
AYEL01073857.1:3228-3419(+,-)	66.28
AYEL01081725.1:383-655(+,-)	70.49
AYEL01069579.1:92206-92434(+,-)	63.98
AYEL01079352.1:11958-12147(+,-)	60.71
AYEL01070312.1:1233-1515(+,-)	64.20
AYEL01004401.1:711-944(+,-)	68.37
AYEL01084437.1:11961-12177(+,-)	60.61
AYEL01091776.1:11419-11621(+,-)	66.67
AYEL01087676.1:5815-6043(+,-)	68.64
AYEL01077398.1:5103-5414(+,-)	61.76
AYEL01037689.1:344-564(+,-)	65.03
AYEL01088698.1:27381-27813(+,-)	60.36
AYEL01082451.1:42280-42519(+,-)	60.37
AYEL01070333.1:88774-89012(+,-)	62.32
AYEL01084652.1:3488-3679(+,-)	76.71
AYEL01065587.1:30140-30367(+,-)	61.90
AYEL01068267.1:5899-6114(+,-)	60.19
AYEL01015345.1:147-417(+,-)	68.93
AYEL01056898.1:26685-26915(+,-)	63.19
AYEL01091285.1:47441-47694(+,-)	67.74
AYEL01071324.1:44768-44985(+,-)	60.90
AYEL01067905.1:29447-29636(+,-)	60.00
AYEL01074377.1:20400-20634(+,-)	63.83
AYEL01069299.1:7547-7780(+,-)	64.63
AYEL01088774.1:735-968(+,-)	71.43
AYEL01066574.1:274525-274757(+,-)	61.38
AYEL01019662.1:577-788(+,-)	63.87
AYEL01054207.1:937-1167(+,-)	59.44
AYEL01056846.1:114888-115170(+,-)	66.39
AYEL01054159.1:11752-11979(+,-)	66.22
AYEL01086051.1:25846-26046(+,-)	62.18
AYEL01078772.1:69388-69585(+,-)	68.85
AYEL01087043.1:16321-16547(+,-)	62.24
AYEL01032844.1:3140-3360(+,-)	60.58
AYEL01084659.1:30456-30654(+,-)	68.35
AYEL01084721.1:64487-64704(+,-)	62.50
AYEL01068842.1:35509-35729(+,-)	61.49
AYEL01063419.1:2733-2947(+,-)	62.13
AYEL01061129.1:1076-1287(+,-)	67.74
AYEL01065563.1:68432-68641(+,-)	61.86
AYEL01044598.1:11849-12080(+,-)	64.02
AYEL01090795.1:16020-16229(+,-)	74.55
AYEL01082194.1:254681-254907(+,-)	65.00
AYEL01070440.1:118221-118457(+,-)	72.58
AYEL01075906.1:5068-5277(+,-)	58.87
AYEL01091513.1:13595-13850(+,-)	65.10
AYEL01066490.1:21270-21477(+,-)	63.16
AYEL01071466.1:11296-11527(+,-)	71.93
AYEL01089498.1:24428-24641(+,-)	61.01
AYEL01070865.1:52444-52673(+,-)	60.98
AYEL01072787.1:90185-90406(+,-)	61.86
AYEL01039550.1:29247-29484(+,-)	62.69
AYEL01081582.1:1393-1584(+,-)	65.81
AYEL01076867.1:20366-20562(+,-)	68.97
AYEL01074908.1:6505-6750(+,-)	68.57
AYEL01058853.1:16065-16287(+,-)	61.62
AYEL01042712.1:25963-26160(+,-)	65.35
AYEL01057401.1:6158-6417(+,-)	71.67
AYEL01073335.1:6490-6705(+,-)	61.34
AYEL01085059.1:11055-11279(+,-)	58.05
AYEL01065914.1:22125-22403(+,-)	70.00
AYEL01068664.1:35006-35225(+,-)	63.16
AYEL01073851.1:57523-57750(+,-)	63.13
AYEL01074155.1:8575-8859(+,-)	67.90
AYEL01062875.1:34867-35098(+,-)	64.14
AYEL01084848.1:11938-12255(+,-)	63.46
AYEL01075981.1:47680-47947(+)	64.29
AYEL01085266.1:6829-7056(+,-)	65.28
AYEL01069781.1:17535-17754(+,-)	65.43
AYEL01060915.1:124053-124308(+,-)	60.40
AYEL01089552.1:6937-7172(+,-)	60.49
AYEL01035846.1:82557-82783(+,-)	60.00
AYEL01080958.1:32095-32326(+,-)	62.24
AYEL01082777.1:26827-27055(+,-)	62.42
AYEL01065987.1:2909-3126(+,-)	59.12
AYEL01070517.1:6242-6482(+,-)	66.04
AYEL01080780.1:80128-80320(+,-)	67.16
AYEL01072789.1:26475-26706(+,-)	63.10
AYEL01062618.1:4907-5134(+,-)	60.19
AYEL01067757.1:5327-5546(+,-)	58.04
AYEL01084288.1:43652-43853(+,-)	62.96
AYEL01070372.1:57527-57712(+)	64.34
AYEL01085189.1:81536-81762(+,-)	63.77
AYEL01027900.1:31657-31861(+,-)	65.62
AYEL01057405.1:59173-59405(+,-)	60.63
AYEL01073251.1:1012-1224(+,-)	60.15
AYEL01085172.1:11272-11486(+,-)	57.82
AYEL01090342.1:27420-27645(+,-)	64.34
AYEL01047471.1:5358-5580(+,-)	65.22
AYEL01089748.1:3385-3620(+,-)	73.02
AYEL01069418.1:34298-34522(+,-)	61.48
AYEL01070070.1:3766-4000(+,-)	65.03
AYEL01081879.1:25649-25911(+,-)	61.95
AYEL01048426.1:4417-4668(+,-)	65.49
AYEL01080922.1:3623-3849(+,-)	64.06
AYEL01075755.1:22317-22771(+,-)	66.67
AYEL01087751.1:9102-9321(+,-)	62.36
AYEL01056545.1:8641-8867(+,-)	68.33
AYEL01091187.1:2174-2404(+,-)	68.25
AYEL01059930.1:5304-5495(+,-)	78.38
AYEL01044462.1:5750-5953(+,-)	70.18
AYEL01091638.1:34166-34378(+,-)	56.65
AYEL01066683.1:111853-112077(+,-)	61.49
AYEL01053462.1:403-630(+,-)	62.59
AYEL01062266.1:21121-21358(+,-)	73.33
AYEL01084753.1:6237-6452(+,-)	59.70
AYEL01069821.1:52322-52615(+,-)	66.67
AYEL01068532.1:1112-1316(+,-)	64.08
AYEL01090717.1:35701-36008(+,-)	63.96
AYEL01090005.1:42380-42940(+,-)	65.19
AYEL01084387.1:7309-7510(+,-)	67.01
AYEL01048485.1:51337-51566(+,-)	60.56
AYEL01057303.1:1579-1821(+)	78.12
AYEL01081250.1:41510-41743(+,-)	67.68
AYEL01090263.1:79025-79257(+,-)	63.27
AYEL01092025.1:34406-34631(+,-)	73.33
AYEL01064503.1:30783-30994(+,-)	75.56
AYEL01075946.1:1965-2192(+,-)	72.73
AYEL01055153.1:25622-25839(+,-)	62.35
AYEL01088495.1:42757-42997(+,-)	61.47
AYEL01082649.1:71065-71329(+,-)	62.83
AYEL01062174.1:19939-20361(+,-)	62.99
AYEL01087467.1:50448-50676(+,-)	61.38
AYEL01047367.1:343-566(+,-)	65.22
AYEL01041314.1:549-785(+,-)	65.62
AYEL01076954.1:18471-18672(+,-)	72.15
AYEL01074092.1:21011-21216(+,-)	63.36
AYEL01065247.1:544-784(+,-)	61.33
AYEL01066293.1:425-734(+,-)	60.73
AYEL01073792.1:101705-101934(+,-)	67.17
AYEL01090269.1:25160-25546(+,-)	64.36
AYEL01069236.1:40409-40605(-)	72.00
AYEL01085318.1:9633-9853(+,-)	61.59
AYEL01067819.1:1960-2192(+,-)	61.61
AYEL01090651.1:14157-14374(+,-)	62.20
AYEL01048114.1:4724-4930(+,-)	69.49
AYEL01032570.1:3900-4111(+,-)	68.47
AYEL01070687.1:27495-27730(+,-)	64.34
AYEL01085697.1:12530-12766(+,-)	62.39
AYEL01079610.1:1470-1705(+,-)	68.00
AYEL01092383.1:133381-133613(+,-)	61.61
AYEL01072789.1:27413-27626(+,-)	73.33
AYEL01082153.1:80050-80282(+,-)	61.14
AYEL01072964.1:32871-33083(+,-)	61.15
AYEL01084182.1:18664-18963(+,-)	70.69
AYEL01077400.1:15817-16030(+,-)	60.59
AYEL01031021.1:208-430(+,-)	66.35
AYEL01063498.1:8850-9061(+,-)	58.52
AYEL01084081.1:76933-77134(+,-)	63.71
AYEL01066127.1:3175-3409(+,-)	58.42
AYEL01071954.1:5139-5345(+,-)	66.96
AYEL01088996.1:37275-37476(+,-)	64.29
AYEL01065673.1:260-479(+,-)	68.42
AYEL01034167.1:17428-17653(+,-)	60.14
AYEL01080181.1:10300-10557(+,-)	62.77
AYEL01064116.1:36815-37203(+,-)	60.00
AYEL01090454.1:19927-20154(+,-)	62.31
AYEL01078084.1:6753-6987(+,-)	66.67
AYEL01086046.1:5894-6109(+,-)	62.18
AYEL01038361.1:521-710(+,-)	75.76
AYEL01084158.1:7621-7860(+,-)	62.33
AYEL01079739.1:4244-4482(+,-)	67.26
AYEL01065189.1:911-1124(+,-)	62.50
AYEL01079702.1:6443-6677(+,-)	63.19
AYEL01081371.1:124111-124337(+,-)	87.10
AYEL01089078.1:76934-77153(+,-)	66.67
AYEL01082933.1:56550-56749(+,-)	57.02
AYEL01085817.1:54998-55214(+,-)	61.65
AYEL01069998.1:14937-15149(+,-)	67.19
AYEL01067563.1:36365-36658(+,-)	64.58
AYEL01043828.1:64444-64635(+)	69.39
AYEL01050404.1:14910-15140(+,-)	61.90
AYEL01089642.1:32166-32397(+,-)	62.76
AYEL01062037.1:436-665(+,-)	61.59
AYEL01059301.1:26957-27186(+,-)	61.49
AYEL01089330.1:22948-23157(+,-)	61.47
AYEL01075430.1:47629-47858(+,-)	58.90
AYEL01081107.1:45746-45966(+,-)	61.94
AYEL01048205.1:24538-24773(+,-)	59.85
AYEL01073295.1:30290-30536(+,-)	63.16
AYEL01076404.1:16058-16249(+,-)	64.00
AYEL01091097.1:27626-27857(+,-)	63.98
AYEL01030585.1:14747-14965(+,-)	61.54
AYEL01063263.1:66796-67010(+,-)	59.63
AYEL01088544.1:26622-26854(+,-)	69.12
AYEL01077891.1:9583-9816(+,-)	60.67
AYEL01053411.1:17452-17670(+,-)	59.76
AYEL01081836.1:76535-76753(+,-)	62.58
AYEL01085020.1:48262-48497(+,-)	62.71
AYEL01089277.1:32220-32454(+,-)	61.76
AYEL01009610.1:31166-31396(+,-)	62.16
AYEL01092372.1:27553-27752(+,-)	63.64
AYEL01075880.1:6755-6983(+,-)	66.06
AYEL01031365.1:6754-7055(+,-)	63.87
AYEL01089589.1:2548-2776(+,-)	61.19
AYEL01057996.1:51797-52032(+,-)	71.88
AYEL01071623.1:44712-44933(+,-)	58.33
AYEL01061875.1:3232-3456(+,-)	68.37
AYEL01071073.1:19992-20224(+,-)	60.16
AYEL01085756.1:68592-68794(+,-)	66.39
AYEL01060999.1:2816-3019(+,-)	64.75
AYEL01074560.1:4135-4348(+,-)	64.34
AYEL01063840.1:1841-2040(+,-)	70.69
AYEL01050546.1:5246-5470(+,-)	65.45
AYEL01078945.1:20156-20376(+,-)	63.81
AYEL01085517.1:69810-70034(+,-)	59.85
AYEL01076235.1:116449-116678(+,-)	68.57
AYEL01075089.1:3101-3332(+,-)	64.06
AYEL01071333.1:30059-30263(+,-)	69.27
AYEL01078366.1:3912-4186(+,-)	61.07
AYEL01079536.1:44802-45017(+,-)	68.32
AYEL01069797.1:17700-17975(+,-)	59.70
AYEL01076056.1:8688-8888(+,-)	63.04
AYEL01042453.1:24190-24424(+,-)	68.75
AYEL01065822.1:7903-8385(+,-)	63.70
AYEL01068987.1:11694-11902(+,-)	72.46
AYEL01079364.1:60335-60532(+,-)	64.44
AYEL01075632.1:2878-3104(+,-)	60.61
AYEL01026811.1:13358-13566(+,-)	69.92
AYEL01072737.1:3099-3321(+,-)	62.76
AYEL01037134.1:3575-3796(+,-)	61.17
AYEL01056279.1:21466-21690(+,-)	57.64
AYEL01016381.1:22086-22318(+,-)	61.61
AYEL01083473.1:24661-24877(+,-)	64.38
AYEL01077423.1:2928-3242(+,-)	63.22
AYEL01049016.1:767-979(+,-)	59.72
AYEL01084373.1:32236-32452(+,-)	56.20
AYEL01064340.1:94798-95023(+,-)	62.33
AYEL01071639.1:23141-23332(+,-)	65.00
AYEL01019363.1:1180-1397(+,-)	60.36
AYEL01056802.1:63991-64197(+,-)	63.49
AYEL01037452.1:1214-1446(+,-)	61.14
AYEL01092024.1:1712-1937(+,-)	64.34
AYEL01078140.1:1880-2314(+,-)	61.40
AYEL01065970.1:69880-70089(+,-)	69.49
AYEL01068235.1:53569-53772(+,-)	67.50
AYEL01084008.1:6865-7060(+,-)	67.44
AYEL01026801.1:16239-16439(+,-)	60.56
AYEL01077038.1:1298-1551(+,-)	62.50
AYEL01062853.1:618-839(+,-)	62.16
AYEL01086461.1:23219-23451(+,-)	59.38
AYEL01045629.1:3407-3621(+,-)	60.69
AYEL01082142.1:5126-5352(+,-)	62.00
AYEL01072023.1:9899-10088(+,-)	64.94
AYEL01079575.1:52061-52294(+,-)	62.50
AYEL01014397.1:425-628(+,-)	67.16
AYEL01073582.1:133929-134137(+,-)	71.91
AYEL01085550.1:14201-14432(+,-)	65.62
AYEL01074263.1:3081-3335(+,-)	62.96
AYEL01077402.1:23640-23891(+,-)	55.78
AYEL01072297.1:61734-61951(+,-)	65.07
AYEL01007657.1:8730-8958(+,-)	62.80
AYEL01089642.1:13437-13673(+,-)	65.35
AYEL01080599.1:51606-51814(+,-)	64.95
AYEL01090696.1:76389-76620(+,-)	64.10
AYEL01069554.1:135496-135702(+,-)	71.11
AYEL01086302.1:5065-5298(+,-)	62.16
AYEL01085820.1:3712-3941(+,-)	72.09
AYEL01074043.1:171769-171983(+,-)	58.99
AYEL01080050.1:5169-5388(+,-)	69.49
AYEL01085480.1:36248-36469(+,-)	62.89
AYEL01021256.1:1236-1463(+,-)	65.75
AYEL01053129.1:25644-25867(+,-)	74.00
AYEL01085528.1:8037-8268(+,-)	60.94
AYEL01071726.1:1743-1966(+,-)	70.97
AYEL01065180.1:4183-4414(+,-)	61.43
AYEL01088311.1:28865-29162(+,-)	60.29
AYEL01085372.1:1922-2118(+,-)	71.19
AYEL01087937.1:3282-3554(+,-)	67.02
AYEL01082305.1:18828-19022(+,-)	68.89
AYEL01078348.1:6897-7115(+,-)	57.93
AYEL01057069.1:37022-37243(+,-)	67.71
AYEL01091340.1:216249-216475(+,-)	62.76
AYEL01069247.1:560-778(+,-)	59.57
AYEL01060560.1:29668-29902(+,-)	64.06
AYEL01063610.1:599-791(+,-)	75.76
AYEL01069041.1:1586-1799(+,-)	63.72
AYEL01082179.1:1931-2131(+,-)	75.00
AYEL01049561.1:3417-3646(+,-)	61.62
AYEL01055137.1:17568-17784(+,-)	61.90
AYEL01087161.1:8444-8656(+,-)	62.96
AYEL01070228.1:14725-14946(+,-)	64.29
AYEL01078137.1:5988-6210(+,-)	61.40
AYEL01032208.1:17619-17887(+,-)	68.50
AYEL01057506.1:35182-35389(+,-)	62.62
AYEL01091782.1:48649-48865(+,-)	61.11
AYEL01061727.1:35686-35884(+,-)	60.84
AYEL01036365.1:105403-105710(+,-)	66.39
AYEL01071702.1:14114-14331(+,-)	64.00
AYEL01026503.1:35459-35690(+,-)	63.70
AYEL01076818.1:8403-8648(+,-)	66.67
AYEL01010843.1:80-332(+,-)	65.00
AYEL01077390.1:25621-25853(+,-)	70.59
AYEL01076530.1:9712-9914(+,-)	85.19
AYEL01077382.1:57668-57875(+,-)	63.58
AYEL01071416.1:5349-5559(+,-)	68.89
AYEL01038417.1:27007-27373(+,-)	64.52
AYEL01048065.1:61432-61651(+,-)	59.72
AYEL01078995.1:12489-12681(+,-)	69.77
AYEL01076207.1:83789-84006(+,-)	66.32
AYEL01053455.1:64-338(+,-)	63.16
AYEL01073397.1:46278-46596(+,-)	63.72
AYEL01091190.1:18045-18275(+,-)	62.50
AYEL01025358.1:6600-6825(+,-)	63.38
AYEL01071284.1:30336-30562(+,-)	57.02
AYEL01029873.1:197-461(+,-)	61.03
AYEL01049445.1:30668-30872(+,-)	62.50
AYEL01077394.1:186-485(+,-)	63.04
AYEL01090885.1:68212-68429(+,-)	56.20
AYEL01080920.1:18241-18472(+,-)	61.59
AYEL01074215.1:7996-8188(-)	63.00
AYEL01083448.1:11293-11615(+,-)	59.31
AYEL01075783.1:25158-25437(+,-)	60.58
AYEL01085711.1:10986-11198(+,-)	63.33
AYEL01052701.1:7508-7731(+,-)	58.59
AYEL01073914.1:31867-32085(+,-)	71.19
AYEL01082081.1:106697-106963(+,-)	67.02
AYEL01071961.1:35625-35854(+,-)	63.29
AYEL01055726.1:27226-27452(+,-)	64.35
AYEL01074844.1:1296-1529(+,-)	63.45
AYEL01059335.1:3637-3850(+,-)	59.54
AYEL01071160.1:6785-6993(+,-)	75.51
AYEL01074468.1:10137-10369(+,-)	62.50
AYEL01071348.1:11329-11561(+,-)	62.50
AYEL01086308.1:40120-40327(+,-)	61.17
AYEL01031364.1:56483-56714(+,-)	62.71
AYEL01084433.1:12518-12745(+,-)	66.34
AYEL01085199.1:1946-2168(+,-)	62.58
AYEL01058189.1:7424-7711(+,-)	65.89
AYEL01013742.1:9992-10226(+,-)	62.33
AYEL01069932.1:9074-9307(+,-)	64.71
AYEL01076244.1:3330-3571(+,-)	71.01
AYEL01071651.1:19225-19432(+,-)	61.22
AYEL01047931.1:16104-16344(+,-)	61.54
AYEL01062234.1:49224-49467(+,-)	65.49
AYEL01081666.1:8308-8540(+,-)	60.56
AYEL01064498.1:12223-12442(+,-)	64.65
AYEL01069815.1:19927-20158(+,-)	69.79
AYEL01085517.1:68703-68935(+,-)	60.63
AYEL01087826.1:26341-26569(+,-)	62.59
AYEL01076527.1:2596-2804(+,-)	62.59
AYEL01085480.1:46638-46868(+,-)	61.39
AYEL01086518.1:22548-22767(+,-)	62.16
AYEL01091707.1:5256-5502(+,-)	62.24
AYEL01062195.1:1833-2062(+,-)	63.91
AYEL01061854.1:11342-11574(+,-)	68.33
AYEL01090294.1:25245-25477(+,-)	63.37
AYEL01040245.1:1061-1290(+,-)	62.24
AYEL01048940.1:599-816(+,-)	63.95
AYEL01082023.1:6370-6590(+,-)	62.77
AYEL01068952.1:66018-66226(+,-)	62.38
AYEL01038046.1:412-636(+,-)	64.29
AYEL01086381.1:2342-2584(+,-)	62.04
AYEL01071921.1:9076-9291(+,-)	61.54
AYEL01041057.1:295-520(+,-)	61.11
AYEL01090878.1:19532-19737(+,-)	64.02
AYEL01008913.1:1407-1608(+,-)	61.82
AYEL01075993.1:28262-28466(+,-)	64.12
AYEL01055623.1:887-1097(+,-)	61.11
AYEL01070913.1:33951-34144(+,-)	59.14
AYEL01064558.1:17998-18221(+,-)	69.03
AYEL01090885.1:32490-32714(+,-)	62.24
AYEL01013903.1:180-381(+,-)	61.69
AYEL01047402.1:145-366(+,-)	58.37
AYEL01082056.1:2702-2915(+,-)	72.97
AYEL01074394.1:2347-2565(+,-)	59.54
AYEL01084344.1:11887-12119(+,-)	61.14
AYEL01068506.1:3968-4199(+,-)	68.75
AYEL01089503.1:17328-17796(+,-)	58.90
AYEL01070914.1:13236-13493(+,-)	63.33
AYEL01073635.1:5200-5410(+,-)	60.99
AYEL01091823.1:19046-19262(+,-)	63.19
AYEL01063454.1:41940-42171(+,-)	68.48
AYEL01084436.1:3820-4011(+,-)	63.96
AYEL01015480.1:14072-14296(+,-)	59.86
AYEL01062857.1:13218-13441(+,-)	60.71
AYEL01084694.1:14064-14293(+,-)	62.59
AYEL01085542.1:67255-67483(+,-)	71.68
AYEL01090294.1:26908-27126(+,-)	71.19
AYEL01077345.1:74881-75088(+,-)	68.42
AYEL01091875.1:53220-53444(+,-)	60.47
AYEL01085524.1:21251-21530(+,-)	64.21
AYEL01060905.1:3855-4115(+,-)	61.95
AYEL01062013.1:1482-1716(+,-)	68.25
AYEL01077150.1:24063-24293(+,-)	59.85
AYEL01051161.1:29300-29536(+,-)	76.19
AYEL01087469.1:8287-8480(+,-)	65.15
AYEL01046750.1:5442-5722(+,-)	67.26
AYEL01074837.1:7558-7777(+,-)	60.84
AYEL01067990.1:954-1171(+,-)	66.46
AYEL01089143.1:10139-10334(+,-)	67.23
AYEL01065273.1:3126-3335(+,-)	58.65
AYEL01085768.1:15027-15247(+,-)	77.27
AYEL01069995.1:89074-89294(+,-)	64.14
AYEL01065640.1:18198-18390(+)	59.63
AYEL01048522.1:18047-18275(+,-)	60.37
AYEL01054068.1:57806-58036(+,-)	65.91
AYEL01083590.1:55906-56124(+,-)	70.09
AYEL01079923.1:71498-71738(+,-)	60.58
AYEL01053940.1:10962-11231(+,-)	63.33
AYEL01046023.1:9752-9963(+,-)	61.43
AYEL01088878.1:18556-18768(+,-)	71.11
AYEL01089677.1:65599-65812(+,-)	59.01
AYEL01078071.1:18904-19116(+,-)	58.97
AYEL01060788.1:21120-21312(+,-)	68.93
AYEL01060068.1:12455-12671(+,-)	65.35
AYEL01083058.1:61374-61604(+,-)	63.06
AYEL01085533.1:7326-7558(+,-)	67.19
AYEL01090977.1:45900-46124(+,-)	66.67
AYEL01082595.1:5406-5693(+,-)	61.69
AYEL01089980.1:13568-13783(+,-)	64.83
AYEL01070194.1:52904-53112(+,-)	63.12
AYEL01066088.1:11838-12054(+,-)	58.74
AYEL01070681.1:1930-2177(+,-)	61.11
AYEL01080230.1:33813-34027(+,-)	63.72
AYEL01022126.1:9919-10154(+,-)	63.73
AYEL01090275.1:12636-12837(+,-)	58.49
AYEL01056689.1:33019-33225(+,-)	63.49
AYEL01066754.1:28820-29027(+,-)	68.80
AYEL01069416.1:9224-9453(+,-)	65.22
AYEL01073378.1:10821-11193(+,-)	62.12
AYEL01080484.1:8407-8629(+,-)	63.83
AYEL01080206.1:2035-2263(+,-)	64.29
AYEL01089772.1:10297-10522(+,-)	62.50
AYEL01076448.1:34459-34682(+,-)	61.68
AYEL01088632.1:35652-35843(+,-)	66.09
AYEL01075668.1:55942-56133(+,-)	60.87
AYEL01080172.1:691-889(+,-)	62.70
AYEL01061987.1:51978-52194(+,-)	66.67
AYEL01083983.1:4754-4982(+,-)	67.01
AYEL01077405.1:25376-25598(+,-)	58.54
AYEL01075597.1:14522-14734(+,-)	61.97
AYEL01090142.1:40163-40384(+,-)	62.84
AYEL01034019.1:5016-5234(+,-)	65.93
AYEL01088577.1:19603-19823(+,-)	64.76
AYEL01082584.1:19498-19709(+,-)	66.40
AYEL01080650.1:67592-67955(+,-)	69.01
AYEL01081153.1:9863-10094(+,-)	65.31
AYEL01063373.1:4400-4639(+,-)	62.50
AYEL01081481.1:57191-57398(+,-)	57.58
AYEL01073877.1:390-614(+,-)	62.68
AYEL01084635.1:82600-82825(+,-)	83.87
AYEL01075495.1:2647-2909(+,-)	66.67
AYEL01006721.1:2489-2717(+,-)	63.46
AYEL01066712.1:63998-64530(+,-)	67.80
AYEL01079216.1:32079-32313(+,-)	59.31
AYEL01087854.1:6481-6719(+,-)	62.39
AYEL01082349.1:18455-18681(+,-)	65.47
AYEL01077308.1:36312-36509(+,-)	68.97
AYEL01067910.1:950-1149(+,-)	63.72
AYEL01059412.1:11684-11889(+,-)	71.88
AYEL01087339.1:3646-3839(-)	62.59
AYEL01067290.1:23565-23785(+,-)	61.62
AYEL01089219.1:5474-5686(+,-)	71.90
AYEL01053689.1:12906-13161(+,-)	65.17
AYEL01060827.1:15543-15787(+,-)	64.66
AYEL01056772.1:16773-16986(+,-)	68.12
AYEL01068447.1:41369-41597(+,-)	61.74
AYEL01068920.1:135194-135429(+,-)	63.64
AYEL01085127.1:785-1212(+,-)	59.43
AYEL01049213.1:48143-48350(+,-)	59.79
AYEL01068163.1:15702-15924(+,-)	62.76
AYEL01072277.1:43227-43444(+,-)	58.62
AYEL01049471.1:140748-140964(+,-)	59.68
AYEL01069529.1:72658-73045(+,-)	63.00
AYEL01084328.1:28960-29188(+,-)	59.71
AYEL01056986.1:10289-10521(+,-)	59.44
AYEL01065882.1:3203-3545(+)	68.91
AYEL01090578.1:8801-9035(+,-)	63.78
AYEL01039207.1:33-243(+,-)	59.26
AYEL01074068.1:90335-90681(+,-)	58.09
AYEL01070603.1:16394-16610(+,-)	60.53
AYEL01085546.1:9743-9972(+,-)	61.19
AYEL01084347.1:648-865(+,-)	64.18
AYEL01087902.1:6398-6591(+,-)	57.69
AYEL01066958.1:16426-16698(+,-)	67.09
AYEL01087521.1:107807-108036(+,-)	63.87
AYEL01058818.1:2113-2326(+,-)	77.78
AYEL01091599.1:46820-47038(+,-)	63.29
AYEL01084672.1:80109-80328(+,-)	66.67
AYEL01064705.1:32242-32636(+,-)	67.15
AYEL01059304.1:3347-3575(+,-)	62.26
