AYEL01083360.1:18958-19316(-)	59.70
AYEL01052382.1:52823-53180(-)	62.06
AYEL01075441.1:7713-8136(+,-)	59.91
AYEL01074477.1:24088-24449(+)	57.26
AYEL01058934.1:128-493(+)	57.66
AYEL01092363.1:198-556(-)	62.88
AYEL01069695.1:35099-35461(+)	60.66
AYEL01068155.1:11358-11759(-)	62.30
AYEL01053421.1:125428-125837(-)	66.15
AYEL01059967.1:1426-1781(-)	62.69
AYEL01091149.1:14730-15186(-)	76.47
AYEL01085178.1:55520-55952(+,-)	59.75
AYEL01085675.1:994-1355(-)	63.37
AYEL01080063.1:52574-52965(-)	73.56
AYEL01074782.1:38374-38730(+)	59.17
AYEL01081033.1:41965-42428(+)	60.28
AYEL01091309.1:66483-66835(-)	60.22
AYEL01062338.1:36367-36768(-)	67.79
AYEL01073733.1:29714-30132(-)	64.62
AYEL01078151.1:4221-4613(+)	62.50
AYEL01088110.1:57691-58026(+)	60.75
AYEL01090879.1:5301-5811(+)	57.59
AYEL01079273.1:28645-29048(+)	59.95
AYEL01071140.1:8597-9037(+,-)	61.14
AYEL01052745.1:990-1420(+,-)	66.67
AYEL01069600.1:21339-21767(+,-)	63.20
AYEL01088472.1:3563-3911(+)	59.18
AYEL01090393.1:14128-14480(+)	65.06
AYEL01090949.1:8887-9252(+)	61.67
AYEL01086934.1:11421-11829(-)	55.85
AYEL01048939.1:28815-29177(-)	59.66
AYEL01072813.1:30849-31268(+,-)	61.21
AYEL01090656.1:14895-15248(+)	58.69
AYEL01088878.1:55001-55466(-)	67.80
AYEL01091167.1:14311-14694(-)	60.82
AYEL01084719.1:3411-3773(+)	62.12
AYEL01073105.1:53755-54124(+)	59.20
AYEL01037210.1:25592-25944(+)	60.24
AYEL01051596.1:129813-130172(-)	59.10
AYEL01067973.1:4387-4810(-)	65.32
AYEL01067470.1:3388-3815(+,-)	58.92
AYEL01055992.1:33044-33347(-)	62.11
AYEL01091088.1:28997-29409(+,-)	63.73
AYEL01070050.1:3221-3584(+)	59.43
AYEL01039099.1:1624-2066(+)	60.68
AYEL01059889.1:46893-47254(+)	60.06
AYEL01082689.1:23350-23661(-)	82.98
AYEL01084148.1:44867-45199(-)	61.28
AYEL01071040.1:2391-2716(-)	58.42
AYEL01052836.1:8911-9301(+)	70.04
AYEL01015688.1:1342-1650(-)	64.58
AYEL01076414.1:5293-5621(+)	58.71
AYEL01084145.1:3604-3922(+)	60.90
AYEL01087756.1:34086-34449(-)	59.72
AYEL01091259.1:49571-49878(+)	59.88
AYEL01070516.1:6843-7213(-)	80.00
AYEL01059792.1:13143-13491(+)	59.18
AYEL01090236.1:1540-1878(+)	62.90
AYEL01068588.1:37154-37581(+,-)	63.64
AYEL01059446.1:26631-26967(+)	62.44
AYEL01073022.1:8193-8553(+)	59.49
AYEL01064912.1:3501-3928(-)	71.43
AYEL01087826.1:2365-2783(+,-)	60.26
AYEL01089841.1:5990-6339(-)	59.35
AYEL01088156.1:58892-59250(-)	61.19
AYEL01085588.1:3091-3486(-)	63.46
AYEL01086278.1:127106-127461(+)	58.09
AYEL01083989.1:7828-8178(+)	59.20
AYEL01090302.1:59050-59505(-)	65.53
AYEL01065149.1:6444-6856(-)	68.35
AYEL01061704.1:12410-12776(+)	64.55
AYEL01086897.1:136216-136544(+)	58.36
AYEL01072017.1:250-679(+,-)	59.40
AYEL01078556.1:61457-61840(+)	61.19
AYEL01087588.1:80176-80534(-)	60.52
AYEL01037450.1:6763-7104(+)	59.88
AYEL01071723.1:35393-35692(-)	68.98
AYEL01043376.1:1807-2198(-)	63.45
AYEL01071626.1:348-696(+)	61.77
AYEL01076297.1:77879-78238(+)	58.26
AYEL01071648.1:6678-7079(+,-)	60.17
AYEL01081263.1:22536-22956(+,-)	57.61
AYEL01086045.1:5986-6322(+)	59.86
AYEL01091724.1:21321-21702(-)	60.82
AYEL01078981.1:22764-23069(-)	63.29
AYEL01089515.1:33049-33394(+)	57.40
AYEL01086897.1:136999-137508(+)	57.11
AYEL01055334.1:690-1185(+,-)	60.94
AYEL01044629.1:44043-44347(-)	64.17
AYEL01038592.1:1583-2006(+,-)	58.05
AYEL01063393.1:68999-69360(+)	61.62
AYEL01038502.1:9527-9871(-)	62.24
AYEL01023912.1:5363-5772(+,-)	63.39
AYEL01090954.1:46070-46497(+,-)	59.06
AYEL01072942.1:2690-3058(+)	59.29
AYEL01083246.1:42855-43167(+)	67.03
AYEL01081227.1:22852-23270(+,-)	61.88
AYEL01078621.1:17525-18001(+)	55.73
AYEL01084081.1:128959-129318(+)	57.88
AYEL01048161.1:19634-19993(-)	57.55
AYEL01075989.1:20913-21284(+)	60.68
AYEL01056849.1:9633-10140(-)	68.27
AYEL01082751.1:8705-9067(-)	59.37
AYEL01069885.1:56708-57129(+,-)	62.16
AYEL01083013.1:1039-1391(+)	61.21
AYEL01065465.1:10509-10972(+)	56.51
AYEL01085678.1:52691-52991(-)	58.82
AYEL01018509.1:13423-13832(+,-)	58.25
AYEL01033764.1:12818-13213(-)	94.50
AYEL01081793.1:862-1225(-)	57.71
AYEL01072813.1:73761-74165(-)	60.81
AYEL01065255.1:30070-30426(+)	62.46
AYEL01065689.1:19849-20195(+)	62.54
AYEL01086637.1:7244-7630(+)	64.97
AYEL01089693.1:3469-3892(+)	65.08
AYEL01085160.1:47584-48135(-)	85.07
AYEL01084649.1:18482-18819(+)	59.94
AYEL01059996.1:667-1022(-)	59.42
AYEL01089485.1:66289-66610(+)	68.29
AYEL01082840.1:18364-18693(+)	63.08
AYEL01057213.1:27359-27771(-)	57.07
AYEL01085904.1:18387-18720(-)	60.25
AYEL01056486.1:45615-45959(-)	59.23
AYEL01058914.1:26484-26867(+)	61.62
AYEL01090879.1:17314-17627(-)	59.59
AYEL01019841.1:1297-1655(+)	57.19
AYEL01088471.1:196720-197367(-)	64.14
AYEL01037321.1:3709-4124(+,-)	60.53
AYEL01077822.1:9272-9608(-)	59.88
AYEL01091549.1:566-896(-)	59.59
AYEL01073165.1:16421-16722(+)	62.72
AYEL01078930.1:6595-6918(-)	64.56
AYEL01067376.1:3315-3673(-)	61.72
AYEL01087093.1:368-680(+)	58.36
AYEL01071934.1:5514-5901(+)	55.73
AYEL01078616.1:73871-74220(-)	64.14
AYEL01083661.1:29211-29571(-)	60.97
AYEL01062900.1:24078-24483(+)	57.97
AYEL01081189.1:7265-7569(-)	63.36
AYEL01041451.1:813-1211(-)	54.85
AYEL01044801.1:14031-14365(+)	59.67
AYEL01091638.1:65251-65635(+)	66.44
AYEL01077926.1:24333-24824(+,-)	57.43
AYEL01056672.1:3084-3474(+)	61.48
AYEL01091218.1:13355-13703(-)	59.47
AYEL01052990.1:20750-21072(-)	66.97
AYEL01085189.1:64907-65254(-)	57.52
AYEL01075522.1:25582-25966(-)	58.90
AYEL01026805.1:31718-32061(+)	61.87
AYEL01088697.1:5565-5923(+)	61.57
AYEL01054132.1:12343-12658(+)	60.98
AYEL01072697.1:13344-13679(-)	58.97
AYEL01063252.1:24411-24869(-)	61.94
AYEL01066570.1:118535-118898(+)	58.62
AYEL01078100.1:46740-47159(+,-)	65.88
AYEL01051550.1:19493-19897(-)	67.14
AYEL01050434.1:794-1196(-)	62.31
AYEL01081631.1:22120-22479(+)	58.87
AYEL01090694.1:28333-28669(+)	62.88
AYEL01058834.1:29496-29917(+,-)	58.05
AYEL01084433.1:24732-25074(+)	59.35
AYEL01072358.1:6579-6935(+)	59.77
AYEL01073342.1:1499-1813(-)	66.05
AYEL01058817.1:385-804(+,-)	63.69
AYEL01074986.1:10062-10398(+)	57.49
AYEL01075039.1:83031-83369(+)	60.60
AYEL01088700.1:13417-13774(-)	56.04
AYEL01072461.1:6305-6673(-)	60.24
AYEL01055745.1:20122-20475(+)	64.73
AYEL01083437.1:76685-77132(+,-)	62.92
AYEL01075039.1:39071-39399(-)	59.69
AYEL01073723.1:24944-25306(+)	57.59
AYEL01072073.1:25740-26052(+)	60.00
AYEL01057781.1:36258-36618(-)	60.80
AYEL01066574.1:196481-196836(+)	55.65
AYEL01079830.1:5439-5785(-)	60.38
AYEL01069066.1:46614-47051(+,-)	59.93
AYEL01082321.1:34015-34521(-)	69.70
AYEL01074544.1:51684-52031(+)	63.47
AYEL01072440.1:13337-13708(+)	65.49
AYEL01077686.1:51154-51562(-)	63.61
AYEL01058969.1:607-966(-)	60.86
AYEL01082909.1:222856-223201(-)	62.87
AYEL01077463.1:53409-53830(+,-)	58.82
AYEL01055617.1:7886-8347(-)	66.86
AYEL01064828.1:17029-17338(+)	62.18
AYEL01090453.1:762-1080(-)	64.13
AYEL01089433.1:39716-40055(+)	59.46
AYEL01042347.1:4653-5010(-)	60.06
AYEL01051114.1:120811-121161(-)	59.18
AYEL01087026.1:26654-27021(-)	58.99
AYEL01072926.1:7334-7789(-)	67.92
AYEL01088287.1:47649-48003(-)	62.21
AYEL01049852.1:3554-3863(-)	56.63
AYEL01083925.1:1420-1755(-)	58.28
AYEL01076566.1:76578-76935(-)	60.00
AYEL01061812.1:11621-12005(-)	59.27
AYEL01092086.1:13768-14123(-)	57.51
AYEL01076707.1:30-372(-)	63.02
AYEL01045190.1:6476-6885(-)	62.85
AYEL01080461.1:100358-100755(-)	63.92
AYEL01070022.1:41350-41671(+)	59.35
AYEL01076566.1:89253-89592(+)	60.68
AYEL01069279.1:266-613(+)	59.40
AYEL01092391.1:67579-67932(-)	61.59
AYEL01090316.1:527-894(-)	63.43
AYEL01086494.1:16281-16722(-)	92.47
AYEL01073710.1:11362-11713(+)	58.43
AYEL01071897.1:6576-6939(-)	60.45
AYEL01063065.1:14240-14600(-)	59.32
AYEL01015936.1:26787-27258(-)	58.79
AYEL01081050.1:3765-4104(+)	64.74
AYEL01028130.1:5029-5385(-)	63.04
AYEL01075120.1:3880-4291(-)	64.52
AYEL01079817.1:53820-54239(+,-)	59.04
AYEL01076611.1:16306-16689(-)	59.20
AYEL01079278.1:3076-3389(+)	60.90
AYEL01074849.1:4475-4829(+)	60.12
AYEL01084364.1:4872-5232(+)	60.80
AYEL01053883.1:52107-52527(+,-)	62.72
AYEL01079620.1:25992-26353(-)	60.00
AYEL01037030.1:22968-23439(+)	58.49
AYEL01022126.1:60965-61323(+)	60.12
AYEL01070066.1:578-933(+)	60.87
AYEL01072718.1:5870-6215(-)	55.85
AYEL01088130.1:36562-36916(-)	69.15
AYEL01091524.1:9723-10094(+)	61.71
AYEL01092011.1:3900-4370(-)	70.67
AYEL01058926.1:1972-2438(-)	70.20
AYEL01079602.1:660-1066(-)	62.00
AYEL01067447.1:12454-12786(+)	61.47
AYEL01068502.1:12807-13268(-)	62.86
AYEL01084861.1:806-1364(-)	70.66
AYEL01081982.1:10802-11140(-)	59.82
AYEL01090002.1:15370-15729(-)	59.94
AYEL01076488.1:73927-74355(-)	97.03
AYEL01061981.1:20936-21329(+)	67.58
AYEL01076931.1:29681-30088(+)	62.22
AYEL01069722.1:62775-63196(+,-)	58.64
AYEL01057505.1:1255-1626(+)	58.94
AYEL01067732.1:21896-22260(+)	58.26
AYEL01081680.1:13378-13723(-)	60.65
AYEL01056455.1:40469-40888(+,-)	60.26
AYEL01013123.1:25184-25547(+)	59.49
AYEL01070589.1:51313-51728(+)	60.41
AYEL01073901.1:2239-2575(-)	60.32
AYEL01091962.1:25184-25513(-)	57.06
AYEL01082838.1:19963-20419(-)	66.95
AYEL01043402.1:5256-5592(+)	63.78
AYEL01079928.1:144097-144478(+)	62.17
AYEL01033729.1:77190-77540(+)	59.82
AYEL01069708.1:12921-13268(+)	55.95
AYEL01034976.1:2910-3324(+,-)	63.21
AYEL01067513.1:9984-10330(-)	63.42
AYEL01066777.1:40494-40922(+,-)	61.37
AYEL01065764.1:79261-79603(-)	59.47
AYEL01069921.1:42183-42545(+)	59.83
AYEL01069632.1:9069-9408(+)	58.93
AYEL01079062.1:323-683(+)	59.60
AYEL01083604.1:55336-55754(+,-)	59.12
AYEL01004145.1:46-404(+)	63.12
AYEL01091062.1:54810-55200(+)	60.25
AYEL01083593.1:2550-2915(-)	69.46
AYEL01071804.1:531-872(-)	68.80
AYEL01066089.1:7560-7889(-)	60.19
AYEL01073438.1:40832-41239(-)	72.43
AYEL01071607.1:13313-13649(+)	62.76
AYEL01011125.1:2561-2909(-)	66.31
AYEL01084950.1:113170-113493(+)	62.31
AYEL01032136.1:15328-15744(+,-)	59.83
AYEL01086854.1:126358-126740(-)	59.86
AYEL01091239.1:12586-12886(-)	60.34
AYEL01084207.1:2323-2672(-)	58.77
AYEL01066830.1:57167-57531(+)	62.31
AYEL01070582.1:3106-3495(-)	63.47
AYEL01080021.1:62159-62519(+)	60.22
AYEL01035927.1:20219-20576(+)	60.41
AYEL01063203.1:63312-63735(+,-)	60.34
AYEL01081871.1:11882-12253(+)	58.19
AYEL01069528.1:28812-29238(+,-)	59.40
AYEL01067842.1:15154-15506(+)	58.81
AYEL01066871.1:43433-43838(+,-)	59.40
AYEL01038438.1:68280-68645(-)	59.15
AYEL01083600.1:9021-9444(-)	78.16
AYEL01088236.1:79650-80076(+)	68.81
AYEL01062341.1:8925-9296(-)	59.30
AYEL01088528.1:7264-7882(+,-)	63.33
AYEL01065318.1:48009-48411(+)	63.84
AYEL01066136.1:17000-17456(+,-)	61.42
AYEL01019193.1:10757-11140(+)	63.40
AYEL01048334.1:63-423(-)	59.89
AYEL01069326.1:9903-10240(+)	60.45
AYEL01034318.1:18495-18915(+,-)	61.64
AYEL01072234.1:108564-108909(+)	64.12
AYEL01074390.1:45972-46320(+)	57.69
AYEL01048114.1:45848-46148(-)	77.38
AYEL01075473.1:9438-9766(-)	63.43
AYEL01084682.1:7358-7722(-)	61.36
AYEL01074285.1:26330-26751(+,-)	61.57
AYEL01082266.1:14178-14487(-)	60.82
AYEL01071779.1:12003-12352(-)	61.49
AYEL01072517.1:94975-95308(-)	61.45
AYEL01079226.1:84055-84392(+)	59.94
AYEL01070202.1:8137-8615(+,-)	59.05
AYEL01075862.1:9530-9904(+)	58.47
AYEL01050275.1:3704-4043(+)	64.74
AYEL01089819.1:11955-12312(+)	62.42
AYEL01051231.1:30371-30731(+)	58.05
AYEL01073343.1:75415-75873(-)	61.29
AYEL01086720.1:11010-11381(-)	65.78
AYEL01088626.1:11816-12180(+)	61.00
AYEL01079805.1:4494-4842(-)	65.73
AYEL01083033.1:9020-9467(+)	59.00
AYEL01081946.1:18586-18925(+)	60.18
AYEL01072084.1:30663-31019(-)	59.26
AYEL01064776.1:2039-2388(-)	59.77
AYEL01080309.1:5418-5850(+)	57.93
AYEL01056052.1:37540-37897(-)	64.23
AYEL01074633.1:15322-15677(-)	60.86
AYEL01078051.1:7109-7444(+)	56.93
AYEL01071353.1:1754-2091(-)	64.55
AYEL01091251.1:33447-33937(+,-)	63.32
AYEL01052467.1:15963-16371(+)	59.44
AYEL01084030.1:9552-9865(+)	72.99
AYEL01042941.1:114766-115251(-)	65.61
AYEL01081205.1:20522-20840(-)	59.87
AYEL01066896.1:24408-24835(+,-)	58.72
AYEL01084914.1:38262-38612(+)	59.13
AYEL01041835.1:19575-20031(-)	71.48
AYEL01089933.1:27416-27771(+)	60.23
AYEL01087168.1:52562-52878(+)	63.75
AYEL01085015.1:908-1264(+)	61.16
AYEL01061189.1:846-1159(-)	62.01
AYEL01079622.1:84-441(-)	59.04
AYEL01033711.1:60-413(+)	65.05
AYEL01086786.1:15160-15496(+)	71.31
AYEL01089677.1:58302-58616(-)	63.24
AYEL01076881.1:23041-23400(+)	62.06
AYEL01065259.1:14703-15113(-)	71.43
AYEL01071443.1:5415-5837(+,-)	55.85
AYEL01047093.1:9363-9760(+)	60.20
AYEL01049928.1:103024-103426(+)	59.58
AYEL01055586.1:15191-15553(-)	57.70
AYEL01061748.1:18998-19387(-)	57.85
AYEL01081648.1:7418-7752(+)	62.21
AYEL01063582.1:41306-41628(+)	59.47
AYEL01075277.1:4761-5097(+)	58.43
AYEL01034204.1:24071-24442(-)	59.32
AYEL01079693.1:47119-47483(+)	57.98
AYEL01048564.1:8527-8883(-)	58.64
AYEL01009612.1:40021-40387(+)	56.94
AYEL01090989.1:15615-16050(+,-)	65.68
AYEL01080745.1:661-1025(-)	57.86
AYEL01080736.1:8700-9057(+)	59.60
AYEL01027292.1:60246-60670(+,-)	62.01
AYEL01087448.1:9015-9330(-)	59.93
AYEL01073361.1:24571-24930(+)	58.76
AYEL01072457.1:4380-4779(+)	59.29
AYEL01053708.1:6041-6400(-)	60.73
AYEL01042547.1:38172-38537(-)	61.17
AYEL01026284.1:49171-49589(+,-)	61.50
AYEL01066892.1:3431-3786(+)	63.07
AYEL01014207.1:2442-2800(-)	66.80
AYEL01066808.1:85055-85409(-)	58.62
AYEL01045404.1:5392-5756(+)	57.38
AYEL01067761.1:65939-66278(-)	57.57
AYEL01083614.1:1826-2184(-)	59.38
AYEL01025951.1:25655-26021(+)	62.03
AYEL01058894.1:3899-4263(-)	67.24
AYEL01007844.1:3793-4127(+)	63.73
AYEL01073025.1:4999-5313(-)	63.14
AYEL01070648.1:13055-13402(+)	58.19
AYEL01058841.1:13290-13592(-)	79.41
AYEL01077688.1:28186-28516(-)	57.73
AYEL01074142.1:7271-7603(-)	59.09
AYEL01085209.1:26067-26414(+)	60.93
AYEL01086314.1:39996-40422(+,-)	58.05
AYEL01078981.1:22455-22758(-)	70.45
AYEL01091789.1:31300-31643(+)	78.82
AYEL01069722.1:74132-74484(-)	56.80
AYEL01091249.1:43440-43882(+,-)	62.26
AYEL01064161.1:21400-21702(-)	64.02
AYEL01079911.1:55799-56236(-)	72.12
AYEL01081080.1:64773-65134(+)	59.43
AYEL01086317.1:20906-21340(+,-)	58.49
AYEL01084953.1:12301-12628(+)	57.85
AYEL01067981.1:4560-4943(-)	59.14
AYEL01068605.1:24236-24559(+)	61.54
AYEL01072121.1:3274-3598(-)	59.01
AYEL01074149.1:7073-7407(+)	62.22
AYEL01081660.1:93745-94107(-)	58.94
AYEL01078851.1:3426-3892(+,-)	70.75
AYEL01078432.1:18327-18682(+)	59.94
AYEL01063018.1:31454-31804(+)	62.55
AYEL01080445.1:69880-70225(-)	64.80
AYEL01091518.1:18941-19348(+)	65.61
AYEL01064359.1:21869-22189(-)	63.16
AYEL01086986.1:36485-36910(+,-)	59.59
AYEL01061923.1:819-1169(-)	58.33
AYEL01016930.1:32146-32489(-)	60.35
AYEL01072980.1:69666-70349(-)	59.90
AYEL01090750.1:9274-9604(-)	64.56
AYEL01068696.1:23905-24220(+)	61.11
AYEL01063491.1:30466-30804(+)	61.02
AYEL01084876.1:3906-4265(+)	59.94
AYEL01066541.1:4838-5182(-)	60.30
AYEL01056052.1:32718-33113(-)	76.45
AYEL01083801.1:52884-53234(+)	59.44
AYEL01064398.1:18298-18614(-)	60.30
AYEL01076963.1:64041-64344(-)	59.85
AYEL01072919.1:7176-7532(-)	57.64
AYEL01087358.1:21870-22230(-)	59.60
AYEL01042549.1:4677-5092(+,-)	61.04
AYEL01057805.1:770-1179(+)	64.41
AYEL01045087.1:2077-2440(-)	59.14
AYEL01079818.1:40831-41188(-)	59.20
AYEL01089433.1:37852-38214(+)	63.00
AYEL01080563.1:14767-15118(+)	62.76
AYEL01050752.1:2532-2889(+)	60.51
AYEL01066335.1:6054-6474(+,-)	58.02
AYEL01056034.1:1784-2139(+)	64.37
AYEL01076983.1:3641-3985(-)	60.77
AYEL01090949.1:9716-10072(+)	60.06
AYEL01080083.1:96708-97010(-)	61.42
AYEL01050828.1:1180-1603(+,-)	61.84
AYEL01087265.1:5768-6128(-)	58.86
AYEL01087069.1:97408-97765(-)	59.94
AYEL01090511.1:24891-25221(+)	74.51
AYEL01080499.1:30412-30820(+,-)	57.19
AYEL01075378.1:1963-2453(-)	63.79
AYEL01037255.1:3263-3664(-)	58.49
AYEL01037257.1:9400-9739(+)	73.76
AYEL01052979.1:138599-139031(+)	62.01
AYEL01076428.1:15858-16208(-)	65.65
AYEL01083674.1:44020-44440(+,-)	61.69
AYEL01040565.1:32330-32653(+)	63.93
AYEL01078630.1:8145-8512(+)	83.91
AYEL01073965.1:67256-67660(+,-)	61.98
AYEL01088262.1:35289-35625(-)	60.96
AYEL01074281.1:9515-9914(-)	59.39
AYEL01050888.1:65831-66296(-)	98.57
AYEL01061784.1:3678-4146(+)	60.95
AYEL01050789.1:4532-4975(-)	71.13
AYEL01069519.1:31462-31823(+)	60.85
AYEL01086475.1:2105-2437(-)	60.38
AYEL01053794.1:18796-19177(+)	59.06
AYEL01070896.1:25752-26225(+)	61.39
AYEL01070794.1:10543-10890(-)	64.58
AYEL01083556.1:9203-9542(-)	59.40
AYEL01031954.1:12725-13093(-)	59.21
AYEL01084663.1:6501-6840(-)	60.00
AYEL01071329.1:20562-20924(-)	60.47
AYEL01088560.1:38433-38900(+)	78.22
AYEL01078524.1:32609-32961(-)	58.91
AYEL01088737.1:4174-4527(+)	59.58
AYEL01082178.1:4797-5156(+)	57.88
AYEL01079877.1:28872-29227(+)	60.58
AYEL01077067.1:14416-14787(-)	64.94
AYEL01089543.1:18070-18469(-)	61.43
AYEL01059961.1:55552-55973(+)	81.25
AYEL01067499.1:24909-25291(-)	59.55
AYEL01090303.1:3622-4006(-)	60.22
AYEL01082525.1:7174-7499(+)	63.16
AYEL01075744.1:19066-19381(+)	63.71
AYEL01068155.1:48659-49080(+,-)	60.27
AYEL01045422.1:30334-30684(+)	59.54
AYEL01084273.1:115161-115523(+)	60.34
AYEL01049194.1:1118-1442(-)	77.63
AYEL01076807.1:109926-110350(+,-)	62.01
AYEL01090464.1:106790-107216(+,-)	58.39
AYEL01083473.1:22739-23113(-)	60.45
AYEL01043976.1:18009-18375(+)	59.22
AYEL01083494.1:7214-7527(+)	56.83
AYEL01086384.1:19360-19766(+,-)	59.79
AYEL01066570.1:132550-132948(-)	60.23
AYEL01088577.1:2895-3213(+)	60.98
AYEL01082261.1:158281-158598(-)	63.57
AYEL01077553.1:11851-12156(+)	59.66
AYEL01088919.1:18277-18681(-)	63.54
AYEL01092318.1:117167-117543(-)	63.13
AYEL01081095.1:1167-1591(+,-)	66.53
AYEL01088889.1:242598-242941(+)	64.44
AYEL01075335.1:4482-4916(-)	63.51
AYEL01082840.1:18905-19296(+)	58.79
AYEL01013587.1:1445-1800(-)	61.48
AYEL01087068.1:25792-26132(-)	67.46
AYEL01077061.1:31534-31938(+,-)	65.90
AYEL01091940.1:21420-21753(-)	56.76
AYEL01064206.1:929-1284(+)	58.89
AYEL01069199.1:268-740(+)	58.07
AYEL01045386.1:10568-10938(-)	59.00
AYEL01068538.1:5088-5434(+)	58.58
AYEL01091923.1:45932-46275(-)	60.06
AYEL01052376.1:16766-17188(+,-)	61.02
AYEL01050476.1:16612-16956(-)	59.70
AYEL01058986.1:98129-98457(+)	64.17
AYEL01069877.1:2197-2558(-)	59.13
AYEL01062678.1:67743-68102(+)	59.44
AYEL01075833.1:35725-36192(+,-)	65.29
AYEL01052413.1:3715-4083(-)	57.06
AYEL01081588.1:401-704(-)	62.17
AYEL01050205.1:2792-3122(+)	60.31
AYEL01088629.1:10603-10950(-)	59.94
AYEL01088807.1:6255-6675(+)	58.77
AYEL01038805.1:2085-2428(+)	81.01
AYEL01044486.1:21515-21876(-)	58.76
AYEL01074502.1:29130-29479(-)	60.87
AYEL01090149.1:25041-25429(+)	59.41
AYEL01061873.1:4581-5040(-)	60.89
AYEL01063564.1:25699-26191(-)	58.51
AYEL01070359.1:10759-11103(+)	58.41
AYEL01079644.1:58995-59330(+)	59.25
AYEL01091988.1:21545-21967(+,-)	62.23
AYEL01072338.1:111114-111440(+)	87.01
AYEL01082468.1:525-856(+)	60.24
AYEL01056461.1:141-496(-)	62.01
AYEL01054908.1:3802-4144(+)	56.38
AYEL01078100.1:25116-25481(+)	59.60
AYEL01087982.1:64041-64397(-)	61.71
AYEL01078036.1:24946-25299(-)	64.29
AYEL01063778.1:3171-3494(-)	60.25
AYEL01080675.1:49311-49725(+,-)	57.53
AYEL01071039.1:50719-51099(+)	61.13
AYEL01053428.1:35230-35533(+)	63.64
AYEL01091890.1:49053-49458(-)	65.80
AYEL01072006.1:2784-3138(-)	59.60
AYEL01042709.1:739-1130(-)	76.79
AYEL01084160.1:10120-10759(+,-)	66.17
AYEL01083625.1:6283-6609(+)	74.62
AYEL01067370.1:66041-66441(+)	58.11
AYEL01091866.1:3290-3718(-)	72.88
AYEL01091782.1:18445-18804(+)	60.29
AYEL01065647.1:23729-24068(-)	58.13
AYEL01074116.1:32433-32779(-)	59.69
AYEL01080299.1:6568-6913(+)	60.52
AYEL01078447.1:3380-3833(-)	65.07
AYEL01066574.1:120579-121034(-)	98.57
AYEL01091766.1:58970-59414(-)	100.00
AYEL01076254.1:16428-16786(+)	60.17
AYEL01091355.1:5885-6234(+)	60.65
AYEL01074127.1:9288-9594(-)	62.75
AYEL01032847.1:10918-11269(+)	59.41
AYEL01088448.1:22133-22491(+)	58.99
AYEL01068205.1:5117-5464(-)	63.42
AYEL01088194.1:58710-59057(-)	63.06
AYEL01088438.1:3413-3795(+)	59.70
AYEL01058680.1:40189-40642(-)	98.98
AYEL01065413.1:40542-40848(+)	63.20
AYEL01071210.1:70544-70901(+)	57.98
AYEL01089527.1:21134-21449(+)	59.54
AYEL01078474.1:6993-7329(-)	56.59
AYEL01087232.1:822-1154(+)	60.63
AYEL01054306.1:14557-14902(+)	60.24
AYEL01086659.1:130380-130743(+)	60.97
AYEL01091159.1:55462-55805(+)	60.41
AYEL01073078.1:20573-20881(-)	65.41
AYEL01082436.1:469-828(-)	55.18
AYEL01092133.1:11927-12253(+)	59.41
AYEL01086334.1:15095-15405(+)	66.83
AYEL01081632.1:5152-5483(-)	61.02
AYEL01073899.1:52788-53125(+)	59.57
AYEL01086064.1:355-776(+,-)	62.88
AYEL01087433.1:7288-7834(-)	82.83
AYEL01077611.1:1137-1448(+)	68.91
AYEL01083249.1:87-456(-)	59.83
AYEL01033032.1:4237-4583(+)	61.30
AYEL01064323.1:14697-15059(-)	61.17
AYEL01086712.1:82901-83437(-)	61.82
AYEL01072017.1:9674-10041(-)	63.54
AYEL01091849.1:27178-27546(-)	62.65
AYEL01028130.1:8364-8720(-)	63.31
AYEL01088388.1:3309-3661(+)	59.65
AYEL01018512.1:17066-17418(+)	59.43
AYEL01062387.1:1828-2146(+)	61.04
AYEL01049998.1:18089-18530(+)	59.81
AYEL01072718.1:353-687(+)	60.79
AYEL01047158.1:22808-23156(-)	58.88
AYEL01074147.1:2968-3309(-)	62.28
AYEL01058671.1:13454-13880(+,-)	57.79
AYEL01087214.1:19885-20241(+)	60.28
AYEL01079163.1:34382-34733(-)	60.81
AYEL01041490.1:25816-26170(+)	61.54
AYEL01076825.1:45994-46343(-)	58.94
AYEL01085113.1:9899-10257(-)	58.74
AYEL01087685.1:10347-10706(+)	59.14
AYEL01087622.1:55340-55652(+)	60.94
AYEL01064924.1:35445-35760(-)	61.25
AYEL01089576.1:11217-11571(+)	59.54
AYEL01051999.1:2539-2896(+)	59.38
AYEL01085707.1:24837-25182(+)	66.44
AYEL01060035.1:2378-2717(+)	55.93
AYEL01071895.1:23226-23571(-)	61.22
AYEL01074572.1:50357-50716(-)	59.94
AYEL01059962.1:115-471(+)	58.12
AYEL01090048.1:58668-59036(-)	75.91
AYEL01066758.1:7817-8137(-)	60.38
AYEL01078690.1:3630-4035(-)	67.57
AYEL01086527.1:164616-165072(-)	71.52
AYEL01066568.1:15425-15772(-)	60.48
AYEL01051382.1:6262-6670(+,-)	61.84
AYEL01085765.1:57809-58241(+,-)	60.42
AYEL01012990.1:861-1215(+)	56.40
AYEL01065845.1:2526-2829(+)	61.37
AYEL01066439.1:1691-2114(+,-)	58.05
AYEL01058679.1:68616-68923(+)	66.43
AYEL01065212.1:11400-11826(+,-)	57.14
AYEL01085354.1:31825-32174(+)	62.14
AYEL01087446.1:18465-18805(-)	61.01
AYEL01074468.1:46270-46612(-)	59.70
AYEL01086142.1:49024-49445(+,-)	62.34
AYEL01072383.1:67464-67810(+)	60.31
AYEL01056277.1:28389-28719(+)	58.86
AYEL01020852.1:29731-30038(+)	75.00
AYEL01085248.1:28414-28724(+)	59.77
AYEL01070603.1:41450-41824(-)	59.54
AYEL01071783.1:4239-4638(-)	63.02
AYEL01074275.1:8007-8338(+)	59.80
AYEL01081778.1:35598-35954(+)	59.43
AYEL01060105.1:5756-6094(-)	60.67
AYEL01063262.1:6355-6721(+)	59.05
AYEL01029817.1:632-1005(+)	60.30
AYEL01068000.1:24712-25046(-)	61.20
AYEL01085493.1:6203-6565(-)	57.87
AYEL01088313.1:29896-30358(+)	61.36
AYEL01081738.1:93107-93463(+)	60.06
AYEL01075469.1:8493-8915(-)	97.92
AYEL01085168.1:9140-9545(-)	57.65
AYEL01068563.1:10207-10509(-)	65.50
AYEL01082053.1:118649-118952(+)	64.29
AYEL01085162.1:3746-4071(+)	78.12
AYEL01079759.1:711-1067(-)	58.75
AYEL01086317.1:47552-47886(-)	79.34
AYEL01075367.1:11408-11774(+)	61.80
AYEL01068981.1:7483-7861(+)	58.38
AYEL01067509.1:22476-22841(+)	60.97
AYEL01092263.1:2224-2582(-)	59.60
AYEL01082723.1:74056-74407(-)	57.67
AYEL01045253.1:19393-19752(-)	59.60
AYEL01069199.1:23773-24075(-)	63.48
AYEL01073994.1:13357-13824(+)	61.56
AYEL01079912.1:39417-39768(+)	60.00
AYEL01037298.1:75688-76070(-)	60.70
AYEL01089097.1:7537-7876(+)	64.86
AYEL01055123.1:65713-66261(-)	57.03
AYEL01008278.1:13438-13756(+)	66.46
AYEL01083898.1:22453-22856(-)	60.66
AYEL01092228.1:34547-34957(+,-)	59.26
AYEL01033980.1:156-463(+)	60.54
AYEL01059722.1:29262-29582(-)	59.85
AYEL01079655.1:5722-6075(-)	60.23
AYEL01012529.1:0-314(-)	80.25
AYEL01066035.1:49515-49968(+)	64.04
AYEL01090894.1:57747-58094(-)	63.31
AYEL01074390.1:32894-33201(+)	63.21
AYEL01085147.1:27734-28154(+,-)	60.74
AYEL01076183.1:1219-1652(+)	61.46
AYEL01088326.1:15494-15799(+)	63.98
AYEL01085758.1:61706-62108(-)	57.97
AYEL01031031.1:1251-1612(-)	57.87
AYEL01037548.1:10874-11189(-)	51.82
AYEL01079368.1:4315-4628(+)	59.05
AYEL01069426.1:79425-79787(+)	60.08
AYEL01082513.1:39235-39661(+,-)	64.25
AYEL01072667.1:19417-19778(+)	60.17
AYEL01085267.1:20589-21035(-)	77.42
AYEL01074117.1:33811-34194(-)	61.18
AYEL01075868.1:13636-14062(+,-)	62.66
AYEL01063667.1:12339-12690(+)	60.24
AYEL01071923.1:39420-39779(+)	62.96
AYEL01074138.1:2100-2434(+)	61.23
AYEL01063264.1:1137-1483(+,-)	58.71
AYEL01078409.1:10588-10898(+)	65.71
AYEL01082615.1:11435-11855(+,-)	57.68
AYEL01076903.1:82756-83185(+,-)	65.91
AYEL01070535.1:26931-27248(+)	61.22
AYEL01065931.1:3184-3522(-)	58.21
AYEL01075658.1:3145-3582(+,-)	62.06
AYEL01082692.1:4026-4471(-)	58.19
AYEL01071894.1:52007-52363(-)	61.96
AYEL01085171.1:22317-22751(-)	63.28
AYEL01075440.1:17821-18185(+)	84.55
AYEL01071652.1:6783-7117(+)	63.09
AYEL01067173.1:79766-80214(-)	59.50
AYEL01086473.1:32038-32447(+)	57.54
AYEL01087870.1:53247-53604(-)	62.14
AYEL01043961.1:10139-10591(+)	62.78
AYEL01059712.1:2185-2605(+,-)	61.73
AYEL01064699.1:30228-30566(+)	61.05
AYEL01076191.1:10673-10977(+)	68.48
AYEL01047365.1:18401-18736(-)	61.06
AYEL01055564.1:1639-2034(-)	77.63
AYEL01090004.1:89146-89506(+)	59.89
AYEL01055374.1:5288-5696(+,-)	62.22
AYEL01084878.1:11771-12167(+,-)	62.50
AYEL01055013.1:14349-14776(+,-)	61.98
AYEL01059343.1:736-1101(-)	59.37
AYEL01070867.1:33545-33953(+,-)	59.79
AYEL01049819.1:61828-62151(+)	60.00
AYEL01065318.1:129851-130178(+)	59.48
AYEL01083482.1:12054-12443(+)	62.60
AYEL01081209.1:4075-4426(+)	57.85
AYEL01089637.1:1290-1643(+)	58.05
AYEL01046871.1:11163-11508(+)	62.24
AYEL01088783.1:18277-18619(+)	62.78
AYEL01070504.1:43167-43508(+)	59.76
AYEL01074477.1:13608-13972(+)	62.18
AYEL01091160.1:2358-2881(+)	62.31
AYEL01070061.1:39484-39842(+)	64.45
AYEL01060655.1:5346-5668(+)	59.81
AYEL01090569.1:1855-2218(+)	58.71
AYEL01067761.1:12267-12602(+)	59.38
AYEL01062261.1:6111-6467(+)	60.57
AYEL01027723.1:10130-10507(-)	58.97
AYEL01088292.1:101126-101579(-)	58.75
AYEL01088636.1:7106-7533(+)	56.82
AYEL01086316.1:64195-64596(-)	61.57
AYEL01068587.1:12327-12783(+)	58.06
AYEL01087255.1:10548-10967(-)	71.90
AYEL01057927.1:9956-10255(+)	62.96
AYEL01083627.1:36421-36731(+)	60.65
AYEL01090709.1:32158-32495(+)	58.81
AYEL01069418.1:54003-54411(+,-)	57.39
AYEL01059192.1:162-499(-)	56.23
AYEL01032850.1:8647-9003(+)	59.08
AYEL01058622.1:16244-16600(-)	58.74
AYEL01066749.1:4341-4752(+)	59.02
AYEL01086030.1:10275-10701(+,-)	71.74
AYEL01089630.1:50506-50842(+)	64.34
AYEL01081793.1:1240-1561(-)	61.38
AYEL01064816.1:37402-37803(+)	58.75
AYEL01059182.1:49527-49870(+)	62.55
AYEL01081005.1:43544-43887(+)	62.22
AYEL01089875.1:33848-34214(+)	62.36
AYEL01078320.1:41439-41847(+,-)	63.91
AYEL01081361.1:27197-27574(-)	67.07
AYEL01090724.1:17287-17635(+)	58.14
AYEL01046575.1:3356-3727(+)	60.36
AYEL01071179.1:144727-145082(+)	58.86
AYEL01091738.1:29244-29696(-)	70.54
AYEL01076389.1:65893-66202(-)	71.08
AYEL01058835.1:856-1227(-)	59.92
AYEL01073367.1:18623-18936(+)	73.54
AYEL01088452.1:2573-2956(-)	61.65
AYEL01065806.1:24389-24759(+)	58.95
AYEL01075026.1:5653-6017(+)	59.22
AYEL01057420.1:2837-3146(-)	64.85
AYEL01089477.1:14801-15258(+)	60.44
AYEL01067442.1:15589-15931(-)	62.70
AYEL01057419.1:10838-11203(+)	59.77
AYEL01067141.1:35853-36183(+)	65.50
AYEL01078898.1:30169-30487(+)	58.92
AYEL01069320.1:751-1117(+)	59.14
AYEL01062820.1:4125-4474(+)	61.51
AYEL01063581.1:15161-15580(+,-)	58.16
AYEL01064581.1:29602-29923(+)	61.20
AYEL01070222.1:86448-86913(-)	62.96
AYEL01051756.1:2313-2666(+)	57.51
AYEL01069685.1:8283-8605(+)	61.17
AYEL01080543.1:19372-19720(-)	64.00
AYEL01077658.1:10227-10620(-)	63.10
AYEL01062481.1:41869-42223(-)	60.00
AYEL01069250.1:4143-4501(+)	59.77
AYEL01066574.1:7601-7981(-)	58.54
AYEL01087984.1:2248-2568(-)	61.70
AYEL01072338.1:63121-63517(+)	63.32
AYEL01073050.1:12333-12658(-)	58.13
AYEL01068967.1:2506-2826(-)	72.86
AYEL01075781.1:32338-32765(+,-)	62.66
AYEL01083661.1:10827-11190(+)	59.44
AYEL01092000.1:4065-4469(-)	63.78
AYEL01077226.1:11933-12282(+)	56.10
AYEL01047210.1:11721-12108(+)	58.84
AYEL01055417.1:14772-15153(+,-)	59.60
AYEL01073993.1:17030-17427(+)	62.33
AYEL01052754.1:5262-5621(-)	58.45
AYEL01065623.1:23554-24083(+)	57.05
AYEL01092046.1:8172-8549(-)	65.71
AYEL01073651.1:10551-10870(+)	64.38
AYEL01089652.1:8200-8596(-)	63.18
AYEL01089848.1:48300-48654(-)	59.38
AYEL01082786.1:5607-6012(+,-)	72.78
AYEL01060459.1:2707-3026(+)	59.02
AYEL01087733.1:18832-19169(-)	60.70
AYEL01040566.1:88300-88652(-)	59.83
AYEL01089658.1:2730-3156(+,-)	62.55
AYEL01065318.1:179404-179758(-)	61.47
AYEL01069181.1:25001-25424(+,-)	63.02
AYEL01085702.1:23902-24257(-)	59.92
AYEL01078404.1:14384-14836(-)	74.45
AYEL01065610.1:16952-17299(-)	58.48
AYEL01069700.1:326605-326991(-)	71.51
AYEL01068416.1:100310-100609(+)	59.05
AYEL01064388.1:10307-10691(+)	69.67
AYEL01027728.1:4913-5248(-)	57.83
AYEL01072278.1:2148-2503(+)	60.31
AYEL01071755.1:6101-6455(+)	57.64
AYEL01074803.1:609-973(+)	62.02
AYEL01061978.1:5800-6165(-)	60.11
AYEL01088473.1:3990-4289(-)	69.41
AYEL01077951.1:24198-24522(-)	64.38
AYEL01091643.1:4755-5117(-)	65.09
AYEL01086542.1:5880-6233(-)	58.43
AYEL01084887.1:1-364(-)	61.57
AYEL01075238.1:33990-34336(-)	60.47
AYEL01084591.1:13639-13946(-)	57.94
AYEL01070177.1:6940-7337(+)	61.81
AYEL01065259.1:44678-45190(-)	63.64
AYEL01074692.1:30120-30479(+)	58.72
AYEL01069995.1:49040-49391(-)	65.30
AYEL01085633.1:2210-2540(-)	64.84
AYEL01015060.1:71361-71713(-)	59.65
AYEL01075362.1:25548-25905(+)	59.26
AYEL01063944.1:1118-1470(+)	57.88
AYEL01069366.1:27533-27883(-)	59.12
AYEL01091007.1:75356-75675(+)	61.67
AYEL01073373.1:24092-24501(+,-)	64.94
AYEL01091167.1:11517-11873(-)	61.15
AYEL01015060.1:78227-78640(+,-)	56.94
AYEL01080505.1:36396-36741(-)	57.96
AYEL01072499.1:52199-52568(+)	63.91
AYEL01087407.1:18405-18828(+,-)	57.62
AYEL01073918.1:54746-55080(+)	62.03
AYEL01044876.1:2024-2361(-)	61.19
AYEL01090100.1:11985-12341(+)	60.11
AYEL01063143.1:16309-16641(-)	59.88
AYEL01084109.1:2900-3258(-)	57.91
AYEL01060576.1:14956-15300(-)	57.77
AYEL01071033.1:78468-78888(+,-)	59.86
AYEL01078242.1:5575-5928(-)	71.29
AYEL01059535.1:12519-12830(-)	58.80
AYEL01057497.1:3965-4317(+)	63.70
AYEL01071115.1:30269-30603(+)	60.59
AYEL01078790.1:40789-41173(+)	59.55
AYEL01074965.1:886-1278(+)	58.57
AYEL01079939.1:8753-9103(+)	62.73
AYEL01028108.1:103013-103364(+)	63.26
AYEL01081980.1:81075-81402(+)	57.00
AYEL01075388.1:40003-40343(+)	57.99
AYEL01091881.1:10249-10656(+)	61.02
AYEL01035044.1:9569-9932(+)	64.80
AYEL01077746.1:8536-8838(-)	62.26
AYEL01080145.1:32846-33201(+)	62.75
AYEL01072178.1:15018-15365(+)	59.64
AYEL01081005.1:42398-42804(-)	74.59
AYEL01040593.1:17807-18260(+)	61.15
AYEL01080970.1:81448-81816(-)	59.89
AYEL01090981.1:19429-19860(+,-)	58.13
AYEL01068234.1:120291-120718(+,-)	61.60
AYEL01083448.1:32967-33300(+)	61.92
AYEL01084456.1:3399-3743(+)	61.95
AYEL01091485.1:56081-56486(-)	61.58
AYEL01084728.1:5765-6125(+)	60.25
AYEL01084042.1:15782-16136(-)	61.45
AYEL01076720.1:27708-28064(-)	58.97
AYEL01076613.1:2649-3007(-)	59.89
AYEL01083964.1:10950-11369(+,-)	62.11
AYEL01067968.1:81111-81416(-)	62.76
AYEL01082505.1:53029-53334(+)	59.63
AYEL01084950.1:24593-24914(+)	62.96
AYEL01067387.1:8160-8494(-)	58.13
AYEL01086995.1:31122-31474(-)	61.61
AYEL01064047.1:14856-15258(-)	61.36
AYEL01077202.1:8689-9150(+)	62.30
AYEL01016583.1:11801-12157(+)	60.17
AYEL01086939.1:90002-90387(-)	59.47
AYEL01075026.1:85147-85496(-)	60.78
AYEL01078900.1:46369-46773(-)	63.70
AYEL01048904.1:19688-20005(-)	67.30
AYEL01078269.1:8893-9342(+,-)	61.46
AYEL01017604.1:36-385(+)	59.83
AYEL01040567.1:16974-17287(-)	64.06
AYEL01087643.1:30198-30522(-)	63.10
AYEL01080544.1:380-739(+)	59.49
AYEL01088297.1:20306-20666(-)	65.07
AYEL01052469.1:41017-41419(+,-)	58.86
AYEL01089250.1:60300-60646(+)	61.40
AYEL01056001.1:7254-7597(-)	61.24
AYEL01083625.1:7570-7929(-)	59.60
AYEL01086153.1:1904-2276(+)	61.32
AYEL01066824.1:58696-59048(+)	59.01
AYEL01066735.1:1277-1629(-)	75.91
AYEL01076890.1:24691-25039(+)	57.68
AYEL01064942.1:15823-16149(+)	64.71
AYEL01029527.1:46958-47306(+)	66.04
AYEL01085319.1:54252-54797(+,-)	63.10
AYEL01058258.1:19833-20170(-)	57.19
AYEL01046656.1:7239-7610(+)	57.55
AYEL01069110.1:26459-26885(+,-)	63.16
AYEL01069396.1:13265-13601(-)	59.16
AYEL01072631.1:15895-16322(+,-)	60.74
AYEL01087537.1:74033-74389(+)	59.83
AYEL01060934.1:125788-126150(-)	71.89
AYEL01091503.1:17571-17933(+)	62.02
AYEL01086864.1:103476-103830(-)	60.53
AYEL01090926.1:14264-14626(-)	58.54
AYEL01088291.1:7018-7375(-)	58.81
AYEL01070226.1:4285-4643(-)	56.45
AYEL01056730.1:2038-2459(+,-)	59.74
AYEL01027715.1:5352-5653(-)	62.01
AYEL01086696.1:11670-11999(-)	62.41
AYEL01021107.1:14447-14792(+)	60.67
AYEL01055480.1:12568-12887(-)	74.56
AYEL01077574.1:62670-62971(-)	60.97
AYEL01016501.1:36648-37001(-)	61.34
AYEL01070194.1:43866-44241(+)	61.34
AYEL01060764.1:12562-12954(-)	57.71
AYEL01066895.1:32069-32443(-)	59.34
AYEL01079743.1:25926-26293(+)	59.27
AYEL01089054.1:35983-36394(-)	64.58
AYEL01090649.1:14091-14452(-)	60.28
AYEL01079366.1:22181-22676(+)	55.81
AYEL01075816.1:27679-28024(+)	57.35
AYEL01070855.1:45485-45852(+)	60.86
AYEL01028046.1:155175-155531(-)	61.36
AYEL01071146.1:84106-84461(-)	62.25
AYEL01089155.1:13192-13500(+)	59.72
AYEL01059933.1:5090-5443(-)	61.78
AYEL01073786.1:1026-1401(+)	59.43
AYEL01063647.1:8587-9012(+,-)	59.39
AYEL01060628.1:4112-4458(-)	59.71
AYEL01089559.1:33679-34038(+)	60.97
AYEL01089034.1:25066-25386(-)	57.28
AYEL01015060.1:17957-18292(+)	62.12
AYEL01075851.1:12627-12995(+)	61.27
AYEL01082622.1:47183-47564(-)	62.37
AYEL01074424.1:15148-15467(+)	66.67
AYEL01078554.1:28750-29061(-)	63.05
AYEL01085524.1:36569-36940(-)	60.45
AYEL01069708.1:46353-46838(-)	65.66
AYEL01063201.1:43757-44170(+,-)	66.28
AYEL01073093.1:2947-3247(+)	60.52
AYEL01086766.1:83280-83652(+)	59.66
AYEL01080923.1:50504-50866(+)	59.77
AYEL01071420.1:5348-5670(-)	77.17
AYEL01088204.1:7622-8020(-)	58.89
AYEL01083090.1:17479-17836(+)	58.62
AYEL01091858.1:35266-35682(+)	59.80
AYEL01077030.1:53272-53681(+)	61.28
AYEL01077459.1:5213-5640(+)	63.98
AYEL01050286.1:18590-18926(-)	62.16
AYEL01078844.1:24794-25153(-)	60.97
AYEL01065794.1:6533-6854(-)	67.24
AYEL01081035.1:25111-25527(-)	60.62
AYEL01081624.1:1653-2012(+)	62.10
AYEL01064182.1:24882-25295(+,-)	58.42
AYEL01081093.1:24363-24728(-)	61.69
AYEL01044481.1:16390-16815(+,-)	56.57
AYEL01084738.1:25359-25730(+)	57.81
AYEL01065530.1:25311-25653(-)	58.84
AYEL01062847.1:15975-16311(-)	58.33
AYEL01075349.1:19331-19697(+)	58.50
AYEL01080300.1:100430-100776(+)	58.66
AYEL01083578.1:30346-30656(+)	63.21
AYEL01086337.1:10616-10980(+)	62.45
AYEL01079457.1:14274-14620(+)	65.90
AYEL01068155.1:49291-49640(+)	62.21
AYEL01078844.1:14673-15034(-)	60.56
AYEL01055905.1:4917-5254(-)	56.59
AYEL01079097.1:30583-30998(+,-)	60.62
AYEL01073397.1:41298-41621(-)	57.50
AYEL01083441.1:36565-36921(-)	57.73
AYEL01090369.1:103732-104077(-)	59.76
AYEL01078039.1:26584-26948(-)	65.91
AYEL01068811.1:40998-41377(+)	89.53
AYEL01074213.1:11333-11767(+)	58.55
AYEL01089343.1:4674-5090(+,-)	59.03
AYEL01091890.1:83476-83818(-)	57.27
AYEL01089377.1:8800-9136(+)	56.89
AYEL01090490.1:72892-73274(-)	59.72
AYEL01079389.1:23733-24088(-)	59.77
AYEL01088721.1:11541-11892(+)	60.23
AYEL01072260.1:50011-50370(-)	61.02
AYEL01075539.1:21990-22332(+)	58.08
AYEL01082217.1:80533-80919(+)	60.33
AYEL01059009.1:4711-5135(+,-)	59.26
AYEL01011797.1:2760-3105(-)	59.10
AYEL01084981.1:15926-16278(-)	59.89
AYEL01086700.1:11837-12261(+,-)	57.72
AYEL01085047.1:51290-51635(+)	59.12
AYEL01083674.1:44446-44798(-)	64.56
AYEL01081991.1:41829-42235(-)	59.59
AYEL01091754.1:21004-21325(-)	56.19
AYEL01054283.1:5448-5749(-)	59.26
AYEL01056647.1:10397-10712(+)	67.45
AYEL01078474.1:3714-4019(+)	54.07
AYEL01078616.1:34240-34551(+)	58.17
AYEL01081365.1:22044-22399(+)	60.89
AYEL01051165.1:1656-2015(-)	59.26
AYEL01050474.1:26839-27225(-)	63.74
AYEL01077426.1:1800-2241(+)	62.00
AYEL01060683.1:7236-7592(+)	60.34
AYEL01050450.1:5127-5474(+)	60.18
AYEL01090207.1:15396-15732(-)	61.96
AYEL01091230.1:64109-64501(-)	70.72
AYEL01072908.1:6040-6356(-)	64.39
AYEL01032576.1:2107-2461(+)	58.91
AYEL01083235.1:45458-45806(-)	64.77
AYEL01075369.1:92108-92420(-)	66.67
AYEL01071356.1:8273-8664(+)	59.16
AYEL01091060.1:8998-9358(+)	57.66
AYEL01029821.1:22741-23097(+)	65.00
AYEL01080468.1:34133-34494(+)	57.79
AYEL01066521.1:32666-33069(+)	63.67
AYEL01090377.1:5156-5553(+)	57.40
AYEL01079792.1:9068-9435(+)	58.82
AYEL01061843.1:9162-9592(+,-)	60.49
AYEL01089996.1:13449-13809(+)	60.30
AYEL01070999.1:49840-50201(-)	59.94
AYEL01055780.1:3060-3415(+)	56.94
AYEL01073118.1:8262-8725(+)	59.63
AYEL01071063.1:546-1116(-)	61.39
AYEL01072015.1:686-1005(+)	57.84
AYEL01083566.1:13152-13549(+)	58.01
AYEL01065839.1:407-766(+)	60.80
AYEL01083695.1:49042-49448(+,-)	61.59
AYEL01091088.1:78571-78988(+,-)	58.64
AYEL01085775.1:1941-2364(+,-)	57.62
AYEL01087791.1:21059-21485(+,-)	58.05
AYEL01091968.1:806-1162(-)	59.83
AYEL01078478.1:46591-47017(+,-)	57.72
AYEL01090278.1:42268-42693(+,-)	62.92
AYEL01069596.1:571-963(+)	58.88
AYEL01055484.1:27043-27392(+)	57.52
AYEL01058034.1:4899-5240(+)	59.94
AYEL01069566.1:82469-82773(+)	65.66
AYEL01055484.1:26408-26757(+)	57.52
AYEL01085699.1:71478-71817(-)	57.57
AYEL01068426.1:1953-2310(-)	60.23
AYEL01086486.1:66452-66808(+)	60.43
AYEL01085961.1:18198-18616(+,-)	62.98
AYEL01084825.1:16456-16764(+)	61.62
AYEL01082826.1:577-946(-)	61.37
AYEL01091721.1:115547-115862(+)	61.86
AYEL01090970.1:17999-18403(+)	61.94
AYEL01035925.1:36981-37393(+)	58.00
AYEL01074098.1:66879-67375(-)	69.41
AYEL01082672.1:53312-53675(-)	58.71
AYEL01078356.1:737-1131(+)	59.22
AYEL01053535.1:12273-12628(+)	59.42
AYEL01085827.1:55877-56235(+)	60.34
AYEL01086526.1:10295-10650(+)	57.14
AYEL01088629.1:40-395(-)	60.11
AYEL01067182.1:6618-6958(+)	60.12
AYEL01064617.1:23190-23542(+)	59.88
AYEL01088637.1:13019-13400(+)	58.50
AYEL01065242.1:60160-60580(+)	59.18
AYEL01072864.1:28344-28765(+,-)	64.64
AYEL01085890.1:21883-22218(-)	75.51
AYEL01039878.1:4716-5135(+,-)	57.48
AYEL01078555.1:70993-71310(-)	80.90
AYEL01086092.1:69029-69373(-)	68.62
AYEL01079962.1:52335-52662(-)	58.68
AYEL01083587.1:72460-72879(+,-)	61.21
AYEL01089590.1:31647-31984(-)	61.11
AYEL01081307.1:12888-13274(+)	59.60
AYEL01055125.1:12762-13145(-)	61.45
AYEL01052970.1:74220-74569(+)	58.38
AYEL01074592.1:36774-37128(-)	59.82
AYEL01038776.1:13133-13432(+)	57.29
AYEL01074600.1:70644-70962(+)	66.07
AYEL01010970.1:10672-11094(+,-)	58.31
AYEL01060814.1:12266-12688(+,-)	60.54
AYEL01073598.1:10715-11053(-)	59.82
AYEL01065259.1:81767-82112(-)	63.91
AYEL01090682.1:33912-34256(+)	57.61
AYEL01091269.1:6751-7126(-)	62.21
AYEL01089433.1:38683-39032(-)	56.41
AYEL01073046.1:23400-23806(+,-)	64.13
AYEL01087232.1:2998-3422(+,-)	62.23
AYEL01088471.1:185763-186167(-)	64.77
AYEL01015936.1:9238-9560(-)	64.68
AYEL01048476.1:9693-10104(-)	66.11
AYEL01081035.1:28538-28922(-)	61.13
AYEL01025829.1:14553-15032(-)	75.78
AYEL01046076.1:1056-1395(+)	61.64
AYEL01054515.1:47605-47959(+)	61.96
AYEL01081231.1:18668-19029(+)	58.81
AYEL01081464.1:1877-2232(-)	62.29
AYEL01080506.1:10418-10728(-)	69.89
AYEL01064053.1:77226-77556(+)	65.10
AYEL01042941.1:67129-67447(-)	79.00
AYEL01069636.1:194-549(+)	60.00
AYEL01081743.1:31324-31662(+)	57.70
AYEL01088310.1:18696-19077(+)	59.77
AYEL01065119.1:11092-11563(-)	62.04
AYEL01089662.1:6301-6642(+)	58.46
AYEL01079014.1:15383-15735(+)	58.55
AYEL01084023.1:11053-11362(+)	63.69
AYEL01077300.1:5305-5660(+)	63.64
AYEL01078492.1:38088-38422(-)	58.13
AYEL01061607.1:87757-88152(+,-)	65.28
AYEL01083170.1:1179-1533(+)	58.76
AYEL01052731.1:7341-7698(-)	60.76
AYEL01079772.1:37623-38083(-)	61.63
AYEL01039603.1:31511-31966(+)	58.99
AYEL01076591.1:36103-36454(-)	59.94
AYEL01091972.1:17498-17878(-)	61.74
AYEL01086624.1:12588-13005(+,-)	62.50
AYEL01072616.1:4846-5321(-)	69.60
AYEL01069062.1:144870-145228(-)	58.36
AYEL01085102.1:29964-30326(-)	62.29
AYEL01083633.1:56856-57261(+)	63.35
AYEL01063273.1:1407-1707(+)	60.61
AYEL01050427.1:784-1153(+)	60.00
AYEL01081405.1:3637-4058(+,-)	56.72
AYEL01076617.1:998-1340(-)	72.50
AYEL01085578.1:4037-4449(+,-)	61.06
AYEL01069561.1:13145-13581(+,-)	60.93
AYEL01006436.1:3005-3367(-)	60.73
AYEL01043470.1:17314-17633(+)	61.56
AYEL01071634.1:13245-13613(+)	59.04
AYEL01043956.1:31970-32335(-)	59.71
AYEL01087858.1:135517-135875(-)	58.76
AYEL01089100.1:39977-40384(+,-)	56.42
AYEL01084691.1:20261-20562(+)	61.65
AYEL01081604.1:12223-12625(-)	79.09
AYEL01061460.1:1041-1364(+)	68.75
AYEL01072422.1:10783-11213(+)	71.52
AYEL01066683.1:25105-25529(+,-)	57.72
AYEL01074696.1:36787-37115(-)	58.86
AYEL01079839.1:1422-1783(-)	58.02
AYEL01071193.1:3793-4159(+)	60.89
AYEL01061495.1:33636-33995(+)	67.65
AYEL01086397.1:88569-88988(+,-)	59.46
AYEL01074340.1:38679-39008(+)	78.72
AYEL01086214.1:14335-14694(-)	59.04
AYEL01067847.1:12071-12411(+)	56.16
AYEL01085196.1:32640-32978(-)	58.21
AYEL01062753.1:15840-16180(+)	63.50
AYEL01083041.1:23039-23450(+)	60.10
AYEL01086912.1:27994-28349(+)	57.46
AYEL01026355.1:10107-10566(+)	67.68
AYEL01044424.1:17866-18334(+,-)	62.34
AYEL01080445.1:15024-15383(-)	61.58
AYEL01069781.1:15320-15624(-)	60.30
AYEL01064107.1:4478-4824(-)	60.31
AYEL01072070.1:14238-14583(+)	57.14
AYEL01066533.1:55791-56127(+)	58.33
AYEL01067609.1:17719-18072(-)	60.71
AYEL01089252.1:40134-40765(-)	62.71
AYEL01075282.1:24569-24979(-)	63.60
AYEL01082675.1:1200-1540(+)	61.73
AYEL01035164.1:877-1290(+,-)	57.73
AYEL01088289.1:2095-2457(-)	67.61
AYEL01074297.1:21138-21437(+)	69.79
AYEL01077072.1:18202-18566(+)	58.66
AYEL01077106.1:20609-20959(-)	60.00
AYEL01034014.1:7296-7649(+)	60.34
AYEL01073710.1:9931-10268(-)	59.80
AYEL01077024.1:3727-4036(+)	63.45
AYEL01079425.1:12760-13134(-)	59.82
AYEL01041838.1:10604-10935(+)	61.54
AYEL01066720.1:12639-12985(-)	59.82
AYEL01069354.1:19438-19789(-)	60.69
AYEL01071339.1:118445-118798(+)	59.89
AYEL01081205.1:21148-21625(-)	78.64
AYEL01022937.1:4143-4536(+,-)	68.16
AYEL01023611.1:7319-7658(-)	58.54
AYEL01027296.1:63303-63752(+,-)	63.71
AYEL01067002.1:5450-5810(+)	60.46
AYEL01073651.1:60746-61065(+)	57.56
AYEL01058660.1:2890-3350(-)	75.78
AYEL01076901.1:201403-201812(+)	57.25
AYEL01012522.1:175-478(+)	61.03
AYEL01040566.1:15196-15586(-)	63.01
AYEL01081871.1:23319-23659(+)	58.58
AYEL01084776.1:20786-21142(-)	59.83
AYEL01076147.1:13969-14384(+,-)	60.35
AYEL01060046.1:39402-39706(-)	61.11
AYEL01056051.1:33495-33947(+)	60.25
AYEL01078577.1:34786-35100(-)	60.53
AYEL01018955.1:4382-4783(+)	56.46
AYEL01044758.1:54493-54838(+)	60.06
AYEL01076495.1:7403-7735(+)	64.81
AYEL01062475.1:11072-11491(+,-)	61.21
AYEL01065623.1:14234-14582(-)	60.17
AYEL01061349.1:11772-12133(+)	68.48
AYEL01068633.1:53359-53715(+)	58.47
AYEL01087905.1:55209-55556(+)	59.25
AYEL01086721.1:18872-19219(+)	60.47
AYEL01075138.1:5091-5443(+)	58.43
AYEL01065854.1:64705-65065(-)	57.95
AYEL01059662.1:7186-7530(-)	60.12
AYEL01015881.1:109-481(-)	61.32
AYEL01064734.1:73674-74114(+,-)	64.81
AYEL01065864.1:6189-6546(+)	58.86
AYEL01082736.1:6089-6446(-)	60.41
AYEL01071895.1:7221-7536(+)	66.81
AYEL01084375.1:2867-3213(+)	60.59
AYEL01078893.1:21325-21688(+)	57.75
AYEL01092343.1:179895-180253(+)	58.07
AYEL01088758.1:53494-53852(-)	58.57
AYEL01074011.1:20478-20834(+)	57.67
AYEL01067447.1:12098-12442(+)	70.00
AYEL01089890.1:117953-118291(+)	63.22
AYEL01077629.1:5963-6371(-)	59.47
AYEL01050693.1:14599-14961(-)	58.76
AYEL01054866.1:50670-51118(-)	56.31
AYEL01008732.1:1180-1604(+,-)	57.91
AYEL01081726.1:16657-17021(-)	63.30
AYEL01073884.1:7647-7956(-)	61.49
AYEL01068478.1:22844-23275(+,-)	62.93
AYEL01082440.1:39644-39993(-)	59.59
AYEL01069784.1:21040-21398(-)	60.29
AYEL01046340.1:1450-1824(+)	58.30
AYEL01071372.1:54900-55263(-)	83.02
AYEL01077314.1:25292-25645(-)	58.77
AYEL01076491.1:33454-33861(+)	59.17
AYEL01090373.1:12170-12524(+)	59.54
AYEL01084627.1:1656-1983(+)	66.33
AYEL01060848.1:44631-45048(+,-)	63.71
AYEL01032852.1:9435-9791(+)	57.64
AYEL01076310.1:19909-20212(+)	62.31
AYEL01081005.1:9727-10119(+)	61.58
AYEL01068527.1:56298-56625(+)	58.02
AYEL01061652.1:58971-59424(+,-)	62.50
AYEL01080752.1:9629-9983(-)	57.31
AYEL01079152.1:60075-60565(-)	62.68
AYEL01072672.1:5694-6092(-)	59.23
AYEL01067685.1:16035-16420(+)	61.74
AYEL01085337.1:29140-29478(+)	57.01
AYEL01064154.1:13760-14065(-)	59.39
AYEL01084583.1:95586-95943(-)	60.37
AYEL01042524.1:1895-2223(-)	62.35
AYEL01082313.1:75468-75834(-)	91.78
AYEL01069366.1:29088-29438(-)	59.12
AYEL01077817.1:85593-86017(+,-)	60.34
AYEL01074424.1:2791-3136(-)	60.45
AYEL01063190.1:48438-48775(+)	57.83
AYEL01078594.1:39206-39651(-)	61.48
AYEL01054701.1:5467-5810(-)	64.31
AYEL01061621.1:15076-15432(-)	58.69
AYEL01057728.1:5822-6161(-)	59.35
AYEL01045015.1:11049-11406(-)	58.92
AYEL01073454.1:196-543(-)	59.13
AYEL01069416.1:10487-10839(-)	60.29
AYEL01077683.1:10060-10381(+)	61.98
AYEL01090552.1:7654-7968(+)	67.73
AYEL01084047.1:2882-3212(-)	64.68
AYEL01079220.1:6816-7175(-)	59.09
AYEL01063638.1:88931-89315(+)	64.57
AYEL01087414.1:29545-29847(+)	60.36
AYEL01059535.1:7365-7701(+)	58.80
AYEL01089895.1:16485-16890(+)	61.36
AYEL01080549.1:50126-50548(+,-)	60.43
AYEL01084545.1:18209-18681(+,-)	59.02
AYEL01068235.1:4392-4757(+)	63.30
AYEL01076550.1:3564-3981(+)	60.10
AYEL01086409.1:404-750(+)	59.77
AYEL01091721.1:115200-115517(+)	60.33
AYEL01086077.1:2475-2781(+)	72.00
AYEL01082467.1:1066-1366(-)	61.54
AYEL01010783.1:4612-5046(+)	60.76
AYEL01090924.1:11391-11757(+)	58.45
AYEL01085421.1:88457-88903(+)	91.58
AYEL01087905.1:66110-66452(+)	59.88
AYEL01083130.1:52214-52538(-)	55.84
AYEL01054837.1:33207-33620(+,-)	62.01
AYEL01081405.1:62012-62367(-)	59.36
AYEL01065564.1:17905-18232(+)	61.16
AYEL01061724.1:34202-34509(-)	62.94
AYEL01075748.1:40944-41309(+)	58.33
AYEL01075073.1:156216-156633(+,-)	62.01
AYEL01091209.1:43132-43489(-)	57.18
AYEL01060598.1:17992-18303(+)	64.47
AYEL01086266.1:6186-6547(+)	59.44
AYEL01092067.1:6018-6333(+)	62.29
AYEL01065583.1:32032-32402(-)	64.78
AYEL01061151.1:3397-3710(-)	57.00
AYEL01092379.1:40827-41257(+,-)	60.07
AYEL01091697.1:18515-18814(-)	56.90
AYEL01085809.1:9356-9728(+)	59.89
AYEL01087858.1:14189-14576(-)	62.22
AYEL01044187.1:19458-19822(-)	62.39
AYEL01090877.1:65361-65756(+,-)	76.76
AYEL01046574.1:19238-19635(+)	60.46
AYEL01015529.1:7835-8262(+,-)	60.27
AYEL01056274.1:38369-38793(+,-)	62.92
AYEL01051850.1:298375-298715(-)	58.46
AYEL01059600.1:342-693(-)	59.20
AYEL01083674.1:119618-119977(+)	61.30
AYEL01068925.1:10401-10918(-)	64.40
AYEL01013640.1:14213-14599(-)	63.24
AYEL01048649.1:31369-31718(+)	57.06
AYEL01032164.1:21709-22152(-)	72.77
AYEL01072403.1:27294-27608(+)	57.53
AYEL01065764.1:140801-141153(+)	62.17
AYEL01085431.1:11826-12250(+,-)	58.64
AYEL01080167.1:57736-58162(+,-)	60.78
AYEL01060581.1:6760-7080(+)	61.01
AYEL01069654.1:29436-29835(+)	57.73
AYEL01061942.1:14540-15004(-)	56.77
AYEL01056072.1:20810-21224(+)	58.81
AYEL01078017.1:25372-25727(+)	60.86
AYEL01043678.1:13089-13402(+)	63.95
AYEL01070425.1:58489-58907(+,-)	64.77
AYEL01085378.1:12317-12660(-)	61.54
AYEL01066891.1:40245-40590(+)	57.67
AYEL01081807.1:61536-61918(+)	59.61
AYEL01089108.1:11812-12168(+)	58.40
AYEL01071072.1:58345-58738(-)	61.78
AYEL01066575.1:1491-1859(-)	60.82
AYEL01061918.1:550-875(+)	64.90
AYEL01087176.1:114621-114991(+)	65.28
AYEL01091284.1:28375-28733(-)	64.26
AYEL01090977.1:48171-48486(+)	77.08
AYEL01033764.1:59098-59408(+)	61.72
AYEL01078638.1:23464-23873(+,-)	61.57
AYEL01075852.1:8350-8688(+)	59.35
AYEL01083599.1:10617-10967(+)	59.83
AYEL01089212.1:8746-9179(-)	92.92
AYEL01081946.1:18932-19248(+)	94.12
AYEL01064407.1:5589-5911(+)	65.48
AYEL01082353.1:82676-83034(-)	62.70
AYEL01086609.1:29076-29424(-)	68.06
AYEL01089563.1:75951-76267(-)	59.67
AYEL01090904.1:4949-5371(+,-)	60.94
AYEL01085789.1:27262-27610(+)	61.90
AYEL01083311.1:10006-10342(-)	59.52
AYEL01088019.1:40042-40344(-)	61.65
AYEL01059060.1:13012-13356(+)	60.20
AYEL01067157.1:4129-4498(+)	61.08
AYEL01071524.1:27353-27761(-)	61.80
AYEL01013640.1:50015-50335(-)	80.25
AYEL01090877.1:59214-59570(+)	61.99
AYEL01077034.1:23680-24031(-)	59.89
AYEL01054704.1:25044-25396(+)	59.37
AYEL01045383.1:8395-8781(+,-)	61.00
AYEL01049805.1:666-1031(-)	57.78
AYEL01044840.1:35697-36057(+)	56.57
AYEL01011108.1:66344-66695(-)	59.24
AYEL01055813.1:628-986(-)	61.85
AYEL01065854.1:117639-117994(-)	59.42
AYEL01068625.1:48779-49138(-)	58.76
AYEL01087859.1:14010-14365(-)	58.69
AYEL01068180.1:11198-11613(+,-)	59.92
AYEL01077015.1:21929-22329(+,-)	59.31
AYEL01079928.1:81356-81714(-)	57.88
AYEL01065158.1:17507-18062(+)	64.10
AYEL01084527.1:64806-65161(+)	63.53
AYEL01055540.1:15120-15513(+)	57.03
AYEL01066574.1:162505-162868(-)	58.17
AYEL01082649.1:9067-9514(+)	62.71
AYEL01072178.1:18506-18867(+)	60.62
AYEL01076620.1:6561-6887(+)	60.00
AYEL01079359.1:4201-4636(+,-)	69.52
AYEL01058659.1:5329-5725(-)	60.00
AYEL01082784.1:44254-44569(+)	59.74
AYEL01052079.1:26565-26980(+,-)	64.77
AYEL01056685.1:19731-20134(+)	56.75
AYEL01070121.1:21849-22199(+)	62.79
AYEL01088806.1:17931-18234(-)	59.72
AYEL01069589.1:21533-21859(+)	68.42
AYEL01070820.1:696-1184(+)	70.59
AYEL01086738.1:19099-19521(+,-)	64.07
AYEL01047987.1:6160-6583(+,-)	60.61
AYEL01056451.1:25070-25411(+)	58.46
AYEL01080592.1:3960-4309(-)	58.96
AYEL01075462.1:12728-13086(+)	59.77
AYEL01077679.1:24760-25059(-)	66.67
AYEL01065874.1:40655-41059(+)	57.14
AYEL01063058.1:43532-43890(+)	59.49
AYEL01090424.1:4060-4413(-)	59.20
AYEL01058379.1:55182-55612(+)	78.57
AYEL01072499.1:52628-52973(+)	69.92
AYEL01061314.1:13634-14055(+,-)	61.14
AYEL01069573.1:12857-13291(-)	66.42
AYEL01072584.1:21745-22087(+)	59.35
AYEL01051384.1:15115-15432(-)	60.89
AYEL01026355.1:23896-24243(+)	59.06
AYEL01087540.1:5079-5399(+)	62.17
AYEL01074849.1:104-465(-)	58.36
AYEL01070894.1:13964-14349(+)	61.54
AYEL01076366.1:31342-31696(-)	60.17
AYEL01088961.1:4024-4393(-)	70.41
AYEL01084973.1:166659-167116(-)	72.58
AYEL01091636.1:8737-9133(-)	61.86
AYEL01090487.1:15756-16110(-)	59.65
AYEL01089590.1:69473-69836(+)	60.17
AYEL01078380.1:118731-119095(+)	63.33
AYEL01084669.1:8236-8578(+)	61.30
AYEL01077637.1:18294-18758(-)	63.29
AYEL01090206.1:67649-68003(+)	57.97
AYEL01087160.1:2643-3064(+,-)	59.52
AYEL01038773.1:26959-27464(-)	74.70
AYEL01088759.1:2743-3055(-)	62.66
AYEL01084294.1:13298-13639(-)	58.11
AYEL01052380.1:7475-7849(+)	61.11
AYEL01072000.1:14550-14874(-)	59.73
AYEL01079478.1:22866-23385(-)	64.82
AYEL01061416.1:7245-7622(+)	64.21
AYEL01083580.1:20197-20616(+,-)	56.51
AYEL01019673.1:9982-10364(+)	94.44
AYEL01077756.1:79114-79465(+)	67.46
AYEL01078771.1:35240-35565(+)	61.65
AYEL01075831.1:32977-33301(+)	60.63
AYEL01085820.1:70409-70806(-)	60.30
AYEL01090842.1:9816-10151(-)	58.38
AYEL01034530.1:20823-21125(+)	59.52
AYEL01080031.1:19817-20237(+,-)	67.05
AYEL01070147.1:14699-15054(-)	62.00
AYEL01082433.1:10868-11225(+)	58.59
AYEL01086872.1:7429-7790(+)	59.54
AYEL01038735.1:503-818(+)	61.48
AYEL01083000.1:10617-10985(-)	59.31
AYEL01033890.1:2192-2547(-)	60.59
AYEL01070388.1:91694-92054(-)	62.64
AYEL01079549.1:84882-85365(+)	63.69
AYEL01065275.1:10208-10601(+)	71.43
AYEL01073651.1:59560-59992(+)	62.93
AYEL01080770.1:36160-36546(-)	61.05
AYEL01089844.1:8618-8983(+)	60.06
AYEL01060852.1:12812-13166(-)	60.46
AYEL01072910.1:21348-21787(-)	62.44
AYEL01077323.1:4350-4709(-)	59.43
AYEL01091035.1:2960-3297(+)	58.38
AYEL01075073.1:94991-95313(+)	59.81
AYEL01082252.1:21636-21953(-)	68.02
AYEL01089989.1:1646-1996(+)	58.58
AYEL01060934.1:126875-127227(-)	61.40
AYEL01082270.1:6871-7322(-)	65.72
AYEL01045335.1:12104-12523(+,-)	64.09
AYEL01070975.1:17519-17922(-)	61.32
AYEL01034350.1:57093-57402(-)	59.02
AYEL01068527.1:56656-56994(+)	68.66
AYEL01043666.1:14649-14978(-)	60.07
AYEL01063769.1:8903-9225(+)	59.49
AYEL01077916.1:89246-89612(+)	58.69
AYEL01052456.1:11746-12104(+)	60.91
AYEL01067499.1:46889-47308(+,-)	57.89
AYEL01024931.1:1249-1561(-)	61.80
AYEL01085621.1:24202-24546(-)	58.06
AYEL01070880.1:75693-76093(-)	58.19
AYEL01085702.1:34247-34596(+)	61.06
AYEL01068031.1:3359-3721(+)	61.56
AYEL01072861.1:10610-11014(+,-)	63.43
AYEL01061835.1:52628-53050(+,-)	63.89
AYEL01069341.1:2852-3181(-)	59.06
AYEL01089552.1:19415-19816(+)	62.41
AYEL01083105.1:28032-28384(+)	58.79
AYEL01090945.1:74356-74895(+)	59.23
AYEL01047975.1:3667-4093(+,-)	60.20
AYEL01039549.1:10558-10978(-)	61.90
AYEL01082203.1:13343-13656(-)	61.79
AYEL01070677.1:17662-17964(-)	59.92
AYEL01089260.1:11949-12308(-)	59.83
AYEL01028454.1:66520-66921(+)	62.04
AYEL01066938.1:636-1052(+,-)	57.51
AYEL01086216.1:18694-19016(+)	61.98
AYEL01054591.1:43445-43800(+)	57.43
AYEL01074511.1:116522-116920(+)	56.23
AYEL01072146.1:47952-48313(+)	60.34
AYEL01088440.1:40205-40539(+)	64.53
AYEL01087958.1:4472-4881(+)	56.60
AYEL01077755.1:24444-24918(+,-)	61.43
AYEL01011814.1:493-849(-)	59.26
AYEL01088842.1:21574-21931(-)	58.38
AYEL01071506.1:3896-4304(-)	97.96
AYEL01032211.1:18141-18468(-)	62.66
AYEL01066328.1:37227-37579(+)	62.30
AYEL01064924.1:34291-34621(-)	58.71
AYEL01060426.1:29230-29567(-)	58.81
AYEL01078737.1:18020-18476(-)	92.44
AYEL01079459.1:71841-72161(-)	65.03
AYEL01086828.1:1957-2325(-)	62.50
AYEL01077825.1:77806-78194(-)	63.00
AYEL01077492.1:13567-13984(+,-)	59.39
AYEL01091281.1:4916-5255(-)	60.24
AYEL01073851.1:59910-60223(+)	68.18
AYEL01033153.1:429-821(+)	56.45
AYEL01085542.1:146921-147228(-)	60.16
AYEL01078875.1:54600-54946(-)	61.11
AYEL01086486.1:9240-9616(-)	78.80
AYEL01090749.1:106233-106640(-)	64.07
AYEL01081034.1:3101-3528(+,-)	62.40
AYEL01078288.1:33102-33460(+)	61.68
AYEL01042804.1:1525-1866(-)	58.65
AYEL01069591.1:18363-18706(+)	60.95
AYEL01060588.1:3962-4349(+)	63.43
AYEL01069322.1:15791-16242(-)	62.36
AYEL01082611.1:9524-9883(-)	60.17
AYEL01071288.1:36151-36653(-)	68.27
AYEL01077770.1:31972-32333(-)	63.56
AYEL01060915.1:98816-99226(-)	59.36
AYEL01048732.1:44518-44854(-)	59.88
AYEL01080517.1:37209-37663(+)	59.87
AYEL01076122.1:6166-6521(+)	59.65
AYEL01026801.1:15314-15675(-)	63.16
AYEL01069134.1:8548-8872(+)	62.46
AYEL01059494.1:34710-35067(-)	60.80
AYEL01083478.1:20489-20837(+)	61.52
AYEL01061349.1:4519-4876(+)	68.81
AYEL01080012.1:11583-11912(+)	55.47
AYEL01073712.1:2127-2512(-)	60.52
AYEL01072785.1:42321-42647(-)	64.68
AYEL01032319.1:25-387(-)	63.73
AYEL01015531.1:21567-21887(+)	60.19
AYEL01053974.1:2526-2944(+,-)	62.93
AYEL01050533.1:106516-106870(+)	60.73
AYEL01038926.1:19182-19543(-)	61.01
AYEL01071859.1:31811-32114(-)	59.18
AYEL01089613.1:38890-39242(-)	56.93
AYEL01091340.1:173976-174319(+)	64.53
AYEL01073556.1:4560-4882(+)	61.57
AYEL01070810.1:36240-36598(+)	59.21
AYEL01067020.1:16296-16613(+)	60.20
AYEL01090553.1:50894-51252(-)	57.79
AYEL01063143.1:30623-30963(-)	59.76
AYEL01077016.1:7915-8252(-)	58.72
AYEL01079180.1:25181-25564(-)	62.80
AYEL01090726.1:27098-27432(-)	61.73
AYEL01051156.1:22372-22717(-)	57.72
AYEL01060131.1:7455-7862(+,-)	60.42
AYEL01087165.1:21998-22338(+)	60.78
AYEL01075862.1:35419-35780(+)	57.43
AYEL01087125.1:59622-60014(-)	60.77
AYEL01061850.1:18947-19295(-)	60.12
AYEL01082156.1:34407-34757(+)	59.41
AYEL01087279.1:7032-7440(-)	61.59
AYEL01091611.1:128655-129026(-)	59.68
AYEL01056156.1:21229-21626(-)	59.85
AYEL01056454.1:4136-4537(-)	63.12
AYEL01090677.1:6471-6846(-)	62.57
AYEL01055355.1:20469-20854(+)	58.10
AYEL01087634.1:112155-112504(-)	58.50
AYEL01057324.1:46219-46518(+)	61.84
AYEL01087613.1:24312-24656(+)	69.59
AYEL01064132.1:31140-31495(+)	57.68
AYEL01075840.1:12311-12663(+)	65.09
AYEL01084068.1:878-1238(+)	61.58
AYEL01071047.1:35474-35790(+)	60.38
AYEL01056893.1:11804-12171(+)	62.80
AYEL01089093.1:4060-4440(-)	64.73
AYEL01090587.1:51040-51381(+)	59.35
AYEL01034772.1:21449-21936(-)	69.36
AYEL01084279.1:35179-35484(-)	68.03
AYEL01084741.1:5271-5637(+)	61.36
AYEL01036051.1:1383-1861(-)	67.15
AYEL01075428.1:123853-124186(+)	58.66
AYEL01013152.1:18901-19210(+)	61.34
AYEL01065245.1:3236-3573(+)	59.70
AYEL01040599.1:2400-2906(-)	85.07
AYEL01073239.1:1979-2375(+)	62.72
AYEL01086828.1:27310-27676(+)	68.34
AYEL01090915.1:18681-19039(-)	58.91
AYEL01085218.1:6705-7039(+)	61.85
AYEL01047441.1:5539-5936(-)	60.40
AYEL01086702.1:42997-43371(-)	61.30
AYEL01089440.1:9723-10085(+)	61.95
AYEL01058470.1:31045-31399(+)	59.60
AYEL01087437.1:18430-18738(-)	56.03
AYEL01021742.1:12026-12333(-)	59.79
AYEL01050042.1:76437-76893(-)	69.96
AYEL01084334.1:18285-18585(-)	62.03
AYEL01073022.1:24816-25189(-)	60.33
AYEL01056804.1:76144-76562(+,-)	61.40
AYEL01088451.1:21044-21409(-)	60.00
AYEL01058044.1:14551-14881(-)	59.20
AYEL01069588.1:4818-5239(+)	57.57
AYEL01063379.1:7794-8153(-)	57.63
AYEL01088813.1:7676-8105(+)	78.12
AYEL01088322.1:5528-5932(+,-)	59.52
AYEL01057323.1:11671-12018(+)	58.77
AYEL01069028.1:11276-11618(-)	59.17
AYEL01088243.1:41455-41816(+)	58.33
AYEL01086474.1:44975-45385(+,-)	58.08
AYEL01048729.1:14361-14703(+)	75.86
AYEL01033890.1:28946-29299(-)	63.47
AYEL01076551.1:42497-43212(-)	59.33
AYEL01079537.1:93465-93791(-)	62.15
AYEL01077362.1:20688-21045(+)	60.23
AYEL01074249.1:156051-156609(-)	60.00
AYEL01074967.1:43169-43537(+)	60.45
AYEL01063907.1:13461-13819(+)	60.00
AYEL01063454.1:15980-16285(-)	76.71
AYEL01069979.1:9979-10378(-)	66.27
AYEL01070872.1:38288-38618(-)	62.46
AYEL01062105.1:24239-24633(-)	75.78
AYEL01052761.1:20600-21024(+,-)	60.34
AYEL01073113.1:14678-15034(-)	58.40
AYEL01059762.1:30988-31365(-)	58.96
AYEL01089165.1:12739-13094(-)	60.54
AYEL01013152.1:9116-9425(+)	61.71
AYEL01083303.1:56423-56784(+)	62.82
AYEL01074423.1:8060-8547(+)	62.19
AYEL01059121.1:1829-2338(+)	63.27
AYEL01045160.1:110461-110796(+)	58.48
AYEL01069844.1:99699-100058(-)	58.92
AYEL01080799.1:24609-25038(-)	72.54
AYEL01071817.1:1608-1953(-)	60.28
AYEL01069092.1:5482-5830(-)	57.23
AYEL01075104.1:38057-38436(-)	59.30
AYEL01086449.1:45222-45534(-)	63.94
AYEL01077753.1:18379-18805(+,-)	62.87
AYEL01085116.1:3915-4284(-)	63.92
AYEL01047411.1:32107-32526(+,-)	60.14
AYEL01091540.1:59298-59729(-)	60.54
AYEL01086102.1:37932-38285(+)	57.71
AYEL01077512.1:40545-40931(-)	63.70
AYEL01010715.1:10507-10854(-)	67.29
AYEL01027677.1:29494-29841(-)	57.23
AYEL01034530.1:43180-43539(-)	58.82
AYEL01077753.1:22864-23284(+,-)	63.29
AYEL01091787.1:35496-35886(-)	61.48
AYEL01090827.1:30634-30960(+)	62.08
AYEL01019790.1:9133-9538(-)	63.91
AYEL01048787.1:180-602(+,-)	57.47
AYEL01013491.1:32597-32967(+)	73.57
AYEL01078433.1:7737-8144(+)	58.31
AYEL01078921.1:15377-15731(-)	66.01
AYEL01086630.1:8829-9219(+)	88.76
AYEL01071893.1:39476-39888(-)	100.00
AYEL01081459.1:34261-34642(-)	63.02
AYEL01067253.1:15702-16036(-)	64.58
AYEL01083081.1:37342-37758(-)	66.27
AYEL01090846.1:19202-19544(+)	58.75
AYEL01068906.1:1899-2318(-)	63.81
AYEL01067492.1:16198-16555(-)	56.21
AYEL01084635.1:31319-31871(-)	59.04
AYEL01022645.1:8306-8730(+,-)	63.48
AYEL01056026.1:18639-18995(+)	60.73
AYEL01088440.1:59616-59936(-)	58.68
AYEL01045119.1:21694-22054(-)	60.98
AYEL01057704.1:1860-2200(-)	58.81
AYEL01045253.1:4692-5042(-)	58.89
AYEL01054609.1:6192-6503(-)	62.17
AYEL01067973.1:31869-32277(-)	61.90
AYEL01072754.1:18119-18475(-)	62.50
AYEL01065318.1:10724-11147(+,-)	60.78
AYEL01084238.1:9311-9670(+)	59.15
AYEL01051043.1:2011-2385(+,-)	68.13
AYEL01078858.1:10918-11284(+)	57.77
AYEL01063502.1:11671-12087(+,-)	58.39
AYEL01062559.1:25725-26065(-)	77.60
AYEL01066830.1:102699-103003(-)	61.54
AYEL01031364.1:59551-59953(+)	62.96
AYEL01073719.1:65017-65347(-)	79.21
AYEL01087206.1:13284-13652(+)	60.00
AYEL01046207.1:261-597(-)	58.73
AYEL01072792.1:7412-7770(-)	58.72
AYEL01073863.1:45663-46019(+)	59.14
AYEL01071101.1:41190-41546(+)	57.18
AYEL01049936.1:156-519(-)	59.60
AYEL01034772.1:22393-22753(-)	60.61
AYEL01038232.1:1838-2200(+)	58.12
AYEL01009032.1:33163-33523(+)	61.02
AYEL01061488.1:109352-109663(+)	73.86
AYEL01051850.1:56482-56845(+)	59.30
AYEL01062330.1:7649-7990(+)	62.22
AYEL01083806.1:18863-19169(+)	72.78
AYEL01083248.1:36327-36695(-)	68.40
AYEL01079460.1:27522-27832(+)	64.60
AYEL01062969.1:50917-51264(-)	58.48
AYEL01086686.1:49065-49441(-)	61.47
AYEL01071586.1:105735-106118(+)	61.25
AYEL01086897.1:102672-103028(+)	58.09
AYEL01064616.1:37539-37926(-)	67.58
AYEL01069372.1:5886-6217(+)	90.24
AYEL01054305.1:5099-5450(-)	60.88
AYEL01084691.1:14941-15344(-)	63.74
AYEL01034498.1:12541-12942(+)	59.43
AYEL01060139.1:6691-7054(+)	59.66
AYEL01087590.1:11312-11665(-)	60.70
AYEL01081796.1:11728-12152(+,-)	58.39
AYEL01072380.1:9228-9587(+)	59.60
AYEL01090574.1:40404-40798(+,-)	60.34
AYEL01062952.1:864-1171(-)	61.48
AYEL01076379.1:63270-63587(+)	60.60
AYEL01065743.1:7984-8348(-)	59.65
AYEL01038390.1:434-787(-)	60.80
AYEL01032332.1:16212-16570(-)	60.74
AYEL01069589.1:4057-4372(-)	61.79
AYEL01076654.1:861-1187(-)	57.55
AYEL01076529.1:8212-8571(+)	57.58
AYEL01077243.1:38609-38966(+)	59.21
AYEL01085028.1:7674-8092(+,-)	57.19
AYEL01086712.1:82043-82403(-)	60.00
AYEL01070382.1:46597-46953(+)	57.80
AYEL01067670.1:40456-40813(-)	61.03
AYEL01025774.1:19508-19899(-)	64.77
AYEL01063516.1:9777-10185(-)	63.49
AYEL01077913.1:2212-2528(-)	61.16
AYEL01083840.1:3459-3855(+,-)	65.07
AYEL01047838.1:59183-59534(+)	59.42
AYEL01035859.1:39254-39751(-)	68.28
AYEL01077566.1:4547-4856(-)	61.70
AYEL01072966.1:4328-4785(+)	58.69
AYEL01076707.1:568-936(+)	59.83
AYEL01076000.1:2030-2387(+)	58.55
AYEL01082597.1:35092-35476(+)	63.64
AYEL01064407.1:50390-50750(+)	58.57
AYEL01091424.1:2114-2445(-)	77.67
AYEL01031140.1:2386-2752(-)	61.17
AYEL01085094.1:88556-88922(-)	61.08
AYEL01091624.1:9771-10188(+)	65.78
AYEL01036656.1:6290-6619(-)	74.53
AYEL01080082.1:10696-11005(-)	57.72
AYEL01089391.1:19657-19988(-)	65.32
AYEL01064267.1:6195-6578(-)	62.75
AYEL01052381.1:10122-10466(-)	60.53
AYEL01081408.1:8445-8804(+)	58.76
AYEL01048728.1:40247-40617(-)	60.11
AYEL01084292.1:57973-58415(-)	75.17
AYEL01085623.1:13458-13876(+,-)	63.89
AYEL01087402.1:21442-21936(+)	67.45
AYEL01087441.1:31662-32012(+)	59.30
AYEL01077175.1:16313-16721(+)	62.31
AYEL01065794.1:59195-59553(-)	58.19
AYEL01083329.1:221429-221788(+)	60.46
AYEL01052874.1:21629-21988(+)	60.17
AYEL01070621.1:13727-14054(+)	65.38
AYEL01059759.1:27422-27734(-)	65.96
AYEL01080461.1:94047-94370(+)	58.93
AYEL01063986.1:21824-22168(-)	60.70
AYEL01069875.1:102570-102928(+)	60.29
AYEL01062742.1:33607-33957(-)	63.31
AYEL01025818.1:5924-6274(-)	61.75
AYEL01063797.1:23150-23479(-)	62.45
AYEL01084273.1:22229-22651(+,-)	60.26
AYEL01073760.1:48165-48520(-)	58.70
AYEL01081124.1:53808-54256(-)	100.00
AYEL01054133.1:14705-15156(-)	68.55
AYEL01083474.1:18187-18544(+)	58.74
AYEL01069705.1:26854-27213(-)	59.03
AYEL01054119.1:4936-5394(-)	64.33
AYEL01076807.1:46594-47015(+,-)	62.39
AYEL01073113.1:21045-21404(-)	58.76
AYEL01066806.1:52398-52760(-)	62.25
AYEL01085727.1:16575-16921(-)	57.44
AYEL01081128.1:35609-35960(+)	60.00
AYEL01061291.1:2065-2623(+,-)	58.99
AYEL01077350.1:46361-46719(+)	60.57
AYEL01079817.1:60245-60671(+,-)	58.87
AYEL01085558.1:68443-68873(+,-)	66.09
AYEL01065588.1:2898-3254(+)	59.18
AYEL01077451.1:46825-47182(-)	59.66
AYEL01076834.1:22262-22673(+)	60.82
AYEL01076764.1:44429-44736(-)	61.46
AYEL01068277.1:25941-26296(+)	62.12
AYEL01086369.1:13515-13837(+)	61.29
AYEL01065262.1:11025-11432(-)	61.33
AYEL01084816.1:4798-5123(-)	61.92
AYEL01086742.1:12738-13097(-)	59.03
AYEL01080893.1:16262-16701(-)	91.76
AYEL01071187.1:10923-11329(-)	61.94
AYEL01076146.1:46153-46470(+)	60.69
AYEL01048402.1:42007-42344(+)	60.00
AYEL01066760.1:1970-2403(-)	62.24
AYEL01091941.1:26666-27082(+,-)	62.93
AYEL01014427.1:5029-5427(-)	63.39
AYEL01070738.1:3345-3726(+)	63.53
AYEL01090191.1:36050-36462(+,-)	61.66
AYEL01013153.1:44296-44601(+)	70.11
AYEL01047674.1:5934-6357(+,-)	62.11
AYEL01074284.1:26949-27298(+)	58.79
AYEL01021110.1:120570-120909(+)	59.18
AYEL01089169.1:54779-55125(-)	58.16
AYEL01064923.1:11918-12350(+,-)	61.01
AYEL01078237.1:76160-76539(+,-)	59.91
AYEL01091281.1:120226-120582(+)	56.94
AYEL01082940.1:8214-8562(+)	59.06
AYEL01066556.1:537-889(+)	59.59
AYEL01091711.1:1586-1900(-)	59.45
AYEL01064751.1:12846-13151(-)	62.03
AYEL01049581.1:6618-6972(-)	60.17
AYEL01089576.1:14251-14594(+)	59.41
AYEL01081086.1:41033-41396(-)	59.60
AYEL01067605.1:21317-21658(-)	60.47
AYEL01088813.1:247119-247474(-)	62.65
AYEL01089831.1:49001-49311(-)	66.46
AYEL01086298.1:1738-2141(+)	61.89
AYEL01072036.1:102316-102672(-)	60.74
AYEL01071695.1:22293-22644(+)	70.48
AYEL01063711.1:8970-9306(-)	65.56
AYEL01091315.1:39669-40028(+)	59.32
AYEL01071639.1:30777-31155(-)	63.98
AYEL01081317.1:3230-3588(-)	56.97
AYEL01030847.1:3323-3682(+)	58.47
AYEL01080470.1:7368-7701(-)	61.92
AYEL01083029.1:49126-49569(+,-)	58.82
AYEL01075100.1:230-580(+)	65.47
AYEL01080300.1:104402-104787(+)	78.38
AYEL01088087.1:16779-17104(+)	67.50
AYEL01086939.1:80260-80576(+)	62.03
AYEL01051003.1:43597-43933(+)	58.94
AYEL01078451.1:7120-7483(+)	60.63
AYEL01077176.1:9546-9904(-)	74.19
AYEL01071902.1:334-647(+)	61.19
AYEL01085643.1:5103-5461(-)	58.38
AYEL01075132.1:8981-9347(-)	62.08
AYEL01011849.1:998-1346(-)	59.82
AYEL01087859.1:181121-181478(-)	60.86
AYEL01079548.1:39012-39370(-)	59.21
AYEL01082353.1:97884-98243(+)	64.10
AYEL01065423.1:4521-4964(+,-)	58.25
AYEL01091457.1:15301-15681(+,-)	62.96
AYEL01078871.1:24679-25002(-)	59.38
AYEL01072615.1:31528-32025(+)	58.85
AYEL01053421.1:92146-92469(-)	71.43
AYEL01080962.1:156-506(-)	58.58
AYEL01081707.1:21964-22280(-)	65.00
AYEL01067825.1:995-1454(+)	60.75
AYEL01088632.1:27383-27738(+)	62.45
AYEL01073899.1:1384-1879(-)	65.82
AYEL01071421.1:7041-7363(-)	66.11
AYEL01065588.1:28339-28758(+)	60.23
AYEL01080244.1:32891-33242(+)	62.50
AYEL01090803.1:15721-16061(-)	59.10
AYEL01066482.1:20558-20944(-)	62.65
AYEL01065882.1:40177-40608(+,-)	61.57
AYEL01070948.1:19805-20147(-)	58.98
AYEL01080927.1:22950-23353(-)	62.78
AYEL01084656.1:33222-33553(+)	60.00
AYEL01086067.1:40607-41036(+,-)	59.93
AYEL01064795.1:10882-11237(+)	57.46
AYEL01057758.1:80270-80616(-)	64.44
AYEL01090231.1:11167-11524(+)	62.28
AYEL01019292.1:2557-2914(+)	58.24
AYEL01085401.1:99020-99377(+)	60.29
AYEL01086179.1:49972-50393(+,-)	62.70
AYEL01091823.1:27522-27871(-)	58.86
AYEL01080740.1:39269-39603(-)	54.98
AYEL01092312.1:97009-97366(+)	58.62
AYEL01083769.1:95776-96140(-)	61.82
AYEL01088157.1:3440-3756(+)	61.85
AYEL01011126.1:33128-33489(-)	58.03
AYEL01083633.1:268235-268596(+)	59.22
AYEL01084982.1:31594-31949(-)	61.71
AYEL01063788.1:24187-24524(-)	71.05
AYEL01049968.1:8245-8635(+,-)	60.71
AYEL01046494.1:48432-48836(-)	65.26
AYEL01073372.1:31824-32134(-)	60.34
AYEL01079858.1:64392-64738(-)	58.70
AYEL01050907.1:19224-19654(+,-)	60.00
AYEL01075165.1:21020-21394(+)	65.56
AYEL01061826.1:40423-40847(+,-)	60.43
AYEL01076977.1:19571-20012(+)	73.30
AYEL01091369.1:7580-7940(-)	58.59
AYEL01084218.1:35084-35444(-)	60.68
AYEL01076191.1:50220-50557(-)	64.90
AYEL01066923.1:6868-7168(+)	68.33
AYEL01088832.1:47019-47529(+)	60.17
AYEL01087379.1:88687-89028(-)	62.73
AYEL01069189.1:10305-10620(+)	63.72
AYEL01091466.1:58730-59060(+)	61.11
AYEL01090737.1:18255-18645(+)	59.30
AYEL01058575.1:95767-96116(-)	57.06
AYEL01089082.1:8131-8461(-)	61.80
AYEL01090060.1:1070-1420(+)	59.37
AYEL01081619.1:7137-7610(-)	64.75
AYEL01087622.1:62553-62903(-)	60.06
AYEL01057716.1:92843-93246(-)	60.05
AYEL01049759.1:313-667(+)	60.52
AYEL01079667.1:12370-12796(+,-)	58.05
AYEL01064397.1:17690-18080(+)	63.61
AYEL01074057.1:64592-64935(+)	59.40
AYEL01069355.1:24570-24869(+)	69.09
AYEL01078502.1:14186-14611(+,-)	63.36
AYEL01091995.1:5259-5640(+)	63.64
AYEL01029899.1:68541-68881(-)	59.59
AYEL01074773.1:6966-7281(-)	64.76
AYEL01084978.1:15613-15967(+)	59.14
AYEL01089277.1:77969-78392(-)	62.83
AYEL01084993.1:3950-4296(+)	58.77
AYEL01075703.1:1617-1976(-)	58.86
AYEL01083583.1:72712-73017(+)	68.57
AYEL01085207.1:10427-10769(-)	58.91
AYEL01047088.1:29626-29963(-)	60.67
AYEL01089224.1:29114-29477(-)	60.36
AYEL01077254.1:193492-193871(+)	75.56
AYEL01081768.1:72111-72457(+)	65.03
AYEL01088321.1:51877-52221(+)	57.82
AYEL01043976.1:2823-3170(+)	56.72
AYEL01076980.1:1479-1823(+)	59.71
AYEL01070867.1:36232-36590(+)	62.64
AYEL01056454.1:65151-65605(-)	74.27
AYEL01088759.1:123055-123383(+)	56.38
AYEL01084570.1:5938-6270(-)	60.69
AYEL01077247.1:800-1173(+)	60.97
AYEL01068432.1:7048-7403(-)	61.14
AYEL01080694.1:56698-57114(+,-)	60.62
AYEL01079303.1:22517-22854(+)	61.37
AYEL01086465.1:1431-1837(-)	70.38
AYEL01023336.1:21964-22280(+)	59.33
AYEL01063162.1:17021-17369(-)	58.65
AYEL01077335.1:21562-21909(-)	63.35
AYEL01087668.1:98947-99401(-)	62.87
AYEL01088410.1:51817-52177(-)	58.03
AYEL01085378.1:11373-11699(-)	58.89
AYEL01082717.1:30418-30779(-)	57.68
AYEL01071115.1:29540-29903(-)	57.75
AYEL01013860.1:3993-4349(-)	64.29
AYEL01060653.1:58999-59382(-)	61.67
AYEL01062955.1:34158-34500(+)	60.18
AYEL01083169.1:1417-1763(-)	58.94
AYEL01056421.1:4204-4557(+)	57.76
AYEL01044844.1:1716-2055(+)	58.63
AYEL01062950.1:12817-13177(+)	62.00
AYEL01078212.1:1312-1656(-)	61.04
AYEL01075541.1:26568-26910(+)	67.73
AYEL01059853.1:57251-57630(-)	62.26
AYEL01023227.1:20552-20978(+,-)	62.84
AYEL01071006.1:61728-62398(+)	61.82
AYEL01080620.1:5121-5459(-)	61.99
AYEL01078818.1:1247-1616(-)	57.56
AYEL01062235.1:9458-9810(-)	58.21
AYEL01074507.1:13206-13520(-)	63.95
AYEL01051377.1:15668-16008(-)	57.06
AYEL01079778.1:64161-64519(+)	58.19
AYEL01068814.1:9331-9651(-)	57.99
AYEL01085044.1:2194-2528(-)	58.38
AYEL01069891.1:41253-41617(+)	61.19
AYEL01090576.1:8206-8642(+)	62.16
AYEL01075487.1:1935-2257(+)	57.62
AYEL01043673.1:18800-19147(+)	63.41
AYEL01091774.1:11227-11621(-)	60.65
AYEL01082313.1:73979-74345(+)	57.70
AYEL01056034.1:31253-31709(+)	61.56
AYEL01078164.1:26144-26560(+,-)	57.89
AYEL01022092.1:4054-4426(+)	58.74
AYEL01047200.1:81019-81358(+)	60.45
AYEL01088292.1:101810-102165(-)	58.97
AYEL01078600.1:45814-46166(+)	69.10
AYEL01084292.1:94699-95122(+,-)	60.14
AYEL01088504.1:8088-8422(-)	60.34
AYEL01079424.1:12754-13065(+)	59.00
AYEL01068905.1:10713-11114(+)	61.11
AYEL01062112.1:1631-2002(+)	60.82
AYEL01047949.1:22312-22615(-)	59.47
AYEL01057323.1:11236-11591(+)	59.94
AYEL01053416.1:18224-18582(-)	60.69
AYEL01072626.1:27856-28217(-)	59.89
AYEL01076038.1:15529-15954(+,-)	62.28
AYEL01006805.1:7553-7958(-)	60.97
AYEL01079217.1:36211-36568(-)	62.46
AYEL01033764.1:61000-61442(+)	65.48
AYEL01063791.1:47910-48269(+)	57.80
AYEL01010785.1:25191-25514(-)	64.76
AYEL01046115.1:52948-53277(+)	59.87
AYEL01075518.1:9223-9582(+)	60.34
AYEL01077792.1:8028-8398(+)	59.23
AYEL01085850.1:18819-19127(+)	68.33
AYEL01074089.1:30895-31307(+,-)	59.75
AYEL01089586.1:10141-10503(-)	60.58
AYEL01064415.1:3883-4232(+)	61.26
AYEL01067568.1:78704-79059(+)	58.86
AYEL01074085.1:70370-70869(-)	67.41
AYEL01069248.1:12541-13000(+)	55.88
AYEL01067568.1:2606-3001(-)	63.44
AYEL01070965.1:29527-29967(-)	62.37
AYEL01089875.1:5496-5839(+)	58.33
AYEL01062969.1:50554-50912(-)	65.40
AYEL01088476.1:13989-14300(+)	60.40
AYEL01076619.1:38940-39305(+)	63.64
AYEL01062040.1:23832-24148(+)	58.69
AYEL01089483.1:19587-19938(-)	59.94
AYEL01079661.1:7522-7866(-)	63.57
AYEL01065622.1:14055-14414(-)	60.17
AYEL01085394.1:2628-2980(-)	61.67
AYEL01081563.1:89359-89768(+)	58.31
AYEL01091823.1:18337-18767(+,-)	64.20
AYEL01068664.1:36394-36747(+)	60.20
AYEL01073361.1:174247-174581(-)	58.51
AYEL01085562.1:45825-46250(+,-)	62.45
AYEL01070617.1:23803-24161(-)	58.05
AYEL01069698.1:58301-58804(-)	77.23
AYEL01081351.1:21988-22306(-)	61.46
AYEL01091252.1:6545-6894(+)	62.18
AYEL01060655.1:12332-12677(+,-)	68.79
AYEL01081344.1:5780-6079(-)	73.81
AYEL01055904.1:16077-16424(-)	60.90
AYEL01080989.1:13439-13741(-)	59.07
AYEL01087590.1:28347-28701(-)	64.96
AYEL01079050.1:27882-28247(+)	63.87
AYEL01067211.1:4059-4395(-)	98.96
AYEL01074693.1:3938-4255(+)	54.19
AYEL01071589.1:14714-15197(-)	89.13
AYEL01080787.1:38899-39240(-)	60.55
AYEL01070621.1:102081-102432(+)	59.94
AYEL01030584.1:15318-15663(+)	58.77
AYEL01084332.1:15246-15672(+,-)	57.94
AYEL01088801.1:5251-5604(-)	56.00
AYEL01090064.1:3028-3387(+)	59.31
AYEL01089748.1:187-588(-)	95.83
AYEL01081829.1:1264-1607(+)	61.18
AYEL01064388.1:8088-8427(+)	58.42
AYEL01078273.1:20541-20949(-)	63.21
AYEL01060738.1:884-1238(-)	57.89
AYEL01069240.1:63820-64154(-)	58.43
AYEL01052957.1:20820-21165(-)	58.41
AYEL01084605.1:55523-55877(-)	59.20
AYEL01083839.1:26837-27166(+)	58.31
AYEL01069566.1:30519-30868(-)	57.86
AYEL01047441.1:1698-2081(-)	60.22
AYEL01086629.1:30197-30546(-)	62.22
AYEL01080282.1:12595-12931(+)	62.22
AYEL01075912.1:18551-18901(+)	61.54
AYEL01080133.1:16456-16793(-)	61.65
AYEL01070169.1:9533-9977(-)	62.83
AYEL01090737.1:16658-17150(+)	63.33
AYEL01067995.1:2511-2871(-)	58.81
AYEL01072336.1:19849-20272(+,-)	61.02
AYEL01065891.1:3936-4280(-)	60.06
AYEL01073255.1:1709-2023(-)	59.61
AYEL01049752.1:717-1028(-)	64.89
AYEL01058318.1:37917-38344(+,-)	59.40
AYEL01090714.1:40632-41030(-)	57.07
AYEL01034340.1:17760-18145(-)	58.92
AYEL01072371.1:18331-18730(-)	63.68
AYEL01055153.1:29092-29447(+)	57.64
AYEL01077050.1:12409-12727(-)	65.26
AYEL01083372.1:2214-2558(-)	57.01
AYEL01052378.1:30316-30666(+)	58.56
AYEL01077916.1:12102-12526(+,-)	61.21
AYEL01090585.1:26143-26556(-)	68.33
AYEL01062759.1:3323-3681(+)	59.93
AYEL01066094.1:68770-69132(+)	62.20
AYEL01036144.1:1650-2017(-)	60.11
AYEL01081580.1:18418-18744(-)	57.46
AYEL01082741.1:2848-3351(-)	97.06
AYEL01075759.1:109667-110079(+,-)	65.35
AYEL01057917.1:12097-12456(+)	58.36
AYEL01043666.1:12967-13303(+)	60.42
AYEL01074916.1:45058-45383(-)	61.92
AYEL01072290.1:9040-9500(+)	62.17
AYEL01090609.1:620-987(+)	63.67
AYEL01057831.1:34807-35166(+)	60.45
AYEL01067252.1:12162-12538(+)	92.59
AYEL01087629.1:6253-6592(+)	62.60
AYEL01078537.1:44108-44623(-)	68.01
AYEL01048774.1:2966-3317(+)	60.12
AYEL01078638.1:8444-8866(+,-)	70.45
AYEL01062444.1:6276-6633(+)	59.77
AYEL01067534.1:14152-14510(-)	59.15
AYEL01072797.1:50376-50744(-)	64.04
AYEL01066178.1:56082-56542(-)	65.17
AYEL01074629.1:35046-35362(+)	61.37
AYEL01084105.1:20079-20521(-)	86.11
AYEL01039823.1:4026-4376(-)	60.35
AYEL01053547.1:17003-17421(+,-)	59.59
AYEL01088813.1:109334-109684(+)	58.58
AYEL01066367.1:47758-48121(+)	57.70
AYEL01019798.1:1164-1519(+)	60.12
AYEL01068667.1:10575-10965(-)	73.68
AYEL01066830.1:101615-101929(-)	68.93
AYEL01052479.1:1629-1962(-)	58.54
AYEL01064408.1:84457-84810(-)	60.18
AYEL01086866.1:12031-12388(+)	60.19
AYEL01086138.1:52387-52709(-)	64.74
AYEL01086549.1:19965-20326(-)	58.12
AYEL01078361.1:1202-1556(-)	59.64
AYEL01054643.1:2664-3007(-)	59.46
AYEL01079377.1:30477-30900(+,-)	64.91
AYEL01030952.1:14327-14628(-)	61.99
AYEL01073583.1:3726-4353(+)	56.19
AYEL01089890.1:57198-57556(+)	58.05
AYEL01071013.1:20944-21300(-)	61.43
AYEL01055115.1:2837-3259(-)	65.09
AYEL01070333.1:35639-36005(-)	60.28
AYEL01091955.1:31239-31585(+)	58.88
AYEL01085551.1:12608-12923(-)	62.96
AYEL01081149.1:30522-30877(+)	59.47
AYEL01076988.1:12052-12421(-)	62.31
AYEL01087523.1:1190-1549(+)	59.77
AYEL01086901.1:22218-22519(+)	65.28
AYEL01035233.1:75322-75667(+)	61.67
AYEL01085066.1:16995-17354(-)	60.45
AYEL01063383.1:16400-16705(+)	62.87
AYEL01084831.1:59005-59310(+)	63.74
AYEL01029948.1:6074-6496(+,-)	58.98
AYEL01068541.1:42694-43027(-)	59.44
AYEL01070236.1:1061-1399(-)	59.16
AYEL01072959.1:82407-82875(+)	60.00
AYEL01038450.1:19122-19548(+,-)	65.00
AYEL01092342.1:39030-39403(+)	60.34
AYEL01070286.1:23043-23380(-)	61.96
AYEL01089550.1:3446-3802(+)	58.33
AYEL01057073.1:1625-2023(+)	64.04
AYEL01012002.1:431-845(+)	66.67
AYEL01049028.1:49388-49747(-)	61.82
AYEL01048639.1:3316-3680(+)	61.42
AYEL01045721.1:3681-4036(+)	68.42
AYEL01083311.1:12573-13022(-)	69.96
AYEL01075936.1:3335-3697(+)	56.90
AYEL01078590.1:86773-87105(+)	63.49
AYEL01080661.1:127853-128198(+)	60.18
AYEL01062035.1:4-382(-)	58.68
AYEL01082747.1:48015-48360(-)	57.93
AYEL01082397.1:1890-2260(+,-)	65.08
AYEL01006430.1:135-452(+)	60.98
AYEL01072094.1:39018-39380(-)	62.08
AYEL01050970.1:33783-34134(-)	58.38
AYEL01090278.1:18478-18797(+)	60.84
AYEL01030841.1:4330-4725(+)	63.81
AYEL01088919.1:17867-18223(-)	61.36
AYEL01067143.1:6792-7216(+,-)	59.83
AYEL01065794.1:5084-5470(-)	62.81
AYEL01081808.1:29301-29667(+)	60.28
AYEL01013900.1:57519-57913(+)	60.06
AYEL01086882.1:32364-32706(-)	64.44
AYEL01065913.1:29976-30378(-)	56.96
AYEL01089763.1:13699-14037(+)	56.18
AYEL01064055.1:17649-17979(+)	62.12
AYEL01066842.1:52577-52940(+)	59.10
AYEL01072742.1:18859-19274(+)	60.87
AYEL01047433.1:1618-1931(+)	62.96
AYEL01080379.1:14095-14439(-)	63.40
AYEL01091281.1:5983-6409(+,-)	61.60
AYEL01065962.1:79920-80289(-)	60.37
AYEL01060915.1:75765-76113(-)	65.13
AYEL01079222.1:5544-5879(-)	55.45
AYEL01065084.1:33072-33423(+)	60.30
AYEL01088017.1:31214-31572(+)	59.09
AYEL01032408.1:77-443(-)	59.90
AYEL01037103.1:75-480(-)	60.21
AYEL01091881.1:41689-42045(+)	58.43
AYEL01088294.1:118581-118941(-)	60.12
AYEL01046543.1:19506-19809(+)	69.40
AYEL01073519.1:39173-39583(-)	63.55
AYEL01085137.1:16921-17258(+)	60.62
AYEL01041564.1:6411-6743(-)	64.29
AYEL01055780.1:2345-2657(+)	59.07
AYEL01067298.1:196-504(+)	55.44
AYEL01090847.1:75371-75727(-)	61.36
AYEL01074406.1:10750-11073(-)	58.75
AYEL01055799.1:13782-14126(-)	61.04
AYEL01067897.1:3683-4024(+)	58.63
AYEL01077755.1:23207-23556(-)	60.98
AYEL01084649.1:5073-5427(-)	60.00
AYEL01089143.1:37297-37637(+)	64.63
AYEL01086088.1:19547-19912(-)	59.44
AYEL01058612.1:5786-6139(-)	59.94
AYEL01064344.1:1720-2083(-)	66.67
AYEL01081088.1:32256-32597(+)	60.48
AYEL01077832.1:75978-76406(+,-)	62.45
AYEL01031198.1:47151-47523(+,-)	58.98
AYEL01063162.1:17541-17860(-)	61.94
AYEL01080652.1:20670-20988(-)	62.33
AYEL01060340.1:43920-44269(+)	61.56
AYEL01090263.1:25928-26266(+)	58.96
AYEL01087973.1:9407-9758(+)	59.40
AYEL01088473.1:7048-7618(+)	64.71
AYEL01069310.1:17794-18222(+,-)	57.72
AYEL01038235.1:16988-17435(-)	57.64
AYEL01067846.1:4306-4638(+)	60.87
AYEL01073894.1:72510-72874(+)	59.60
AYEL01091638.1:54883-55258(-)	75.31
AYEL01076903.1:35005-35325(+)	62.21
AYEL01086077.1:25286-25737(+)	58.69
AYEL01091267.1:11303-11641(+)	65.19
AYEL01069123.1:19853-20260(+,-)	72.38
AYEL01074088.1:17698-18098(-)	65.41
AYEL01028046.1:155592-155951(-)	57.34
AYEL01087905.1:57978-58325(+)	59.25
AYEL01071357.1:45523-45914(+)	65.96
AYEL01065689.1:45485-45814(-)	60.53
AYEL01011108.1:81966-82390(+)	59.05
AYEL01057241.1:5657-6011(-)	59.37
AYEL01056449.1:826-1175(-)	61.63
AYEL01062955.1:12466-12825(-)	59.10
AYEL01084120.1:44524-44886(+)	72.62
AYEL01029524.1:7933-8279(-)	59.06
AYEL01090047.1:19003-19326(+)	69.40
AYEL01071813.1:18667-19062(-)	61.30
AYEL01038992.1:62094-62448(+)	56.45
AYEL01019410.1:22898-23254(+)	59.60
AYEL01073787.1:42748-43100(+)	58.75
AYEL01030584.1:23151-23472(+)	60.32
AYEL01082843.1:24579-24922(+)	65.80
AYEL01033456.1:261-647(-)	64.63
AYEL01047331.1:23280-23642(+)	59.22
AYEL01014635.1:102-436(-)	57.41
AYEL01091178.1:20627-21018(+)	60.29
AYEL01020550.1:2173-2520(-)	62.34
AYEL01092323.1:38292-38644(+)	56.45
AYEL01032228.1:764-1104(-)	60.78
AYEL01069202.1:17920-18331(+,-)	59.15
AYEL01084287.1:42665-42992(+)	60.70
AYEL01051137.1:34159-34481(-)	59.76
AYEL01091955.1:6218-6553(+)	59.39
AYEL01081328.1:1487-1834(-)	59.36
AYEL01068595.1:8369-8723(-)	60.57
AYEL01062200.1:97651-97953(-)	59.77
AYEL01084322.1:101836-102195(+)	60.51
AYEL01049440.1:12558-12911(+)	60.69
AYEL01082950.1:31324-31662(-)	61.57
AYEL01070308.1:49567-49982(+,-)	57.94
AYEL01079323.1:1911-2247(+)	60.87
AYEL01085454.1:77040-77387(+)	58.89
AYEL01069192.1:9735-10090(-)	59.41
AYEL01088680.1:9449-9769(+)	57.86
AYEL01073931.1:32467-32880(+,-)	62.23
AYEL01062350.1:16246-16606(-)	57.97
AYEL01066154.1:263-662(-)	57.73
AYEL01056281.1:22756-23077(+)	61.63
AYEL01077801.1:108102-108462(-)	58.03
AYEL01080254.1:24645-25056(+)	57.86
AYEL01064962.1:39240-39600(+)	74.60
AYEL01053530.1:16763-17130(+)	66.17
AYEL01073182.1:17894-18341(+,-)	56.66
AYEL01078920.1:3523-3887(+)	59.49
AYEL01062198.1:25817-26157(-)	59.10
AYEL01085174.1:24404-24809(+)	57.72
AYEL01086317.1:43651-44051(-)	59.32
AYEL01081561.1:34387-34716(+)	62.44
AYEL01063058.1:124374-124726(+)	58.09
AYEL01086642.1:14645-15071(+,-)	59.93
AYEL01065842.1:7924-8276(+)	55.36
AYEL01058155.1:20622-21060(+)	62.26
AYEL01081328.1:4635-4994(-)	58.64
AYEL01079921.1:2238-2587(+)	59.59
AYEL01089819.1:3766-4212(-)	75.90
AYEL01061463.1:3509-3883(+)	64.66
AYEL01060241.1:484-792(+)	65.87
AYEL01075026.1:80990-81313(+)	58.80
AYEL01069801.1:17872-18326(-)	63.07
AYEL01086399.1:10061-10462(+)	57.25
AYEL01090577.1:9405-9767(+)	59.56
AYEL01068432.1:60220-60562(-)	59.94
AYEL01064139.1:53878-54234(+)	57.91
AYEL01068158.1:8801-9155(-)	59.88
AYEL01056064.1:65848-66253(-)	63.93
AYEL01079417.1:26055-26413(+)	59.49
AYEL01070286.1:34237-34627(+)	63.68
AYEL01074132.1:48497-48834(+)	61.69
AYEL01015934.1:23210-23562(+)	59.60
AYEL01088113.1:4811-5170(-)	56.37
AYEL01052233.1:1845-2202(-)	60.88
AYEL01068910.1:17812-18188(-)	86.11
AYEL01069165.1:12947-13297(-)	63.29
AYEL01070700.1:21072-21428(+)	62.08
AYEL01075487.1:3379-3694(+)	57.58
AYEL01065634.1:1799-2104(-)	61.94
AYEL01085634.1:8709-9051(+)	57.94
AYEL01091461.1:33370-33727(-)	58.00
AYEL01085224.1:26879-27227(-)	67.42
AYEL01081068.1:39634-39996(-)	58.07
AYEL01084838.1:25484-25848(-)	58.45
AYEL01079132.1:67086-67441(-)	58.00
AYEL01080300.1:105360-105672(+)	79.52
AYEL01090443.1:71567-71930(+)	58.66
AYEL01071853.1:6247-6658(+,-)	60.63
AYEL01071753.1:75341-75757(+,-)	62.96
AYEL01077703.1:6159-6517(+)	59.77
AYEL01089957.1:13442-13776(-)	58.56
AYEL01064581.1:1770-2144(-)	62.79
AYEL01087153.1:14118-14447(+)	62.55
AYEL01021304.1:4016-4423(-)	62.76
AYEL01077793.1:7057-7485(-)	63.73
AYEL01083947.1:35418-35764(+)	59.94
AYEL01049211.1:3034-3449(-)	60.40
AYEL01080894.1:21798-22147(-)	57.39
AYEL01076003.1:47833-48224(+)	61.13
AYEL01036214.1:18889-19288(+)	59.79
AYEL01083283.1:57388-57730(+)	62.20
AYEL01064953.1:13239-13664(+,-)	58.59
AYEL01079877.1:29897-30250(+)	59.18
AYEL01080529.1:22908-23244(-)	68.22
AYEL01090611.1:25973-26433(-)	63.13
AYEL01068653.1:27872-28231(-)	62.65
AYEL01082415.1:18222-18579(+)	60.06
AYEL01084537.1:59579-59931(+)	58.60
AYEL01083438.1:5523-5889(+)	63.93
AYEL01067454.1:44703-45220(+)	56.22
AYEL01091182.1:47185-47600(+,-)	60.53
AYEL01074846.1:5737-6042(+)	59.04
AYEL01066733.1:929-1266(+)	59.46
AYEL01091782.1:60286-60631(-)	61.79
AYEL01080740.1:60226-60556(-)	58.59
AYEL01056061.1:59203-59627(+,-)	58.05
AYEL01089533.1:15645-16001(+)	60.94
AYEL01090365.1:14962-15323(-)	60.00
AYEL01064826.1:33961-34281(-)	63.52
AYEL01078764.1:68305-68614(+)	59.91
AYEL01011108.1:72071-72415(+)	60.80
AYEL01059773.1:0-313(-)	58.88
AYEL01052825.1:40877-41298(+,-)	61.90
AYEL01052381.1:17615-17951(+)	65.77
AYEL01065680.1:46011-46367(+)	60.63
AYEL01086789.1:13283-13664(+)	58.72
AYEL01070047.1:3008-3402(-)	61.36
AYEL01031282.1:943-1303(+)	59.60
AYEL01076176.1:6773-7196(+,-)	63.20
AYEL01086912.1:6497-6850(-)	57.43
AYEL01072318.1:11173-11525(+)	58.48
AYEL01073267.1:27855-28296(+)	60.74
AYEL01071178.1:63667-64041(-)	60.14
AYEL01090470.1:22141-22563(+,-)	61.40
AYEL01089642.1:42142-42567(+,-)	59.26
AYEL01082695.1:96761-97119(+)	58.07
AYEL01090446.1:17942-18272(+)	81.48
AYEL01075668.1:64643-64959(+)	61.21
AYEL01085716.1:44119-44437(-)	61.64
AYEL01062196.1:4149-4500(+)	59.59
AYEL01072461.1:9976-10276(-)	61.60
AYEL01089185.1:50987-51413(+,-)	60.52
AYEL01068671.1:27265-27619(-)	59.41
AYEL01086341.1:5687-6017(+)	60.00
AYEL01084227.1:29589-30041(-)	63.16
AYEL01050062.1:31721-32052(-)	61.06
AYEL01090331.1:24145-24576(-)	67.77
AYEL01077176.1:8997-9409(-)	58.58
AYEL01048139.1:10098-10524(+,-)	61.37
AYEL01072980.1:380-746(+)	62.55
AYEL01084900.1:6288-6711(-)	63.64
AYEL01086275.1:19680-20043(-)	58.29
AYEL01074558.1:10023-10382(-)	60.91
AYEL01085421.1:9389-9849(+)	63.64
AYEL01089093.1:92989-93330(+)	72.59
AYEL01069672.1:1271-1699(+,-)	63.29
AYEL01068504.1:49605-49940(+)	57.96
AYEL01073094.1:13348-13736(+)	59.73
AYEL01060576.1:15463-15768(+)	59.78
AYEL01091062.1:43132-43596(+)	65.68
AYEL01059285.1:38508-38837(+)	61.44
AYEL01074930.1:5849-6328(-)	58.17
AYEL01067371.1:5785-6214(-)	63.67
AYEL01077280.1:616-970(-)	58.45
AYEL01070758.1:872-1233(-)	62.21
AYEL01087554.1:140-571(-)	59.41
AYEL01081544.1:1350-1697(+)	57.39
AYEL01060864.1:5873-6297(+,-)	57.05
AYEL01082667.1:3556-4001(+,-)	62.14
AYEL01058988.1:69036-69369(+)	67.42
AYEL01084377.1:64544-64966(+,-)	60.14
AYEL01037298.1:57794-58160(-)	57.83
AYEL01071284.1:39266-39603(-)	81.91
AYEL01080465.1:4817-5180(-)	61.29
AYEL01011110.1:1571-1903(+)	64.22
AYEL01057437.1:29573-29936(-)	58.91
AYEL01034014.1:22738-23093(-)	60.00
AYEL01068626.1:12979-13409(+,-)	64.84
AYEL01044146.1:74550-74896(+)	59.53
AYEL01069329.1:34463-34823(+)	58.92
AYEL01066834.1:2910-3267(-)	61.63
AYEL01076448.1:13332-13727(-)	78.72
AYEL01086521.1:30166-30612(-)	70.03
AYEL01087934.1:53635-54048(+,-)	59.05
AYEL01065526.1:14032-14370(-)	57.74
AYEL01051087.1:384-731(+)	60.53
AYEL01077015.1:4026-4498(+)	57.30
AYEL01023135.1:13978-14322(+)	61.58
AYEL01063118.1:29165-29622(-)	63.86
AYEL01089958.1:65204-65629(+,-)	60.52
AYEL01089958.1:3134-3497(-)	76.62
AYEL01066725.1:46966-47325(-)	63.49
AYEL01052516.1:15397-15784(+)	63.92
AYEL01069854.1:5306-5664(-)	59.65
AYEL01067387.1:43819-44181(-)	57.48
AYEL01077738.1:62627-62962(-)	63.48
AYEL01057090.1:11957-12383(+,-)	59.06
AYEL01078732.1:30010-30370(+)	61.69
AYEL01029379.1:76135-76545(+,-)	64.88
AYEL01037239.1:2167-2571(-)	60.30
AYEL01088289.1:60843-61376(+)	58.30
AYEL01090363.1:20465-20768(-)	62.11
AYEL01072328.1:28368-28707(-)	58.04
AYEL01033707.1:12574-12945(+)	72.20
AYEL01056355.1:34035-34431(-)	58.18
AYEL01051341.1:115829-116234(+)	63.14
AYEL01063887.1:29599-30036(+,-)	61.80
AYEL01052040.1:95661-96006(-)	59.82
AYEL01081810.1:31272-31625(+)	60.17
AYEL01087190.1:32932-33339(-)	62.22
AYEL01091229.1:3590-3943(+)	60.34
AYEL01045013.1:52485-52829(+)	66.17
AYEL01070287.1:33864-34223(-)	64.17
AYEL01070054.1:26491-26910(+)	93.40
AYEL01062857.1:3125-3482(+)	58.19
AYEL01079443.1:4493-4846(+)	60.90
AYEL01037156.1:3407-3748(-)	60.84
AYEL01084417.1:11008-11411(+)	58.74
AYEL01073870.1:4597-4936(-)	57.83
AYEL01091830.1:53600-53950(-)	64.86
AYEL01072186.1:1003-1412(-)	61.94
AYEL01043402.1:2860-3229(-)	58.24
AYEL01085738.1:23381-23739(-)	58.99
AYEL01038473.1:1737-2155(+,-)	59.66
AYEL01084002.1:7779-8153(-)	59.19
AYEL01057497.1:5083-5427(-)	68.51
AYEL01065497.1:43216-43560(+)	57.94
AYEL01066551.1:78390-78747(-)	59.89
AYEL01091148.1:35988-36400(+,-)	58.80
AYEL01092355.1:239-663(+,-)	57.58
AYEL01085224.1:43195-43521(+)	60.63
AYEL01056068.1:1072-1421(-)	59.71
AYEL01077052.1:5918-6274(+)	59.26
AYEL01060510.1:9355-9662(-)	59.32
AYEL01052311.1:4139-4471(-)	61.11
AYEL01028548.1:5915-6226(+)	87.91
AYEL01060950.1:73758-74058(+)	60.81
AYEL01056102.1:7090-7467(+)	66.05
AYEL01056277.1:16031-16393(-)	68.59
AYEL01090469.1:13897-14515(-)	61.15
AYEL01088689.1:18455-18933(+)	61.44
AYEL01053284.1:6709-7051(+)	58.16
AYEL01040338.1:940-1284(-)	61.87
AYEL01053707.1:19213-19562(-)	63.43
AYEL01065066.1:52302-52728(+,-)	60.94
AYEL01091353.1:6691-7058(+)	62.23
AYEL01062742.1:35383-35768(-)	62.07
AYEL01050472.1:43170-43524(+)	59.37
AYEL01075667.1:158972-159298(+)	61.18
AYEL01056281.1:1260-1600(+)	60.33
AYEL01078737.1:19130-19429(-)	61.46
AYEL01082839.1:38809-39211(-)	60.34
AYEL01008285.1:9808-10162(-)	63.33
AYEL01081281.1:3694-4048(+)	59.74
AYEL01088760.1:15857-16279(+,-)	68.00
AYEL01091700.1:8001-8383(-)	62.64
AYEL01068377.1:12642-12990(-)	61.09
AYEL01071752.1:15542-15843(+)	66.04
AYEL01014201.1:11077-11406(+)	60.70
AYEL01088789.1:15981-16340(+)	60.51
AYEL01050529.1:7807-8164(-)	59.24
AYEL01054698.1:2616-2929(+)	61.78
AYEL01088618.1:43473-43873(-)	61.33
AYEL01064041.1:47901-48215(-)	61.65
AYEL01056047.1:22808-23273(+)	61.69
AYEL01079280.1:10649-11058(-)	59.39
AYEL01067421.1:8787-9127(+)	60.82
AYEL01075007.1:18996-19354(+)	58.43
AYEL01083858.1:27940-28347(-)	56.04
AYEL01074954.1:30207-30554(-)	60.17
AYEL01075936.1:7173-7532(-)	59.54
AYEL01072853.1:23221-23635(+,-)	57.14
AYEL01090298.1:48750-49095(-)	58.82
AYEL01073602.1:3020-3376(+)	59.83
AYEL01090401.1:53353-53708(+)	62.50
AYEL01086926.1:59716-60140(+,-)	59.06
AYEL01072942.1:23613-23968(-)	61.96
AYEL01064102.1:25979-26345(-)	60.29
AYEL01087648.1:19462-19816(+)	59.77
AYEL01069896.1:7328-7652(+)	60.19
AYEL01046575.1:1600-1935(+)	61.83
AYEL01072473.1:9581-9980(+)	61.09
AYEL01063645.1:2176-2512(-)	75.91
AYEL01064339.1:466-894(-)	60.00
AYEL01047905.1:12497-12815(-)	63.06
AYEL01090403.1:3271-3613(+)	60.56
AYEL01086866.1:22499-22853(+)	61.68
AYEL01083246.1:20884-21212(-)	62.79
AYEL01088062.1:1207-1544(+)	65.22
AYEL01085687.1:500-830(-)	64.71
AYEL01053994.1:6871-7207(+)	61.03
AYEL01084845.1:42732-43159(+)	60.82
AYEL01091455.1:9165-9576(-)	63.22
AYEL01050450.1:36289-36712(+,-)	58.59
AYEL01085342.1:13851-14238(+)	65.24
AYEL01083764.1:56391-56894(-)	67.53
AYEL01081520.1:53361-53824(-)	59.75
AYEL01016477.1:198-521(+)	56.33
AYEL01070187.1:8191-8629(+)	59.49
AYEL01061016.1:46632-47031(-)	95.05
AYEL01066147.1:40369-40725(+)	58.43
AYEL01023079.1:1246-1553(-)	66.43
AYEL01066328.1:150203-150543(-)	80.49
AYEL01073141.1:48055-48399(+)	59.40
AYEL01087427.1:19707-20013(+)	68.68
AYEL01074319.1:2664-3070(+)	59.27
AYEL01048913.1:8402-8805(+)	61.31
AYEL01065566.1:1516-1954(+,-)	71.59
AYEL01041835.1:455-850(-)	68.20
AYEL01033176.1:25277-25624(-)	60.49
AYEL01047949.1:21904-22208(-)	61.00
AYEL01025817.1:8242-8547(+)	60.89
AYEL01081393.1:7308-7667(-)	57.89
AYEL01085237.1:2556-2975(+,-)	62.98
AYEL01075014.1:27679-28037(+)	60.65
AYEL01045931.1:8053-8365(+)	61.81
AYEL01064246.1:4312-4648(+)	58.71
AYEL01077567.1:18459-18881(-)	64.92
AYEL01055541.1:38359-38721(-)	61.81
AYEL01082505.1:23076-23415(+)	58.63
AYEL01080724.1:126932-127288(-)	58.08
AYEL01090867.1:35579-36012(-)	62.68
AYEL01059046.1:2277-2638(+,-)	61.54
AYEL01090617.1:24719-25034(+)	57.25
AYEL01075364.1:1515-1847(-)	62.24
AYEL01037451.1:4050-4408(-)	58.81
AYEL01086109.1:31925-32366(-)	56.51
AYEL01059652.1:74396-74719(+)	61.02
AYEL01072494.1:96903-97257(-)	61.05
AYEL01067187.1:20437-20751(+)	63.44
AYEL01072222.1:9281-9628(-)	60.91
AYEL01052366.1:41945-42304(+)	59.04
AYEL01077313.1:22703-23072(-)	60.50
AYEL01081765.1:21446-21909(-)	70.72
AYEL01070308.1:60436-60815(-)	59.85
AYEL01068959.1:34635-34977(-)	68.97
AYEL01059632.1:36302-36711(+,-)	67.92
AYEL01038741.1:9020-9378(+)	57.79
AYEL01066844.1:2591-2940(-)	59.59
AYEL01065138.1:29017-29426(-)	62.36
AYEL01069579.1:10428-10794(-)	60.00
AYEL01084974.1:17209-17636(+)	58.37
AYEL01069071.1:31685-32115(+,-)	59.86
AYEL01086868.1:18188-18550(-)	61.49
AYEL01065296.1:1160-1542(+)	58.87
AYEL01073706.1:6383-6814(+,-)	60.81
AYEL01088897.1:24404-24760(+)	58.82
AYEL01081807.1:32509-32836(-)	59.23
AYEL01049210.1:42-400(-)	59.49
AYEL01052631.1:11028-11385(+)	59.71
AYEL01039173.1:5773-6101(+)	60.00
AYEL01030753.1:12484-12856(-)	59.15
AYEL01075249.1:17067-17489(+,-)	64.19
AYEL01089434.1:7936-8296(+)	58.03
AYEL01063412.1:20852-21159(+)	81.08
AYEL01079572.1:3966-4273(-)	61.30
AYEL01012173.1:13370-13768(+)	61.97
AYEL01080650.1:44678-45027(-)	60.12
AYEL01013639.1:9995-10423(+,-)	60.07
AYEL01086414.1:192563-192986(+,-)	60.70
AYEL01074285.1:20649-21047(+)	72.17
AYEL01088989.1:13052-13403(-)	58.62
AYEL01069230.1:1789-2104(-)	65.45
AYEL01083637.1:29489-29830(+)	63.22
AYEL01091461.1:84742-85078(-)	58.54
AYEL01051214.1:52984-53452(-)	65.00
AYEL01075686.1:27114-27465(-)	60.00
AYEL01091824.1:66790-67136(-)	59.29
AYEL01055564.1:24962-25326(-)	59.22
AYEL01063662.1:6040-6380(-)	59.76
AYEL01027846.1:5825-6179(-)	60.46
AYEL01083373.1:5581-5906(+)	60.91
AYEL01059739.1:21048-21352(+)	60.34
AYEL01088435.1:4793-5205(+,-)	63.60
AYEL01068871.1:4252-4608(+)	62.08
AYEL01082505.1:43434-43877(-)	60.44
AYEL01068529.1:29699-30053(+)	63.57
AYEL01070411.1:1907-2319(+,-)	59.46
AYEL01076226.1:27238-27543(-)	59.83
AYEL01078409.1:28267-28598(-)	57.05
AYEL01039460.1:15873-16186(+)	59.35
AYEL01083661.1:7950-8334(-)	73.17
AYEL01079792.1:8313-8711(-)	64.50
AYEL01070250.1:16284-16660(-)	61.05
AYEL01090063.1:38961-39387(+,-)	61.98
AYEL01061082.1:12993-13299(-)	68.18
AYEL01082266.1:51156-51547(+)	58.82
AYEL01068496.1:68875-69395(-)	56.57
AYEL01061987.1:55309-55673(-)	59.83
AYEL01084160.1:24473-24790(-)	76.19
AYEL01052612.1:3091-3517(-)	62.07
AYEL01078730.1:25288-25740(+)	58.43
AYEL01077844.1:30351-30703(-)	60.06
AYEL01055586.1:87061-87416(-)	61.52
AYEL01076182.1:7141-7463(-)	61.22
AYEL01027364.1:13641-14054(+,-)	62.15
AYEL01054058.1:57974-58322(-)	55.78
AYEL01077529.1:31620-32098(-)	60.79
AYEL01053267.1:10011-10439(+,-)	65.92
AYEL01072311.1:10035-10387(-)	58.84
AYEL01084776.1:57379-57744(+)	58.91
AYEL01049296.1:21432-21788(-)	59.04
AYEL01069259.1:10896-11261(+)	57.83
AYEL01025765.1:24720-25137(+,-)	61.44
AYEL01087320.1:5199-5542(+)	57.36
AYEL01071784.1:6518-6855(+)	59.94
AYEL01073367.1:28011-28354(-)	63.70
AYEL01059685.1:5450-5799(-)	60.58
AYEL01074374.1:115-426(+)	58.72
AYEL01077252.1:13991-14340(-)	58.21
AYEL01053781.1:25746-26182(+)	64.71
AYEL01088100.1:22350-22660(-)	58.80
AYEL01091267.1:8447-8786(+)	59.35
AYEL01074034.1:19891-20345(-)	70.81
AYEL01055076.1:21101-21485(+)	61.05
AYEL01075782.1:3732-4092(+)	57.18
AYEL01065794.1:2283-2690(-)	59.93
AYEL01064962.1:38177-38558(+)	60.61
AYEL01047412.1:35667-35966(+)	63.56
AYEL01071445.1:28350-28699(+)	59.82
AYEL01071179.1:126445-126786(+)	62.74
AYEL01075451.1:16523-16851(-)	62.22
AYEL01068416.1:598-1061(-)	59.75
AYEL01090595.1:2503-2842(+)	60.18
AYEL01067658.1:14730-15039(-)	65.28
AYEL01083873.1:6820-7180(-)	60.17
AYEL01086451.1:1046-1351(-)	62.15
AYEL01072023.1:10669-11032(+)	61.89
AYEL01090574.1:47206-47629(-)	65.19
AYEL01064924.1:60387-60809(+,-)	64.19
AYEL01043971.1:10678-11101(+,-)	60.50
AYEL01084682.1:8432-8796(-)	61.74
AYEL01088118.1:71911-72255(-)	60.60
AYEL01026806.1:42989-43313(-)	61.38
AYEL01057399.1:20912-21335(+)	59.36
AYEL01070480.1:20210-20609(-)	60.15
AYEL01084729.1:11870-12289(-)	62.08
AYEL01024830.1:1772-2181(+)	70.52
AYEL01058489.1:20659-21084(+,-)	61.21
AYEL01087216.1:16303-16654(-)	61.89
AYEL01084151.1:459-798(-)	59.35
AYEL01073436.1:17106-17524(+)	61.11
AYEL01047113.1:35047-35372(+)	65.10
AYEL01039549.1:8568-9022(-)	64.37
AYEL01080620.1:13414-13737(-)	72.22
AYEL01087168.1:53832-54231(+)	61.94
AYEL01023232.1:21162-21486(-)	58.36
AYEL01069025.1:5855-6216(+)	60.73
AYEL01066808.1:82855-83197(-)	60.77
AYEL01091940.1:24668-25001(-)	57.70
AYEL01080739.1:48507-48890(+)	73.49
AYEL01075331.1:2963-3318(+)	58.64
AYEL01072658.1:2813-3218(+)	57.25
AYEL01064684.1:39386-39755(+)	56.62
AYEL01065171.1:25767-26192(+,-)	58.78
AYEL01078470.1:5130-5491(-)	59.77
AYEL01091481.1:22211-22614(-)	60.80
AYEL01057309.1:5640-6035(+)	60.54
AYEL01045015.1:10332-10685(-)	57.48
AYEL01088950.1:10737-11102(+)	58.59
AYEL01024333.1:4346-4772(+)	63.19
AYEL01090128.1:9281-9612(-)	71.79
AYEL01085635.1:243-614(+)	66.82
AYEL01061752.1:34860-35221(+)	64.71
AYEL01039328.1:4943-5250(-)	61.04
AYEL01074138.1:49391-49730(-)	58.26
AYEL01016911.1:38855-39497(-)	64.43
AYEL01086199.1:1641-1948(+)	72.07
AYEL01072615.1:35955-36374(+,-)	61.86
AYEL01071724.1:17785-18122(-)	61.87
AYEL01088249.1:8561-8987(+,-)	59.27
AYEL01083577.1:6718-7104(-)	61.64
AYEL01039613.1:27352-27715(+)	58.87
AYEL01091730.1:69684-70038(+)	59.60
AYEL01057321.1:43664-43983(-)	89.66
AYEL01076488.1:45989-46297(-)	85.33
AYEL01086343.1:10288-10720(+,-)	63.09
AYEL01074281.1:731-1084(+)	60.06
AYEL01075759.1:10045-10401(-)	56.16
AYEL01046573.1:1041-1389(-)	61.01
AYEL01021110.1:170896-171289(+)	57.36
AYEL01045387.1:9739-10146(+)	58.50
AYEL01069166.1:14185-14544(+)	59.89
AYEL01060322.1:55549-55904(-)	59.43
AYEL01057558.1:2175-2502(-)	61.88
AYEL01038776.1:28279-28645(+)	63.09
AYEL01084689.1:48693-49038(+)	58.93
AYEL01061756.1:3834-4167(+)	60.37
AYEL01062409.1:3882-4288(+)	61.58
AYEL01074865.1:14219-14540(+)	59.53
AYEL01090152.1:66627-66969(-)	61.51
AYEL01078615.1:49560-49887(+)	56.80
AYEL01073161.1:23148-23530(-)	61.65
AYEL01051138.1:4385-4741(+)	59.04
AYEL01067580.1:47615-47964(-)	60.40
AYEL01061763.1:847-1227(+)	59.54
AYEL01035069.1:26077-26464(+)	59.80
AYEL01088578.1:13355-13704(-)	63.11
AYEL01053273.1:112-434(-)	97.30
AYEL01076223.1:8334-8752(+,-)	60.17
AYEL01088383.1:17728-18041(+)	63.16
AYEL01031026.1:7500-7841(-)	59.00
AYEL01078135.1:5901-6239(+)	62.09
AYEL01078772.1:30584-31008(+,-)	62.23
AYEL01087665.1:2152-2557(+,-)	60.70
AYEL01082736.1:406-771(+)	60.11
AYEL01077059.1:783-1140(+)	58.95
AYEL01082066.1:3650-4055(-)	59.12
AYEL01080534.1:5476-5791(-)	61.71
AYEL01079848.1:1881-2215(+)	62.01
AYEL01061752.1:22024-22378(-)	59.26
AYEL01092033.1:13128-13498(+)	60.97
AYEL01073282.1:30031-30379(+)	60.94
AYEL01046489.1:0-327(-)	58.95
AYEL01089091.1:42375-42734(-)	57.58
AYEL01087528.1:371-678(-)	56.08
AYEL01088285.1:8323-8643(+)	78.21
AYEL01085640.1:11662-12022(+)	56.42
AYEL01060099.1:10330-10671(+)	62.26
AYEL01062107.1:19129-19537(+)	60.45
AYEL01056034.1:36664-37013(-)	59.64
AYEL01056800.1:3620-4037(+,-)	58.70
AYEL01078772.1:68393-68755(-)	61.54
AYEL01091096.1:74481-74837(-)	58.29
AYEL01078085.1:21381-21885(-)	82.83
AYEL01051470.1:1319-1766(+,-)	72.95
AYEL01056034.1:7227-7651(+,-)	61.21
AYEL01074563.1:71307-71683(+)	62.61
AYEL01082089.1:11775-12152(-)	58.49
AYEL01067905.1:27758-28088(-)	62.89
AYEL01077731.1:29199-29561(+)	60.23
AYEL01058375.1:42206-42619(-)	72.14
AYEL01072053.1:29576-29960(-)	63.79
AYEL01067041.1:23910-24276(-)	59.77
AYEL01076817.1:132676-133034(-)	60.57
AYEL01089535.1:56444-56869(+,-)	58.05
AYEL01076290.1:64630-64970(+)	58.93
AYEL01077009.1:26801-27207(+)	59.59
AYEL01069013.1:7698-8118(-)	71.48
AYEL01081048.1:17677-18131(-)	91.10
AYEL01046102.1:1928-2287(+)	56.29
AYEL01077050.1:11657-12073(+,-)	62.01
AYEL01066290.1:657-1030(+)	57.88
AYEL01040613.1:6591-7013(+,-)	57.14
AYEL01075312.1:92874-93257(+)	58.37
AYEL01087264.1:46850-47206(-)	58.86
AYEL01011108.1:101669-102088(+,-)	59.86
AYEL01034367.1:9524-10000(-)	73.49
AYEL01054908.1:12800-13145(+)	63.43
AYEL01062934.1:14475-14850(-)	67.02
AYEL01081259.1:16746-17110(-)	60.06
AYEL01054860.1:1287-1644(-)	60.34
AYEL01081268.1:35002-35417(+,-)	61.80
AYEL01085593.1:42047-42352(-)	65.04
AYEL01065319.1:27874-28231(+)	58.69
AYEL01089372.1:1561-1897(+)	63.10
AYEL01090017.1:57349-57732(+)	62.03
AYEL01091033.1:18938-19295(-)	56.73
AYEL01034350.1:26190-26505(+)	61.22
AYEL01068148.1:21970-22302(+)	64.15
AYEL01062653.1:3372-3768(+)	56.12
AYEL01072011.1:2117-2577(-)	71.86
AYEL01071898.1:16131-16472(+)	59.64
AYEL01081988.1:15313-15649(-)	58.33
AYEL01091032.1:38341-38739(+)	62.75
AYEL01082561.1:534-846(+)	58.40
AYEL01078685.1:55884-56306(+,-)	60.67
AYEL01068626.1:4330-4759(+,-)	60.52
AYEL01052357.1:12431-12873(+)	86.67
AYEL01067182.1:48869-49172(-)	70.37
AYEL01076488.1:45618-45925(-)	85.33
AYEL01090421.1:19964-20391(+,-)	62.69
AYEL01058535.1:3617-3977(-)	58.57
AYEL01091526.1:8734-9097(-)	58.24
AYEL01086592.1:17698-18051(-)	58.45
AYEL01065449.1:10520-10940(+,-)	62.86
AYEL01078981.1:11647-11987(-)	58.91
AYEL01091957.1:15133-15556(+,-)	58.39
AYEL01075703.1:8439-8795(+)	61.00
AYEL01087260.1:22313-22646(+)	60.31
AYEL01088019.1:39491-39894(-)	63.50
AYEL01069720.1:1194-1617(+,-)	62.96
AYEL01076807.1:83312-83655(+)	65.34
AYEL01079912.1:21904-22239(+)	60.94
AYEL01083147.1:1363-1756(-)	58.22
AYEL01090847.1:41932-42317(-)	62.18
AYEL01089480.1:77151-77507(+)	58.43
AYEL01088379.1:3675-4033(-)	58.92
AYEL01086468.1:19569-19892(+)	62.36
AYEL01084094.1:6510-6856(+)	60.37
AYEL01066521.1:18726-19148(+,-)	58.16
AYEL01083570.1:13365-13815(+)	63.84
AYEL01085901.1:158-525(+)	61.05
AYEL01083796.1:2388-2830(-)	98.68
AYEL01056451.1:22478-22819(-)	58.46
AYEL01091310.1:13104-13443(-)	67.20
AYEL01064942.1:6998-7342(+)	57.23
AYEL01089756.1:10926-11315(-)	61.30
AYEL01066683.1:83923-84362(+,-)	67.36
AYEL01039434.1:31076-31407(+)	61.92
AYEL01019195.1:3193-3597(-)	59.39
AYEL01063465.1:28336-28678(+)	60.33
AYEL01070355.1:5537-5943(+)	57.61
AYEL01077578.1:189245-189612(+)	59.15
AYEL01066871.1:40184-40531(+)	62.78
AYEL01091887.1:23334-23676(+)	57.69
AYEL01081980.1:38226-38610(-)	59.68
AYEL01079688.1:59295-59624(-)	60.41
AYEL01086569.1:33181-33538(-)	60.40
AYEL01072717.1:8169-8551(-)	59.93
AYEL01091902.1:44602-45001(+)	58.48
AYEL01080713.1:89999-90359(+)	61.87
AYEL01067828.1:7147-7565(+,-)	60.81
AYEL01034606.1:5828-6218(+)	58.92
AYEL01083676.1:101840-102221(-)	60.61
AYEL01078943.1:7716-8057(+)	64.31
AYEL01040827.1:8194-8536(+)	58.28
AYEL01080365.1:21938-22293(-)	63.41
AYEL01052480.1:12698-13047(+)	62.73
AYEL01088047.1:31006-31317(+)	73.81
AYEL01077939.1:18551-18904(+)	58.81
AYEL01086061.1:14476-14910(+)	60.09
AYEL01047075.1:12200-12553(+)	61.54
AYEL01081570.1:22185-22578(-)	64.44
AYEL01065764.1:65190-65514(-)	60.51
AYEL01084731.1:76096-76549(+)	59.94
AYEL01067376.1:3721-4043(-)	61.84
AYEL01082556.1:65119-65448(+)	59.49
AYEL01073092.1:8240-8596(+)	63.19
AYEL01070524.1:5709-6159(-)	62.43
AYEL01066893.1:19705-20106(+)	93.33
AYEL01061853.1:23142-23496(+)	59.31
AYEL01051940.1:11474-11815(-)	79.88
AYEL01026804.1:5286-5711(+,-)	60.07
AYEL01075885.1:158-516(+)	60.06
AYEL01083242.1:22855-23187(-)	58.31
AYEL01045253.1:5378-5801(+,-)	62.81
AYEL01057243.1:43688-44032(+)	59.59
AYEL01051183.1:4057-4477(+,-)	63.60
AYEL01076794.1:15540-15896(-)	61.54
AYEL01083190.1:2533-2957(+,-)	59.32
AYEL01081035.1:8620-9044(+,-)	62.29
AYEL01072144.1:21420-21811(+)	58.60
AYEL01070288.1:37032-37363(-)	63.50
AYEL01090102.1:17124-17539(+,-)	61.04
AYEL01052766.1:12220-12540(+)	60.42
AYEL01074846.1:9271-9629(+)	57.39
AYEL01091810.1:6758-7181(+,-)	59.14
AYEL01091398.1:46903-47266(-)	60.00
AYEL01087615.1:56138-56491(+)	68.18
AYEL01054419.1:25636-25996(-)	58.31
AYEL01091661.1:11550-11888(+)	58.68
AYEL01088495.1:39024-39388(-)	57.83
AYEL01091884.1:86150-86511(+)	59.44
AYEL01053958.1:94-501(-)	65.23
AYEL01087853.1:28599-28960(+)	59.44
AYEL01032569.1:62545-62902(+)	60.81
AYEL01051218.1:34710-35077(+)	60.00
AYEL01042011.1:53372-53737(-)	61.43
AYEL01087657.1:3504-3824(+)	69.33
AYEL01070324.1:5446-5794(-)	67.33
AYEL01063167.1:7230-7582(-)	80.20
AYEL01063162.1:10279-10711(-)	80.00
AYEL01081345.1:15073-15421(-)	58.02
AYEL01059559.1:3891-4207(+)	65.10
AYEL01073727.1:70941-71374(-)	58.62
AYEL01056918.1:4258-4606(+)	59.36
AYEL01081570.1:23867-24206(-)	60.83
AYEL01072060.1:39820-40353(-)	65.80
AYEL01083437.1:1639-1977(-)	66.41
AYEL01078587.1:6870-7191(+)	55.74
AYEL01081892.1:49143-49497(+)	57.88
AYEL01090063.1:45918-46271(-)	57.85
AYEL01054298.1:75432-75784(+)	60.06
AYEL01078943.1:27492-27845(-)	60.58
AYEL01091190.1:5204-5521(+)	61.22
AYEL01061939.1:13227-13568(-)	62.05
AYEL01091088.1:61959-62306(-)	58.16
AYEL01013153.1:43888-44290(+)	61.62
AYEL01050905.1:6328-6677(-)	61.05
AYEL01059373.1:23009-23464(-)	98.57
AYEL01073283.1:22906-23261(+)	58.64
AYEL01064129.1:4152-4510(-)	60.11
AYEL01079666.1:2582-2881(+)	56.04
AYEL01082649.1:45196-45529(+)	69.44
AYEL01061914.1:12801-13161(+)	58.57
AYEL01021352.1:9093-9565(-)	64.53
AYEL01085401.1:9972-10274(+)	60.58
AYEL01070916.1:71884-72237(+)	60.91
AYEL01080929.1:50379-50788(+)	62.77
AYEL01079181.1:61074-61384(+)	64.57
AYEL01084747.1:15491-15926(+,-)	59.40
AYEL01092123.1:39665-39987(+)	59.67
AYEL01071534.1:24718-25030(+)	63.12
AYEL01055013.1:1060-1432(-)	58.86
AYEL01059595.1:19012-19465(-)	70.10
AYEL01076786.1:42674-42999(-)	64.42
AYEL01074916.1:65051-65378(-)	78.22
AYEL01012170.1:2265-2581(+)	60.38
AYEL01066574.1:47215-47586(-)	77.78
AYEL01092109.1:36897-37319(+,-)	62.77
AYEL01071560.1:97884-98211(-)	63.99
AYEL01085623.1:81286-81682(-)	77.06
AYEL01069605.1:14777-15133(-)	59.83
AYEL01019789.1:80542-80888(-)	61.00
AYEL01063370.1:2995-3327(+)	65.49
AYEL01068504.1:21885-22308(+,-)	60.92
AYEL01083722.1:69672-70019(-)	59.88
AYEL01087579.1:39091-39447(+)	60.62
AYEL01069968.1:9908-10241(+)	59.16
AYEL01083474.1:16143-16544(+)	62.03
AYEL01079856.1:22086-22443(+)	58.52
AYEL01055125.1:15258-15680(+,-)	59.46
AYEL01040612.1:2293-2643(+)	61.47
AYEL01086854.1:52181-52526(-)	59.84
AYEL01081947.1:162290-162667(-)	63.98
AYEL01089702.1:15136-15536(-)	60.96
AYEL01089634.1:25680-26035(-)	58.00
AYEL01082081.1:182899-183349(+,-)	62.26
AYEL01022927.1:4426-4744(-)	61.62
AYEL01091570.1:2041-2428(-)	61.48
AYEL01068034.1:2780-3137(+)	59.24
AYEL01059652.1:67830-68181(+)	65.78
AYEL01073235.1:6064-6537(-)	68.75
AYEL01063067.1:7901-8249(-)	74.88
AYEL01087665.1:9193-9597(+,-)	60.70
AYEL01034340.1:29283-29673(+)	62.31
AYEL01066203.1:92071-92426(+)	58.00
AYEL01084917.1:23442-23800(+)	60.34
AYEL01041922.1:47371-47724(-)	58.96
AYEL01057920.1:11131-11497(-)	61.08
AYEL01078627.1:664-1040(-)	63.12
AYEL01052392.1:39795-40144(-)	59.00
AYEL01065952.1:19351-19702(+)	61.01
AYEL01066094.1:20547-20936(-)	61.78
AYEL01070253.1:33510-33839(+)	68.57
AYEL01085337.1:38830-39279(-)	71.59
AYEL01079058.1:27609-28149(-)	83.08
AYEL01079661.1:9093-9646(-)	81.68
AYEL01083722.1:56655-57050(+,-)	53.93
AYEL01077227.1:8142-8458(+)	61.92
AYEL01090331.1:20452-20798(+)	59.33
AYEL01088514.1:6355-6802(-)	59.75
AYEL01081812.1:3706-4100(+)	57.22
AYEL01055539.1:5631-5988(-)	58.86
AYEL01034204.1:19184-19513(+)	72.99
AYEL01076235.1:57391-57792(-)	60.11
AYEL01085363.1:24518-24879(-)	58.29
AYEL01070960.1:26869-27219(-)	58.84
AYEL01066682.1:18451-18810(+)	64.17
AYEL01058257.1:13108-13412(-)	60.46
AYEL01079470.1:14483-14846(+)	58.74
AYEL01091006.1:12438-12797(+)	58.47
AYEL01079034.1:18047-18370(+)	62.26
AYEL01066870.1:7543-8094(+)	63.23
AYEL01022292.1:72088-72474(+)	61.62
AYEL01050793.1:66875-67451(-)	92.45
AYEL01075842.1:1414-1776(+)	61.94
AYEL01084396.1:12022-12353(-)	64.23
AYEL01074125.1:28645-29112(-)	65.26
AYEL01083661.1:11589-11995(+)	60.67
AYEL01091489.1:18281-18642(+)	61.32
AYEL01090442.1:26326-26743(+,-)	58.85
AYEL01019900.1:25596-26130(+)	61.51
AYEL01090564.1:15051-15402(-)	59.94
AYEL01033357.1:45897-46234(-)	58.33
AYEL01082842.1:16441-16791(-)	60.87
AYEL01090168.1:119359-119870(-)	71.48
AYEL01069851.1:2436-2822(-)	63.20
AYEL01091510.1:6254-6595(+)	58.82
AYEL01074844.1:8879-9291(+)	62.78
AYEL01090252.1:33386-33715(+)	63.09
AYEL01089855.1:18406-18811(+,-)	61.78
AYEL01062200.1:65446-65822(+)	56.59
AYEL01084914.1:55537-55932(-)	63.14
AYEL01083542.1:33322-33685(+)	61.18
AYEL01066136.1:17510-17847(+)	61.69
AYEL01046600.1:72978-73342(-)	60.00
AYEL01088297.1:8559-8954(+)	55.10
AYEL01064522.1:5731-6093(+)	57.98
AYEL01031797.1:23278-23632(+)	58.92
AYEL01085822.1:110000-110357(+)	61.14
AYEL01091670.1:3876-4176(-)	71.01
AYEL01073141.1:54776-55110(+)	60.98
AYEL01068920.1:34625-34971(+)	60.73
AYEL01085599.1:15357-15717(+)	58.38
AYEL01082331.1:3752-4093(+)	57.52
AYEL01074393.1:7594-7944(-)	59.64
AYEL01048564.1:10363-10719(-)	58.64
AYEL01078858.1:10218-10571(-)	61.10
AYEL01048567.1:44350-44708(+)	58.62
AYEL01083387.1:23862-24224(+)	60.28
AYEL01077894.1:49434-49797(-)	62.32
AYEL01086505.1:27718-28032(-)	64.16
AYEL01057293.1:18534-18856(+)	69.33
AYEL01049979.1:12358-12661(-)	63.68
AYEL01087226.1:2550-2885(+)	57.66
AYEL01087238.1:54875-55274(-)	63.77
AYEL01084723.1:69241-69676(-)	66.15
AYEL01069948.1:12542-12866(-)	61.51
AYEL01078750.1:2167-2533(+)	60.98
AYEL01023186.1:234-561(-)	61.51
AYEL01064178.1:34722-35071(-)	59.00
AYEL01091646.1:48328-48695(+)	63.81
AYEL01015937.1:1317-1720(-)	71.79
AYEL01086097.1:10305-10667(+)	60.34
AYEL01066154.1:19170-19558(+,-)	61.87
AYEL01070978.1:2071-2483(-)	76.19
AYEL01057175.1:8597-8936(+)	61.77
AYEL01086712.1:56881-57234(-)	61.74
AYEL01087012.1:9112-9529(-)	80.47
AYEL01073207.1:7412-7805(+)	58.77
AYEL01066346.1:24136-24486(+)	60.83
