AYEL01078624.1:7715-7796(+)	83.75
AYEL01078241.1:11422-11513(-)	83.52
AYEL01091865.1:3936-4030(-)	80.65
AYEL01064655.1:71678-71773(+)	84.95
AYEL01084449.1:36339-36457(-)	77.97
AYEL01072925.1:33526-33613(+)	83.91
AYEL01083726.1:238-328(-)	88.89
AYEL01078568.1:13419-13508(+)	80.90
AYEL01047989.1:49433-49524(+)	83.52
AYEL01056443.1:20669-20763(-)	81.72
AYEL01069686.1:22114-22200(-)	83.53
AYEL01091771.1:11239-11332(+)	82.80
AYEL01089155.1:18996-19089(-)	82.80
AYEL01088221.1:3004-3098(-)	84.95
AYEL01086929.1:25906-26000(+)	80.65
AYEL01034533.1:1512-1648(-)	83.59
AYEL01087857.1:23926-24019(+)	85.87
AYEL01070741.1:2733-2817(+)	86.75
AYEL01006437.1:54352-54445(+)	84.95
AYEL01086717.1:2198-2279(+)	83.75
AYEL01065749.1:83794-83887(+)	80.43
AYEL01079794.1:13876-13952(+)	88.52
AYEL01049542.1:2067-2160(-)	83.87
AYEL01085517.1:50938-51024(-)	83.53
AYEL01065623.1:45874-45968(+)	71.60
AYEL01091057.1:12131-12221(-)	85.56
AYEL01051216.1:40329-40422(-)	82.80
AYEL01073823.1:12242-12335(-)	84.95
AYEL01077440.1:3803-3891(-)	81.82
AYEL01082034.1:3297-3387(-)	82.22
AYEL01056854.1:21462-21555(+)	84.95
AYEL01067362.1:7262-7354(+)	84.78
AYEL01087449.1:3968-4062(+)	84.95
AYEL01068105.1:40700-40775(+)	84.00
AYEL01057558.1:11949-12042(+)	84.95
AYEL01075968.1:19779-19859(-)	85.00
AYEL01062508.1:51235-51323(-)	89.77
AYEL01079100.1:52424-52517(+)	82.80
AYEL01087245.1:138832-139031(+)	75.00
AYEL01063532.1:1226-1316(+)	83.33
AYEL01081280.1:911-1005(+)	84.95
AYEL01052483.1:96623-96746(+)	81.33
AYEL01062827.1:8787-8878(-)	86.67
AYEL01091763.1:14619-14711(-)	86.96
AYEL01087730.1:6681-6774(-)	83.87
AYEL01079344.1:14610-14703(-)	84.95
AYEL01087073.1:68506-68598(-)	89.13
AYEL01030610.1:0-91(+)	84.44
AYEL01081778.1:4091-4246(+)	85.56
AYEL01084409.1:154547-154640(+)	87.10
AYEL01081030.1:16917-17010(+)	82.80
AYEL01060319.1:12197-12290(-)	86.02
AYEL01091897.1:5123-5293(+)	74.55
AYEL01081902.1:4243-4337(+)	84.95
AYEL01072460.1:9332-9426(-)	80.65
AYEL01089535.1:39609-39691(-)	83.95
AYEL01070459.1:32828-32919(-)	83.52
AYEL01076855.1:26029-26121(+)	83.70
AYEL01064531.1:31650-31724(-)	82.19
AYEL01080023.1:18356-18442(-)	83.53
AYEL01066587.1:15644-15737(-)	80.65
AYEL01067673.1:119-213(+)	86.02
AYEL01078308.1:334-456(-)	83.76
AYEL01061987.1:31495-31581(-)	80.23
AYEL01073372.1:47483-47575(-)	82.61
AYEL01091161.1:11478-11569(+)	82.42
AYEL01061829.1:4235-4329(+)	83.87
AYEL01080445.1:56596-56685(-)	89.89
AYEL01072696.1:10518-10612(-)	84.95
AYEL01088552.1:6492-6585(+)	82.80
AYEL01080495.1:10197-10291(-)	80.65
AYEL01063099.1:14493-14586(+)	78.49
AYEL01059159.1:28494-28580(+)	85.88
AYEL01028820.1:1507-1581(-)	81.08
AYEL01087073.1:67892-67978(-)	83.53
AYEL01075398.1:5083-5163(-)	83.75
AYEL01080140.1:90433-90525(+)	80.43
AYEL01089296.1:52278-52366(-)	81.82
AYEL01078311.1:49740-49832(+)	80.43
AYEL01054298.1:74445-74537(+)	83.70
AYEL01062148.1:3097-3190(-)	87.10
AYEL01064055.1:125144-125267(+)	80.17
AYEL01044966.1:35467-35558(-)	78.02
AYEL01074707.1:48800-48967(-)	73.33
AYEL01032570.1:54745-54837(-)	79.35
AYEL01073275.1:26864-26953(+)	81.82
AYEL01070675.1:4070-4152(-)	83.95
AYEL01081497.1:7607-7688(+)	83.75
AYEL01091442.1:34828-34917(-)	86.52
AYEL01068961.1:56023-56112(-)	82.02
AYEL01087244.1:6-93(+)	84.71
AYEL01074154.1:10224-10303(-)	82.28
AYEL01067470.1:13898-13991(-)	83.87
AYEL01091520.1:4020-4100(-)	83.75
AYEL01091315.1:38774-38863(+)	80.90
AYEL01081772.1:22942-23035(-)	83.87
AYEL01054816.1:6239-6325(-)	83.53
AYEL01084854.1:5422-5505(+)	84.34
AYEL01049867.1:2304-2393(-)	82.02
AYEL01075562.1:82248-82341(-)	87.10
AYEL01080851.1:3793-3935(-)	89.89
AYEL01080168.1:16936-17029(+)	87.10
AYEL01064282.1:7088-7178(-)	80.00
AYEL01090241.1:19220-19298(+)	79.49
AYEL01037771.1:22839-22933(-)	84.95
AYEL01088611.1:4090-4183(-)	87.10
AYEL01088156.1:116734-116827(-)	88.17
AYEL01090966.1:1048-1129(+)	83.75
AYEL01087552.1:4190-4281(-)	85.71
AYEL01043285.1:12063-12156(+)	79.57
AYEL01087016.1:2404-2496(-)	80.43
AYEL01071893.1:36591-36678(+)	90.80
AYEL01074638.1:47621-47714(-)	80.65
AYEL01068149.1:60176-60263(+)	80.46
AYEL01065341.1:1781-1873(-)	85.87
AYEL01084385.1:20310-20400(-)	86.67
AYEL01044954.1:785-867(-)	83.95
AYEL01074154.1:10126-10211(-)	82.35
AYEL01049230.1:3788-3882(+)	82.80
AYEL01063373.1:9310-9396(-)	83.53
AYEL01088706.1:23481-23574(-)	82.80
AYEL01079362.1:27081-27173(-)	80.43
AYEL01067792.1:27242-27335(+)	78.49
AYEL01053704.1:22457-22549(-)	89.13
AYEL01059140.1:62362-62541(-)	79.88
AYEL01065973.1:6888-6964(+)	77.63
AYEL01084067.1:17105-17186(+)	83.75
AYEL01052921.1:8469-8560(+)	83.33
AYEL01069715.1:38312-38403(+)	85.71
AYEL01050512.1:22689-22778(+)	81.82
AYEL01081863.1:8862-8949(+)	81.61
AYEL01078898.1:51002-51095(-)	82.80
AYEL01090827.1:39742-39833(-)	82.42
AYEL01026886.1:37220-37313(+)	84.95
AYEL01060256.1:4203-4297(-)	79.57
AYEL01078450.1:7050-7142(+)	79.35
AYEL01052944.1:22458-22547(-)	88.76
AYEL01071621.1:15796-15888(-)	85.87
AYEL01066153.1:31187-31279(-)	89.13
AYEL01079731.1:1273-1366(-)	82.80
AYEL01062109.1:32243-32325(+)	84.15
AYEL01045267.1:6449-6542(-)	84.95
AYEL01052646.1:8926-9020(-)	86.02
AYEL01078039.1:79541-79681(+)	82.50
AYEL01086123.1:4707-4800(+)	87.10
AYEL01039620.1:10520-10617(-)	78.75
AYEL01080683.1:72140-72233(+)	83.87
AYEL01058631.1:6070-6162(-)	83.70
AYEL01082053.1:110927-111084(+)	74.36
AYEL01073548.1:44507-44600(-)	81.72
AYEL01059671.1:2881-2969(-)	79.55
AYEL01084299.1:18463-18554(+)	83.52
AYEL01076556.1:117025-117117(-)	89.13
AYEL01046151.1:5634-5727(-)	86.02
AYEL01092404.1:9983-10075(-)	79.35
AYEL01044598.1:34217-34338(-)	84.35
AYEL01082996.1:4751-4849(+)	78.49
AYEL01078144.1:19794-19884(+)	80.00
AYEL01063543.1:12117-12205(-)	89.77
AYEL01079056.1:3503-3596(+)	89.25
AYEL01073107.1:8269-8359(-)	85.56
AYEL01053708.1:12429-12503(-)	88.89
AYEL01084486.1:16664-16756(-)	89.13
AYEL01061826.1:107590-107680(+)	84.44
AYEL01008262.1:19798-19880(-)	83.95
AYEL01055763.1:18-108(+)	86.52
AYEL01087073.1:68001-68083(-)	83.95
AYEL01091978.1:4087-4167(-)	83.75
AYEL01078144.1:7810-7903(+)	80.65
AYEL01082006.1:18334-18424(+)	84.81
AYEL01076384.1:95859-95939(-)	82.50
AYEL01069454.1:27657-27750(+)	82.80
AYEL01074072.1:753-846(+)	84.95
AYEL01082469.1:2757-2845(+)	84.09
AYEL01085584.1:165894-165987(-)	80.65
AYEL01084226.1:12092-12223(-)	76.56
AYEL01071357.1:26262-26354(-)	84.78
AYEL01025955.1:88776-88869(-)	87.10
AYEL01088721.1:29990-30083(+)	84.95
AYEL01081063.1:40716-40839(+)	81.33
AYEL01056281.1:6807-6900(-)	81.72
AYEL01066683.1:54181-54269(+)	76.47
AYEL01066463.1:407-501(+)	83.87
AYEL01083262.1:12001-12093(+)	86.81
AYEL01087516.1:27293-27385(-)	89.13
AYEL01080361.1:16515-16608(-)	84.95
AYEL01074637.1:8316-8423(+)	87.27
AYEL01064267.1:1018-1111(-)	83.87
AYEL01084524.1:3688-3782(-)	81.72
AYEL01048915.1:62635-62726(+)	83.52
AYEL01085911.1:55349-55443(-)	86.02
AYEL01015680.1:152784-152874(+)	82.22
AYEL01085880.1:3679-3772(-)	84.95
AYEL01056466.1:9405-9487(-)	83.95
AYEL01078931.1:6945-7038(-)	78.49
AYEL01074370.1:1289-1382(-)	83.87
AYEL01060886.1:97108-97229(-)	84.35
AYEL01060185.1:10860-10947(-)	85.06
AYEL01076948.1:13267-13360(+)	84.95
AYEL01090660.1:9032-9125(-)	83.87
AYEL01081086.1:85351-85444(-)	82.80
AYEL01072520.1:25097-25189(-)	89.13
AYEL01071498.1:3800-3893(+)	81.72
AYEL01033775.1:5721-5814(-)	82.80
AYEL01091611.1:114205-114296(+)	84.62
AYEL01089504.1:24910-24992(-)	85.19
AYEL01058253.1:14119-14205(-)	80.23
AYEL01080181.1:6923-7014(+)	83.33
AYEL01059837.1:75922-76011(+)	85.39
AYEL01081106.1:53447-53538(+)	86.81
AYEL01063258.1:10470-10561(-)	81.11
AYEL01064531.1:31746-31850(-)	86.02
AYEL01035211.1:20830-20916(-)	83.53
AYEL01059018.1:178-272(-)	84.95
AYEL01062324.1:2743-2835(+)	86.96
AYEL01089919.1:31884-31973(-)	86.36
AYEL01032083.1:19350-19454(-)	79.57
AYEL01084678.1:80001-80093(-)	84.78
AYEL01090255.1:29546-29636(-)	82.02
AYEL01035927.1:14826-14920(-)	83.87
AYEL01075861.1:2331-2424(+)	80.65
AYEL01066450.1:1810-1902(+)	83.70
AYEL01052470.1:36928-37018(-)	83.33
AYEL01090361.1:14698-14784(-)	83.53
AYEL01083917.1:69366-69459(-)	82.80
AYEL01085547.1:35741-35834(+)	81.72
AYEL01068153.1:229-323(-)	82.80
AYEL01077359.1:18785-18878(-)	81.72
AYEL01034501.1:813-903(-)	83.33
AYEL01069282.1:27475-27563(-)	81.82
AYEL01081151.1:56778-56876(+)	80.65
AYEL01079792.1:21610-21703(+)	84.95
AYEL01074193.1:84928-85050(-)	77.78
AYEL01091309.1:61598-61737(+)	74.44
AYEL01062009.1:15593-15683(+)	84.27
AYEL01085166.1:80575-80668(+)	77.42
AYEL01091161.1:2981-3062(+)	83.75
AYEL01077487.1:10819-10912(-)	88.17
AYEL01070883.1:25756-25848(+)	81.52
AYEL01072944.1:13525-13618(+)	87.10
AYEL01085947.1:12989-13071(-)	81.71
AYEL01050050.1:38483-38577(-)	81.72
AYEL01056466.1:9008-9094(-)	83.53
AYEL01073095.1:12738-12831(-)	76.34
AYEL01060994.1:2620-2712(-)	83.70
AYEL01091088.1:71739-71829(+)	87.78
AYEL01056156.1:23682-23764(-)	83.95
AYEL01078551.1:20966-21056(+)	87.78
AYEL01091088.1:82324-82407(+)	87.34
AYEL01055044.1:35-129(-)	83.87
AYEL01091704.1:100509-100630(-)	84.35
AYEL01068649.1:75922-76016(+)	84.95
AYEL01085524.1:22119-22208(+)	86.52
AYEL01076127.1:7191-7272(+)	83.75
AYEL01084654.1:4108-4195(-)	86.21
AYEL01087245.1:138230-138325(+)	80.43
AYEL01054710.1:6058-6151(+)	82.80
AYEL01085316.1:24630-24712(-)	83.95
AYEL01074650.1:5587-5668(+)	83.75
AYEL01080970.1:107005-107098(-)	83.87
AYEL01076858.1:19412-19505(+)	84.95
AYEL01084163.1:29043-29137(-)	82.80
AYEL01074204.1:10605-10726(-)	84.35
AYEL01091963.1:27731-27824(-)	88.17
AYEL01086952.1:4540-4629(-)	82.56
AYEL01076295.1:14676-14766(-)	84.44
AYEL01066094.1:56611-56704(-)	82.80
AYEL01072382.1:26126-26208(-)	83.95
AYEL01074113.1:2952-3042(-)	85.39
AYEL01070799.1:126569-126663(+)	86.02
AYEL01078690.1:7784-7863(-)	84.62
AYEL01084645.1:20124-20218(-)	84.95
AYEL01083227.1:5584-5664(-)	83.75
AYEL01076221.1:19355-19445(+)	83.33
AYEL01090963.1:29342-29428(-)	80.23
AYEL01063414.1:28083-28174(+)	86.81
AYEL01071079.1:24675-24775(-)	81.44
AYEL01084864.1:42871-42961(-)	84.44
AYEL01082019.1:31507-31587(-)	85.00
AYEL01083542.1:22039-22133(-)	84.95
AYEL01072297.1:11660-11749(+)	85.53
AYEL01068443.1:10234-10325(+)	84.62
AYEL01050812.1:8827-8949(+)	81.08
AYEL01068712.1:47672-47765(-)	86.02
AYEL01068933.1:928-1021(+)	86.02
AYEL01074382.1:60960-61051(-)	87.91
AYEL01047409.1:27132-27211(-)	82.89
AYEL01080150.1:72434-72517(-)	84.34
AYEL01082787.1:29549-29647(-)	87.91
AYEL01062355.1:1294-1423(-)	77.31
AYEL01086867.1:5269-5363(-)	86.02
AYEL01087180.1:34441-34536(+)	81.72
AYEL01089919.1:33852-33938(-)	87.21
AYEL01068234.1:117353-117435(-)	82.72
AYEL01074123.1:3348-3440(-)	81.52
AYEL01060241.1:33449-33543(-)	86.02
AYEL01075279.1:30260-30346(-)	82.56
AYEL01070799.1:27100-27193(+)	86.02
AYEL01077874.1:9824-9918(+)	82.80
AYEL01081046.1:90084-90166(-)	80.00
AYEL01079735.1:7433-7515(-)	83.95
AYEL01082793.1:11559-11652(+)	83.87
AYEL01080157.1:1360-1454(+)	83.52
AYEL01084142.1:2780-2877(-)	83.56
AYEL01071038.1:41199-41292(-)	82.80
AYEL01048579.1:34142-34235(-)	80.65
AYEL01086593.1:16887-16977(-)	83.33
AYEL01088102.1:8771-8861(+)	84.44
AYEL01085020.1:95530-95617(-)	83.72
AYEL01069787.1:12283-12377(+)	81.72
AYEL01070637.1:14799-14893(-)	79.57
AYEL01071824.1:556-679(-)	84.75
AYEL01069638.1:7520-7613(+)	89.25
AYEL01084227.1:267-359(+)	88.04
AYEL01079450.1:65575-65669(+)	84.95
AYEL01066317.1:18490-18584(+)	87.10
AYEL01055374.1:25131-25224(-)	83.87
AYEL01087225.1:13324-13410(-)	83.53
AYEL01073209.1:20467-20561(-)	84.78
AYEL01075309.1:5821-5910(+)	87.50
AYEL01056860.1:223-316(-)	86.02
AYEL01070472.1:65911-66003(+)	85.87
AYEL01041299.1:4813-4926(+)	77.98
AYEL01082119.1:9742-9823(+)	83.75
AYEL01029376.1:24446-24535(+)	82.02
AYEL01064497.1:2561-2654(+)	82.80
AYEL01080289.1:2006-2095(+)	82.02
AYEL01058817.1:1502-1587(+)	88.24
AYEL01060253.1:22324-22411(+)	84.88
AYEL01075347.1:58079-58172(+)	79.57
AYEL01089258.1:454-541(-)	86.21
AYEL01023451.1:9887-9981(+)	84.95
AYEL01088554.1:56701-56794(-)	84.95
AYEL01068169.1:10912-10999(+)	82.76
AYEL01037423.1:1113-1204(-)	84.62
AYEL01089483.1:22533-22623(+)	86.52
AYEL01083667.1:2741-2834(+)	88.17
AYEL01086142.1:40659-40735(+)	85.33
AYEL01079074.1:2793-2886(-)	79.57
AYEL01065426.1:15945-16038(+)	86.02
AYEL01075435.1:32018-32096(-)	85.53
AYEL01071642.1:37270-37363(+)	80.65
AYEL01020660.1:1885-1970(-)	82.35
AYEL01087562.1:12864-12955(-)	80.22
AYEL01091331.1:0-88(-)	86.21
AYEL01084994.1:30541-30635(+)	83.87
AYEL01058475.1:12391-12485(+)	84.95
AYEL01062591.1:12683-12774(+)	88.61
AYEL01063932.1:47416-47509(-)	79.57
AYEL01084465.1:12005-12086(+)	83.75
AYEL01072866.1:125065-125151(-)	83.53
AYEL01090294.1:48861-48941(+)	85.00
AYEL01085032.1:1636-1718(-)	83.95
AYEL01086967.1:35895-35988(-)	84.78
AYEL01078090.1:1230-1312(-)	83.95
AYEL01078869.1:15721-15807(+)	74.39
AYEL01020852.1:32528-32613(+)	83.53
AYEL01086416.1:32930-33023(+)	86.02
AYEL01071176.1:22736-22829(+)	78.49
AYEL01090361.1:14807-14889(-)	85.19
AYEL01086967.1:32783-32874(-)	84.62
AYEL01009034.1:6495-6588(+)	84.95
AYEL01058375.1:38058-38182(-)	79.17
AYEL01066107.1:4979-5056(-)	85.14
AYEL01091618.1:2915-3008(+)	83.87
AYEL01085032.1:1341-1433(-)	89.13
AYEL01040270.1:1152-1241(-)	82.02
AYEL01039889.1:112229-112319(-)	86.67
AYEL01087225.1:12374-12552(-)	77.19
AYEL01087593.1:4873-4963(-)	86.67
AYEL01089056.1:6098-6236(+)	80.00
AYEL01068320.1:2607-2703(+)	83.87
AYEL01051054.1:705-797(+)	83.70
AYEL01084357.1:4397-4488(-)	85.71
AYEL01048161.1:83502-83596(+)	83.87
AYEL01090475.1:63804-63896(+)	81.52
AYEL01091517.1:7584-7675(-)	82.42
AYEL01074154.1:9290-9368(-)	76.32
AYEL01069686.1:21018-21110(-)	89.13
AYEL01081712.1:42785-42878(-)	86.02
AYEL01060923.1:4742-4834(-)	84.78
AYEL01068081.1:18312-18404(-)	89.13
AYEL01077178.1:2354-2446(-)	89.13
AYEL01031306.1:5-97(+)	88.04
AYEL01055541.1:37746-37836(-)	84.44
AYEL01064786.1:2118-2219(+)	82.80
AYEL01034533.1:1671-1750(-)	84.62
AYEL01083132.1:1269-1425(+)	80.99
AYEL01087427.1:22953-23045(-)	89.13
AYEL01050530.1:9515-9608(+)	84.95
AYEL01082329.1:45207-45285(-)	85.90
AYEL01089919.1:31642-31728(-)	83.53
AYEL01078302.1:3513-3606(-)	82.80
AYEL01069787.1:25293-25386(+)	88.04
AYEL01080023.1:18689-18775(-)	83.53
AYEL01041299.1:4735-4812(+)	84.06
AYEL01013640.1:35619-35712(-)	81.72
AYEL01085124.1:40797-40883(-)	83.53
AYEL01072023.1:5095-5176(+)	62.96
AYEL01074008.1:16410-16503(+)	81.72
AYEL01082605.1:96895-96976(-)	80.25
AYEL01090513.1:13073-13161(-)	89.77
AYEL01076452.1:20499-20591(-)	82.61
AYEL01075253.1:54712-54798(-)	83.53
AYEL01090699.1:7163-7245(-)	83.95
AYEL01007896.1:37055-37149(+)	82.80
AYEL01081286.1:40034-40127(+)	88.17
AYEL01082019.1:31363-31484(-)	84.35
AYEL01031365.1:19791-19873(-)	83.95
AYEL01078163.1:18504-18597(-)	87.10
AYEL01090509.1:105597-105689(-)	83.70
AYEL01011530.1:13024-13118(+)	80.65
AYEL01080231.1:26442-26535(-)	86.02
AYEL01079040.1:8893-8978(-)	77.65
AYEL01071585.1:23213-23307(-)	80.65
AYEL01080155.1:12999-13086(-)	85.06
AYEL01085936.1:13650-13743(-)	84.95
AYEL01075259.1:27533-27626(+)	79.57
AYEL01082089.1:34251-34344(-)	84.95
AYEL01044692.1:1595-1688(-)	84.95
AYEL01085725.1:1170-1263(+)	82.80
AYEL01047051.1:3965-4053(-)	89.77
AYEL01073619.1:7905-7997(-)	89.13
AYEL01086568.1:11466-11559(-)	87.10
AYEL01087590.1:23732-23825(+)	86.02
AYEL01064878.1:10145-10238(+)	82.80
AYEL01082629.1:23186-23279(-)	83.87
AYEL01079147.1:38495-38585(+)	85.56
AYEL01057466.1:19464-19545(+)	83.75
AYEL01069729.1:15422-15515(-)	81.72
AYEL01092127.1:3249-3342(-)	84.95
AYEL01034343.1:3360-3452(+)	85.87
AYEL01090288.1:11821-11915(-)	82.80
AYEL01082939.1:11451-11576(-)	82.50
AYEL01060455.1:45898-45992(+)	84.95
AYEL01052410.1:427-513(+)	82.56
AYEL01043828.1:33116-33208(-)	83.70
AYEL01084862.1:51820-51908(-)	86.21
AYEL01077064.1:24427-24520(+)	83.87
AYEL01081329.1:49338-49427(-)	82.02
AYEL01085997.1:30158-30250(+)	86.96
AYEL01084473.1:1187-1273(+)	86.05
AYEL01069690.1:25723-25801(-)	78.21
AYEL01082723.1:57805-57899(+)	88.17
AYEL01059715.1:45601-45694(-)	79.57
AYEL01065837.1:14170-14264(-)	84.95
AYEL01079471.1:14377-14469(-)	80.43
AYEL01073769.1:6930-7020(-)	85.39
AYEL01091881.1:40627-40720(+)	83.87
AYEL01073093.1:31329-31417(-)	80.68
AYEL01029821.1:14205-14299(-)	82.80
AYEL01085942.1:34164-34362(+)	74.19
AYEL01028036.1:18417-18511(+)	84.95
AYEL01076041.1:17225-17316(-)	80.22
AYEL01049931.1:63239-63339(+)	78.57
AYEL01049471.1:123839-123933(+)	80.65
AYEL01060340.1:123978-124073(-)	79.57
AYEL01086532.1:31771-31864(-)	84.95
AYEL01071306.1:2065-2210(-)	77.05
AYEL01083717.1:14057-14150(-)	82.80
AYEL01065299.1:41346-41439(-)	81.72
AYEL01090903.1:12726-12810(-)	82.14
AYEL01068825.1:45358-45451(+)	83.87
AYEL01020476.1:221-298(+)	84.06
AYEL01083439.1:62437-62527(+)	82.22
AYEL01089619.1:16580-16674(+)	84.95
AYEL01063696.1:7221-7309(-)	88.64
AYEL01084942.1:3873-3959(-)	83.13
AYEL01087044.1:13084-13174(+)	85.56
AYEL01048077.1:33299-33393(+)	84.95
AYEL01088868.1:1626-1718(+)	79.35
AYEL01075831.1:40779-40868(+)	85.39
AYEL01089700.1:32517-32599(-)	83.95
AYEL01091839.1:18703-18777(+)	81.08
AYEL01056459.1:60232-60326(-)	86.02
AYEL01091452.1:3147-3222(+)	76.09
AYEL01044470.1:68745-68829(+)	87.18
AYEL01062263.1:7635-7728(+)	84.95
AYEL01075830.1:6808-6901(-)	83.87
AYEL01089777.1:32706-32799(+)	84.95
AYEL01052761.1:240-334(-)	86.02
AYEL01015645.1:29006-29089(+)	84.34
AYEL01060632.1:9243-9324(+)	83.75
AYEL01061438.1:10293-10387(+)	81.72
AYEL01089549.1:17949-18042(-)	84.95
AYEL01058287.1:1958-2052(-)	80.65
AYEL01076665.1:5016-5109(-)	82.80
AYEL01081039.1:4324-4413(+)	85.39
AYEL01022644.1:36665-36757(-)	82.61
AYEL01068094.1:3037-3130(-)	81.72
AYEL01076988.1:5436-5528(-)	89.13
AYEL01085156.1:5525-5602(+)	84.06
AYEL01051100.1:3312-3405(-)	80.65
AYEL01058086.1:24230-24315(-)	82.35
AYEL01091213.1:18721-18814(-)	82.80
AYEL01078510.1:24393-24485(-)	88.04
AYEL01058290.1:45912-46000(-)	89.77
AYEL01083246.1:106981-107070(+)	85.39
AYEL01053704.1:22551-22643(-)	84.62
AYEL01091871.1:47929-48004(-)	84.00
AYEL01084107.1:127682-127765(+)	87.95
AYEL01077950.1:3608-3702(-)	82.80
AYEL01017534.1:2213-2305(-)	89.13
AYEL01043468.1:54833-54922(+)	82.02
AYEL01084486.1:17139-17228(-)	86.36
AYEL01058397.1:1389-1481(-)	84.78
AYEL01081508.1:12192-12286(+)	83.87
AYEL01070511.1:2290-2381(+)	85.56
AYEL01059031.1:2860-2953(+)	81.72
AYEL01086633.1:3635-3728(+)	79.57
AYEL01091348.1:13196-13289(+)	84.78
AYEL01059768.1:13645-13738(+)	84.95
AYEL01087222.1:6206-6292(-)	83.53
AYEL01075917.1:19657-19751(+)	84.95
AYEL01015473.1:11596-11845(+)	78.74
AYEL01078042.1:7850-7936(+)	76.74
AYEL01070377.1:98-192(+)	83.87
AYEL01061157.1:49799-49889(+)	83.15
AYEL01092372.1:15802-15894(-)	82.61
AYEL01025973.1:2006-2127(-)	84.35
AYEL01079226.1:20852-20946(-)	81.72
AYEL01071300.1:31254-31347(+)	86.02
AYEL01042034.1:1003-1094(-)	76.92
AYEL01072433.1:64249-64341(-)	83.70
AYEL01087346.1:21651-21743(+)	89.13
AYEL01076190.1:40824-40917(+)	83.87
AYEL01043976.1:6572-6687(+)	75.00
AYEL01089859.1:38026-38117(-)	84.44
AYEL01086182.1:20107-20200(+)	86.02
AYEL01066813.1:1947-2036(-)	82.02
AYEL01081652.1:29664-29756(-)	80.22
AYEL01056466.1:9261-9382(-)	84.35
AYEL01084327.1:17523-17616(+)	81.72
AYEL01058372.1:20640-20733(+)	88.17
AYEL01080762.1:41105-41201(+)	80.65
AYEL01068606.1:46993-47087(-)	87.10
AYEL01069245.1:1155-1248(+)	83.87
AYEL01056855.1:288237-288327(-)	80.00
AYEL01055848.1:2044-2133(+)	87.64
AYEL01078900.1:59389-59481(+)	82.61
AYEL01089452.1:15070-15163(-)	86.02
AYEL01090199.1:23807-23882(-)	84.00
AYEL01039381.1:28764-28856(-)	80.43
AYEL01069360.1:38795-38871(+)	85.07
AYEL01072520.1:24321-24415(+)	86.02
AYEL01074839.1:20367-20460(-)	81.72
AYEL01076252.1:91560-91651(-)	83.52
AYEL01091704.1:100877-100963(-)	83.53
AYEL01089619.1:8645-8736(+)	81.32
AYEL01085124.1:40906-40988(-)	83.95
AYEL01076695.1:23076-23169(-)	81.72
AYEL01072225.1:29082-29174(+)	79.35
AYEL01078285.1:8855-8941(-)	83.53
AYEL01070945.1:30436-30518(-)	83.95
AYEL01070177.1:9433-9525(-)	89.13
AYEL01072991.1:3233-3327(-)	83.87
AYEL01084704.1:41415-41499(+)	84.52
AYEL01080314.1:56543-56636(-)	81.72
AYEL01022732.1:91-184(+)	83.87
AYEL01040260.1:2206-2299(+)	83.87
AYEL01078510.1:20978-21071(-)	82.80
AYEL01078257.1:385-477(-)	89.13
AYEL01091729.1:8586-8661(-)	88.00
AYEL01092391.1:92084-92177(+)	87.10
AYEL01078238.1:271951-272045(-)	84.95
AYEL01075257.1:32517-32638(-)	84.35
AYEL01061670.1:80966-81059(-)	87.10
AYEL01082571.1:12849-12942(-)	84.95
AYEL01066158.1:26421-26514(+)	83.87
AYEL01076178.1:2377-2555(-)	76.02
AYEL01056156.1:23434-23526(-)	88.04
AYEL01073529.1:5599-5679(-)	83.75
AYEL01087287.1:1940-2029(+)	84.27
AYEL01044423.1:1262-1355(+)	78.49
AYEL01088359.1:70101-70194(+)	83.70
AYEL01091431.1:6710-6802(-)	89.13
AYEL01031874.1:75850-75944(-)	83.87
AYEL01087513.1:8157-8250(-)	84.78
AYEL01065792.1:18785-18867(+)	85.37
AYEL01070222.1:95933-96027(-)	84.95
AYEL01072615.1:26466-26559(+)	79.57
AYEL01077405.1:35033-35126(-)	81.72
AYEL01008420.1:34983-35075(-)	87.78
AYEL01080250.1:45798-45891(-)	82.80
AYEL01054788.1:25453-25541(+)	87.34
AYEL01090918.1:51536-51623(-)	82.76
AYEL01089262.1:55729-55813(-)	83.13
AYEL01064124.1:27720-27813(-)	84.95
AYEL01074400.1:9020-9112(+)	84.78
AYEL01066017.1:32663-32756(-)	80.65
AYEL01043662.1:6331-6424(+)	84.95
AYEL01083040.1:1108-1188(-)	83.75
AYEL01075852.1:15464-15558(+)	81.72
AYEL01030872.1:2187-2280(-)	81.72
AYEL01061419.1:36328-36418(-)	84.44
AYEL01042594.1:23622-23713(+)	85.71
AYEL01082295.1:51558-51652(-)	81.72
AYEL01088259.1:24483-24579(+)	80.22
AYEL01091265.1:28747-28837(-)	84.44
AYEL01076988.1:5578-5716(-)	79.26
AYEL01089743.1:13152-13244(-)	81.52
AYEL01071382.1:2978-3070(-)	88.04
AYEL01082621.1:15421-15514(+)	86.02
AYEL01087244.1:116-197(+)	83.75
AYEL01060340.1:30772-30865(+)	86.02
AYEL01082608.1:18795-18889(-)	84.95
AYEL01065925.1:4472-4567(+)	86.02
AYEL01060149.1:34445-34535(+)	81.11
AYEL01086795.1:9131-9222(+)	84.62
AYEL01049830.1:12583-12659(-)	82.89
AYEL01073520.1:22065-22157(-)	83.70
AYEL01083695.1:32410-32503(+)	87.10
AYEL01091066.1:48210-48303(+)	81.72
AYEL01056740.1:4853-4944(+)	82.42
AYEL01049344.1:4626-4707(+)	83.75
AYEL01087905.1:15848-15938(+)	80.00
AYEL01079796.1:12259-12353(-)	80.65
AYEL01085181.1:18688-18781(-)	84.95
AYEL01063730.1:35391-35484(+)	84.95
AYEL01061794.1:20660-20858(+)	74.36
AYEL01058864.1:99211-99304(-)	81.72
AYEL01064734.1:68005-68095(-)	83.15
AYEL01062447.1:252-343(+)	78.89
AYEL01037771.1:22221-22313(-)	89.13
AYEL01064743.1:70031-70120(+)	86.52
AYEL01069763.1:55333-55418(+)	77.65
AYEL01054816.1:6537-6612(-)	84.00
AYEL01056994.1:29841-29982(-)	83.58
AYEL01087925.1:2415-2507(+)	84.62
AYEL01057241.1:21447-21534(+)	79.31
AYEL01091640.1:13615-13706(-)	83.52
AYEL01090451.1:87669-87751(-)	85.19
AYEL01087789.1:53224-53317(+)	82.80
AYEL01073022.1:74491-74582(+)	81.11
AYEL01074637.1:8570-8662(+)	80.77
AYEL01079226.1:17309-17402(-)	86.02
AYEL01078615.1:111376-111469(-)	87.10
AYEL01029411.1:4421-4513(+)	84.78
AYEL01087049.1:28775-28866(-)	86.81
AYEL01075437.1:30300-30393(+)	82.80
AYEL01058086.1:24390-24478(-)	79.55
AYEL01086546.1:8470-8563(+)	82.80
AYEL01078311.1:563-655(-)	89.13
AYEL01060319.1:13494-13586(-)	78.26
AYEL01092115.1:526-617(-)	81.32
AYEL01091917.1:37809-37899(+)	85.56
AYEL01057680.1:920-998(-)	87.01
AYEL01091494.1:10258-10357(+)	84.62
AYEL01013599.1:2073-2166(-)	84.95
AYEL01083047.1:29916-30002(-)	89.41
AYEL01057927.1:15856-15943(+)	86.05
AYEL01075790.1:4807-4899(+)	82.61
AYEL01066438.1:9183-9274(-)	85.71
AYEL01078201.1:155793-155891(-)	80.65
AYEL01082938.1:40991-41070(+)	84.62
AYEL01087905.1:32317-32410(+)	81.72
AYEL01071165.1:28461-28554(-)	79.57
AYEL01041188.1:337-423(-)	83.53
AYEL01087096.1:65357-65435(+)	87.18
AYEL01087831.1:750-840(-)	84.44
AYEL01056755.1:2320-2410(+)	85.56
AYEL01089630.1:122390-122476(-)	82.56
AYEL01091589.1:18192-18285(-)	84.95
AYEL01068860.1:51252-51346(-)	84.95
AYEL01026886.1:36434-36527(+)	84.95
AYEL01080823.1:963-1045(-)	83.95
AYEL01080606.1:1258-1339(+)	83.75
AYEL01053797.1:78660-78750(-)	83.33
AYEL01033606.1:35-128(+)	81.72
AYEL01068851.1:46591-46678(-)	84.71
AYEL01067173.1:85973-86067(-)	84.95
AYEL01081699.1:27219-27301(-)	83.95
AYEL01060921.1:13171-13268(+)	83.87
AYEL01076724.1:12781-12871(+)	86.67
AYEL01030936.1:12275-12353(-)	84.42
AYEL01047051.1:4150-4236(-)	83.53
AYEL01064658.1:3217-3309(+)	82.61
AYEL01068432.1:33690-33783(+)	82.80
AYEL01076384.1:95453-95545(-)	89.13
AYEL01091978.1:4296-4382(-)	80.23
AYEL01050512.1:22866-22996(+)	81.08
AYEL01086071.1:536-630(+)	86.02
AYEL01087037.1:175-276(+)	82.80
AYEL01075351.1:12916-13009(+)	87.10
AYEL01021398.1:73640-73782(-)	79.34
AYEL01075620.1:35594-35688(-)	83.87
AYEL01090564.1:20054-20134(-)	83.75
AYEL01075871.1:1105-1316(-)	76.56
AYEL01085457.1:2293-2383(+)	82.02
AYEL01090170.1:566-656(-)	86.67
AYEL01041469.1:3569-3661(-)	85.87
AYEL01079962.1:56936-57078(-)	81.97
AYEL01078510.1:14284-14376(-)	82.61
AYEL01091522.1:129-222(+)	84.95
AYEL01078008.1:16323-16459(-)	81.25
AYEL01081725.1:19035-19125(+)	85.56
AYEL01073792.1:14414-14507(+)	80.65
AYEL01057069.1:53379-53461(-)	83.95
AYEL01090255.1:29697-29787(-)	81.82
AYEL01081585.1:1696-1786(-)	86.67
AYEL01085712.1:5312-5408(-)	84.78
AYEL01063770.1:68148-68239(+)	82.42
AYEL01081371.1:15307-15396(+)	79.78
AYEL01083695.1:17888-17978(+)	83.15
AYEL01073539.1:29076-29156(-)	86.25
AYEL01089831.1:66474-66566(-)	87.91
AYEL01089067.1:28730-28822(-)	84.78
AYEL01091292.1:62254-62347(+)	88.17
AYEL01034746.1:46397-46492(-)	86.02
AYEL01087243.1:1712-1813(+)	83.70
AYEL01044411.1:0-85(+)	85.88
AYEL01046572.1:6382-6503(-)	84.35
AYEL01071293.1:29768-29861(+)	88.17
AYEL01089571.1:23190-23271(+)	83.75
AYEL01081824.1:17909-17997(-)	89.77
AYEL01083665.1:68912-68990(+)	88.46
AYEL01077589.1:24530-24623(-)	87.10
AYEL01088660.1:3600-3693(+)	86.02
AYEL01091281.1:106646-106739(-)	83.70
AYEL01054439.1:177-271(+)	82.80
AYEL01091087.1:87062-87156(+)	84.95
AYEL01061419.1:34896-34985(-)	88.76
AYEL01076934.1:131605-131691(+)	73.75
AYEL01091842.1:52209-52302(+)	81.72
AYEL01078299.1:43646-43720(+)	78.38
AYEL01081457.1:3966-4087(-)	84.35
AYEL01059974.1:66649-66737(+)	87.50
AYEL01091518.1:24707-24788(+)	83.75
AYEL01070272.1:847-941(+)	87.10
AYEL01089829.1:2904-2997(-)	83.87
AYEL01079469.1:29718-29811(+)	83.87
AYEL01086838.1:19124-19217(-)	84.95
AYEL01087073.1:68692-68778(-)	83.53
AYEL01085304.1:10116-10209(+)	82.80
AYEL01065587.1:17310-17445(-)	81.40
AYEL01056279.1:32367-32488(-)	84.35
AYEL01083674.1:35785-35878(-)	83.87
AYEL01091943.1:33953-34029(+)	85.33
AYEL01084942.1:3476-3556(-)	83.75
AYEL01072902.1:39168-39262(-)	83.87
AYEL01042593.1:7397-7489(-)	81.52
AYEL01083577.1:14908-15000(+)	83.70
AYEL01083227.1:4957-5045(-)	89.77
AYEL01087225.1:13814-13896(-)	85.19
AYEL01077925.1:12849-12942(+)	81.72
AYEL01061629.1:3174-3266(-)	85.87
AYEL01075312.1:105466-105558(+)	83.70
AYEL01090453.1:17932-18053(-)	84.35
AYEL01052761.1:16033-16126(-)	82.80
AYEL01080844.1:78626-78768(-)	78.69
AYEL01013454.1:2981-3074(-)	81.72
AYEL01072891.1:38650-38744(+)	83.87
AYEL01070894.1:18074-18167(-)	86.02
AYEL01091756.1:39547-39641(+)	83.87
AYEL01078285.1:31509-31631(-)	80.67
AYEL01092031.1:9495-9588(-)	84.95
AYEL01088273.1:15915-16045(-)	78.12
AYEL01084537.1:41039-41129(+)	84.44
AYEL01072851.1:6107-6200(+)	84.95
AYEL01061891.1:12230-12316(-)	80.23
AYEL01072008.1:153-247(+)	84.95
AYEL01058291.1:408-501(+)	84.95
AYEL01091281.1:106560-106645(-)	80.95
AYEL01082605.1:96562-96644(-)	83.95
AYEL01078127.1:34249-34414(-)	76.22
AYEL01074469.1:44889-44981(+)	84.78
AYEL01063223.1:52223-52304(+)	83.75
AYEL01090618.1:2734-2827(-)	87.10
AYEL01072382.1:26017-26103(-)	83.53
AYEL01074333.1:38050-38140(+)	85.56
AYEL01068952.1:39799-39892(-)	83.70
AYEL01075168.1:10732-10874(-)	79.51
AYEL01055811.1:9453-9543(-)	84.44
AYEL01060901.1:4225-4306(+)	83.75
AYEL01064131.1:25613-25706(-)	84.95
AYEL01070400.1:14003-14096(+)	82.61
AYEL01073539.1:28967-29053(-)	83.53
AYEL01056466.1:9117-9199(-)	83.95
AYEL01016999.1:9422-9628(-)	79.31
AYEL01053426.1:94263-94344(+)	83.75
AYEL01083099.1:10568-10657(+)	81.82
AYEL01072518.1:90894-90986(-)	89.13
AYEL01046402.1:67768-67860(+)	83.70
AYEL01067420.1:4224-4312(-)	88.64
AYEL01091704.1:100986-101066(-)	83.75
AYEL01076214.1:11887-11980(-)	84.95
AYEL01069798.1:7639-7732(-)	84.95
AYEL01060994.1:24780-24873(-)	82.80
AYEL01084315.1:27287-27379(-)	86.96
AYEL01015060.1:7492-7585(+)	88.17
AYEL01091516.1:5469-5563(-)	81.72
AYEL01089845.1:79917-80003(-)	83.53
AYEL01077517.1:21308-21390(-)	83.95
AYEL01071249.1:1400-1475(-)	85.33
AYEL01081068.1:27378-27467(-)	84.09
AYEL01043468.1:54696-54786(+)	82.22
AYEL01081108.1:4629-4722(-)	86.02
AYEL01089330.1:25289-25371(-)	85.19
AYEL01060315.1:7237-7324(+)	83.91
AYEL01077819.1:28012-28104(-)	89.13
AYEL01072959.1:10821-10913(-)	83.70
AYEL01089111.1:17808-17900(-)	88.04
AYEL01087382.1:1295-1388(+)	84.95
AYEL01054975.1:24072-24166(+)	80.65
AYEL01083090.1:106188-106276(+)	85.23
AYEL01076765.1:71646-71733(-)	75.86
AYEL01091124.1:51228-51321(-)	82.80
AYEL01082976.1:12450-12543(-)	81.72
AYEL01078977.1:122509-122652(-)	76.23
AYEL01091021.1:18276-18368(+)	83.52
AYEL01073192.1:17100-17193(+)	84.95
AYEL01019672.1:10235-10328(+)	81.72
AYEL01065952.1:17664-17747(+)	81.93
AYEL01030936.1:11929-12015(-)	83.53
AYEL01081448.1:14173-14263(-)	80.00
AYEL01090199.1:23570-23652(-)	83.95
AYEL01087419.1:6021-6102(+)	76.92
AYEL01086813.1:1867-1946(-)	86.08
AYEL01017318.1:15572-15665(+)	86.02
AYEL01080023.1:19313-19395(-)	83.95
AYEL01066555.1:49762-49855(+)	88.17
AYEL01091518.1:24514-24602(+)	86.36
AYEL01072076.1:4003-4091(+)	85.23
AYEL01070945.1:29616-29708(-)	89.13
AYEL01051851.1:5239-5331(+)	85.87
AYEL01056279.1:32215-32303(-)	89.77
AYEL01082070.1:29029-29115(+)	81.40
AYEL01074724.1:22997-23089(+)	81.52
AYEL01081838.1:9931-10010(+)	79.75
AYEL01082988.1:59801-59891(-)	86.67
AYEL01085394.1:22196-22273(-)	78.95
AYEL01079772.1:16813-16906(-)	83.87
AYEL01073308.1:78544-78638(-)	86.02
AYEL01082467.1:6342-6437(+)	86.02
AYEL01064655.1:71924-72005(+)	83.75
AYEL01060194.1:11161-11253(-)	84.78
AYEL01082775.1:44717-44811(-)	87.10
AYEL01086104.1:32878-32970(+)	84.78
AYEL01070697.1:3110-3203(+)	86.02
AYEL01075271.1:7436-7656(+)	85.71
AYEL01072690.1:1271-1358(-)	86.21
AYEL01083913.1:35933-36019(-)	83.53
AYEL01082147.1:20897-20989(-)	86.96
AYEL01054720.1:2037-2129(-)	83.70
AYEL01017534.1:2688-2812(-)	85.39
AYEL01021110.1:154569-154669(+)	83.87
AYEL01065925.1:4590-4671(+)	83.75
AYEL01091978.1:6249-6342(-)	87.10
AYEL01081559.1:11578-11664(-)	83.53
AYEL01065814.1:9646-9738(-)	83.70
AYEL01085197.1:74858-74982(-)	82.35
AYEL01054833.1:32365-32458(+)	84.95
AYEL01084142.1:2604-2696(-)	89.13
AYEL01049048.1:995-1075(+)	72.37
AYEL01090297.1:71896-71986(+)	83.33
AYEL01089441.1:23831-23925(+)	84.95
AYEL01081485.1:24962-25124(-)	78.08
AYEL01069480.1:40079-40169(+)	82.22
AYEL01072866.1:124732-124818(-)	83.53
AYEL01077050.1:4950-5043(+)	87.10
AYEL01073025.1:20374-20464(+)	82.02
AYEL01091114.1:18096-18186(+)	86.52
AYEL01086260.1:18688-18781(+)	84.78
AYEL01064024.1:35080-35174(+)	84.95
AYEL01089363.1:43793-43887(+)	86.02
AYEL01076963.1:48141-48268(-)	80.83
AYEL01008285.1:13909-13999(+)	85.39
AYEL01085224.1:6715-6806(+)	81.32
AYEL01070610.1:33530-33622(+)	84.78
AYEL01029947.1:2064-2157(-)	84.95
AYEL01034348.1:10016-10108(+)	85.87
AYEL01051762.1:7945-8038(+)	84.95
AYEL01046572.1:6883-6969(-)	83.53
AYEL01091895.1:16359-16532(-)	75.74
AYEL01067182.1:26705-26799(+)	81.72
AYEL01069965.1:13203-13293(+)	82.02
AYEL01032847.1:21546-21637(-)	79.12
AYEL01079033.1:10728-10895(-)	73.77
AYEL01029912.1:9684-9774(-)	84.29
AYEL01064834.1:14901-14995(+)	83.87
AYEL01066622.1:11699-11790(+)	84.44
AYEL01089173.1:7597-7689(+)	82.61
AYEL01065685.1:22233-22319(-)	83.53
AYEL01088476.1:1500-1594(+)	83.87
AYEL01087968.1:4126-4203(+)	84.06
AYEL01085444.1:8867-8959(-)	84.78
AYEL01068064.1:2586-2674(+)	86.36
AYEL01020017.1:7995-8085(-)	80.00
AYEL01078085.1:19735-19937(+)	76.10
AYEL01067089.1:19518-19609(+)	82.42
AYEL01043630.1:11175-11328(+)	79.85
AYEL01073083.1:1305-1393(+)	83.91
AYEL01057865.1:6200-6339(-)	82.95
AYEL01075667.1:18938-19031(+)	82.80
AYEL01056658.1:2555-2635(+)	78.75
AYEL01068518.1:36613-36707(+)	87.10
AYEL01075875.1:30773-30859(-)	79.07
AYEL01083650.1:5617-5703(-)	80.23
AYEL01073221.1:8598-8692(-)	84.95
AYEL01060072.1:2650-2740(+)	82.22
AYEL01070940.1:745-835(-)	83.33
AYEL01060016.1:6847-6944(-)	88.17
AYEL01081953.1:5631-5721(+)	85.56
AYEL01078419.1:1687-1781(-)	84.95
AYEL01076954.1:80609-80699(+)	84.27
AYEL01076569.1:13613-13706(-)	82.80
AYEL01058118.1:6097-6190(+)	82.80
AYEL01087044.1:13327-13408(+)	83.75
AYEL01082921.1:34868-34965(+)	83.87
AYEL01071824.1:209-295(-)	83.53
AYEL01078213.1:1838-1924(-)	83.53
AYEL01087743.1:44167-44309(-)	80.33
AYEL01084365.1:51692-51792(-)	82.61
AYEL01065932.1:8074-8162(+)	81.82
AYEL01059624.1:2474-2565(+)	84.62
AYEL01087343.1:1649-1742(+)	90.32
AYEL01077819.1:29055-29142(-)	84.88
AYEL01084182.1:68780-68872(-)	83.70
AYEL01068489.1:13482-13564(-)	83.95
AYEL01069658.1:6461-6554(+)	86.02
AYEL01050290.1:5837-5982(+)	77.78
AYEL01059276.1:20483-20574(-)	85.71
AYEL01090963.1:29024-29110(-)	83.53
AYEL01088893.1:811-905(+)	83.87
AYEL01082196.1:19898-19991(-)	81.72
AYEL01061798.1:10244-10336(-)	85.87
AYEL01080082.1:2990-3084(-)	87.10
AYEL01074038.1:1890-1983(+)	80.65
AYEL01056069.1:38181-38274(-)	83.87
AYEL01081699.1:26716-26808(-)	89.13
AYEL01071699.1:11497-11591(+)	83.87
AYEL01082933.1:7239-7333(-)	86.02
AYEL01090948.1:5001-5086(-)	85.88
AYEL01066897.1:21660-21753(-)	82.80
AYEL01060315.1:7137-7222(+)	84.71
AYEL01083847.1:22923-23004(+)	83.75
AYEL01054816.1:19135-19228(-)	78.49
AYEL01069130.1:345-438(+)	84.95
AYEL01065837.1:60349-60431(-)	83.95
AYEL01087626.1:4362-4445(+)	81.71
AYEL01084654.1:4229-4315(-)	80.23
AYEL01090966.1:744-943(+)	75.00
AYEL01062044.1:18201-18295(+)	86.02
AYEL01084083.1:3004-3097(+)	84.95
AYEL01059159.1:28368-28457(+)	81.82
AYEL01086892.1:10080-10169(+)	87.64
AYEL01083818.1:6688-6809(-)	84.35
AYEL01084375.1:25244-25337(+)	84.95
AYEL01068257.1:2492-2585(-)	84.95
AYEL01087159.1:10183-10269(+)	82.14
AYEL01064750.1:6729-6818(-)	85.39
AYEL01063811.1:13010-13103(-)	82.80
AYEL01082891.1:21150-21242(+)	75.82
AYEL01088554.1:57952-58047(+)	78.49
AYEL01057506.1:51551-51643(-)	89.13
AYEL01034098.1:16650-16743(-)	84.78
AYEL01061195.1:9009-9085(-)	84.85
AYEL01059121.1:13202-13294(-)	81.52
AYEL01035722.1:1978-2100(-)	84.48
AYEL01061356.1:2644-2737(+)	84.95
AYEL01080681.1:35126-35216(-)	86.67
AYEL01012497.1:8899-8985(-)	80.23
AYEL01090451.1:87309-87395(-)	83.53
AYEL01089768.1:10803-10896(+)	77.17
AYEL01090788.1:14718-14811(+)	83.87
AYEL01085411.1:965-1059(-)	84.95
AYEL01085394.1:22382-22468(-)	83.53
AYEL01076965.1:18425-18515(+)	83.33
AYEL01091140.1:2377-2467(+)	82.02
AYEL01087166.1:4139-4223(-)	72.62
AYEL01063373.1:9086-9168(-)	83.95
AYEL01085410.1:1508-1600(-)	81.52
AYEL01076384.1:95715-95836(-)	84.35
AYEL01078036.1:20082-20175(+)	83.87
AYEL01085610.1:13960-14054(-)	80.65
AYEL01088697.1:48701-48787(-)	83.53
AYEL01062873.1:7929-8022(+)	84.95
AYEL01032843.1:36669-36759(+)	85.56
AYEL01089700.1:32408-32494(-)	83.53
AYEL01081446.1:20059-20152(+)	87.10
AYEL01083227.1:5142-5228(-)	83.53
AYEL01064006.1:6042-6136(+)	78.49
AYEL01047080.1:18543-18632(-)	85.39
AYEL01075138.1:10420-10513(+)	82.80
AYEL01055741.1:45710-45803(+)	85.87
AYEL01067486.1:28927-29020(-)	82.80
AYEL01072146.1:40317-40409(-)	81.52
AYEL01088086.1:27247-27339(+)	84.78
AYEL01079058.1:9859-9935(+)	80.26
AYEL01055558.1:1473-1561(-)	79.55
AYEL01080145.1:27619-27740(-)	84.35
AYEL01065840.1:42107-42182(-)	85.71
AYEL01015130.1:2707-2797(-)	85.56
AYEL01077801.1:13493-13571(-)	85.90
AYEL01075653.1:343-432(-)	86.52
AYEL01077300.1:30690-30774(-)	87.34
AYEL01057734.1:7484-7578(-)	87.10
AYEL01091689.1:1889-1980(+)	81.32
AYEL01073884.1:23374-23467(+)	84.95
AYEL01058369.1:11476-11585(-)	85.48
AYEL01058253.1:14000-14091(-)	83.15
AYEL01071174.1:7160-7249(+)	80.23
AYEL01084610.1:11933-12026(-)	84.95
AYEL01070508.1:13090-13173(+)	84.15
AYEL01079016.1:8490-8570(-)	83.75
AYEL01083729.1:11422-11514(+)	85.87
AYEL01064055.1:125837-125929(+)	84.78
AYEL01074215.1:15513-15606(-)	86.02
AYEL01077982.1:9370-9462(-)	81.32
AYEL01079201.1:34834-34914(+)	83.75
AYEL01066397.1:49189-49270(+)	83.75
AYEL01061282.1:8713-8806(-)	83.87
AYEL01089271.1:2791-2886(-)	86.02
AYEL01082147.1:23617-23709(-)	86.96
AYEL01087635.1:13322-13423(-)	74.63
AYEL01049473.1:13417-13508(-)	81.32
AYEL01004619.1:240-323(-)	89.16
AYEL01048915.1:62897-62978(+)	83.75
AYEL01085840.1:17990-18079(+)	83.15
AYEL01059705.1:11035-11128(+)	86.02
AYEL01059342.1:42053-42142(-)	79.78
AYEL01053797.1:2555-2648(+)	83.87
AYEL01075296.1:5871-5957(-)	84.88
AYEL01083665.1:58707-58800(-)	79.57
AYEL01060632.1:8897-8991(+)	86.02
AYEL01083482.1:32114-32207(+)	80.65
AYEL01065004.1:2577-2668(+)	86.52
AYEL01090211.1:42438-42532(-)	82.80
AYEL01084708.1:36231-36324(+)	88.17
AYEL01075150.1:18212-18307(-)	86.02
AYEL01072538.1:14135-14209(-)	85.14
AYEL01057946.1:11995-12084(+)	82.02
AYEL01077862.1:11203-11296(+)	82.61
AYEL01069614.1:4091-4195(-)	81.73
AYEL01063542.1:58933-59028(+)	83.87
AYEL01072661.1:38385-38476(+)	85.56
AYEL01085887.1:8156-8247(-)	82.42
AYEL01061494.1:14267-14360(-)	87.10
AYEL01087968.1:60789-60877(-)	89.77
AYEL01056227.1:6142-6235(-)	82.80
AYEL01070037.1:1456-1553(-)	84.78
AYEL01062739.1:6088-6181(-)	86.02
AYEL01080555.1:34335-34428(+)	82.80
AYEL01080649.1:10614-10704(+)	86.52
AYEL01033707.1:78348-78526(-)	77.19
AYEL01076241.1:30891-30965(-)	78.38
AYEL01088289.1:21554-21646(-)	80.43
AYEL01034341.1:24586-24668(-)	85.19
AYEL01019713.1:139-233(-)	80.65
AYEL01071201.1:29925-30018(+)	81.72
AYEL01087222.1:6315-6397(-)	83.95
AYEL01077756.1:11050-11140(-)	85.56
AYEL01076603.1:19221-19315(-)	82.80
AYEL01056261.1:9235-9328(+)	82.80
AYEL01090468.1:20055-20148(+)	85.87
AYEL01052398.1:11366-11459(+)	79.57
AYEL01081442.1:27186-27276(+)	82.22
AYEL01072074.1:1577-1657(-)	84.81
AYEL01051120.1:5163-5244(+)	83.75
AYEL01083366.1:20845-20937(+)	82.42
AYEL01081714.1:21290-21381(-)	82.42
AYEL01090197.1:41119-41212(+)	79.57
AYEL01080127.1:2245-2335(+)	86.67
AYEL01055003.1:673-767(+)	86.02
AYEL01076557.1:39105-39197(+)	82.61
AYEL01091621.1:63339-63428(-)	89.89
AYEL01057032.1:5543-5637(-)	84.95
AYEL01068450.1:8438-8531(-)	79.35
AYEL01034746.1:47661-47753(-)	89.13
AYEL01070945.1:30327-30413(-)	83.53
AYEL01077178.1:2540-2626(-)	83.53
AYEL01068768.1:2922-3011(-)	82.02
AYEL01062875.1:7292-7383(-)	83.52
AYEL01068675.1:19382-19472(+)	85.56
AYEL01078201.1:41064-41154(+)	85.56
AYEL01087122.1:8869-8962(+)	81.72
AYEL01066832.1:4230-4328(-)	81.72
AYEL01073355.1:8310-8398(-)	89.77
AYEL01080242.1:5122-5204(-)	83.95
AYEL01089840.1:25601-25692(-)	83.33
AYEL01085261.1:52521-52611(+)	82.22
AYEL01063730.1:83259-83335(-)	89.47
AYEL01088889.1:68391-68532(+)	81.25
AYEL01083135.1:26925-27017(-)	82.42
AYEL01063223.1:51106-51187(+)	83.75
AYEL01072220.1:5199-5291(-)	88.04
AYEL01088175.1:25937-26028(+)	81.11
AYEL01039599.1:34993-35084(-)	84.44
AYEL01058672.1:2687-2780(-)	88.17
AYEL01069472.1:114918-115011(-)	86.02
AYEL01088745.1:18429-18522(+)	86.02
AYEL01085020.1:95327-95419(-)	89.13
AYEL01073257.1:3012-3105(-)	82.80
AYEL01084326.1:136474-136568(-)	82.80
AYEL01083290.1:16500-16589(+)	81.82
AYEL01070907.1:11312-11401(+)	81.82
AYEL01084737.1:162-249(+)	83.91
AYEL01075831.1:41067-41148(+)	83.75
AYEL01086396.1:3650-3743(+)	76.34
AYEL01066024.1:31-124(-)	87.10
AYEL01083227.1:5475-5561(-)	83.53
AYEL01091161.1:14388-14480(+)	81.52
AYEL01072382.1:25832-25920(-)	88.64
AYEL01091114.1:38856-38949(-)	83.87
AYEL01077309.1:2463-2556(-)	81.72
AYEL01064180.1:21242-21334(-)	83.70
AYEL01069110.1:37102-37197(-)	81.72
AYEL01087721.1:1800-1969(-)	70.66
AYEL01082296.1:1993-2079(+)	83.53
AYEL01089111.1:17902-18016(-)	81.72
AYEL01074443.1:521-604(+)	89.16
AYEL01060641.1:7278-7368(+)	80.00
AYEL01037298.1:27982-28075(+)	83.87
AYEL01055620.1:60402-60494(-)	88.04
AYEL01044506.1:304-394(+)	86.08
AYEL01085340.1:515-605(+)	81.11
AYEL01070486.1:18381-18470(+)	78.65
AYEL01078394.1:31008-31101(-)	81.72
AYEL01051114.1:59504-59597(+)	87.10
AYEL01080992.1:38616-38709(+)	84.95
AYEL01084319.1:6707-6800(+)	81.72
AYEL01076438.1:16155-16281(+)	85.33
AYEL01066035.1:18858-18947(+)	83.15
AYEL01071448.1:7152-7246(+)	84.95
AYEL01073436.1:38003-38106(-)	84.78
AYEL01089058.1:7528-7618(+)	87.78
AYEL01081892.1:50731-50825(-)	84.95
AYEL01067532.1:52244-52337(+)	83.87
AYEL01088279.1:74501-74643(-)	79.51
AYEL01044954.1:1057-1146(-)	80.90
AYEL01091377.1:8515-8609(+)	83.87
AYEL01077145.1:27534-27623(+)	85.39
AYEL01091387.1:7433-7526(-)	79.57
AYEL01091109.1:55506-55598(-)	83.70
AYEL01078894.1:2058-2151(+)	83.87
AYEL01065355.1:11266-11359(+)	87.10
AYEL01062951.1:3880-3969(-)	84.09
AYEL01086826.1:4743-4836(-)	79.57
AYEL01058609.1:5522-5612(+)	84.44
AYEL01073308.1:78404-78496(-)	89.13
AYEL01057927.1:16195-16276(+)	83.75
AYEL01088300.1:21959-22053(+)	80.65
AYEL01061419.1:37066-37159(-)	81.52
AYEL01078524.1:2726-2811(-)	88.24
AYEL01065678.1:1746-1840(+)	84.95
AYEL01086491.1:50073-50161(-)	87.50
AYEL01081535.1:4213-4303(+)	86.67
AYEL01085158.1:43575-43668(+)	83.87
AYEL01076003.1:19456-19548(+)	82.02
AYEL01089447.1:11777-11871(+)	81.72
AYEL01089101.1:4490-4583(-)	84.95
AYEL01077632.1:6404-6495(-)	83.52
AYEL01050408.1:9751-9841(+)	87.78
AYEL01073009.1:43243-43335(-)	83.70
AYEL01053260.1:13843-13932(+)	81.82
AYEL01080903.1:11530-11612(-)	83.95
AYEL01052980.1:33151-33239(-)	82.95
AYEL01067598.1:6745-6838(+)	83.87
AYEL01091891.1:23088-23180(+)	84.78
AYEL01088263.1:20430-20523(-)	82.80
AYEL01060776.1:901-994(-)	79.57
AYEL01083929.1:22950-23045(-)	84.95
AYEL01062142.1:1-84(+)	86.49
AYEL01081427.1:20302-20395(+)	82.80
AYEL01090200.1:5997-6127(+)	81.08
AYEL01077756.1:102612-102703(-)	91.21
AYEL01086749.1:27735-27827(-)	89.13
AYEL01061769.1:39707-39799(+)	82.61
AYEL01070675.1:3628-3714(-)	83.53
AYEL01056047.1:64072-64279(+)	76.81
AYEL01077819.1:28831-28913(-)	83.95
AYEL01054827.1:33837-33929(-)	89.13
AYEL01080586.1:29044-29121(+)	83.78
AYEL01064134.1:37319-37413(-)	82.80
AYEL01065406.1:17210-17302(+)	84.78
AYEL01051195.1:2146-2236(-)	84.44
AYEL01072518.1:91472-91564(-)	89.13
AYEL01072958.1:13989-14082(-)	82.80
AYEL01088284.1:29370-29512(-)	78.69
AYEL01081932.1:5905-5996(-)	85.56
AYEL01063420.1:1903-1997(+)	83.87
AYEL01081764.1:1981-2074(-)	84.95
AYEL01066531.1:3919-4011(+)	81.32
AYEL01086142.1:40555-40647(+)	87.27
AYEL01068952.1:7466-7552(-)	84.88
AYEL01064321.1:32982-33070(+)	84.09
AYEL01063201.1:54369-54507(+)	80.87
AYEL01012252.1:57303-57396(+)	81.72
AYEL01091441.1:14636-14726(+)	83.33
AYEL01083580.1:25152-25242(-)	86.67
AYEL01072309.1:12905-12999(-)	76.67
AYEL01072866.1:125174-125256(-)	83.95
AYEL01032352.1:38181-38274(-)	79.57
AYEL01073179.1:382-470(-)	89.77
AYEL01056735.1:7449-7539(-)	82.22
AYEL01070628.1:40984-41077(-)	83.87
AYEL01090867.1:38507-38594(-)	82.76
AYEL01053337.1:518-607(+)	85.39
AYEL01075757.1:52124-52215(-)	86.81
AYEL01014594.1:12710-12796(-)	83.53
AYEL01078843.1:3431-3525(+)	81.72
AYEL01082751.1:26159-26245(+)	81.40
AYEL01078975.1:60133-60226(+)	83.87
AYEL01065234.1:36995-37084(-)	83.15
AYEL01064279.1:13705-13799(-)	86.02
AYEL01075253.1:55288-55370(-)	83.95
AYEL01083951.1:3365-3453(+)	84.09
AYEL01078347.1:1719-1809(-)	80.00
AYEL01081806.1:27217-27310(-)	86.02
AYEL01082127.1:26020-26119(-)	79.55
AYEL01049213.1:33492-33586(+)	82.22
AYEL01059285.1:42201-42290(+)	80.90
AYEL01068652.1:6393-6482(+)	83.15
AYEL01073160.1:1084-1176(-)	84.78
AYEL01083593.1:3751-3843(-)	82.61
AYEL01080876.1:13633-13722(+)	84.27
AYEL01087467.1:38626-38716(+)	86.67
AYEL01091431.1:7226-7318(-)	89.13
AYEL01083290.1:16677-16807(+)	81.08
AYEL01071402.1:4462-4557(-)	81.72
AYEL01069723.1:56308-56384(+)	88.16
AYEL01078533.1:10269-10362(+)	82.80
AYEL01048873.1:10354-10447(-)	82.80
AYEL01067488.1:19090-19178(-)	89.77
AYEL01066830.1:52666-52758(-)	79.35
AYEL01062875.1:7417-7503(-)	80.23
AYEL01087704.1:75602-75683(+)	83.75
AYEL01067780.1:35174-35304(+)	81.08
AYEL01082605.1:96361-96539(-)	77.19
AYEL01028697.1:10619-10706(+)	86.21
AYEL01091066.1:64443-64533(-)	83.33
AYEL01087225.1:13705-13791(-)	83.53
AYEL01061713.1:8379-8470(+)	85.71
AYEL01056078.1:1509-1601(-)	82.61
AYEL01056383.1:108097-108190(+)	84.78
AYEL01078164.1:30504-30584(+)	85.00
AYEL01084158.1:82978-83093(+)	83.78
AYEL01091431.1:7426-7547(-)	84.35
AYEL01091772.1:32971-33063(-)	85.87
AYEL01082608.1:3426-3519(-)	79.57
AYEL01071066.1:33809-33902(-)	81.72
AYEL01063166.1:71460-71553(-)	81.72
AYEL01088438.1:32481-32574(+)	81.72
AYEL01039592.1:50429-50523(+)	87.10
AYEL01076491.1:12955-13048(+)	83.87
AYEL01069673.1:70195-70288(+)	84.95
AYEL01064894.1:2115-2208(-)	83.52
AYEL01025825.1:13050-13196(-)	82.72
AYEL01071928.1:8717-8809(-)	82.61
AYEL01080232.1:28092-28185(-)	83.87
AYEL01038992.1:89559-89654(+)	81.52
AYEL01085070.1:36708-36801(-)	84.95
AYEL01070675.1:3210-3302(-)	89.13
AYEL01069464.1:12313-12401(-)	89.77
AYEL01077178.1:2901-2981(-)	85.00
AYEL01083366.1:15143-15236(+)	80.65
AYEL01059796.1:13717-13810(+)	82.80
AYEL01046572.1:6698-6786(-)	89.77
AYEL01087968.1:4383-4472(+)	81.82
AYEL01075058.1:35499-35590(-)	86.81
AYEL01076817.1:15911-15992(+)	83.75
AYEL01068052.1:22842-22935(+)	83.87
AYEL01081155.1:9289-9382(-)	84.95
AYEL01087800.1:16371-16469(-)	84.95
AYEL01053786.1:45027-45119(-)	86.67
AYEL01074007.1:19610-19703(+)	82.80
AYEL01091161.1:11229-11322(+)	81.72
AYEL01071950.1:3675-3755(-)	82.28
AYEL01008587.1:792-872(+)	77.22
AYEL01054829.1:291-382(-)	84.27
AYEL01081557.1:27042-27135(-)	86.02
AYEL01081786.1:10336-10430(+)	84.95
AYEL01080823.1:819-940(-)	84.35
AYEL01063039.1:4604-4700(+)	84.95
AYEL01044954.1:490-582(-)	89.13
AYEL01064914.1:26274-26366(+)	83.70
AYEL01068082.1:3160-3251(+)	87.91
AYEL01080023.1:19204-19290(-)	83.53
AYEL01087905.1:46759-46848(+)	84.27
AYEL01085510.1:49613-49808(+)	78.69
AYEL01067583.1:34149-34232(-)	75.90
AYEL01083417.1:12433-12522(+)	81.82
AYEL01088853.1:57517-57605(+)	79.55
AYEL01091978.1:3943-4064(-)	84.35
AYEL01015680.1:76383-76476(-)	84.95
AYEL01075253.1:54993-55085(-)	89.13
AYEL01091871.1:34566-34661(+)	84.95
AYEL01087900.1:73381-73467(+)	84.71
AYEL01042784.1:8271-8352(-)	82.72
AYEL01065397.1:35679-35773(-)	82.80
AYEL01063780.1:6252-6345(+)	86.02
AYEL01085203.1:48071-48162(+)	81.32
AYEL01068342.1:7640-7719(+)	81.01
AYEL01084665.1:49276-49357(-)	64.52
AYEL01086051.1:41253-41345(-)	89.13
AYEL01070425.1:92418-92508(-)	86.67
AYEL01048939.1:10973-11066(-)	86.02
AYEL01059154.1:15613-15707(-)	84.95
AYEL01052752.1:2742-2834(-)	82.61
AYEL01062990.1:11754-11844(+)	84.44
AYEL01075895.1:1347-1440(+)	83.87
AYEL01015680.1:171702-171783(+)	83.75
AYEL01063770.1:36801-36894(-)	81.72
AYEL01079200.1:1693-1786(-)	81.72
AYEL01043284.1:4473-4565(+)	88.04
AYEL01074085.1:60494-60586(+)	86.96
AYEL01077939.1:3458-3551(+)	83.87
AYEL01085997.1:29960-30050(+)	85.56
AYEL01091485.1:93896-93988(+)	84.78
AYEL01071165.1:18389-18470(+)	83.75
AYEL01084981.1:19351-19442(-)	87.78
AYEL01038896.1:17781-17871(+)	82.22
AYEL01083847.1:22530-22671(+)	81.25
AYEL01089607.1:15049-15139(+)	84.44
AYEL01081668.1:71620-71715(-)	84.78
AYEL01074543.1:5885-5979(+)	87.10
AYEL01041188.1:446-528(-)	83.95
AYEL01087704.1:82037-82127(+)	82.22
AYEL01081841.1:44977-45069(-)	83.70
AYEL01082260.1:17318-17408(-)	84.44
AYEL01043825.1:2563-2649(-)	83.53
AYEL01089406.1:8417-8509(-)	80.43
AYEL01091818.1:41218-41306(-)	83.72
AYEL01082256.1:77600-77693(-)	84.95
AYEL01083119.1:102045-102134(+)	79.55
AYEL01051222.1:53714-53794(+)	87.50
AYEL01070799.1:93388-93481(-)	82.80
AYEL01080062.1:5915-6005(-)	84.44
AYEL01062054.1:35058-35139(+)	83.75
AYEL01083245.1:198-292(+)	81.72
AYEL01091431.1:6910-7031(-)	84.35
AYEL01087702.1:19039-19130(-)	83.33
AYEL01052600.1:223-309(-)	87.21
AYEL01008732.1:38254-38334(-)	85.00
AYEL01060253.1:21480-21573(+)	84.95
AYEL01065837.1:59677-59769(-)	89.13
AYEL01091260.1:6212-6306(+)	86.02
AYEL01090475.1:64047-64128(+)	83.75
AYEL01056958.1:183-276(+)	88.17
AYEL01081975.1:169001-169094(-)	84.95
AYEL01075253.1:55560-55646(-)	83.53
AYEL01060776.1:1462-1555(-)	79.57
AYEL01064931.1:1570-1713(-)	81.15
AYEL01080730.1:51370-51454(-)	84.52
AYEL01047363.1:8706-8798(-)	73.91
AYEL01079058.1:8929-9010(+)	83.75
AYEL01074727.1:24948-25100(-)	81.62
AYEL01071048.1:4217-4310(+)	82.80
AYEL01033158.1:708-794(-)	83.53
AYEL01087427.1:23095-23188(-)	88.04
AYEL01072819.1:100867-101009(-)	79.51
AYEL01076688.1:23935-24025(-)	75.56
AYEL01080254.1:33126-33240(+)	77.78
AYEL01071382.1:4085-4178(-)	86.02
AYEL01074333.1:106735-106829(+)	80.65
AYEL01072078.1:20184-20271(+)	86.21
AYEL01085158.1:45322-45399(-)	81.82
AYEL01069658.1:14169-14249(+)	87.50
AYEL01082939.1:49611-49705(+)	82.80
AYEL01080828.1:1045-1139(+)	82.80
AYEL01060831.1:25913-26004(-)	84.62
AYEL01084222.1:51752-51844(-)	81.32
AYEL01067260.1:3938-4028(+)	84.27
AYEL01067759.1:2750-2840(-)	83.72
AYEL01069487.1:18367-18448(+)	83.75
AYEL01067599.1:3441-3534(-)	87.10
AYEL01084273.1:25508-25600(-)	83.70
AYEL01054533.1:418-512(-)	81.72
AYEL01063543.1:12302-12388(-)	83.53
AYEL01088127.1:1817-1907(-)	85.56
AYEL01045165.1:3378-3458(+)	85.00
AYEL01080031.1:87881-87962(+)	83.75
AYEL01079417.1:6352-6438(+)	84.88
AYEL01082464.1:3242-3323(+)	83.75
AYEL01060560.1:6663-6756(+)	88.17
AYEL01087367.1:5377-5465(-)	89.77
AYEL01088996.1:59322-59410(+)	80.68
AYEL01011126.1:67212-67305(-)	82.80
AYEL01046584.1:35828-35920(-)	86.96
AYEL01083051.1:7580-7675(-)	82.80
AYEL01068674.1:10145-10238(+)	82.80
AYEL01073720.1:12654-12746(-)	85.87
AYEL01039640.1:3966-4059(+)	79.57
AYEL01058287.1:1634-1721(-)	83.53
AYEL01077066.1:78534-78626(+)	86.96
AYEL01012626.1:729-822(+)	87.10
AYEL01085203.1:28713-28804(+)	86.81
AYEL01091518.1:27597-27690(+)	81.72
AYEL01027715.1:32804-32898(-)	88.17
AYEL01076720.1:67053-67139(-)	87.21
AYEL01058181.1:25340-25433(+)	83.87
AYEL01049599.1:3919-4011(-)	89.13
AYEL01083246.1:46907-46999(-)	89.13
AYEL01076900.1:69803-69889(-)	89.53
AYEL01087671.1:6521-6615(+)	84.95
AYEL01082321.1:3503-3596(-)	84.95
AYEL01062198.1:44157-44236(-)	82.28
AYEL01072702.1:64117-64207(-)	85.56
AYEL01071691.1:16247-16339(-)	82.61
AYEL01065658.1:323-488(-)	71.78
AYEL01090513.1:13367-13449(-)	83.95
AYEL01075917.1:19870-19951(+)	83.75
AYEL01069686.1:22223-22298(-)	82.67
AYEL01085750.1:61496-61588(+)	83.52
AYEL01078575.1:64467-64557(+)	77.53
AYEL01064531.1:32016-32102(-)	80.23
AYEL01074384.1:13917-14008(+)	79.78
AYEL01074068.1:38160-38281(-)	84.35
AYEL01087073.1:68225-68311(-)	83.53
AYEL01049777.1:53062-53153(+)	84.44
AYEL01072988.1:14220-14313(-)	80.65
AYEL01012275.1:278-371(-)	83.87
AYEL01091449.1:6030-6123(-)	84.95
AYEL01087327.1:38904-38995(-)	83.52
AYEL01090100.1:8396-8470(+)	81.08
AYEL01060331.1:18619-18700(+)	83.75
AYEL01091169.1:71070-71146(-)	81.58
AYEL01080180.1:13535-13630(+)	83.87
AYEL01078007.1:5977-6070(+)	82.80
AYEL01062017.1:1771-1872(+)	82.80
AYEL01082839.1:55-148(+)	84.95
AYEL01090027.1:40725-40819(+)	83.87
AYEL01081990.1:6257-6349(-)	85.87
AYEL01049782.1:7247-7337(+)	84.44
AYEL01074365.1:27868-27956(-)	81.82
AYEL01027667.1:3729-3822(+)	83.87
AYEL01090660.1:8360-8452(-)	89.13
AYEL01051537.1:8235-8327(-)	89.13
AYEL01076868.1:27763-27856(+)	87.10
AYEL01068649.1:70016-70110(+)	82.80
AYEL01067660.1:32002-32095(+)	88.17
AYEL01088333.1:8946-9035(+)	78.65
AYEL01087297.1:9518-9608(+)	78.89
AYEL01071102.1:155777-155866(-)	87.64
AYEL01089065.1:31043-31131(+)	85.23
AYEL01062044.1:6824-6910(+)	84.71
AYEL01061700.1:45-139(-)	87.10
AYEL01035725.1:7569-7668(-)	76.53
AYEL01073677.1:9197-9291(-)	83.87
AYEL01078186.1:13116-13209(+)	81.72
AYEL01089919.1:31456-31545(-)	88.76
AYEL01091550.1:5189-5282(-)	80.43
AYEL01074493.1:85599-85692(+)	88.17
AYEL01075528.1:3684-3777(+)	82.80
AYEL01091828.1:24857-24942(-)	83.53
AYEL01052040.1:46890-46982(-)	89.13
AYEL01086004.1:12721-12814(-)	82.80
AYEL01008262.1:19931-20015(-)	85.71
AYEL01091928.1:17403-17495(-)	85.87
AYEL01056047.1:63503-63594(+)	84.44
AYEL01056845.1:39538-39619(+)	83.75
AYEL01055663.1:20424-20499(-)	84.00
AYEL01079675.1:7970-8063(+)	81.72
AYEL01076349.1:4217-4338(-)	84.35
AYEL01052633.1:22911-23049(-)	89.89
AYEL01083053.1:33417-33506(+)	81.82
AYEL01061987.1:31286-31366(-)	83.75
AYEL01091742.1:36747-36836(-)	86.36
AYEL01090996.1:22569-22655(-)	83.53
AYEL01040573.1:208-301(+)	81.72
AYEL01072427.1:7855-7949(+)	86.02
AYEL01066832.1:11711-11804(+)	83.87
AYEL01056951.1:0-88(-)	85.06
AYEL01074436.1:2254-2347(+)	81.72
AYEL01065647.1:25237-25333(-)	84.95
AYEL01070381.1:1998-2084(+)	84.52
AYEL01086970.1:20729-20868(+)	80.16
AYEL01078320.1:33343-33436(-)	82.80
AYEL01086258.1:91876-91970(+)	82.80
AYEL01073286.1:27405-27498(+)	81.72
AYEL01068802.1:16132-16225(+)	84.95
AYEL01010970.1:50970-51054(-)	80.95
AYEL01073030.1:1244-1336(-)	89.13
AYEL01060859.1:14789-14882(-)	88.17
AYEL01089617.1:6750-6843(+)	82.80
AYEL01072892.1:53165-53258(+)	82.80
AYEL01066045.1:448-538(-)	85.56
AYEL01091704.1:100653-100735(-)	83.95
AYEL01058607.1:45324-45410(+)	89.41
AYEL01085768.1:7894-7984(+)	81.11
AYEL01069346.1:3150-3243(-)	82.80
AYEL01080257.1:43922-44012(-)	82.22
AYEL01058577.1:18473-18566(-)	79.57
AYEL01081736.1:7121-7200(-)	84.81
AYEL01073390.1:11437-11530(-)	82.80
AYEL01054175.1:493-586(+)	80.43
AYEL01039451.1:2325-2419(+)	81.72
AYEL01052634.1:73414-73502(-)	81.82
AYEL01090004.1:13731-13820(-)	84.09
AYEL01085181.1:839-932(-)	84.95
AYEL01086145.1:38998-39092(-)	82.80
AYEL01068675.1:19625-19706(+)	83.75
AYEL01087222.1:6019-6112(-)	87.10
AYEL01086229.1:46016-46105(+)	84.27
AYEL01086894.1:37469-37562(+)	81.72
AYEL01033184.1:17875-17969(-)	83.87
AYEL01088438.1:30306-30399(-)	80.65
AYEL01089202.1:1142-1234(+)	81.52
AYEL01077801.1:91937-92031(-)	87.10
AYEL01084486.1:16850-16936(-)	83.53
AYEL01053956.1:19688-19770(+)	89.02
AYEL01087381.1:257-347(-)	90.00
AYEL01064734.1:68129-68215(-)	80.23
AYEL01079439.1:4529-4619(+)	82.02
AYEL01087178.1:19498-19587(-)	82.14
AYEL01086376.1:6864-6945(+)	83.75
AYEL01075885.1:1391-1481(-)	81.11
AYEL01063370.1:5339-5424(+)	82.61
AYEL01073039.1:27941-28033(-)	85.87
AYEL01081413.1:22632-22725(+)	84.95
AYEL01069686.1:21596-21684(-)	89.77
AYEL01018512.1:67888-67981(+)	84.95
AYEL01074314.1:1159-1252(+)	82.80
AYEL01090421.1:165211-165304(-)	81.72
AYEL01084465.1:11890-11983(+)	84.95
AYEL01084681.1:4766-4859(-)	82.80
AYEL01080903.1:11863-11945(-)	83.95
AYEL01064972.1:13413-13504(-)	85.71
AYEL01083040.1:1317-1403(-)	80.23
AYEL01089066.1:8280-8362(-)	85.19
AYEL01070675.1:3961-4047(-)	83.53
AYEL01080491.1:13068-13154(-)	80.23
AYEL01090263.1:15122-15242(-)	84.35
AYEL01076178.1:2283-2375(-)	89.13
AYEL01077794.1:48950-49040(+)	80.00
AYEL01071140.1:32440-32530(+)	87.78
AYEL01090699.1:2754-2847(-)	89.25
AYEL01082108.1:34501-34595(+)	86.02
AYEL01071201.1:18745-18825(+)	82.89
AYEL01081535.1:4324-4405(+)	83.75
AYEL01077178.1:2791-2878(-)	84.71
AYEL01076829.1:72244-72337(-)	88.17
AYEL01090870.1:782-876(+)	81.72
AYEL01088551.1:49951-50044(+)	79.57
AYEL01064127.1:4471-4564(+)	81.72
AYEL01080222.1:27400-27493(-)	86.02
AYEL01076320.1:25002-25094(+)	84.78
AYEL01086456.1:27143-27236(-)	83.87
AYEL01081919.1:11869-12072(+)	78.11
AYEL01054712.1:28491-28585(-)	80.65
AYEL01090699.1:6869-6957(-)	89.77
AYEL01048729.1:16810-16901(-)	89.01
AYEL01068559.1:12248-12348(-)	81.44
AYEL01068588.1:38554-38647(-)	84.95
AYEL01065749.1:83924-84003(+)	85.90
AYEL01086254.1:6837-6930(-)	82.80
AYEL01047980.1:18535-18610(-)	81.33
AYEL01083583.1:8734-8809(-)	83.78
AYEL01076817.1:14903-14984(+)	83.75
AYEL01063752.1:35869-35962(+)	87.10
AYEL01091459.1:4-98(-)	84.95
AYEL01062667.1:7044-7133(+)	79.78
AYEL01066127.1:80080-80173(-)	82.61
AYEL01064840.1:7512-7734(-)	73.64
AYEL01082583.1:1369-1455(-)	83.53
AYEL01063130.1:25753-25845(+)	82.61
AYEL01076507.1:85818-85911(+)	82.80
AYEL01007401.1:50-140(-)	78.89
AYEL01079928.1:83640-83729(+)	84.27
AYEL01061330.1:13658-13746(-)	89.77
AYEL01089504.1:24766-24887(-)	84.35
AYEL01055663.1:19889-19978(-)	89.89
AYEL01091855.1:2503-2596(+)	82.80
AYEL01075304.1:39099-39191(+)	84.78
AYEL01069695.1:18484-18578(+)	84.95
AYEL01077444.1:2407-2500(+)	82.80
AYEL01052486.1:2549-2638(-)	80.90
AYEL01085003.1:6292-6384(-)	89.13
AYEL01081749.1:11318-11410(-)	83.70
AYEL01075762.1:10312-10405(+)	83.87
AYEL01067229.1:28236-28328(+)	82.61
AYEL01073602.1:10157-10251(-)	82.80
AYEL01080497.1:86754-86846(-)	84.78
AYEL01034097.1:8490-8579(+)	84.27
AYEL01085931.1:19924-20017(+)	84.95
AYEL01074452.1:300-394(+)	82.80
AYEL01086716.1:8751-8841(+)	81.11
AYEL01087046.1:7745-7835(+)	84.44
AYEL01074276.1:94018-94109(+)	83.52
AYEL01059543.1:36576-36670(+)	83.87
AYEL01087626.1:123996-124076(-)	80.52
AYEL01067442.1:22030-22124(-)	82.80
AYEL01087112.1:8248-8339(+)	84.62
AYEL01072078.1:5524-5614(-)	86.67
AYEL01077990.1:6859-6953(-)	86.02
AYEL01066031.1:4381-4474(-)	80.65
AYEL01082605.1:96786-96872(-)	83.53
AYEL01071306.1:1911-2003(-)	89.13
AYEL01068105.1:6318-6410(-)	82.61
AYEL01055835.1:503-593(-)	83.33
AYEL01042009.1:44294-44382(-)	89.77
AYEL01066611.1:57366-57459(-)	80.43
AYEL01052383.1:65214-65305(+)	86.81
AYEL01081887.1:12640-12731(+)	87.91
AYEL01079156.1:32674-32758(-)	86.90
AYEL01068369.1:7109-7202(-)	87.10
AYEL01082267.1:3442-3535(+)	84.95
AYEL01069477.1:9408-9484(-)	80.88
AYEL01080650.1:5919-6010(+)	84.62
AYEL01085044.1:4505-4595(-)	84.44
AYEL01073989.1:17892-17984(+)	80.43
AYEL01035367.1:64-157(+)	77.42
AYEL01015680.1:171280-171402(+)	81.08
AYEL01084942.1:3360-3453(-)	83.70
AYEL01071836.1:78191-78283(-)	81.52
AYEL01068472.1:54930-55020(+)	83.15
AYEL01065004.1:4109-4199(-)	84.44
AYEL01051329.1:11902-11988(+)	83.72
AYEL01077755.1:5993-6124(+)	80.16
AYEL01064666.1:22211-22304(-)	83.87
AYEL01063525.1:18731-18824(+)	83.87
AYEL01056227.1:4011-4097(-)	80.23
AYEL01068026.1:18625-18717(+)	82.61
AYEL01084554.1:31498-31590(+)	83.70
AYEL01085000.1:35058-35152(+)	82.80
AYEL01081484.1:31088-31177(-)	85.39
AYEL01088195.1:8166-8260(-)	81.72
AYEL01025968.1:27653-27747(+)	83.87
AYEL01080242.1:5255-5346(-)	85.56
AYEL01086234.1:54198-54287(-)	89.89
AYEL01037290.1:377-470(-)	82.80
AYEL01081806.1:41881-41975(+)	83.87
AYEL01089845.1:79731-79823(-)	89.13
AYEL01091215.1:6567-6656(-)	78.65
AYEL01086133.1:6948-7042(-)	81.72
AYEL01069597.1:6282-6375(+)	82.80
AYEL01031257.1:1837-1930(-)	82.61
AYEL01081077.1:9864-9957(+)	82.61
AYEL01019488.1:208-292(+)	86.90
AYEL01086592.1:39487-39575(+)	86.36
AYEL01085769.1:17050-17141(+)	86.67
AYEL01070432.1:11365-11459(-)	84.95
AYEL01073333.1:17118-17211(+)	87.10
AYEL01073045.1:1867-1959(+)	86.96
AYEL01068571.1:87325-87412(-)	91.49
AYEL01075257.1:32661-32741(-)	85.00
AYEL01080287.1:42602-42691(+)	86.52
AYEL01075447.1:118449-118543(-)	82.80
AYEL01078977.1:20396-20489(+)	87.10
AYEL01086924.1:11758-11844(-)	82.26
AYEL01080900.1:1272-1360(+)	84.09
AYEL01089220.1:42472-42554(-)	83.95
AYEL01071365.1:118841-118933(+)	84.78
AYEL01084981.1:19062-19148(-)	83.53
AYEL01019789.1:90250-90347(+)	86.02
AYEL01070623.1:21138-21219(-)	79.17
AYEL01069683.1:4934-5027(+)	81.72
AYEL01085501.1:10610-10752(+)	82.03
AYEL01046258.1:35679-35772(-)	87.10
AYEL01070228.1:14060-14152(+)	84.78
AYEL01071682.1:38357-38442(-)	82.35
AYEL01026564.1:959-1053(-)	87.10
AYEL01078355.1:21952-22045(-)	81.72
AYEL01075165.1:37710-37803(-)	81.52
AYEL01081474.1:38657-38750(+)	80.43
AYEL01089151.1:13422-13508(-)	83.53
AYEL01092151.1:10100-10179(+)	81.01
AYEL01020660.1:1698-1791(-)	88.17
AYEL01057407.1:25563-25657(+)	82.80
AYEL01089919.1:31751-31833(-)	83.95
AYEL01091719.1:21683-21773(-)	83.91
AYEL01055663.1:20187-20269(-)	83.95
AYEL01062266.1:78538-78620(-)	83.95
AYEL01054984.1:616-708(+)	80.43
AYEL01082419.1:11298-11390(+)	82.61
AYEL01087516.1:4768-4864(+)	85.87
AYEL01088261.1:69037-69124(+)	85.06
AYEL01080145.1:27763-27845(-)	83.95
AYEL01007995.1:1722-1815(+)	83.87
AYEL01073897.1:1546-1636(-)	84.44
AYEL01083482.1:16410-16503(+)	87.10
AYEL01085234.1:32515-32608(-)	83.70
AYEL01052836.1:38481-38605(-)	83.19
AYEL01078418.1:7996-8089(+)	87.10
AYEL01087269.1:1061-1154(+)	85.87
AYEL01071004.1:13390-13483(+)	84.95
AYEL01072886.1:3851-3943(-)	89.13
AYEL01043827.1:1885-1978(+)	84.95
AYEL01083855.1:37020-37112(+)	84.78
AYEL01054601.1:1763-1855(-)	89.13
AYEL01083650.1:5264-5385(-)	84.35
AYEL01084681.1:4624-4716(-)	89.13
AYEL01088645.1:7624-7705(+)	87.65
AYEL01052392.1:41818-41908(+)	82.22
AYEL01091875.1:72451-72532(+)	83.75
AYEL01074400.1:9135-9216(+)	83.75
AYEL01083189.1:34610-34701(-)	87.50
AYEL01086326.1:9718-9812(+)	83.87
AYEL01075193.1:5847-5940(-)	84.95
AYEL01082600.1:15596-15684(+)	84.09
AYEL01089445.1:4282-4374(+)	85.87
AYEL01020008.1:4319-4412(-)	87.10
AYEL01073363.1:9589-9664(+)	85.33
AYEL01075304.1:73267-73361(-)	82.80
AYEL01066731.1:16055-16145(+)	83.33
AYEL01076901.1:28233-28323(-)	85.39
AYEL01074068.1:38627-38748(-)	84.35
AYEL01078685.1:12745-12834(+)	86.52
AYEL01091567.1:9811-9904(-)	82.80
AYEL01043034.1:656-748(-)	89.13
AYEL01079923.1:67092-67181(-)	89.89
AYEL01084355.1:21646-21722(-)	82.89
AYEL01046387.1:107-200(+)	86.02
AYEL01067743.1:39258-39358(-)	81.72
AYEL01082764.1:47527-47669(-)	89.89
AYEL01069480.1:37273-37366(+)	84.95
AYEL01062209.1:21942-22028(-)	83.53
AYEL01063617.1:512-589(+)	84.06
AYEL01079195.1:11647-11740(+)	84.95
AYEL01090284.1:5604-5697(+)	88.17
AYEL01088692.1:108123-108216(+)	83.87
AYEL01079835.1:18212-18326(-)	79.82
AYEL01068551.1:3031-3122(-)	84.62
AYEL01043478.1:41670-41763(+)	86.81
AYEL01091874.1:159834-159924(+)	87.78
AYEL01024505.1:5967-6056(+)	89.77
AYEL01010517.1:3611-3702(+)	81.32
AYEL01017045.1:11083-11174(-)	84.44
AYEL01086467.1:11600-11692(+)	86.96
AYEL01060221.1:2231-2324(+)	82.80
AYEL01087749.1:11879-11970(+)	83.52
AYEL01050829.1:30858-30951(-)	87.10
AYEL01084410.1:1665-1755(+)	88.46
AYEL01089220.1:41889-41977(-)	89.77
AYEL01083833.1:23100-23182(+)	86.42
AYEL01065924.1:21507-21601(-)	83.70
AYEL01071481.1:79275-79368(-)	86.02
AYEL01077492.1:1786-1879(-)	84.95
AYEL01065733.1:20266-20359(-)	84.78
AYEL01069464.1:12498-12584(-)	83.53
AYEL01089726.1:59-152(+)	84.95
AYEL01078580.1:11562-11655(+)	84.95
AYEL01044588.1:717-810(+)	82.80
AYEL01080222.1:19597-19686(-)	82.02
AYEL01059899.1:4250-4344(+)	86.02
AYEL01065171.1:10422-10497(-)	80.00
AYEL01074064.1:28744-28837(+)	88.17
AYEL01075540.1:68195-68287(-)	82.61
AYEL01055876.1:19086-19178(-)	81.52
AYEL01048538.1:3710-3803(-)	79.57
AYEL01053416.1:20580-20673(-)	83.87
AYEL01045335.1:8247-8340(+)	80.65
AYEL01059444.1:20073-20166(-)	82.80
AYEL01071595.1:55635-55728(-)	83.87
AYEL01051178.1:393-475(+)	85.19
AYEL01065230.1:2442-2531(+)	84.27
AYEL01080158.1:42456-42549(+)	89.25
AYEL01090063.1:10572-10664(-)	83.70
AYEL01086897.1:107887-107976(-)	85.39
AYEL01078580.1:11677-11758(+)	83.75
AYEL01076669.1:11282-11371(-)	77.53
AYEL01051329.1:12123-12212(+)	83.15
AYEL01076155.1:7569-7649(-)	83.75
AYEL01070675.1:3737-3819(-)	83.95
AYEL01090453.1:18076-18156(-)	83.75
AYEL01062742.1:47126-47249(-)	80.34
AYEL01073672.1:12732-12823(+)	84.44
AYEL01072773.1:20885-20978(+)	86.96
AYEL01080049.1:6422-6519(-)	88.17
AYEL01077728.1:26791-26884(+)	81.72
AYEL01047051.1:4259-4341(-)	83.95
AYEL01087639.1:23030-23123(-)	82.80
AYEL01085676.1:63010-63102(-)	82.61
AYEL01007439.1:1479-1566(-)	82.76
AYEL01061065.1:17540-17677(-)	82.31
AYEL01064586.1:2747-2840(-)	86.02
AYEL01080609.1:27425-27517(-)	81.52
AYEL01069690.1:25825-25918(-)	83.87
AYEL01030540.1:9133-9222(-)	85.23
AYEL01057332.1:5308-5397(-)	83.15
AYEL01072328.1:23397-23488(-)	78.12
AYEL01089194.1:15641-15717(+)	80.26
AYEL01073638.1:2451-2544(+)	81.72
AYEL01044800.1:10957-11051(+)	83.87
AYEL01072045.1:13270-13364(-)	82.80
AYEL01081364.1:55749-55841(+)	83.70
AYEL01080923.1:28739-28827(-)	86.36
AYEL01075398.1:5195-5283(-)	80.68
AYEL01087689.1:11326-11419(-)	88.17
AYEL01032333.1:1153-1247(-)	81.72
AYEL01070999.1:20773-20865(-)	71.74
AYEL01091504.1:11140-11233(-)	87.10
AYEL01077219.1:2410-2491(+)	83.75
AYEL01086234.1:54294-54378(-)	84.52
AYEL01068606.1:60527-60620(-)	79.57
AYEL01071392.1:32603-32696(-)	82.80
AYEL01036889.1:260-353(+)	87.10
AYEL01019894.1:25880-25971(-)	79.12
AYEL01068574.1:16014-16107(-)	84.95
AYEL01079468.1:4286-4379(-)	83.87
AYEL01081068.1:27010-27131(-)	84.35
AYEL01087099.1:41349-41441(-)	89.13
AYEL01086030.1:67599-67691(-)	82.61
AYEL01064572.1:52875-52967(+)	84.78
AYEL01089436.1:743-837(+)	83.87
AYEL01084864.1:96031-96125(+)	83.87
AYEL01035646.1:19656-19749(+)	83.87
AYEL01076178.1:2815-2890(-)	82.67
AYEL01064548.1:26873-27119(+)	76.96
AYEL01079368.1:59612-59706(+)	88.17
AYEL01066453.1:33658-33746(-)	85.06
AYEL01072433.1:10367-10461(+)	86.02
AYEL01089115.1:81910-82003(+)	82.61
AYEL01079923.1:65280-65388(-)	75.00
AYEL01057921.1:1216-1311(+)	84.78
AYEL01082212.1:8613-8707(-)	82.80
AYEL01047051.1:4392-4569(-)	76.02
AYEL01058026.1:204-281(+)	85.51
AYEL01071249.1:1054-1140(-)	83.53
AYEL01090260.1:49542-49623(+)	83.75
AYEL01076826.1:45995-46085(-)	83.33
AYEL01079687.1:295-381(+)	87.21
AYEL01070797.1:23618-23710(-)	82.61
AYEL01080644.1:13521-13608(-)	83.91
AYEL01078213.1:1444-1536(-)	89.13
AYEL01072383.1:7321-7413(-)	83.70
AYEL01086207.1:32797-32873(+)	85.33
AYEL01078199.1:30217-30310(+)	84.95
AYEL01086092.1:19883-19977(+)	84.95
AYEL01090089.1:4266-4359(+)	83.87
AYEL01070388.1:96912-96999(-)	85.06
AYEL01087073.1:67706-67795(-)	87.64
AYEL01078536.1:17391-17483(-)	81.52
AYEL01086411.1:68335-68428(+)	80.65
AYEL01079131.1:13230-13323(+)	84.95
AYEL01027667.1:3927-4008(+)	83.75
AYEL01050008.1:65425-65515(-)	81.11
AYEL01066499.1:22956-23049(+)	83.87
AYEL01065426.1:24580-24669(+)	85.71
AYEL01045009.1:87728-87863(-)	78.91
AYEL01053637.1:7410-7504(-)	82.80
AYEL01062016.1:23136-23224(-)	81.82
AYEL01071505.1:5636-5729(+)	81.72
AYEL01071350.1:43063-43157(+)	83.87
AYEL01058978.1:4202-4296(-)	83.87
AYEL01090814.1:2601-2695(-)	83.87
AYEL01084287.1:65592-65684(-)	89.13
AYEL01040577.1:53094-53188(-)	86.02
AYEL01052040.1:47209-47335(-)	85.71
AYEL01089700.1:32741-32827(-)	83.53
AYEL01070550.1:74368-74455(-)	83.91
AYEL01062949.1:50186-50274(-)	80.68
AYEL01069084.1:96794-96887(-)	84.95
AYEL01076796.1:1972-2066(-)	83.87
AYEL01084102.1:156770-156865(-)	76.34
AYEL01061614.1:44263-44355(-)	79.35
AYEL01070883.1:28537-28620(-)	83.13
AYEL01060921.1:13013-13088(+)	83.67
AYEL01053956.1:3974-4066(+)	81.52
AYEL01063263.1:151340-151433(-)	84.95
AYEL01067725.1:127227-127320(-)	81.72
AYEL01091359.1:11588-11681(+)	84.95
AYEL01072427.1:3519-3613(-)	84.95
AYEL01073619.1:8139-8225(-)	83.53
AYEL01061685.1:2327-2419(-)	83.70
AYEL01089195.1:266037-266130(+)	82.80
AYEL01090699.1:7496-7576(-)	85.00
AYEL01075630.1:33035-33128(+)	84.95
AYEL01073046.1:16389-16482(+)	85.87
AYEL01088336.1:10360-10453(+)	82.80
AYEL01081142.1:28688-28778(+)	82.02
AYEL01080700.1:11327-11421(-)	87.10
AYEL01082182.1:12160-12253(+)	88.17
AYEL01080455.1:25170-25262(-)	89.13
AYEL01076242.1:4810-4888(+)	84.62
AYEL01088027.1:13812-13891(+)	64.52
AYEL01060323.1:12599-12692(-)	84.95
AYEL01084320.1:29376-29468(-)	89.13
AYEL01036450.1:1912-2004(+)	86.96
AYEL01075738.1:27540-27633(-)	85.87
AYEL01079563.1:3697-3790(+)	88.17
AYEL01081791.1:2627-2720(+)	77.42
AYEL01057487.1:1481-1574(-)	84.78
AYEL01069135.1:4819-4913(-)	81.72
AYEL01086225.1:34161-34254(-)	87.10
AYEL01076620.1:32200-32293(+)	80.65
AYEL01067873.1:4662-4748(+)	79.07
AYEL01081641.1:75763-75837(+)	82.61
AYEL01074752.1:6760-6852(-)	81.32
AYEL01081539.1:59362-59448(-)	83.53
AYEL01091315.1:40547-40625(+)	82.05
AYEL01052490.1:9659-9745(-)	83.53
AYEL01065682.1:6474-6564(+)	87.78
AYEL01068117.1:8126-8220(+)	81.72
AYEL01074625.1:7794-7882(+)	84.09
AYEL01085587.1:84979-85072(+)	83.87
AYEL01035725.1:7378-7470(-)	89.13
AYEL01082747.1:92990-93070(+)	86.25
AYEL01075543.1:39142-39231(-)	80.90
AYEL01033707.1:78549-78629(-)	86.25
AYEL01050047.1:1186-1280(-)	86.02
AYEL01080278.1:95-189(+)	80.65
AYEL01076586.1:6097-6301(+)	76.47
AYEL01046376.1:24420-24506(-)	80.23
AYEL01071634.1:33090-33183(-)	88.17
AYEL01043976.1:8433-8526(+)	82.80
AYEL01091439.1:20192-20285(-)	86.02
AYEL01063312.1:3493-3586(+)	81.72
AYEL01091959.1:16870-16963(+)	81.72
AYEL01063724.1:7157-7247(-)	81.11
AYEL01074113.1:3076-3162(-)	80.23
AYEL01047409.1:26994-27086(-)	76.09
AYEL01065202.1:27426-27519(+)	86.02
AYEL01062148.1:975-1118(-)	81.25
AYEL01089556.1:8280-8367(-)	81.61
AYEL01077759.1:48086-48176(+)	87.34
AYEL01056785.1:20337-20431(+)	81.72
AYEL01068226.1:50990-51083(+)	84.95
AYEL01076349.1:12536-12627(-)	80.22
AYEL01081089.1:12938-13033(-)	83.87
AYEL01051355.1:172-265(+)	81.72
AYEL01091325.1:9128-9222(-)	80.65
AYEL01091918.1:76-170(+)	86.02
AYEL01090368.1:7431-7521(+)	84.44
AYEL01083593.1:3512-3604(-)	82.61
AYEL01078285.1:8964-9046(-)	85.19
AYEL01073332.1:11937-12025(-)	89.77
AYEL01044342.1:6681-6774(-)	81.72
AYEL01057466.1:19354-19444(+)	81.11
AYEL01065478.1:11176-11270(+)	85.87
AYEL01092115.1:1945-2144(+)	73.72
AYEL01074204.1:10749-10830(-)	82.72
AYEL01015130.1:1274-1356(-)	84.15
AYEL01072844.1:10578-10659(-)	85.19
AYEL01077228.1:2630-2723(-)	80.65
AYEL01082684.1:2555-2647(+)	83.70
AYEL01045119.1:8287-8379(-)	81.52
AYEL01066163.1:26174-26315(-)	89.89
AYEL01088969.1:9023-9116(+)	82.80
AYEL01017534.1:2508-2590(-)	83.95
AYEL01075234.1:29334-29428(+)	81.72
AYEL01089412.1:26398-26488(+)	82.02
AYEL01065271.1:7278-7371(-)	82.80
AYEL01079860.1:21451-21544(-)	86.02
AYEL01084538.1:15823-15987(-)	75.80
AYEL01061074.1:6252-6344(-)	85.87
AYEL01067142.1:1056-1150(+)	87.10
AYEL01055453.1:13755-13847(+)	84.62
AYEL01087924.1:39736-39825(-)	84.27
AYEL01089759.1:41064-41159(+)	86.02
AYEL01064023.1:25666-25754(-)	84.09
AYEL01088768.1:76172-76262(+)	83.33
AYEL01075137.1:20046-20176(+)	81.08
AYEL01078189.1:12114-12206(-)	82.61
AYEL01071753.1:124292-124377(-)	86.90
AYEL01029121.1:41796-41888(-)	89.13
AYEL01072090.1:13852-13945(+)	84.95
AYEL01069464.1:12607-12689(-)	83.95
AYEL01082841.1:3550-3636(-)	86.05
AYEL01076983.1:1007-1101(+)	82.80
AYEL01092381.1:4898-4992(+)	82.80
AYEL01086587.1:17074-17162(-)	86.36
AYEL01054357.1:2174-2254(+)	86.08
AYEL01066574.1:102844-102937(+)	83.87
AYEL01090996.1:21827-21913(-)	83.53
AYEL01080168.1:49832-49925(-)	83.87
AYEL01061748.1:83555-83649(-)	84.95
AYEL01074673.1:10210-10303(+)	87.78
AYEL01079538.1:12034-12126(-)	82.61
AYEL01067915.1:9608-9691(-)	83.95
AYEL01090513.1:13258-13344(-)	83.53
AYEL01076901.1:190667-190760(+)	86.02
AYEL01088168.1:8173-8265(+)	88.04
AYEL01083355.1:4490-4578(+)	81.82
AYEL01089606.1:55529-55616(-)	85.06
AYEL01082449.1:46408-46501(-)	86.02
AYEL01082491.1:21172-21266(-)	86.02
AYEL01089922.1:7700-7794(-)	84.95
AYEL01056504.1:67-161(+)	82.80
AYEL01003570.1:319-414(+)	82.80
AYEL01016308.1:1930-2023(+)	79.57
AYEL01065038.1:7460-7550(+)	85.56
AYEL01077117.1:783-871(+)	85.23
AYEL01051815.1:16981-17072(+)	85.71
AYEL01090168.1:82623-82713(-)	85.39
AYEL01085351.1:53710-53797(-)	82.76
AYEL01065142.1:6491-6585(+)	82.80
AYEL01065984.1:3522-3612(+)	84.44
AYEL01054175.1:606-687(+)	83.75
AYEL01090607.1:34473-34564(-)	82.42
AYEL01090706.1:33674-33771(+)	83.87
AYEL01083442.1:7395-7485(+)	87.78
AYEL01068625.1:29045-29137(-)	89.13
AYEL01079247.1:25829-25920(+)	82.42
AYEL01087422.1:2940-3136(+)	76.17
AYEL01055623.1:17952-18070(+)	76.72
AYEL01022874.1:714-802(-)	88.64
AYEL01065265.1:1043-1135(-)	88.04
AYEL01062044.1:6698-6787(+)	81.82
AYEL01068631.1:18819-18910(-)	82.42
AYEL01064344.1:21036-21130(+)	86.02
AYEL01078966.1:9615-9707(-)	84.78
AYEL01052491.1:3888-3982(-)	88.17
AYEL01089532.1:50185-50275(-)	85.56
AYEL01030525.1:2600-2694(+)	81.72
AYEL01074468.1:21864-21963(-)	89.13
AYEL01039600.1:15316-15409(+)	81.72
AYEL01063543.1:12411-12492(-)	86.25
AYEL01083275.1:1097-1186(+)	81.82
AYEL01052451.1:17751-17842(-)	87.36
AYEL01081535.1:2950-3042(-)	84.78
AYEL01083583.1:8832-8912(-)	82.50
AYEL01087838.1:18202-18283(+)	83.75
AYEL01082583.1:1135-1227(-)	89.13
AYEL01046470.1:54-147(+)	82.80
AYEL01066349.1:46-131(+)	78.82
AYEL01078305.1:18655-18749(-)	83.87
AYEL01087825.1:30864-30944(-)	83.75
AYEL01043958.1:22877-22971(+)	84.95
AYEL01050045.1:4747-4842(+)	82.80
AYEL01079324.1:23083-23175(-)	84.78
AYEL01068472.1:55040-55121(+)	83.75
AYEL01075436.1:71646-71739(+)	78.49
AYEL01080050.1:28291-28384(+)	78.49
AYEL01084273.1:76174-76267(+)	85.87
AYEL01087094.1:51012-51119(+)	82.80
AYEL01076630.1:31902-31992(+)	84.44
AYEL01052626.1:12868-12960(+)	81.52
AYEL01023336.1:4703-4781(+)	83.33
AYEL01068851.1:46340-46426(-)	83.53
AYEL01039453.1:9701-9844(-)	83.61
AYEL01083769.1:14971-15063(-)	88.04
AYEL01065303.1:31808-31898(-)	82.22
AYEL01080011.1:3808-3901(-)	88.17
AYEL01091132.1:5399-5539(+)	81.25
AYEL01082346.1:999-1085(-)	80.23
AYEL01068660.1:4602-4745(+)	75.76
AYEL01083119.1:41162-41254(-)	84.78
AYEL01056485.1:7636-7725(+)	85.39
AYEL01053791.1:8789-8882(+)	87.10
AYEL01048645.1:17258-17379(-)	84.35
AYEL01090200.1:5820-5909(+)	81.82
AYEL01074377.1:15175-15264(+)	82.02
AYEL01074382.1:60869-60943(-)	81.82
AYEL01022874.1:807-907(-)	81.44
AYEL01083000.1:36603-36694(+)	84.62
AYEL01068552.1:33511-33602(-)	84.62
AYEL01085311.1:16058-16151(-)	87.10
AYEL01089477.1:11866-11959(-)	87.10
AYEL01077723.1:26885-26974(+)	81.82
AYEL01064282.1:17157-17249(-)	88.04
AYEL01017534.1:1488-1574(-)	83.53
AYEL01081243.1:14990-15102(-)	81.48
AYEL01072525.1:20801-20887(-)	80.23
AYEL01064856.1:13854-13946(+)	84.78
AYEL01079297.1:26578-26671(-)	82.80
AYEL01065009.1:13585-13783(+)	74.36
AYEL01072590.1:23689-23779(-)	78.89
AYEL01070757.1:2312-2405(+)	82.80
AYEL01083676.1:93260-93350(-)	82.22
AYEL01078087.1:3961-4050(+)	86.52
AYEL01020173.1:145-238(+)	84.95
AYEL01090451.1:87559-87646(-)	84.71
AYEL01058447.1:5573-5666(-)	84.95
AYEL01058828.1:642-785(-)	77.87
AYEL01065793.1:3751-3844(+)	88.17
AYEL01089626.1:16785-16922(-)	89.77
AYEL01057195.1:12074-12162(+)	80.46
AYEL01066349.1:185-264(+)	75.95
AYEL01070440.1:37853-37951(+)	80.65
AYEL01081161.1:43173-43255(-)	83.95
AYEL01065640.1:45378-45471(+)	83.87
AYEL01061206.1:14416-14506(-)	83.15
AYEL01016665.1:14293-14387(-)	86.02
AYEL01033158.1:817-899(-)	83.95
AYEL01086207.1:10400-10491(-)	85.71
AYEL01080903.1:11754-11840(-)	83.53
AYEL01084971.1:15338-15431(-)	80.65
AYEL01072636.1:4710-4803(-)	86.02
AYEL01027574.1:10882-10972(-)	82.22
AYEL01067420.1:1934-2027(+)	82.80
AYEL01090100.1:8279-8373(+)	79.78
AYEL01027838.1:352-473(-)	84.35
AYEL01044506.1:417-491(+)	81.08
AYEL01082661.1:57881-57974(+)	86.96
AYEL01074223.1:18177-18273(+)	82.80
AYEL01075686.1:12874-12966(-)	84.78
AYEL01089465.1:27812-27905(+)	76.34
AYEL01069436.1:12179-12270(+)	88.89
AYEL01078925.1:4057-4148(+)	84.62
AYEL01080211.1:26480-26573(+)	86.02
AYEL01080984.1:16553-16657(+)	87.10
AYEL01078510.1:24487-24577(-)	80.00
AYEL01062234.1:47402-47495(+)	87.10
AYEL01075071.1:45930-46023(+)	82.80
AYEL01063403.1:14234-14327(-)	86.02
AYEL01082900.1:737-832(+)	86.02
AYEL01052383.1:479-564(+)	82.14
AYEL01071682.1:14257-14347(-)	85.56
AYEL01067780.1:35556-35637(+)	83.75
AYEL01059344.1:65-160(-)	82.80
AYEL01079538.1:10532-10624(-)	81.52
AYEL01083460.1:30562-30653(-)	85.71
AYEL01078608.1:83889-83981(+)	83.70
AYEL01087823.1:33121-33214(+)	84.95
AYEL01069168.1:5658-5751(+)	80.65
AYEL01080893.1:28667-28759(-)	83.70
AYEL01075938.1:29358-29450(-)	81.52
AYEL01080287.1:42716-42807(+)	86.81
AYEL01084714.1:5363-5452(+)	85.39
AYEL01087367.1:13962-14053(-)	85.71
AYEL01058629.1:1713-1806(+)	81.72
AYEL01062209.1:343-437(+)	86.02
AYEL01060934.1:44232-44326(+)	83.87
AYEL01082217.1:66686-66779(-)	82.80
AYEL01090599.1:1919-2012(+)	89.25
AYEL01076507.1:93890-93982(+)	81.52
AYEL01090699.1:9255-9345(+)	83.33
AYEL01055047.1:78228-78321(+)	86.02
AYEL01034383.1:176-265(-)	85.39
AYEL01078144.1:10420-10513(+)	80.65
AYEL01079625.1:8667-8754(-)	88.51
AYEL01090836.1:571-656(-)	83.95
AYEL01090459.1:14877-14959(-)	86.59
AYEL01088085.1:27861-27947(-)	85.71
AYEL01081250.1:59454-59546(+)	84.78
AYEL01064299.1:8978-9072(-)	81.72
AYEL01083275.1:1274-1404(+)	81.08
AYEL01089968.1:32005-32094(-)	86.52
AYEL01030846.1:9684-9777(-)	86.02
AYEL01065541.1:2151-2239(-)	89.77
AYEL01074468.1:21986-22066(-)	83.75
AYEL01081932.1:14711-14805(+)	81.72
AYEL01065891.1:17150-17236(-)	83.53
AYEL01066143.1:10419-10512(-)	79.35
AYEL01065576.1:2985-3080(-)	82.80
AYEL01072044.1:34816-34909(-)	83.87
AYEL01072444.1:79-172(-)	81.72
AYEL01089563.1:130400-130491(+)	84.62
AYEL01080127.1:1363-1456(+)	86.02
AYEL01084291.1:1720-1812(-)	86.81
AYEL01080023.1:18970-19062(-)	89.13
AYEL01081336.1:267-360(+)	83.87
AYEL01064242.1:5053-5145(+)	84.78
AYEL01056051.1:4398-4491(-)	82.80
AYEL01074318.1:24206-24296(-)	83.33
AYEL01078639.1:60566-60658(+)	79.35
AYEL01061419.1:35650-35743(-)	87.10
AYEL01051415.1:18-111(+)	79.57
AYEL01078772.1:56573-56664(-)	83.33
AYEL01076963.1:65892-65985(+)	84.95
AYEL01071532.1:40566-40644(+)	84.62
AYEL01035211.1:20939-21021(-)	83.95
AYEL01073275.1:26990-27116(+)	85.33
AYEL01019392.1:545-619(+)	83.78
AYEL01054944.1:37-130(+)	80.65
AYEL01068545.1:15056-15149(+)	82.80
AYEL01062266.1:78337-78515(-)	77.19
AYEL01078715.1:26242-26336(+)	84.95
AYEL01070381.1:5256-5346(+)	85.56
AYEL01085516.1:5595-5685(+)	85.56
AYEL01028548.1:9475-9674(+)	75.00
AYEL01069337.1:2517-2606(-)	86.52
AYEL01061798.1:12603-12696(-)	82.80
AYEL01079219.1:10127-10219(-)	85.87
AYEL01031364.1:19621-19708(-)	85.06
AYEL01091550.1:11388-11481(+)	82.80
AYEL01027720.1:104348-104440(+)	82.61
AYEL01065685.1:22342-22424(-)	83.95
AYEL01055831.1:2466-2560(+)	83.87
AYEL01082141.1:17398-17491(-)	81.43
AYEL01092359.1:10532-10608(-)	82.89
AYEL01032229.1:26905-26999(+)	81.72
AYEL01043825.1:58840-58930(-)	84.44
AYEL01090996.1:21936-22018(-)	83.95
AYEL01055663.1:20078-20164(-)	83.53
AYEL01065652.1:8156-8248(-)	89.13
AYEL01085641.1:65495-65588(+)	87.10
AYEL01072567.1:24947-25037(+)	83.33
AYEL01073832.1:10803-10896(-)	84.95
AYEL01078082.1:52098-52191(-)	83.87
AYEL01078553.1:58192-58284(-)	83.70
AYEL01022874.1:1186-1272(-)	83.53
AYEL01048624.1:23647-23739(-)	84.62
AYEL01058367.1:13990-14083(+)	86.02
AYEL01077178.1:2649-2731(-)	83.95
AYEL01078373.1:13433-13526(-)	81.52
AYEL01073938.1:15710-15803(-)	89.25
AYEL01065803.1:6931-7024(+)	86.02
AYEL01080208.1:29515-29605(+)	82.02
AYEL01063829.1:10818-10909(+)	84.62
AYEL01013772.1:2961-3091(-)	79.83
AYEL01024930.1:12069-12162(-)	86.02
AYEL01066808.1:37658-37747(+)	81.82
AYEL01090056.1:7719-7809(+)	85.39
AYEL01088868.1:1755-1844(+)	79.78
AYEL01044758.1:34809-34901(-)	86.96
AYEL01051537.1:8329-8421(-)	83.70
AYEL01087376.1:13041-13134(-)	82.80
AYEL01085047.1:74714-74807(+)	84.95
AYEL01058012.1:19255-19348(+)	83.87
AYEL01087237.1:43309-43383(+)	83.78
AYEL01082439.1:12345-12432(-)	85.06
AYEL01091884.1:854-948(-)	82.80
AYEL01072866.1:111807-111881(-)	84.13
AYEL01083613.1:21601-21694(+)	87.10
AYEL01072164.1:55152-55238(-)	83.53
AYEL01090468.1:11771-11969(+)	78.40
AYEL01090296.1:1451-1543(-)	82.42
AYEL01062949.1:50033-50154(-)	84.35
AYEL01065171.1:10501-10588(-)	83.53
AYEL01012253.1:15416-15557(-)	81.40
AYEL01084386.1:15928-16013(+)	83.53
AYEL01072471.1:22188-22280(-)	84.78
AYEL01087363.1:8763-8857(-)	83.87
AYEL01080160.1:9881-10016(-)	89.77
AYEL01087026.1:81204-81297(+)	82.80
AYEL01090178.1:11886-11979(+)	82.80
AYEL01063581.1:17027-17116(-)	79.78
AYEL01039155.1:175-267(-)	83.70
AYEL01091839.1:18591-18680(+)	86.08
AYEL01042371.1:922-1012(+)	81.11
AYEL01084245.1:16057-16150(-)	87.10
AYEL01089675.1:20047-20137(-)	84.44
AYEL01078213.1:1947-2029(-)	85.19
AYEL01055047.1:78343-78424(+)	83.75
AYEL01063633.1:2646-2739(-)	83.87
AYEL01074474.1:5570-5647(-)	76.12
AYEL01054134.1:1280-1373(-)	84.95
AYEL01085394.1:22491-22573(-)	83.95
AYEL01057466.1:5061-5150(+)	79.78
AYEL01077085.1:13386-13475(+)	81.82
AYEL01091600.1:6156-6249(+)	83.87
AYEL01081880.1:3121-3214(-)	82.80
AYEL01081509.1:5981-6080(-)	85.56
AYEL01083426.1:14138-14232(+)	77.42
AYEL01012170.1:4315-4409(-)	83.87
AYEL01084107.1:158462-158554(-)	85.87
AYEL01078575.1:62323-62413(-)	77.53
AYEL01044966.1:10429-10522(-)	84.95
AYEL01074669.1:11473-11565(+)	85.87
AYEL01020538.1:28357-28450(+)	86.02
AYEL01065824.1:14058-14150(-)	81.52
AYEL01077878.1:22595-22735(-)	80.30
AYEL01083826.1:6218-6311(+)	87.10
AYEL01049344.1:4514-4606(+)	84.62
AYEL01068841.1:24960-25054(+)	86.02
AYEL01066024.1:3956-4044(-)	86.36
AYEL01091485.1:27079-27177(+)	83.87
AYEL01091746.1:20205-20299(+)	80.65
AYEL01079090.1:49164-49257(-)	87.10
AYEL01075917.1:19759-19848(+)	81.82
AYEL01066299.1:49297-49387(+)	86.67
AYEL01067218.1:19364-19455(-)	83.52
AYEL01077459.1:13875-13969(+)	84.95
AYEL01076630.1:1824-1918(-)	83.70
AYEL01075938.1:29155-29247(-)	89.13
AYEL01026679.1:21963-22054(-)	81.32
AYEL01009612.1:33877-33969(+)	79.35
AYEL01089163.1:36512-36606(+)	82.80
AYEL01085879.1:27625-27718(-)	83.87
AYEL01089629.1:2200-2293(+)	82.80
AYEL01052304.1:1028-1118(+)	80.00
AYEL01057241.1:20777-20864(+)	79.31
AYEL01072690.1:796-888(-)	89.13
AYEL01072328.1:23623-23746(-)	85.59
AYEL01069870.1:17802-17887(+)	85.88
AYEL01047986.1:2709-2798(+)	85.39
AYEL01077613.1:14996-15087(-)	83.52
AYEL01062283.1:9462-9556(-)	81.72
AYEL01032058.1:10234-10327(-)	82.80
AYEL01078693.1:11116-11209(-)	82.80
AYEL01083818.1:6832-6912(-)	83.75
AYEL01043863.1:2325-2408(-)	85.37
AYEL01014199.1:72765-72877(-)	88.17
AYEL01060859.1:13096-13185(-)	87.64
AYEL01076215.1:83909-83997(+)	80.68
AYEL01086075.1:18176-18262(-)	86.05
AYEL01075559.1:29609-29702(+)	87.10
AYEL01087900.1:63480-63562(+)	80.49
AYEL01073619.1:8758-8850(-)	87.91
AYEL01069561.1:30829-30910(-)	87.65
AYEL01077460.1:16-99(+)	89.16
AYEL01064127.1:45350-45441(+)	86.81
AYEL01029288.1:194188-194269(+)	81.43
AYEL01088004.1:24474-24566(-)	89.13
AYEL01081529.1:12571-12664(+)	82.80
AYEL01043034.1:1136-1225(-)	83.15
AYEL01089426.1:19446-19538(-)	83.52
AYEL01078731.1:5239-5333(-)	86.02
AYEL01079024.1:52697-52784(-)	82.76
AYEL01088697.1:48810-48892(-)	83.95
AYEL01090847.1:97986-98079(+)	82.80
AYEL01080242.1:4779-4871(-)	89.13
AYEL01050048.1:33188-33280(+)	82.61
AYEL01064306.1:118-212(-)	83.87
AYEL01052182.1:88-182(+)	83.87
AYEL01085536.1:23825-23918(-)	85.87
AYEL01037298.1:68490-68576(-)	80.23
AYEL01086051.1:41347-41440(-)	79.57
AYEL01067421.1:3019-3114(-)	81.72
AYEL01072939.1:3506-3599(+)	82.80
AYEL01026807.1:17842-17916(+)	81.08
AYEL01065273.1:2940-3033(+)	80.65
AYEL01064913.1:32565-32703(-)	79.55
AYEL01065522.1:92246-92339(+)	77.42
AYEL01057362.1:21900-21992(-)	86.96
AYEL01091366.1:29619-29712(-)	82.80
AYEL01067400.1:20424-20518(+)	89.25
AYEL01077517.1:21683-21775(-)	81.52
AYEL01082246.1:23865-23958(+)	81.72
AYEL01060951.1:13165-13247(+)	85.37
AYEL01071249.1:1163-1245(-)	83.95
AYEL01089091.1:61640-61720(-)	85.00
AYEL01061834.1:30948-31041(+)	83.87
AYEL01037298.1:68003-68085(-)	83.95
AYEL01037176.1:31-124(+)	84.95
AYEL01029841.1:879-960(-)	82.72
AYEL01085111.1:16019-16100(+)	83.75
AYEL01092062.1:78176-78269(+)	87.10
AYEL01086474.1:59383-59476(-)	82.80
AYEL01053957.1:6874-6999(-)	84.03
AYEL01081574.1:39024-39116(-)	75.00
AYEL01061670.1:15623-15715(+)	80.43
AYEL01063462.1:10346-10437(+)	86.81
AYEL01089690.1:23414-23506(+)	83.70
AYEL01062882.1:19907-19999(-)	80.43
AYEL01084067.1:16993-17082(+)	85.39
AYEL01068529.1:50184-50277(-)	80.65
AYEL01035211.1:19982-20068(-)	83.53
AYEL01083417.1:12559-12644(+)	86.90
AYEL01086736.1:12540-12631(+)	82.42
AYEL01053221.1:15474-15561(-)	88.51
AYEL01075402.1:13247-13341(-)	81.72
AYEL01065061.1:117927-118021(-)	88.17
AYEL01082605.1:96268-96356(-)	89.77
AYEL01074452.1:11391-11480(-)	89.89
AYEL01089677.1:31335-31426(-)	84.62
AYEL01079806.1:8257-8349(+)	89.13
AYEL01087447.1:15473-15566(-)	88.04
AYEL01090750.1:16458-16652(+)	76.29
AYEL01089976.1:32571-32657(-)	83.53
AYEL01077145.1:27643-27724(+)	83.75
AYEL01082341.1:49636-49729(-)	83.87
AYEL01080635.1:89908-90002(+)	82.80
AYEL01077694.1:20338-20432(+)	86.02
AYEL01068267.1:47800-47892(+)	80.43
AYEL01056072.1:29707-29799(-)	86.96
AYEL01091533.1:22759-22851(-)	86.96
AYEL01075409.1:9164-9258(+)	83.87
AYEL01070092.1:8518-8611(-)	80.65
AYEL01070023.1:65869-65961(+)	82.61
AYEL01064531.1:24329-24420(+)	82.42
AYEL01062005.1:34308-34401(-)	83.87
AYEL01075021.1:2407-2499(-)	88.04
AYEL01082939.1:12196-12289(-)	87.91
AYEL01081068.1:27154-27236(-)	83.95
AYEL01055854.1:153058-153151(-)	81.72
AYEL01078669.1:26703-26796(-)	84.95
AYEL01077042.1:43306-43389(-)	65.06
AYEL01029899.1:63707-63801(+)	83.87
AYEL01064600.1:9954-10047(-)	87.10
AYEL01088553.1:16212-16305(-)	83.87
AYEL01058873.1:243-336(-)	85.87
AYEL01089708.1:15617-15710(-)	79.57
AYEL01083590.1:38361-38454(-)	82.80
AYEL01079469.1:31336-31428(+)	83.70
AYEL01075073.1:52890-52983(-)	84.95
AYEL01060134.1:2040-2133(+)	88.17
AYEL01023137.1:6237-6329(-)	85.87
AYEL01049213.1:33257-33337(+)	84.29
AYEL01084747.1:12336-12422(-)	80.23
AYEL01070879.1:374-457(+)	85.37
AYEL01062947.1:1824-1918(+)	83.87
AYEL01051476.1:736-829(+)	79.57
AYEL01065668.1:13095-13190(+)	84.62
AYEL01012758.1:30-122(+)	84.62
AYEL01090294.1:48753-48842(+)	87.64
AYEL01086942.1:17994-18087(+)	82.80
AYEL01064694.1:45654-45748(-)	84.95
AYEL01083206.1:44266-44402(-)	80.77
AYEL01076099.1:26853-26944(+)	77.78
AYEL01067532.1:31355-31444(+)	85.39
AYEL01089677.1:40827-40916(+)	86.52
AYEL01088417.1:29504-29594(-)	81.11
AYEL01065844.1:41106-41196(+)	87.78
AYEL01077244.1:1125-1218(-)	87.10
AYEL01070294.1:1008-1101(+)	87.10
AYEL01018624.1:1758-1849(-)	84.62
AYEL01056845.1:39426-39516(+)	83.33
AYEL01081539.1:59128-59220(-)	89.13
AYEL01084701.1:39147-39239(+)	86.96
AYEL01083969.1:2674-2767(+)	86.02
AYEL01078100.1:56085-56177(-)	89.13
AYEL01087475.1:3925-4019(-)	84.95
AYEL01091771.1:0-87(-)	85.71
AYEL01037067.1:703-796(+)	84.95
AYEL01089535.1:39314-39406(-)	89.13
AYEL01057506.1:51754-51896(-)	82.64
AYEL01077237.1:22442-22535(+)	87.10
AYEL01066808.1:155025-155105(+)	82.50
AYEL01085144.1:19490-19572(+)	85.19
AYEL01084738.1:11457-11550(-)	88.17
AYEL01082108.1:53950-54041(-)	81.32
AYEL01087093.1:28413-28506(-)	81.72
AYEL01085910.1:0-90(+)	83.33
AYEL01053746.1:314-404(-)	82.22
AYEL01084869.1:4886-4975(-)	84.09
AYEL01085736.1:789-882(-)	87.10
AYEL01088628.1:109183-109275(+)	82.61
AYEL01083583.1:8344-8522(-)	77.19
AYEL01069323.1:18828-18920(-)	78.26
AYEL01065610.1:27358-27451(-)	82.80
AYEL01022126.1:84206-84298(-)	84.62
AYEL01078069.1:58218-58308(+)	83.33
AYEL01013691.1:43-134(+)	79.12
AYEL01072518.1:90560-90652(-)	89.13
AYEL01074434.1:10432-10522(-)	87.78
AYEL01064239.1:1419-1512(-)	84.95
AYEL01034533.1:1418-1510(-)	89.13
AYEL01080889.1:10579-10666(+)	81.08
AYEL01054816.1:6348-6430(-)	83.95
AYEL01070020.1:29753-29839(-)	83.53
AYEL01030936.1:12376-12450(-)	85.14
AYEL01073030.1:1387-1476(-)	82.02
AYEL01089091.1:61531-61617(-)	83.53
AYEL01060901.1:3831-3925(+)	83.87
AYEL01052490.1:9473-9565(-)	89.13
AYEL01083647.1:39926-40018(-)	81.52
AYEL01070643.1:11489-11578(-)	87.64
AYEL01090127.1:24193-24275(-)	83.95
AYEL01058576.1:19261-19354(-)	82.61
AYEL01043464.1:978-1071(+)	82.80
AYEL01071218.1:14917-15003(-)	89.53
AYEL01022961.1:28334-28426(+)	82.61
AYEL01068548.1:22191-22284(+)	87.10
AYEL01083230.1:149314-149405(-)	84.62
AYEL01045558.1:991-1085(-)	83.87
AYEL01085990.1:4380-4473(+)	83.87
AYEL01077053.1:3537-3627(-)	86.67
AYEL01081168.1:7016-7109(-)	83.87
AYEL01072717.1:2904-2997(-)	86.02
AYEL01062967.1:29158-29256(+)	83.87
AYEL01065804.1:39651-39743(-)	83.70
AYEL01089864.1:2360-2453(+)	83.87
AYEL01085349.1:4885-4984(+)	82.80
AYEL01081084.1:5390-5481(+)	86.81
AYEL01089535.1:39751-39838(-)	84.71
AYEL01062090.1:23012-23099(+)	86.96
AYEL01069758.1:5281-5374(+)	89.25
AYEL01073931.1:12256-12346(+)	82.02
AYEL01086690.1:3728-3818(+)	85.56
AYEL01086142.1:26427-26520(+)	82.80
AYEL01073355.1:7732-7824(-)	89.13
AYEL01089984.1:8682-8760(-)	83.33
AYEL01075353.1:58751-58845(-)	83.87
AYEL01080728.1:3687-3776(-)	82.02
AYEL01059671.1:2370-2458(-)	89.77
AYEL01052099.1:1124-1214(+)	83.33
AYEL01082972.1:1147-1240(+)	83.87
AYEL01063522.1:7708-7797(-)	85.39
AYEL01073529.1:5455-5576(-)	84.35
AYEL01072799.1:10196-10285(+)	84.27
AYEL01077702.1:168192-168285(+)	82.80
AYEL01065325.1:1028-1120(-)	81.52
AYEL01079226.1:63278-63372(-)	83.87
AYEL01081188.1:32536-32657(-)	84.35
AYEL01032843.1:12404-12497(+)	86.02
AYEL01086207.1:32615-32707(+)	81.52
AYEL01064344.1:51290-51382(-)	84.78
AYEL01058854.1:21036-21125(+)	81.82
AYEL01035211.1:20091-20173(-)	83.95
AYEL01088243.1:7076-7170(-)	81.72
AYEL01078587.1:53386-53472(-)	80.23
AYEL01082616.1:7915-7989(-)	82.43
AYEL01078690.1:7671-7761(-)	84.27
AYEL01086510.1:3716-3808(-)	89.13
AYEL01079166.1:5685-5778(-)	84.95
AYEL01066104.1:4978-5072(+)	87.10
AYEL01052731.1:329-422(-)	88.17
AYEL01082367.1:53842-53936(-)	82.80
AYEL01090728.1:16745-16838(-)	82.80
AYEL01036104.1:5229-5319(-)	85.56
AYEL01089779.1:45583-45676(-)	87.10
AYEL01075572.1:68525-68611(-)	84.88
AYEL01076948.1:17263-17356(-)	83.87
AYEL01069732.1:17040-17130(-)	78.89
AYEL01060714.1:2974-3067(-)	81.72
AYEL01078090.1:1121-1207(-)	83.53
AYEL01090824.1:53891-53972(+)	83.75
AYEL01082368.1:26752-26844(+)	86.96
AYEL01070022.1:9894-9987(-)	86.02
AYEL01084299.1:18609-18700(+)	85.71
AYEL01077197.1:58060-58152(-)	82.61
AYEL01038486.1:9481-9575(-)	85.87
AYEL01042334.1:44275-44367(+)	83.70
AYEL01079582.1:23895-23988(+)	86.02
AYEL01059731.1:48518-48611(+)	83.87
AYEL01014425.1:4156-4246(+)	86.67
AYEL01044095.1:13202-13294(+)	84.62
AYEL01087281.1:61586-61680(-)	84.95
AYEL01069192.1:40059-40151(-)	81.52
AYEL01080560.1:35426-35519(+)	79.57
AYEL01091315.1:40932-41010(-)	80.77
AYEL01075183.1:15198-15291(-)	82.80
AYEL01080049.1:6542-6621(-)	82.28
AYEL01079478.1:61058-61151(-)	88.17
AYEL01087567.1:3273-3354(+)	81.25
AYEL01056282.1:49022-49116(-)	81.72
AYEL01090273.1:72028-72116(+)	84.09
AYEL01035211.1:20363-20449(-)	83.53
AYEL01081161.1:43064-43150(-)	83.53
AYEL01063373.1:9419-9499(-)	83.75
AYEL01083806.1:35696-35790(-)	84.95
AYEL01081540.1:17197-17289(-)	80.43
AYEL01081012.1:987-1080(+)	86.02
AYEL01091198.1:23128-23250(-)	77.78
AYEL01020215.1:2647-2739(+)	86.96
AYEL01084922.1:11313-11407(+)	87.10
AYEL01077960.1:42727-42814(-)	82.76
AYEL01089535.1:40015-40101(-)	80.23
AYEL01056227.1:3888-3983(-)	82.02
AYEL01083394.1:56034-56125(+)	82.42
AYEL01077408.1:5012-5100(-)	85.23
AYEL01085278.1:2797-2890(-)	82.80
AYEL01008342.1:17483-17563(+)	83.54
AYEL01075398.1:16208-16283(+)	84.00
AYEL01081824.1:17384-17476(-)	89.13
AYEL01073986.1:40-132(+)	86.96
AYEL01088628.1:71626-71721(+)	82.80
AYEL01064711.1:11679-11839(-)	79.22
AYEL01065652.1:8250-8350(-)	82.11
AYEL01055047.1:24226-24319(+)	84.95
AYEL01068094.1:59559-59649(+)	78.65
AYEL01086749.1:27879-27968(-)	85.23
AYEL01091305.1:11829-11922(-)	84.95
AYEL01082241.1:14342-14435(+)	81.52
AYEL01079469.1:69114-69194(-)	83.75
AYEL01063633.1:25239-25331(+)	85.71
AYEL01037290.1:4280-4373(-)	81.72
AYEL01071300.1:14873-14951(-)	79.49
AYEL01084287.1:65887-65969(-)	83.95
AYEL01080171.1:40-132(-)	83.70
AYEL01074680.1:10516-10606(-)	85.56
AYEL01070690.1:9603-9696(+)	86.02
AYEL01089457.1:41314-41407(-)	84.95
AYEL01074765.1:632-718(-)	80.23
AYEL01079863.1:7981-8075(+)	83.87
AYEL01078341.1:27278-27367(+)	86.36
AYEL01087225.1:12575-12657(-)	83.95
AYEL01084638.1:25598-25690(+)	85.87
AYEL01071925.1:21-115(+)	83.87
AYEL01085702.1:56104-56194(-)	82.22
AYEL01073285.1:3811-3904(+)	83.87
AYEL01069428.1:2768-2861(+)	81.72
AYEL01069961.1:5966-6060(-)	84.95
AYEL01053858.1:27-123(-)	87.10
AYEL01083053.1:33543-33628(+)	82.14
AYEL01042814.1:8208-8301(+)	87.10
AYEL01091457.1:13303-13457(-)	82.96
AYEL01017534.1:1597-1679(-)	83.95
AYEL01085003.1:6611-6736(-)	82.50
AYEL01068842.1:46259-46349(+)	82.02
AYEL01081365.1:116042-116135(-)	81.32
AYEL01074120.1:5566-5658(-)	79.35
AYEL01057320.1:12055-12146(-)	82.42
AYEL01059671.1:2555-2641(-)	83.53
AYEL01088541.1:9292-9385(+)	87.10
AYEL01061938.1:9892-9978(-)	83.53
AYEL01037263.1:20844-20937(+)	81.72
AYEL01091062.1:124932-125026(-)	81.72
AYEL01033246.1:30927-31020(-)	86.02
AYEL01090171.1:51709-51802(+)	79.57
AYEL01076388.1:62080-62161(+)	83.75
AYEL01078196.1:51082-51171(+)	82.02
AYEL01072382.1:26259-26347(-)	84.09
AYEL01072053.1:58246-58339(+)	79.57
AYEL01065808.1:94144-94238(+)	87.10
AYEL01085772.1:38469-38557(+)	82.76
AYEL01008262.1:19691-19775(-)	84.15
AYEL01075117.1:68035-68129(-)	81.72
AYEL01081539.1:34885-34978(-)	80.65
AYEL01044709.1:233-326(-)	77.42
AYEL01085946.1:8899-8992(+)	84.95
AYEL01067171.1:72514-72606(-)	81.52
AYEL01071593.1:8413-8507(+)	84.95
AYEL01070213.1:544-638(+)	81.72
AYEL01062201.1:26663-26755(+)	84.78
AYEL01003877.1:8812-8906(+)	82.80
AYEL01068114.1:37325-37419(+)	80.65
AYEL01033643.1:11798-11874(+)	81.58
AYEL01067339.1:16924-17015(+)	84.62
AYEL01076605.1:23825-23919(-)	84.95
AYEL01080073.1:60450-60543(+)	87.10
AYEL01014950.1:4817-4898(+)	83.75
AYEL01071182.1:45777-45867(-)	86.67
AYEL01077262.1:32318-32441(-)	84.62
AYEL01072855.1:9629-9753(-)	80.83
AYEL01072556.1:31921-32015(-)	83.87
AYEL01065055.1:403-496(-)	86.02
AYEL01070531.1:53646-53739(+)	83.87
AYEL01081006.1:66187-66276(-)	88.64
AYEL01076620.1:46557-46647(+)	83.33
AYEL01058930.1:9011-9099(+)	89.77
AYEL01082702.1:4393-4473(-)	83.75
AYEL01080565.1:39978-40064(+)	87.21
AYEL01079923.1:67189-67281(-)	81.52
AYEL01086663.1:40588-40679(-)	85.71
AYEL01087888.1:39254-39347(+)	80.65
AYEL01090451.1:87418-87500(-)	83.95
AYEL01085524.1:20461-20554(-)	87.10
AYEL01080543.1:82249-82337(-)	84.09
AYEL01057719.1:3930-4019(+)	81.82
AYEL01008720.1:163-255(-)	82.61
AYEL01067568.1:61807-61900(+)	81.72
AYEL01075620.1:94680-94774(+)	80.65
AYEL01008505.1:8011-8104(-)	84.95
AYEL01077207.1:15610-15704(+)	86.02
AYEL01037771.1:22746-22834(-)	89.77
AYEL01046688.1:139-280(-)	70.37
AYEL01078143.1:29461-29543(-)	85.37
AYEL01046529.1:586-678(+)	88.04
AYEL01020851.1:33967-34057(-)	82.22
AYEL01089151.1:13803-13889(-)	83.53
AYEL01082160.1:17067-17209(-)	89.89
AYEL01065837.1:60055-60143(-)	89.77
AYEL01086619.1:40355-40448(+)	81.72
AYEL01073619.1:8665-8753(-)	89.77
AYEL01081612.1:151-244(-)	86.02
AYEL01086803.1:14224-14317(-)	82.80
AYEL01036071.1:1581-1674(+)	82.80
AYEL01078587.1:53265-53358(-)	83.15
AYEL01057956.1:13587-13675(+)	84.09
AYEL01083549.1:23406-23496(+)	82.22
AYEL01071505.1:5487-5579(+)	82.61
AYEL01068592.1:7625-7716(-)	84.62
AYEL01071179.1:162218-162308(+)	86.67
AYEL01072518.1:91675-91810(-)	84.35
AYEL01060886.1:97252-97334(-)	83.95
AYEL01090424.1:10663-10757(-)	82.80
AYEL01072060.1:51811-51901(-)	84.44
AYEL01067989.1:33422-33511(+)	81.54
AYEL01054827.1:34022-34108(-)	83.53
AYEL01048623.1:30435-30527(+)	84.78
AYEL01077066.1:80109-80202(+)	76.34
AYEL01068950.1:68435-68528(-)	86.02
AYEL01058443.1:11649-11728(-)	89.87
AYEL01066259.1:27444-27536(+)	82.42
AYEL01057069.1:53084-53176(-)	89.13
AYEL01084495.1:7273-7366(-)	81.72
AYEL01073191.1:68112-68203(-)	81.32
AYEL01081306.1:18006-18100(+)	84.95
AYEL01080851.1:3265-3357(-)	89.13
AYEL01053975.1:5169-5262(+)	83.87
AYEL01076178.1:5287-5374(+)	86.21
AYEL01076349.1:4361-4441(-)	82.50
AYEL01051848.1:5812-5905(+)	81.72
AYEL01064124.1:17860-17953(+)	89.25
AYEL01058844.1:1864-1957(-)	86.02
AYEL01064617.1:5768-5861(+)	84.95
AYEL01039453.1:17785-17878(-)	83.87
AYEL01085143.1:20857-20946(-)	85.23
AYEL01085593.1:73854-73947(-)	88.17
AYEL01090467.1:484-577(-)	81.72
AYEL01013153.1:79072-79163(-)	89.01
AYEL01087073.1:68801-68883(-)	83.95
AYEL01090564.1:19849-20031(-)	78.36
AYEL01083867.1:18520-18613(-)	81.72
AYEL01091178.1:17640-17732(+)	84.62
AYEL01078764.1:70976-71069(+)	83.87
AYEL01066632.1:5322-5414(+)	83.70
AYEL01080455.1:25465-25551(-)	84.88
AYEL01087065.1:12703-12788(-)	81.43
AYEL01089477.1:4932-5025(+)	86.02
AYEL01043976.1:26065-26143(-)	76.92
AYEL01078977.1:108334-108427(+)	87.10
AYEL01069529.1:77124-77224(-)	81.44
AYEL01077463.1:29061-29156(+)	84.62
AYEL01029121.1:42091-42173(-)	83.95
AYEL01080322.1:2640-2734(+)	84.95
AYEL01087439.1:8327-8409(-)	86.42
AYEL01082840.1:13095-13188(-)	82.80
AYEL01068472.1:37553-37646(+)	82.80
AYEL01080311.1:15758-15851(+)	81.72
AYEL01057017.1:16342-16434(-)	84.78
AYEL01088012.1:9325-9413(-)	86.36
AYEL01067228.1:2204-2294(-)	84.27
AYEL01070641.1:32561-32654(+)	82.80
AYEL01089855.1:9050-9143(-)	86.02
AYEL01058577.1:5774-5868(+)	84.95
AYEL01069928.1:16616-16693(+)	84.06
AYEL01047922.1:22287-22407(-)	84.35
AYEL01057406.1:30651-30744(+)	80.65
AYEL01066328.1:57642-57732(+)	85.56
AYEL01090699.1:7387-7473(-)	83.53
AYEL01079507.1:32866-32958(-)	85.87
AYEL01057158.1:12353-12428(+)	84.00
AYEL01091682.1:7969-8062(+)	83.87
AYEL01052302.1:526-609(-)	84.34
AYEL01089166.1:12994-13086(-)	82.61
AYEL01076159.1:0-87(-)	83.91
AYEL01056382.1:30966-31059(+)	83.87
AYEL01086412.1:6727-6819(-)	79.35
AYEL01090617.1:41578-41671(+)	82.80
AYEL01083583.1:8251-8339(-)	89.77
AYEL01073436.1:39837-39930(-)	82.80
AYEL01072866.1:124547-124635(-)	89.77
AYEL01075373.1:12924-13013(+)	84.27
AYEL01076348.1:35949-36055(-)	86.02
AYEL01079582.1:45923-46013(+)	87.78
AYEL01079682.1:3021-3104(-)	86.75
AYEL01053857.1:80050-80143(-)	82.80
AYEL01088326.1:20314-20454(-)	79.07
AYEL01048864.1:5263-5350(-)	83.91
AYEL01088262.1:37150-37244(+)	83.87
AYEL01088378.1:695-788(+)	88.17
AYEL01066397.1:49039-49126(+)	87.34
AYEL01074156.1:2090-2177(+)	87.36
AYEL01073093.1:31122-31243(-)	84.35
AYEL01071362.1:1198-1299(+)	80.00
AYEL01082216.1:65416-65513(+)	87.10
AYEL01084953.1:30481-30574(+)	87.10
AYEL01067050.1:7507-7600(+)	86.02
AYEL01089528.1:4577-4692(+)	88.17
AYEL01063158.1:103-197(+)	85.87
AYEL01080893.1:11733-11827(+)	80.65
AYEL01008730.1:8665-8754(+)	81.82
AYEL01090356.1:76787-76881(-)	81.72
AYEL01066808.1:37835-37965(+)	81.08
AYEL01074184.1:13860-13950(-)	82.22
AYEL01077740.1:124215-124304(+)	82.50
AYEL01086587.1:15374-15468(+)	80.65
AYEL01029121.1:42363-42449(-)	83.53
AYEL01022874.1:1295-1377(-)	83.95
AYEL01071079.1:24200-24292(-)	89.13
AYEL01068638.1:37518-37608(+)	78.89
AYEL01042784.1:12254-12347(+)	86.02
AYEL01075417.1:693-786(+)	86.02
AYEL01048916.1:32542-32633(-)	86.81
AYEL01088030.1:1566-1654(+)	85.23
AYEL01079090.1:39498-39588(+)	84.44
AYEL01081106.1:53790-53871(+)	83.75
AYEL01072490.1:23413-23507(-)	81.72
AYEL01078182.1:12615-12707(+)	87.91
AYEL01091704.1:90502-90595(-)	88.17
AYEL01056383.1:86305-86394(+)	81.82
AYEL01065640.1:7119-7212(+)	80.65
AYEL01049162.1:63999-64082(+)	89.16
AYEL01073402.1:3783-3872(-)	79.78
AYEL01081134.1:74435-74528(+)	83.87
AYEL01078745.1:15057-15151(-)	83.87
AYEL01084318.1:52644-52730(+)	82.35
AYEL01070527.1:2203-2296(-)	82.80
AYEL01079820.1:18628-18721(-)	87.10
AYEL01091839.1:137-226(-)	81.61
AYEL01089220.1:42183-42265(-)	83.95
AYEL01047976.1:66130-66223(+)	83.87
AYEL01074068.1:38771-38851(-)	83.75
AYEL01091884.1:47287-47373(-)	80.23
AYEL01087464.1:27952-28045(-)	77.42
AYEL01066499.1:23634-23726(+)	86.96
AYEL01052569.1:30908-31001(-)	82.80
AYEL01086083.1:22972-23065(-)	80.65
AYEL01081274.1:25468-25560(+)	88.04
AYEL01068081.1:18515-18679(-)	72.84
AYEL01071079.1:11262-11353(+)	80.22
AYEL01009612.1:13237-13312(+)	76.00
AYEL01083206.1:44425-44505(-)	81.25
AYEL01078857.1:8991-9083(+)	83.52
AYEL01090996.1:22678-22760(-)	83.95
AYEL01068234.1:116676-116769(-)	87.10
AYEL01086145.1:65408-65501(+)	82.80
AYEL01089652.1:12526-12619(+)	84.95
AYEL01088680.1:2900-2993(+)	88.17
AYEL01081768.1:19952-20038(-)	83.53
AYEL01056156.1:23954-24036(-)	85.37
AYEL01070518.1:3862-3952(-)	82.22
AYEL01092087.1:2134-2226(-)	81.52
AYEL01086202.1:1969-2044(+)	82.67
AYEL01076127.1:6621-6710(+)	81.82
AYEL01088588.1:436-528(+)	80.43
AYEL01080903.1:11236-11324(-)	89.77
AYEL01082006.1:19812-19905(-)	81.72
AYEL01071079.1:24495-24577(-)	83.95
AYEL01072062.1:42363-42456(+)	83.70
AYEL01083603.1:9959-10053(-)	81.72
AYEL01074604.1:7177-7269(+)	76.40
AYEL01082707.1:110832-110925(+)	82.80
AYEL01070906.1:3421-3514(+)	83.87
AYEL01086901.1:0-87(-)	87.06
AYEL01071375.1:1495-1585(+)	83.33
AYEL01091471.1:25167-25257(+)	83.33
AYEL01079092.1:1747-1840(-)	82.80
AYEL01078090.1:1410-1502(-)	86.81
AYEL01066153.1:5343-5425(+)	84.93
AYEL01080160.1:9096-9179(+)	83.13
AYEL01077819.1:28537-28625(-)	89.77
AYEL01014594.1:12819-12901(-)	83.95
AYEL01085405.1:20390-20482(+)	85.87
AYEL01067880.1:9-101(+)	85.71
AYEL01085849.1:6715-6807(+)	82.61
AYEL01012626.1:924-1000(+)	81.58
AYEL01055981.1:1830-1923(-)	85.87
AYEL01057470.1:21341-21435(+)	83.87
AYEL01054864.1:22513-22607(+)	82.80
AYEL01071201.1:18834-18927(+)	81.72
AYEL01062306.1:116-209(+)	90.32
AYEL01084735.1:32297-32391(-)	86.02
AYEL01068022.1:59185-59279(-)	82.80
AYEL01060886.1:97476-97561(-)	82.35
AYEL01062445.1:137-231(+)	82.80
AYEL01064468.1:624-717(+)	82.80
AYEL01060805.1:357-449(+)	85.87
AYEL01057931.1:16892-16986(-)	78.49
AYEL01090215.1:32833-32925(+)	83.70
AYEL01083917.1:102003-102094(+)	86.67
AYEL01040209.1:20569-20651(-)	83.95
AYEL01088562.1:13485-13578(-)	83.87
AYEL01079716.1:6092-6185(-)	81.72
AYEL01044778.1:74-166(+)	79.35
AYEL01072817.1:1145-1238(-)	81.52
AYEL01075901.1:5835-5925(-)	81.11
AYEL01045251.1:5913-6003(-)	81.11
AYEL01051543.1:4199-4290(+)	87.91
AYEL01034501.1:719-811(-)	89.13
AYEL01078833.1:13087-13180(-)	82.80
AYEL01085933.1:12335-12425(-)	78.41
AYEL01063552.1:10862-10955(+)	83.87
AYEL01063295.1:35575-35668(-)	83.87
AYEL01073440.1:44143-44232(-)	88.76
AYEL01089936.1:50162-50255(-)	87.10
AYEL01081768.1:20442-20522(-)	83.75
AYEL01090199.1:23426-23547(-)	84.35
AYEL01069809.1:36285-36378(-)	86.02
AYEL01078394.1:31286-31378(-)	83.70
AYEL01076911.1:43074-43166(+)	84.78
AYEL01083179.1:28114-28208(+)	83.87
AYEL01091819.1:3097-3187(-)	86.67
AYEL01075491.1:3798-3885(+)	82.76
AYEL01063368.1:7590-7684(-)	87.10
AYEL01088200.1:7509-7590(-)	81.48
AYEL01058986.1:108530-108622(+)	84.78
AYEL01074813.1:3446-3539(-)	88.17
AYEL01078955.1:40278-40369(-)	83.52
AYEL01085761.1:29809-29884(+)	82.67
AYEL01022874.1:1449-1535(-)	80.23
AYEL01064386.1:6969-7106(+)	76.52
AYEL01061065.1:17700-17854(-)	73.33
AYEL01085926.1:10150-10244(-)	82.80
AYEL01080242.1:5013-5099(-)	83.53
AYEL01086850.1:62196-62289(-)	80.65
AYEL01068712.1:44382-44475(-)	86.02
AYEL01067871.1:8327-8420(+)	88.17
AYEL01059933.1:1288-1381(-)	86.02
AYEL01070393.1:80016-80110(+)	86.02
AYEL01073226.1:29964-30054(-)	87.78
AYEL01083090.1:107623-107715(-)	89.13
AYEL01076901.1:50316-50408(-)	84.78
AYEL01088447.1:2377-2470(-)	84.95
AYEL01042151.1:2488-2581(-)	79.57
AYEL01070892.1:4829-4922(+)	78.49
AYEL01087171.1:4913-5006(-)	83.87
AYEL01073006.1:18822-18912(+)	84.44
AYEL01046007.1:10997-11134(+)	82.02
AYEL01077844.1:58046-58139(+)	80.65
AYEL01070675.1:3443-3531(-)	89.77
AYEL01068158.1:4302-4401(-)	87.10
AYEL01091325.1:6388-6474(-)	83.72
AYEL01068234.1:116972-117054(-)	83.95
AYEL01067759.1:2868-2954(-)	80.23
AYEL01081539.1:61071-61163(-)	80.43
AYEL01081497.1:7494-7587(+)	83.70
AYEL01092240.1:50-144(-)	82.80
AYEL01069742.1:111786-111877(-)	81.11
AYEL01064267.1:29909-30002(-)	83.87
AYEL01084331.1:716-809(-)	81.72
AYEL01071079.1:14525-14616(+)	80.22
AYEL01061621.1:4763-4856(+)	87.10
AYEL01086703.1:19437-19526(+)	87.64
AYEL01060374.1:11322-11411(-)	88.76
AYEL01080780.1:37221-37314(+)	84.95
AYEL01090786.1:483-576(-)	82.80
AYEL01080694.1:33393-33486(-)	83.87
AYEL01035233.1:35543-35632(+)	81.82
AYEL01087159.1:10380-10461(+)	83.75
AYEL01071293.1:22949-23039(-)	85.56
AYEL01064572.1:49992-50082(-)	84.44
AYEL01074104.1:80010-80105(-)	83.87
AYEL01081768.1:20061-20143(-)	83.95
AYEL01077674.1:17773-17866(+)	87.10
AYEL01081723.1:24168-24258(-)	82.22
AYEL01071165.1:17662-17756(+)	84.95
AYEL01086101.1:19454-19547(-)	82.80
AYEL01051592.1:4095-4187(-)	85.87
AYEL01066624.1:81304-81397(-)	83.87
AYEL01086359.1:9331-9422(+)	87.91
AYEL01092151.1:10198-10292(+)	84.95
AYEL01090464.1:41187-41279(+)	83.70
AYEL01065318.1:28140-28231(-)	81.32
AYEL01037755.1:482-575(-)	87.10
AYEL01065332.1:10640-10733(-)	87.10
AYEL01064432.1:30159-30252(+)	79.57
AYEL01075864.1:1671-1764(+)	83.87
AYEL01088853.1:3589-3682(-)	83.87
AYEL01057006.1:2645-2736(+)	84.44
AYEL01063497.1:11349-11441(-)	83.70
AYEL01046007.1:12807-12888(+)	83.75
AYEL01076705.1:3894-3982(+)	86.36
AYEL01017526.1:14171-14264(-)	82.80
AYEL01083590.1:102728-102821(+)	86.02
AYEL01072939.1:5644-5737(+)	90.32
AYEL01084747.1:12014-12104(-)	85.39
AYEL01087006.1:23857-23950(-)	83.87
AYEL01062661.1:55576-55670(+)	84.95
AYEL01049573.1:24976-25069(-)	87.10
AYEL01055417.1:18194-18287(-)	83.87
AYEL01064386.1:7873-7954(+)	83.75
AYEL01084981.1:19171-19253(-)	83.95
AYEL01077311.1:36454-36541(-)	86.05
AYEL01063401.1:20215-20304(+)	83.15
AYEL01073774.1:31250-31336(-)	83.53
AYEL01057918.1:5696-5790(-)	84.95
AYEL01048158.1:27253-27347(-)	83.87
AYEL01089151.1:13531-13613(-)	83.95
AYEL01088818.1:4667-4753(-)	83.53
AYEL01079073.1:30025-30116(+)	83.52
AYEL01076955.1:18361-18453(-)	89.13
AYEL01090236.1:13386-13479(+)	79.57
AYEL01092371.1:32456-32546(-)	84.44
AYEL01077941.1:73162-73256(-)	86.02
AYEL01081609.1:43683-43765(+)	87.80
AYEL01090141.1:2255-2385(+)	81.08
AYEL01090127.1:24084-24170(-)	83.53
AYEL01060009.1:15973-16066(+)	80.65
AYEL01070020.1:29519-29611(-)	89.13
AYEL01085394.1:22824-22905(-)	81.48
AYEL01074242.1:21705-21799(+)	81.72
AYEL01071012.1:6821-6915(-)	83.70
AYEL01012497.1:8678-8770(-)	81.52
AYEL01076381.1:5258-5350(+)	84.78
AYEL01075447.1:61958-62048(+)	78.89
AYEL01039643.1:13664-13739(-)	85.00
AYEL01067780.1:34997-35086(+)	81.82
AYEL01081768.1:20333-20419(-)	83.53
AYEL01083387.1:74321-74414(-)	86.02
AYEL01073361.1:132131-132215(-)	89.29
AYEL01085184.1:20736-20826(-)	84.44
AYEL01083394.1:55249-55340(-)	81.32
AYEL01040605.1:23260-23350(+)	88.89
AYEL01084869.1:4998-5078(-)	83.75
AYEL01075431.1:11180-11273(+)	88.17
AYEL01082938.1:40865-40954(+)	81.82
AYEL01060253.1:21947-22024(+)	84.06
AYEL01069531.1:16986-17079(+)	82.80
AYEL01071593.1:23893-23977(+)	85.71
AYEL01075657.1:38730-38810(-)	83.75
AYEL01074431.1:9708-9808(-)	84.62
AYEL01046602.1:2141-2276(-)	79.55
AYEL01074447.1:22692-22784(-)	83.70
AYEL01071769.1:23309-23391(+)	85.37
AYEL01052710.1:279-370(-)	80.22
AYEL01085349.1:6816-6915(-)	82.80
AYEL01061859.1:0-91(+)	85.71
AYEL01084709.1:329-424(-)	84.95
AYEL01081298.1:17194-17287(-)	81.72
AYEL01080980.1:44805-44899(+)	83.87
AYEL01079360.1:1272-1363(-)	83.33
AYEL01042712.1:15569-15662(-)	81.72
AYEL01088115.1:38174-38267(-)	84.95
AYEL01073211.1:113349-113441(+)	82.61
AYEL01089635.1:21226-21320(+)	87.10
AYEL01077037.1:63973-64066(-)	84.95
AYEL01067423.1:7219-7337(-)	86.54
AYEL01056994.1:29422-29510(-)	89.77
AYEL01063058.1:111183-111276(+)	86.02
AYEL01081497.1:59006-59099(-)	86.02
AYEL01065947.1:2576-2669(-)	83.87
AYEL01080222.1:33509-33650(-)	83.47
AYEL01075898.1:13896-13988(-)	85.87
AYEL01071714.1:24542-24632(-)	84.44
AYEL01083120.1:15638-15717(-)	82.28
AYEL01026503.1:41360-41454(-)	82.80
AYEL01081243.1:14847-14939(-)	89.13
AYEL01090733.1:14002-14094(-)	82.61
AYEL01083760.1:21212-21306(-)	82.80
AYEL01080754.1:4778-4872(-)	83.87
AYEL01057084.1:27933-28025(+)	81.52
AYEL01078617.1:50331-50424(-)	86.02
AYEL01068358.1:4653-4747(-)	86.02
AYEL01043825.1:2672-2753(-)	80.25
AYEL01041188.1:635-714(-)	83.33
AYEL01035211.1:19796-19888(-)	89.13
AYEL01081570.1:4462-4556(+)	80.65
AYEL01080016.1:69967-70060(-)	76.34
AYEL01089445.1:9062-9154(-)	89.13
AYEL01065250.1:45916-46009(+)	84.95
AYEL01083644.1:76736-76831(+)	83.87
AYEL01091704.1:101195-101281(-)	80.23
AYEL01069698.1:33469-33562(+)	84.95
AYEL01070412.1:2120-2214(+)	80.65
AYEL01066475.1:971-1064(-)	84.95
AYEL01087094.1:14383-14475(+)	85.87
AYEL01053354.1:4643-4737(+)	82.80
AYEL01054419.1:52093-52185(+)	87.91
AYEL01087016.1:2964-3056(-)	80.43
AYEL01083863.1:933-1026(+)	80.65
AYEL01062453.1:20707-20800(-)	84.95
AYEL01087175.1:65052-65140(-)	76.14
AYEL01064773.1:51389-51487(-)	84.95
AYEL01067130.1:10393-10483(-)	85.56
AYEL01063832.1:1263-1356(+)	81.72
AYEL01011262.1:240-333(-)	84.95
AYEL01089220.1:42308-42449(-)	81.48
AYEL01083115.1:3104-3197(+)	83.87
AYEL01088279.1:74298-74390(-)	89.13
AYEL01084710.1:11294-11387(+)	82.80
AYEL01071914.1:9309-9402(-)	83.87
AYEL01077335.1:62768-62849(+)	83.75
AYEL01068559.1:12403-12485(-)	83.95
AYEL01075030.1:1821-1914(-)	83.70
AYEL01063174.1:4746-4833(+)	81.61
AYEL01069520.1:10809-10902(-)	86.02
AYEL01089452.1:15711-15804(-)	83.87
AYEL01074090.1:740-833(-)	83.70
AYEL01090268.1:12009-12102(-)	86.02
AYEL01061402.1:39454-39534(-)	91.25
AYEL01083246.1:47537-47612(-)	84.00
AYEL01055347.1:13802-13893(+)	78.02
AYEL01054061.1:60352-60441(+)	81.82
AYEL01064878.1:13646-13768(+)	81.08
AYEL01074405.1:26908-26995(+)	81.61
AYEL01087324.1:19152-19245(-)	83.87
AYEL01076753.1:6823-6914(+)	84.62
AYEL01051209.1:4697-4787(-)	86.67
AYEL01071249.1:868-960(-)	89.13
AYEL01064972.1:13670-13761(-)	85.71
AYEL01061692.1:3714-3807(-)	76.34
AYEL01073097.1:7403-7495(-)	81.52
AYEL01037298.1:68336-68418(-)	83.95
AYEL01081416.1:18142-18235(+)	86.02
AYEL01015535.1:45898-45985(+)	86.08
AYEL01045855.1:2954-3047(+)	80.65
AYEL01040413.1:8539-8632(-)	81.72
AYEL01070480.1:39661-39755(-)	83.87
AYEL01091666.1:5349-5437(-)	89.77
AYEL01073384.1:3251-3343(+)	82.61
AYEL01073046.1:12221-12313(-)	83.70
AYEL01084981.1:18729-18815(-)	83.53
AYEL01084287.1:65778-65864(-)	83.53
AYEL01027922.1:729-822(+)	84.95
AYEL01034971.1:31448-31542(+)	88.17
AYEL01082912.1:4334-4425(+)	85.71
AYEL01086142.1:41407-41488(+)	83.75
AYEL01072482.1:66323-66406(-)	87.95
AYEL01085144.1:3417-3510(-)	84.95
AYEL01080434.1:1396-1490(+)	82.80
AYEL01064933.1:17505-17600(-)	82.80
AYEL01085205.1:5266-5359(+)	81.72
AYEL01075435.1:21297-21390(+)	84.95
AYEL01051537.1:7710-7802(-)	89.13
AYEL01072790.1:9069-9161(+)	83.70
AYEL01079398.1:52483-52576(+)	77.42
AYEL01082941.1:1305-1395(+)	85.56
AYEL01091434.1:55191-55277(+)	79.07
AYEL01072886.1:4379-4465(-)	80.23
AYEL01070856.1:19598-19692(+)	82.80
AYEL01066325.1:32666-32759(+)	89.25
AYEL01088105.1:5098-5263(+)	73.46
AYEL01091265.1:63472-63566(+)	83.87
AYEL01072297.1:19518-19611(+)	80.65
AYEL01090660.1:8938-9030(-)	89.13
AYEL01091921.1:39107-39188(+)	83.75
AYEL01027720.1:93979-94057(+)	87.84
AYEL01068851.1:46701-46781(-)	84.81
AYEL01082066.1:606-698(+)	89.13
AYEL01051342.1:10969-11063(-)	84.95
AYEL01075727.1:4838-4924(-)	83.53
AYEL01061378.1:972-1110(-)	76.27
AYEL01025973.1:2150-2232(-)	83.95
AYEL01071107.1:23105-23199(-)	83.87
AYEL01086611.1:850-943(-)	82.80
AYEL01074068.1:6737-6829(-)	83.70
AYEL01078005.1:17942-18034(+)	85.87
AYEL01059671.1:2664-2746(-)	83.95
AYEL01023846.1:9247-9339(-)	83.70
AYEL01087376.1:7265-7358(+)	82.80
AYEL01088263.1:13143-13236(-)	79.57
AYEL01089034.1:78453-78546(-)	87.10
AYEL01079185.1:26323-26412(-)	82.02
AYEL01058011.1:9934-10076(+)	79.84
AYEL01066743.1:52319-52412(-)	83.87
AYEL01058363.1:53996-54088(+)	81.32
AYEL01075029.1:39561-39651(+)	82.02
AYEL01061838.1:7628-7709(+)	83.75
AYEL01075014.1:35680-35773(-)	83.70
AYEL01075656.1:34618-34712(-)	83.87
AYEL01053430.1:59955-60048(-)	82.61
AYEL01064047.1:48599-48691(+)	84.78
AYEL01078984.1:64862-64956(-)	86.02
AYEL01062266.1:69986-70085(-)	83.87
AYEL01085319.1:39546-39639(+)	82.80
AYEL01083040.1:999-1085(-)	83.53
AYEL01046655.1:15468-15629(-)	73.75
AYEL01083823.1:37173-37262(-)	86.52
AYEL01074575.1:58123-58216(-)	83.87
AYEL01089700.1:32850-32932(-)	85.19
AYEL01076955.1:18564-18659(-)	82.80
AYEL01090661.1:3945-4030(-)	81.18
AYEL01039450.1:12634-12736(+)	75.82
AYEL01039246.1:3553-3647(+)	83.87
AYEL01061938.1:9707-9795(-)	89.77
AYEL01087432.1:263399-263492(-)	83.87
AYEL01012480.1:1931-2021(+)	82.02
AYEL01074172.1:6150-6242(+)	85.56
AYEL01083246.1:31092-31185(+)	83.87
AYEL01069180.1:18724-18806(+)	89.02
AYEL01074937.1:6810-6899(+)	81.82
AYEL01054225.1:7248-7341(+)	80.65
AYEL01088549.1:168-262(+)	82.80
AYEL01079204.1:20162-20255(-)	81.72
AYEL01090425.1:262-356(-)	83.87
AYEL01007846.1:974-1068(+)	87.10
AYEL01040565.1:60884-60976(-)	82.61
AYEL01072483.1:43433-43526(-)	84.95
AYEL01081787.1:36223-36316(+)	81.72
AYEL01080485.1:9246-9337(-)	87.78
AYEL01083884.1:1698-1791(-)	87.10
AYEL01071390.1:1557-1650(-)	82.80
AYEL01080189.1:57267-57348(+)	83.75
AYEL01019799.1:63049-63143(-)	83.87
AYEL01087044.1:13660-13741(+)	83.75
AYEL01042009.1:52987-53112(-)	81.67
AYEL01089677.1:29921-30012(-)	81.32
AYEL01054601.1:1857-1950(-)	83.87
AYEL01082217.1:88832-88922(+)	81.11
AYEL01087595.1:11982-12058(+)	85.33
AYEL01083840.1:53966-54058(-)	83.70
AYEL01088554.1:47138-47230(-)	86.96
AYEL01091884.1:47161-47253(-)	84.78
AYEL01046536.1:309-402(+)	82.42
AYEL01090361.1:14131-14223(-)	89.13
AYEL01084116.1:311-404(+)	82.80
AYEL01082278.1:0-75(+)	81.33
AYEL01091088.1:4604-4689(-)	85.88
AYEL01084527.1:17297-17390(+)	83.87
AYEL01081539.1:59471-59553(-)	83.95
AYEL01076620.1:37748-37836(-)	84.09
AYEL01069686.1:21781-21867(-)	83.53
AYEL01078215.1:11443-11539(-)	79.57
AYEL01082454.1:12571-12664(+)	82.80
AYEL01084987.1:17440-17530(+)	81.11
AYEL01089291.1:16982-17075(-)	81.72
AYEL01054829.1:177-271(-)	82.80
AYEL01076484.1:12873-12966(-)	88.17
AYEL01077237.1:9573-9647(-)	83.78
AYEL01068450.1:19373-19467(+)	84.95
AYEL01082848.1:7684-7777(+)	81.52
AYEL01076375.1:41317-41411(-)	79.57
AYEL01085723.1:1490-1583(+)	82.80
AYEL01074860.1:26245-26340(+)	86.02
AYEL01082053.1:105212-105306(+)	83.87
AYEL01068851.1:46449-46531(-)	83.95
AYEL01046103.1:13508-13602(-)	87.10
AYEL01087147.1:29012-29103(+)	87.91
AYEL01083603.1:14554-14647(-)	82.80
AYEL01082119.1:9627-9720(+)	83.87
AYEL01089571.1:23083-23170(+)	85.06
AYEL01054124.1:23021-23115(+)	87.10
AYEL01056837.1:37919-38012(-)	83.87
AYEL01086077.1:16887-16969(-)	84.15
AYEL01088336.1:7525-7669(+)	74.63
AYEL01064539.1:64127-64218(-)	85.71
AYEL01089955.1:8375-8469(-)	86.02
AYEL01051120.1:4962-5052(+)	83.33
AYEL01084463.1:32515-32605(+)	85.56
AYEL01056796.1:15780-15867(+)	85.06
AYEL01083764.1:4707-4800(-)	81.72
AYEL01029379.1:108128-108218(-)	85.56
AYEL01045267.1:2797-2887(+)	86.05
AYEL01040566.1:124482-124575(+)	84.95
AYEL01029913.1:62387-62480(-)	83.87
AYEL01062385.1:30544-30644(-)	92.31
AYEL01070626.1:38194-38284(+)	82.02
AYEL01080605.1:3879-3956(+)	81.16
AYEL01072429.1:13926-14013(+)	79.31
AYEL01075830.1:3313-3405(+)	83.70
AYEL01066842.1:99881-99973(+)	86.96
AYEL01081570.1:5261-5347(+)	81.40
AYEL01082151.1:21344-21436(-)	81.52
AYEL01055517.1:14496-14587(+)	82.42
AYEL01077559.1:79226-79319(-)	83.87
AYEL01073676.1:8496-8577(-)	83.95
AYEL01068625.1:29340-29420(-)	85.00
AYEL01087704.1:75448-75538(+)	85.56
AYEL01072528.1:4286-4364(+)	87.18
AYEL01077685.1:11667-11760(-)	81.72
AYEL01080889.1:10446-10525(+)	87.01
AYEL01060331.1:18316-18410(+)	86.96
AYEL01072991.1:21455-21548(-)	87.10
AYEL01072164.1:62459-62553(+)	88.17
AYEL01075841.1:5504-5595(+)	82.42
AYEL01049451.1:95675-95768(-)	87.10
AYEL01090996.1:22819-22906(-)	84.71
AYEL01087346.1:12166-12258(-)	83.70
AYEL01081161.1:42830-42922(-)	89.13
AYEL01079392.1:25828-25921(+)	83.87
AYEL01074068.1:38476-38564(-)	89.77
AYEL01067548.1:15022-15112(+)	80.00
AYEL01032839.1:10529-10632(-)	66.02
AYEL01067488.1:19183-19277(-)	86.02
AYEL01084215.1:14878-14971(-)	86.02
AYEL01074068.1:38008-38085(-)	80.26
AYEL01091921.1:38991-39085(+)	83.87
AYEL01089445.1:5006-5093(-)	83.91
AYEL01058848.1:24039-24135(+)	85.87
AYEL01058333.1:5861-5954(+)	79.57
AYEL01084287.1:66159-66246(-)	83.91
AYEL01085032.1:1873-1948(-)	86.67
AYEL01074474.1:5755-5848(-)	83.87
AYEL01090490.1:51501-51594(-)	87.10
AYEL01087789.1:52559-52652(-)	79.57
AYEL01074839.1:26995-27088(-)	83.87
AYEL01071958.1:41106-41198(+)	83.52
AYEL01069464.1:12831-12917(-)	83.53
AYEL01031809.1:82594-82686(-)	84.78
AYEL01083913.1:35747-35839(-)	89.13
AYEL01069722.1:48121-48244(-)	83.90
AYEL01065891.1:17392-17479(-)	83.72
AYEL01089869.1:7188-7281(+)	84.95
AYEL01083825.1:30100-30189(+)	81.82
AYEL01078311.1:858-939(-)	85.19
AYEL01063148.1:5692-5782(+)	80.72
AYEL01090706.1:717-811(+)	80.65
AYEL01064702.1:564-652(+)	84.09
AYEL01081836.1:33174-33261(-)	79.31
AYEL01078101.1:9855-9948(-)	84.78
AYEL01087747.1:9770-9913(-)	78.20
AYEL01076901.1:28346-28427(-)	82.72
AYEL01074213.1:8600-8693(+)	84.95
AYEL01007750.1:728-820(-)	89.13
AYEL01078257.1:570-656(-)	83.53
AYEL01058372.1:13744-13836(-)	84.78
AYEL01070066.1:42987-43081(+)	87.10
AYEL01088107.1:42549-42642(-)	84.95
AYEL01083253.1:3963-4055(+)	84.78
AYEL01078311.1:749-835(-)	83.53
AYEL01059513.1:12394-12487(+)	83.87
AYEL01067632.1:9269-9362(-)	84.95
AYEL01072937.1:76277-76355(-)	85.90
AYEL01083352.1:12534-12625(-)	82.42
AYEL01061419.1:28107-28198(-)	79.12
AYEL01086378.1:25109-25200(+)	81.32
AYEL01046572.1:6992-7073(-)	83.95
AYEL01089141.1:26085-26178(+)	83.87
AYEL01089220.1:42074-42160(-)	83.53
AYEL01060009.1:15481-15557(+)	83.33
AYEL01071079.1:24386-24472(-)	83.53
AYEL01075977.1:34637-34731(+)	88.17
AYEL01087406.1:25878-25968(-)	79.78
AYEL01063767.1:106564-106646(+)	78.05
AYEL01086039.1:52120-52200(-)	83.75
AYEL01048312.1:249-339(+)	84.44
AYEL01008732.1:38145-38231(-)	83.53
AYEL01076127.1:6996-7086(+)	82.02
AYEL01086955.1:10558-10652(+)	80.65
AYEL01068625.1:29231-29317(-)	83.53
AYEL01089171.1:4835-4921(+)	86.05
AYEL01060321.1:39463-39555(-)	85.71
AYEL01081641.1:75637-75729(+)	85.87
AYEL01061919.1:6937-7031(+)	83.87
AYEL01057624.1:7004-7095(+)	83.52
AYEL01085040.1:9058-9148(-)	86.67
AYEL01087769.1:247-339(-)	86.96
AYEL01064531.1:24591-24672(+)	83.75
AYEL01075159.1:52123-52209(-)	88.89
AYEL01082605.1:98948-99142(+)	75.77
AYEL01070372.1:46345-46439(-)	84.95
AYEL01053961.1:55857-55944(+)	82.56
AYEL01046536.1:513-594(+)	83.75
AYEL01084869.1:44871-44965(-)	82.80
AYEL01087219.1:6-99(-)	82.80
AYEL01088948.1:13726-13822(-)	86.67
AYEL01061798.1:62006-62099(-)	84.95
AYEL01065891.1:17259-17341(-)	83.95
AYEL01088535.1:9624-9716(-)	83.70
AYEL01034168.1:1979-2076(-)	72.16
AYEL01051850.1:318222-318313(-)	87.91
AYEL01086054.1:1264-1358(+)	84.95
AYEL01053428.1:25035-25127(+)	82.42
AYEL01089968.1:18782-18874(-)	84.71
AYEL01083676.1:99468-99560(-)	83.70
AYEL01072958.1:9408-9502(-)	86.02
AYEL01081057.1:31427-31520(-)	80.65
AYEL01085178.1:22656-22739(-)	84.15
AYEL01074084.1:18365-18458(+)	78.26
AYEL01089808.1:54105-54252(+)	82.64
AYEL01060362.1:18233-18326(+)	84.95
AYEL01023896.1:3587-3720(+)	80.47
AYEL01089458.1:6641-6730(-)	85.39
AYEL01018275.1:5992-6082(-)	86.05
AYEL01055013.1:28025-28115(+)	81.11
AYEL01078998.1:22747-22838(+)	85.56
AYEL01087501.1:43660-43752(+)	76.09
AYEL01005904.1:2015-2105(-)	86.67
AYEL01070121.1:4461-4554(+)	82.42
AYEL01063223.1:50732-50854(+)	81.08
AYEL01047626.1:860-951(+)	74.73
AYEL01077624.1:192-269(+)	81.16
AYEL01051224.1:152-246(+)	84.95
AYEL01076965.1:17325-17415(+)	84.44
AYEL01057716.1:90354-90447(-)	82.80
AYEL01054712.1:28129-28223(-)	80.65
AYEL01088853.1:57414-57516(+)	89.87
AYEL01077517.1:21199-21285(-)	83.53
AYEL01056994.1:30159-30245(-)	80.23
AYEL01080199.1:22863-22952(+)	85.39
AYEL01083227.1:5251-5333(-)	83.95
AYEL01035211.1:20644-20736(-)	89.13
AYEL01077021.1:30194-30335(-)	83.58
AYEL01037210.1:36828-36918(-)	86.67
AYEL01062016.1:27021-27112(-)	81.32
AYEL01068529.1:52093-52187(+)	87.10
AYEL01076178.1:2578-2660(-)	83.95
AYEL01088240.1:394-488(-)	87.10
AYEL01076934.1:72160-72251(+)	83.33
AYEL01088967.1:18842-18933(+)	85.71
AYEL01063773.1:590-683(-)	84.95
AYEL01057832.1:23523-23613(+)	84.44
AYEL01088739.1:560-653(+)	82.80
AYEL01053426.1:94147-94241(+)	83.87
AYEL01062266.1:78244-78332(-)	89.77
AYEL01075946.1:75149-75236(-)	84.88
AYEL01083825.1:30226-30313(+)	86.05
AYEL01069821.1:45665-45759(-)	88.17
AYEL01064329.1:2387-2481(+)	81.72
AYEL01061838.1:7339-7429(+)	83.33
AYEL01077562.1:7449-7541(+)	80.43
AYEL01083583.1:8545-8627(-)	83.95
AYEL01080278.1:10697-10790(+)	86.02
AYEL01057405.1:31504-31596(-)	83.70
AYEL01060277.1:5653-5747(-)	83.87
AYEL01085178.1:22219-22311(-)	89.13
AYEL01067425.1:9674-9767(+)	87.78
AYEL01073951.1:14972-15065(+)	86.02
AYEL01040209.1:20368-20546(-)	76.02
AYEL01049805.1:2513-2602(+)	88.76
AYEL01092387.1:26618-26739(-)	84.35
AYEL01081712.1:43440-43532(-)	81.52
AYEL01090131.1:11775-11868(-)	78.49
AYEL01014950.1:4666-4754(+)	87.34
AYEL01065623.1:49791-49883(+)	81.52
AYEL01076556.1:117165-117256(-)	84.44
AYEL01071294.1:16616-16709(-)	81.72
AYEL01089535.1:39500-39586(-)	83.53
AYEL01072554.1:46001-46094(-)	88.17
AYEL01083761.1:4215-4293(+)	83.33
AYEL01073378.1:14402-14580(-)	76.02
AYEL01021398.1:73962-74048(-)	80.23
AYEL01064786.1:558-651(-)	83.87
AYEL01080740.1:12597-12688(+)	80.00
AYEL01075073.1:148587-148680(+)	83.87
AYEL01053607.1:17513-17606(-)	79.57
AYEL01072967.1:11595-11696(-)	84.95
AYEL01044463.1:2373-2467(-)	84.95
AYEL01090653.1:39411-39503(+)	82.61
AYEL01084554.1:32189-32282(+)	86.02
AYEL01071787.1:46166-46260(+)	86.02
AYEL01077101.1:10853-10975(+)	81.08
AYEL01086039.1:51961-52097(-)	77.86
AYEL01044297.1:28149-28228(-)	84.62
AYEL01086971.1:33367-33460(-)	81.72
AYEL01063604.1:25595-25669(-)	82.43
AYEL01090824.1:53499-53591(+)	80.43
AYEL01088728.1:24221-24311(-)	84.44
AYEL01053543.1:1246-1332(-)	89.53
AYEL01089062.1:20147-20226(-)	82.28
AYEL01090769.1:4981-5074(-)	83.87
AYEL01066317.1:12803-12895(-)	82.61
AYEL01081046.1:80002-80095(-)	84.95
AYEL01045091.1:22311-22516(+)	78.43
AYEL01067509.1:14896-14989(-)	84.78
AYEL01061987.1:31177-31263(-)	83.53
AYEL01084275.1:57306-57399(+)	83.87
AYEL01080469.1:11796-11888(+)	82.61
AYEL01090971.1:52004-52097(-)	84.95
AYEL01087053.1:17318-17457(+)	82.61
AYEL01034746.1:47136-47228(-)	89.13
AYEL01068098.1:30257-30350(+)	81.72
AYEL01086786.1:12571-12663(-)	83.70
AYEL01078098.1:29637-29727(+)	84.81
AYEL01007750.1:822-916(-)	80.65
AYEL01084302.1:4060-4153(-)	83.87
AYEL01084403.1:155-249(+)	86.02
AYEL01064272.1:31177-31267(+)	83.33
AYEL01055745.1:16914-17008(+)	88.17
AYEL01088697.1:15529-15609(-)	76.25
AYEL01088698.1:39608-39683(+)	85.29
AYEL01064124.1:18339-18428(+)	87.64
AYEL01043956.1:2829-2918(+)	85.39
AYEL01086530.1:1846-1941(+)	83.87
AYEL01078299.1:43534-43626(+)	82.61
AYEL01083315.1:32736-32825(-)	82.02
AYEL01071365.1:101988-102082(-)	82.80
AYEL01080560.1:60590-60683(+)	80.65
AYEL01089556.1:8008-8090(-)	83.95
AYEL01073336.1:8136-8229(+)	83.87
AYEL01057359.1:24797-24890(-)	79.57
AYEL01082688.1:17396-17528(-)	80.33
AYEL01045385.1:1471-1555(-)	84.52
AYEL01071962.1:1160-1253(-)	84.95
AYEL01090935.1:1030-1235(+)	73.66
AYEL01069236.1:8965-9055(+)	84.44
AYEL01062016.1:26817-26909(-)	89.13
AYEL01087516.1:27496-27589(-)	83.87
AYEL01087819.1:7949-8043(-)	81.72
AYEL01071179.1:109435-109517(-)	84.15
AYEL01052374.1:1363-1456(+)	83.87
AYEL01076720.1:8693-8786(+)	84.95
AYEL01072068.1:32714-32808(-)	81.72
AYEL01086296.1:4431-4511(-)	86.25
AYEL01053794.1:7993-8085(-)	81.52
AYEL01082089.1:171-265(-)	83.87
AYEL01083460.1:2640-2733(+)	81.72
AYEL01046751.1:3672-3765(+)	88.17
AYEL01015941.1:4369-4490(-)	84.35
AYEL01051380.1:34524-34615(+)	87.95
AYEL01091842.1:6535-6627(-)	83.70
AYEL01091602.1:9400-9481(+)	83.75
AYEL01038993.1:6429-6523(+)	89.25
AYEL01073378.1:14603-14682(-)	86.08
AYEL01054863.1:37206-37300(+)	80.65
AYEL01056795.1:819-907(+)	84.09
AYEL01072164.1:55642-55722(-)	83.75
AYEL01066611.1:75515-75609(-)	86.02
AYEL01078308.1:479-558(-)	82.28
AYEL01026812.1:16733-16827(+)	82.61
AYEL01015130.1:1399-1489(-)	85.56
AYEL01058289.1:50531-50611(-)	85.00
AYEL01087225.1:13138-13230(-)	89.13
AYEL01068288.1:2024-2116(-)	82.61
AYEL01079741.1:14261-14354(-)	83.70
AYEL01069198.1:18275-18367(-)	82.61
AYEL01081768.1:19766-19858(-)	89.13
AYEL01013604.1:257-348(-)	83.33
AYEL01070918.1:8375-8465(+)	84.44
AYEL01045015.1:13095-13181(+)	88.24
AYEL01069700.1:294480-294570(-)	81.11
AYEL01072178.1:7436-7529(-)	82.80
AYEL01086079.1:427-517(+)	86.76
AYEL01068638.1:18901-18994(+)	84.81
AYEL01078484.1:42504-42598(-)	81.72
AYEL01054069.1:13495-13588(-)	84.95
AYEL01075684.1:23065-23156(-)	82.22
AYEL01081559.1:11687-11767(-)	83.75
AYEL01083096.1:21417-21506(-)	82.02
AYEL01069347.1:2182-2278(-)	88.17
AYEL01053797.1:78387-78477(-)	83.33
AYEL01056918.1:13198-13292(+)	81.72
AYEL01072060.1:52950-53040(-)	84.44
AYEL01087719.1:31350-31440(-)	78.89
AYEL01061848.1:1758-1852(-)	84.95
AYEL01089098.1:3791-3987(+)	75.16
AYEL01003877.1:28613-28704(+)	84.62
AYEL01051884.1:67079-67171(+)	78.26
AYEL01063525.1:18327-18419(+)	84.78
AYEL01085947.1:12895-12987(-)	89.13
AYEL01084486.1:16959-17041(-)	83.95
AYEL01091128.1:69481-69570(-)	85.39
AYEL01078855.1:11578-11669(+)	89.01
AYEL01091438.1:1254-1330(-)	81.58
AYEL01088513.1:186-275(+)	85.39
AYEL01086228.1:27302-27393(+)	83.52
AYEL01082702.1:4284-4370(-)	83.53
AYEL01029853.1:449-531(-)	81.71
AYEL01065383.1:1847-1940(+)	84.95
AYEL01071132.1:19027-19120(-)	84.95
AYEL01065755.1:56197-56288(-)	78.02
AYEL01078090.1:788-874(-)	83.53
AYEL01085316.1:24521-24607(-)	83.53
AYEL01026503.1:47698-47796(-)	86.96
AYEL01058807.1:2449-2570(-)	84.35
AYEL01090963.1:29133-29213(-)	83.75
AYEL01068625.1:32813-32906(-)	83.87
AYEL01089543.1:2122-2215(+)	86.02
AYEL01080180.1:12692-12787(+)	83.87
AYEL01087120.1:45918-46011(-)	83.87
AYEL01067532.1:107415-107509(-)	83.87
AYEL01038776.1:16351-16441(+)	86.67
AYEL01058451.1:13022-13122(-)	69.89
AYEL01057164.1:30994-31121(-)	82.50
AYEL01072886.1:4218-4299(-)	81.48
AYEL01082739.1:14575-14669(+)	86.02
AYEL01084863.1:114765-114858(-)	87.10
AYEL01049777.1:50934-51027(-)	84.95
AYEL01087802.1:47812-47904(+)	81.32
AYEL01070907.1:11438-11525(+)	83.72
AYEL01088818.1:4776-4858(-)	83.95
AYEL01080170.1:46973-47051(-)	83.56
AYEL01017211.1:13567-13657(+)	82.22
AYEL01080957.1:2783-2874(-)	84.62
AYEL01082909.1:7255-7340(-)	88.24
AYEL01072164.1:55261-55343(-)	83.95
AYEL01080491.1:12939-13034(-)	83.87
AYEL01082616.1:10000-10131(-)	85.22
AYEL01071176.1:28889-28981(-)	82.61
AYEL01080123.1:21721-21865(+)	77.61
AYEL01077064.1:25852-25945(+)	89.25
AYEL01083200.1:18108-18200(-)	81.52
AYEL01078257.1:679-761(-)	85.19
AYEL01081723.1:23920-24010(-)	82.22
AYEL01074117.1:51347-51441(-)	84.95
AYEL01072164.1:54966-55058(-)	89.13
AYEL01091239.1:65055-65148(+)	81.72
AYEL01060374.1:10841-10933(-)	89.13
AYEL01078320.1:72330-72423(-)	86.02
AYEL01070228.1:13630-13721(+)	84.62
AYEL01085124.1:40426-40500(-)	80.82
AYEL01039030.1:82-176(+)	88.17
AYEL01037355.1:0-91(+)	76.92
AYEL01091007.1:5494-5649(+)	81.32
AYEL01068833.1:27291-27433(-)	79.51
AYEL01081459.1:6408-6491(-)	84.34
AYEL01061157.1:36214-36304(-)	85.39
AYEL01072866.1:124841-124923(-)	83.95
AYEL01053857.1:84214-84307(-)	84.95
AYEL01051118.1:26161-26253(+)	89.13
AYEL01080094.1:60517-60611(+)	81.72
AYEL01091875.1:72118-72199(+)	83.75
AYEL01086736.1:13086-13177(-)	85.71
AYEL01084463.1:131909-132002(+)	82.80
AYEL01070879.1:248-337(+)	81.82
AYEL01082798.1:7887-7981(-)	84.95
AYEL01074474.1:5661-5753(-)	89.13
AYEL01081474.1:23106-23199(-)	86.02
AYEL01083652.1:11646-11739(-)	82.80
AYEL01090963.1:56957-57051(+)	84.95
AYEL01086367.1:1657-1755(-)	84.95
AYEL01030849.1:15310-15401(+)	82.42
AYEL01077916.1:44107-44198(-)	85.71
AYEL01076566.1:31011-31099(-)	85.23
AYEL01057111.1:12857-12953(+)	86.02
AYEL01073673.1:17128-17211(+)	93.88
AYEL01074088.1:5525-5617(-)	81.32
AYEL01088745.1:28640-28733(+)	86.02
AYEL01079058.1:8723-8818(+)	82.02
AYEL01084120.1:81152-81242(+)	85.56
AYEL01072164.1:55533-55619(-)	83.53
AYEL01088697.1:48467-48559(-)	89.13
AYEL01088055.1:9395-9489(+)	82.61
AYEL01091660.1:50641-50733(-)	82.61
AYEL01056466.1:8774-8866(-)	89.13
AYEL01050587.1:17730-17821(-)	75.82
AYEL01062971.1:7142-7235(+)	82.80
AYEL01090260.1:49148-49242(+)	83.87
AYEL01074637.1:8430-8537(+)	84.95
AYEL01063068.1:695-787(+)	82.61
AYEL01058807.1:2593-2674(-)	83.75
AYEL01086000.1:38482-38575(-)	82.80
AYEL01072760.1:10886-10980(-)	86.02
AYEL01089091.1:61346-61438(-)	89.13
AYEL01078257.1:0-86(-)	81.40
AYEL01080016.1:39060-39154(+)	86.02
AYEL01089461.1:5438-5531(-)	79.57
AYEL01087825.1:30718-30841(-)	83.62
AYEL01070177.1:9576-9668(-)	82.61
AYEL01052363.1:48037-48133(+)	82.80
AYEL01086864.1:111165-111258(+)	81.72
AYEL01067661.1:51694-51784(-)	84.44
AYEL01073332.1:11412-11504(-)	89.13
AYEL01016912.1:11654-11747(+)	81.72
AYEL01064581.1:10759-10851(-)	83.70
AYEL01065891.1:16756-16848(-)	89.13
AYEL01070749.1:4409-4485(+)	85.33
AYEL01037298.1:68227-68313(-)	83.53
AYEL01057090.1:7213-7306(-)	84.78
AYEL01062206.1:31354-31447(+)	81.72
AYEL01088895.1:6810-6900(-)	78.89
AYEL01076155.1:7425-7546(-)	84.35
AYEL01066574.1:201699-201792(+)	86.02
AYEL01011889.1:14677-14771(+)	80.65
AYEL01067044.1:10641-10735(+)	89.25
AYEL01091268.1:18275-18369(+)	87.10
AYEL01033720.1:16632-16724(+)	77.78
AYEL01072194.1:26698-26791(-)	86.02
AYEL01077255.1:53647-53740(-)	81.52
AYEL01069530.1:10147-10240(+)	82.80
AYEL01090215.1:33096-33177(+)	83.75
AYEL01087958.1:16709-16798(+)	84.27
AYEL01021527.1:5-104(+)	85.87
AYEL01065426.1:25588-25684(+)	86.02
AYEL01081699.1:27110-27196(-)	83.53
AYEL01083099.1:10694-10775(+)	85.00
AYEL01076400.1:17699-17840(+)	78.46
AYEL01054837.1:31544-31638(-)	87.10
AYEL01076723.1:4231-4323(-)	83.70
AYEL01075470.1:1897-1987(-)	85.56
AYEL01020184.1:1086-1175(+)	81.82
AYEL01091265.1:23142-23234(-)	82.61
AYEL01076121.1:91193-91287(+)	84.95
AYEL01079949.1:75849-75940(-)	86.67
AYEL01071404.1:1735-1858(-)	82.05
AYEL01063788.1:92320-92405(+)	77.65
AYEL01082859.1:13822-13915(-)	82.80
AYEL01064539.1:40257-40347(+)	88.89
AYEL01083554.1:6693-6786(+)	86.02
AYEL01066212.1:5906-5999(+)	83.87
AYEL01049599.1:4345-4434(-)	86.52
AYEL01085846.1:19558-19650(-)	83.70
AYEL01037360.1:35-129(-)	80.65
AYEL01056066.1:50405-50497(-)	85.87
AYEL01085500.1:2091-2184(-)	83.87
AYEL01085562.1:13008-13099(+)	84.62
AYEL01075137.1:19866-19958(+)	84.78
AYEL01091132.1:5065-5153(+)	77.22
AYEL01056872.1:17138-17229(+)	81.32
AYEL01022292.1:84942-85035(-)	80.65
AYEL01091943.1:33852-33941(+)	88.68
AYEL01065984.1:4026-4118(+)	78.26
AYEL01059421.1:7416-7503(+)	83.72
AYEL01079303.1:18912-19005(+)	84.78
AYEL01038071.1:24189-24278(+)	89.89
AYEL01067197.1:447-540(-)	82.80
AYEL01082685.1:3431-3525(-)	82.80
AYEL01087299.1:21837-21927(-)	86.67
AYEL01067721.1:556-646(+)	87.78
AYEL01053797.1:54482-54576(-)	82.80
AYEL01031365.1:19682-19768(-)	83.53
AYEL01061797.1:16861-16954(-)	83.87
AYEL01075653.1:3090-3178(+)	82.95
AYEL01056615.1:26896-26993(-)	82.80
AYEL01080674.1:21421-21512(+)	79.12
AYEL01056994.1:29716-29798(-)	83.95
AYEL01085111.1:15615-15692(+)	84.06
AYEL01073539.1:28743-28825(-)	83.95
AYEL01017926.1:15-108(-)	81.72
AYEL01089893.1:10240-10328(+)	82.95
AYEL01036770.1:1111-1199(-)	82.95
AYEL01076934.1:27671-27764(-)	86.02
AYEL01080915.1:35830-35923(+)	86.02
AYEL01047787.1:1145-1238(+)	83.87
AYEL01047202.1:1962-2045(+)	78.31
AYEL01060933.1:34974-35066(+)	79.35
AYEL01033158.1:522-614(-)	89.13
AYEL01030849.1:22060-22153(+)	81.72
AYEL01077261.1:8340-8470(+)	81.08
AYEL01090127.1:23850-23942(-)	89.13
AYEL01064870.1:25524-25615(+)	80.22
AYEL01082348.1:3063-3156(-)	83.87
AYEL01081937.1:715-809(-)	81.72
AYEL01064937.1:2978-3113(-)	81.06
AYEL01087099.1:41490-41584(-)	82.80
AYEL01063148.1:694-794(+)	81.72
AYEL01079549.1:50798-50888(-)	80.00
AYEL01018507.1:38572-38665(+)	86.02
AYEL01089724.1:7871-7964(+)	81.72
AYEL01089845.1:80026-80108(-)	83.95
AYEL01089112.1:50506-50597(+)	81.32
AYEL01064767.1:35614-35707(+)	83.87
AYEL01088621.1:2545-2638(-)	83.70
AYEL01083120.1:15523-15615(-)	89.01
AYEL01061988.1:865-967(-)	86.02
AYEL01077066.1:78280-78368(+)	81.82
AYEL01090190.1:4185-4278(+)	87.10
AYEL01032494.1:17189-17282(+)	82.80
AYEL01072690.1:1091-1173(-)	83.95
AYEL01065596.1:5573-5666(-)	89.25
AYEL01062487.1:3798-3889(+)	82.42
AYEL01014021.1:73663-73750(+)	80.46
AYEL01061186.1:6338-6432(-)	81.72
AYEL01079748.1:25835-25925(-)	85.56
AYEL01079016.1:5458-5550(+)	80.43
AYEL01069093.1:1496-1587(-)	79.12
AYEL01090243.1:34809-34902(+)	80.65
AYEL01072667.1:27922-28012(+)	85.56
AYEL01051851.1:6311-6404(-)	84.95
AYEL01080555.1:30738-30830(-)	80.43
AYEL01082285.1:35989-36075(-)	80.23
AYEL01089984.1:8531-8623(-)	89.13
AYEL01077817.1:142561-142654(-)	81.72
AYEL01073533.1:3532-3623(+)	84.29
AYEL01052955.1:3584-3677(+)	87.10
AYEL01071178.1:45281-45373(-)	84.78
AYEL01076438.1:15962-16118(+)	74.36
AYEL01062752.1:20839-20929(+)	82.22
AYEL01080762.1:36951-37043(+)	88.04
AYEL01091339.1:811-904(-)	80.65
AYEL01080586.1:29144-29232(+)	82.95
AYEL01031366.1:568-658(+)	84.44
AYEL01076835.1:25134-25227(+)	86.02
AYEL01069461.1:1147-1247(+)	83.87
AYEL01092323.1:18795-18992(+)	79.26
AYEL01074591.1:1638-1730(+)	85.87
AYEL01071165.1:18056-18137(+)	83.75
AYEL01078110.1:6599-6690(-)	83.52
AYEL01090678.1:4561-4806(+)	75.86
AYEL01032847.1:21372-21461(-)	80.90
AYEL01077574.1:18915-19009(+)	88.17
AYEL01091516.1:37795-37886(+)	84.62
AYEL01036951.1:211-293(+)	85.71
AYEL01060641.1:11415-11505(+)	80.00
AYEL01081497.1:27293-27375(-)	83.95
AYEL01088227.1:20657-20748(+)	83.52
AYEL01039168.1:15469-15558(+)	81.82
AYEL01081712.1:17227-17303(+)	80.26
AYEL01091665.1:942-1036(+)	83.87
AYEL01084055.1:170-263(-)	81.72
AYEL01068482.1:31776-31866(+)	83.15
AYEL01070020.1:29862-29944(-)	83.95
AYEL01065281.1:23524-23615(-)	83.52
AYEL01078339.1:17609-17702(+)	84.95
AYEL01051115.1:2018-2108(+)	82.02
AYEL01077674.1:5069-5162(-)	83.87
AYEL01056953.1:45561-45640(+)	83.54
AYEL01083752.1:27297-27389(+)	84.62
AYEL01086465.1:30995-31083(-)	87.50
AYEL01068250.1:220-322(+)	81.33
AYEL01060315.1:7654-7747(+)	83.87
AYEL01063081.1:9696-9789(-)	84.95
AYEL01087734.1:28014-28107(+)	81.72
AYEL01082369.1:28170-28263(+)	86.96
AYEL01069303.1:39216-39318(-)	84.95
AYEL01053584.1:62139-62229(-)	83.33
AYEL01081297.1:185-279(+)	83.87
AYEL01087406.1:25735-25827(-)	89.13
AYEL01061754.1:1390-1479(-)	84.27
AYEL01050751.1:10816-10891(-)	88.00
AYEL01079802.1:21811-21903(-)	79.35
AYEL01015262.1:831-908(+)	81.82
AYEL01069529.1:77031-77119(-)	89.77
AYEL01086840.1:59385-59478(+)	82.80
AYEL01053961.1:55729-55823(+)	83.87
AYEL01071466.1:9457-9550(-)	83.87
AYEL01061891.1:11877-11998(-)	84.35
AYEL01040209.1:18524-18618(-)	83.87
AYEL01073914.1:12670-12760(-)	83.33
AYEL01086326.1:13545-13640(-)	80.43
AYEL01081981.1:23224-23313(+)	81.82
AYEL01075168.1:10529-10621(-)	89.13
AYEL01069304.1:32455-32547(+)	84.78
AYEL01081251.1:61910-61998(+)	82.95
AYEL01075354.1:7202-7295(-)	79.57
AYEL01070368.1:34580-34688(+)	87.10
AYEL01035846.1:52066-52159(+)	83.87
AYEL01066146.1:13195-13286(+)	85.71
AYEL01048039.1:4228-4318(+)	87.78
AYEL01055404.1:48628-48721(-)	84.95
AYEL01083305.1:1124-1218(-)	81.72
AYEL01068977.1:1470-1563(+)	86.02
AYEL01075910.1:1721-1814(-)	87.10
AYEL01069600.1:5019-5113(+)	82.80
AYEL01088126.1:23021-23111(-)	84.44
AYEL01085729.1:3915-4086(-)	73.53
AYEL01076630.1:43997-44091(-)	84.95
AYEL01090191.1:16072-16165(+)	81.72
AYEL01090631.1:3284-3378(+)	82.80
AYEL01027445.1:23-117(-)	81.72
AYEL01073332.1:42808-42899(+)	84.62
AYEL01062328.1:2756-2850(-)	80.65
AYEL01076476.1:13902-13996(+)	87.10
AYEL01033647.1:14812-14905(-)	87.10
AYEL01065038.1:5949-6026(+)	83.12
AYEL01063201.1:54706-54787(+)	83.75
AYEL01043825.1:2380-2454(-)	80.30
AYEL01070749.1:4230-4319(+)	81.82
AYEL01069916.1:8979-9073(-)	82.80
AYEL01062921.1:3977-4064(+)	83.91
AYEL01077317.1:14017-14109(+)	85.87
AYEL01060893.1:2669-2761(+)	85.87
AYEL01071824.1:318-400(-)	83.95
AYEL01017534.1:1303-1391(-)	89.77
AYEL01080653.1:6295-6388(-)	82.80
AYEL01069166.1:18920-19013(-)	84.95
AYEL01085989.1:4448-4542(+)	86.02
AYEL01088294.1:117143-117281(-)	77.78
AYEL01067857.1:15656-15749(+)	84.95
AYEL01081833.1:12544-12637(-)	87.10
AYEL01087322.1:133320-133413(+)	83.87
AYEL01045255.1:5033-5126(+)	86.02
AYEL01090592.1:7391-7484(-)	87.91
AYEL01085178.1:22514-22596(-)	83.95
AYEL01064299.1:3211-3285(-)	82.43
AYEL01077859.1:11291-11385(-)	86.02
AYEL01073989.1:16275-16364(-)	83.15
AYEL01090910.1:8285-8378(+)	83.87
AYEL01085121.1:24316-24406(-)	80.00
AYEL01090232.1:2032-2125(+)	86.02
AYEL01054908.1:7568-7662(-)	83.87
AYEL01010070.1:15997-16086(-)	82.02
AYEL01080844.1:78423-78515(-)	89.13
AYEL01083223.1:7051-7128(+)	83.12
AYEL01035464.1:15587-15681(+)	80.65
AYEL01073676.1:12588-12677(+)	80.68
AYEL01056994.1:30005-30087(-)	83.95
AYEL01071367.1:8731-8824(-)	81.72
AYEL01084747.1:12127-12207(-)	83.75
AYEL01054908.1:19003-19096(+)	83.87
AYEL01084300.1:3782-3875(+)	84.95
AYEL01073083.1:1414-1495(+)	83.75
AYEL01072631.1:1821-1940(-)	83.33
AYEL01089220.1:35885-35977(-)	78.26
AYEL01092354.1:2638-2725(-)	85.06
AYEL01061456.1:13974-14067(+)	82.80
AYEL01064302.1:46161-46242(+)	83.95
AYEL01051762.1:891-985(+)	84.95
AYEL01087789.1:4840-4922(-)	76.83
AYEL01047907.1:6380-6577(+)	83.52
AYEL01083246.1:47432-47520(-)	89.77
AYEL01086093.1:431-524(+)	80.65
AYEL01086202.1:1855-1946(+)	83.54
AYEL01090361.1:14474-14556(-)	83.95
AYEL01079293.1:4625-4715(-)	84.44
AYEL01087533.1:21415-21507(-)	80.43
AYEL01072752.1:40099-40220(-)	81.36
AYEL01059031.1:45601-45693(+)	82.61
AYEL01066534.1:29130-29219(-)	82.02
AYEL01072311.1:20463-20556(+)	79.57
AYEL01076127.1:0-87(+)	80.23
AYEL01088976.1:169-259(-)	86.67
AYEL01078217.1:14924-15017(-)	82.80
AYEL01067722.1:1906-1996(+)	87.78
AYEL01037298.1:27232-27325(+)	82.80
AYEL01053399.1:53692-53785(-)	85.71
AYEL01065245.1:28157-28251(-)	83.87
AYEL01057069.1:22937-23027(-)	83.15
AYEL01080011.1:3075-3169(-)	82.80
AYEL01075253.1:55669-55749(-)	83.75
AYEL01069674.1:10828-10921(-)	78.49
AYEL01087072.1:3342-3423(-)	82.72
AYEL01076452.1:28203-28281(+)	89.74
AYEL01063529.1:49943-50033(-)	82.22
AYEL01059608.1:1721-1813(-)	84.78
AYEL01075968.1:19671-19756(-)	85.71
AYEL01072567.1:25236-25317(+)	83.75
AYEL01083053.1:32735-32826(+)	83.52
AYEL01043219.1:2189-2266(-)	80.52
AYEL01058384.1:12160-12253(-)	87.10
AYEL01060995.1:6540-6634(+)	84.95
AYEL01052518.1:55677-55771(+)	80.65
AYEL01077195.1:1612-1794(-)	78.36
AYEL01085911.1:1701-1782(+)	83.75
AYEL01060863.1:1257-1349(-)	85.87
AYEL01085373.1:2331-2424(+)	87.10
AYEL01075244.1:6152-6246(-)	83.87
AYEL01077837.1:26750-26840(-)	83.15
AYEL01032752.1:1347-1438(+)	80.22
AYEL01077261.1:8163-8252(+)	81.82
AYEL01054634.1:50199-50293(-)	84.95
AYEL01039246.1:6328-6413(-)	85.71
AYEL01057399.1:29148-29241(+)	84.95
AYEL01086967.1:35370-35462(-)	89.13
AYEL01081250.1:945-1035(-)	82.22
AYEL01091541.1:14530-14622(-)	83.70
AYEL01057320.1:12234-12325(-)	82.42
AYEL01078608.1:84233-84314(+)	83.75
AYEL01022788.1:10607-10687(-)	76.25
AYEL01080111.1:37358-37451(-)	86.02
AYEL01072074.1:1463-1554(-)	82.22
AYEL01088380.1:47057-47149(+)	83.70
AYEL01062054.1:34859-34947(+)	85.90
AYEL01067486.1:45487-45641(+)	84.44
AYEL01082403.1:1217-1309(+)	83.70
AYEL01064743.1:33186-33278(+)	85.87
AYEL01067597.1:747-840(+)	83.87
AYEL01069787.1:6551-6641(-)	84.44
AYEL01089151.1:13912-13994(-)	83.95
AYEL01061157.1:54926-55024(+)	72.04
AYEL01078827.1:71451-71545(-)	79.57
AYEL01055265.1:10188-10282(-)	82.80
AYEL01069657.1:6041-6134(-)	86.02
AYEL01087829.1:11583-11664(-)	82.72
AYEL01079024.1:47955-48048(-)	79.57
AYEL01022874.1:962-1044(-)	83.95
AYEL01055329.1:23121-23206(+)	81.18
AYEL01084016.1:12871-12949(-)	87.04
AYEL01076082.1:10221-10314(+)	83.87
AYEL01068750.1:18358-18451(+)	82.80
AYEL01082644.1:41417-41510(-)	80.65
AYEL01082583.1:1478-1560(-)	83.95
AYEL01075419.1:70-163(+)	85.87
AYEL01082933.1:5756-5850(-)	87.10
AYEL01090468.1:20319-20400(+)	83.75
AYEL01053707.1:11322-11413(-)	85.71
AYEL01087778.1:10854-10943(+)	85.39
AYEL01090996.1:22929-23009(-)	85.00
AYEL01088852.1:61707-61803(-)	90.24
AYEL01090138.1:55206-55283(+)	84.06
AYEL01027364.1:58717-58808(-)	84.44
AYEL01089330.1:25175-25266(-)	85.56
AYEL01088136.1:9449-9542(-)	84.78
AYEL01074088.1:1171-1258(-)	85.06
AYEL01051850.1:15146-15239(-)	79.57
AYEL01090784.1:34888-34982(+)	86.96
AYEL01048645.1:16898-16990(-)	89.13
AYEL01073989.1:17988-18081(+)	80.65
AYEL01048644.1:1709-1802(+)	81.72
AYEL01049585.1:183-275(-)	88.04
AYEL01067420.1:4131-4219(-)	89.77
AYEL01044954.1:676-762(-)	83.53
AYEL01076210.1:7946-8020(-)	86.11
AYEL01070085.1:25058-25138(-)	84.13
AYEL01052483.1:79795-79888(+)	83.87
AYEL01052397.1:3269-3362(+)	87.10
AYEL01089320.1:16905-16996(+)	83.52
AYEL01069464.1:12940-13020(-)	85.00
AYEL01090807.1:11476-11566(+)	85.56
AYEL01072237.1:19268-19358(-)	84.44
AYEL01076105.1:6496-6586(+)	88.89
AYEL01054696.1:5472-5566(+)	84.95
AYEL01036833.1:283-376(-)	86.02
AYEL01082018.1:6950-7038(-)	78.41
AYEL01083375.1:556-649(+)	80.65
AYEL01042784.1:7977-8065(-)	89.77
AYEL01048645.1:18250-18325(-)	84.00
AYEL01038421.1:5015-5100(+)	82.93
AYEL01044186.1:14804-14885(-)	85.00
AYEL01055745.1:7464-7553(-)	85.39
AYEL01019801.1:355-430(-)	81.33
AYEL01049162.1:56993-57086(-)	82.61
AYEL01082770.1:6699-6781(-)	80.49
AYEL01030936.1:12038-12120(-)	83.95
AYEL01076695.1:22497-22590(-)	81.72
AYEL01054827.1:34131-34213(-)	83.95
AYEL01078869.1:15830-15905(+)	81.33
AYEL01060243.1:28608-28701(-)	81.72
AYEL01088303.1:31977-32052(+)	84.00
AYEL01070459.1:15221-15315(+)	87.10
AYEL01090490.1:38283-38376(+)	82.80
AYEL01084694.1:13819-13912(+)	86.02
AYEL01084385.1:1481-1574(+)	84.95
AYEL01076984.1:27904-27996(-)	80.00
AYEL01068234.1:117244-117330(-)	83.53
AYEL01055265.1:6624-6717(+)	82.61
AYEL01070363.1:1108-1187(-)	82.28
AYEL01017534.1:2399-2485(-)	83.53
AYEL01087501.1:43943-44035(+)	76.09
AYEL01052516.1:38100-38190(+)	81.11
AYEL01063705.1:36488-36580(+)	85.87
AYEL01076384.1:89718-89801(+)	81.40
AYEL01083699.1:7779-7872(-)	86.02
AYEL01070524.1:11782-11876(-)	86.02
AYEL01070218.1:70870-70952(-)	86.42
AYEL01074469.1:21144-21238(+)	83.87
AYEL01070136.1:9528-9623(-)	84.95
AYEL01087758.1:12511-12604(+)	87.10
AYEL01061314.1:17677-17767(+)	80.00
AYEL01058892.1:43264-43358(+)	86.02
AYEL01083580.1:21085-21178(+)	77.42
AYEL01072009.1:8489-8582(-)	88.04
AYEL01060253.1:22198-22287(+)	81.82
AYEL01078898.1:18527-18601(-)	79.73
AYEL01057106.1:10100-10190(-)	82.22
AYEL01069996.1:29650-29743(-)	83.87
AYEL01068234.1:116863-116949(-)	83.53
AYEL01069831.1:8860-8954(-)	84.95
AYEL01059723.1:13451-13544(-)	87.10
AYEL01085442.1:19564-19657(-)	84.95
AYEL01066813.1:2132-2221(-)	82.02
AYEL01067157.1:5229-5428(+)	81.52
AYEL01085312.1:2416-2508(+)	81.52
AYEL01064503.1:27523-27610(-)	79.31
AYEL01075122.1:1936-2026(+)	87.78
AYEL01075815.1:937-1030(+)	83.87
AYEL01080031.1:87766-87859(+)	84.95
AYEL01052631.1:4982-5075(-)	82.80
AYEL01002570.1:12396-12487(-)	86.81
AYEL01029288.1:67222-67310(-)	82.95
AYEL01067827.1:49985-50073(-)	85.23
AYEL01082549.1:21449-21528(+)	84.81
AYEL01058609.1:19987-20079(-)	81.52
AYEL01068639.1:4175-4269(+)	83.87
AYEL01064005.1:24349-24442(-)	78.49
AYEL01068920.1:131825-131920(+)	83.87
AYEL01061891.1:12021-12101(-)	83.75
AYEL01091721.1:56511-56601(-)	83.33
AYEL01088853.1:3257-3350(-)	84.95
AYEL01075357.1:7780-7870(+)	82.22
AYEL01085772.1:38343-38432(+)	81.82
AYEL01090509.1:44361-44455(-)	87.10
AYEL01081280.1:1407-1497(+)	82.02
AYEL01071865.1:14629-14727(-)	84.95
AYEL01081134.1:75136-75229(-)	83.87
AYEL01048645.1:17574-17666(-)	89.13
AYEL01034098.1:16122-16214(-)	89.13
AYEL01080242.1:70727-70807(-)	82.50
AYEL01083913.1:36042-36124(-)	83.95
AYEL01084892.1:19667-19761(-)	80.65
AYEL01077442.1:12230-12323(+)	83.87
AYEL01027364.1:58831-58911(-)	83.75
AYEL01091007.1:43293-43386(-)	83.70
AYEL01056918.1:12941-13034(+)	87.10
AYEL01063737.1:31175-31268(+)	82.80
AYEL01087702.1:25642-25735(-)	86.02
AYEL01079339.1:18293-18386(+)	81.72
AYEL01072034.1:541-663(+)	81.08
AYEL01085584.1:64215-64308(-)	83.87
AYEL01091096.1:36657-36745(+)	82.95
AYEL01063403.1:68431-68523(-)	83.70
AYEL01065264.1:14739-14831(-)	83.70
AYEL01071588.1:25343-25436(+)	84.95
AYEL01066153.1:31330-31422(-)	85.71
AYEL01078237.1:145986-146079(-)	86.02
AYEL01076507.1:93181-93273(+)	84.78
AYEL01027838.1:496-575(-)	84.81
AYEL01060551.1:60345-60435(-)	81.11
AYEL01076901.1:49922-50014(-)	89.13
AYEL01068811.1:21200-21293(-)	82.80
AYEL01089556.1:7899-7985(-)	83.53
AYEL01044095.1:13357-13438(+)	83.75
AYEL01068350.1:24949-25038(-)	87.64
AYEL01088004.1:25007-25097(-)	86.52
AYEL01062742.1:46807-46899(-)	89.13
AYEL01037298.1:67894-67980(-)	83.53
AYEL01074507.1:7043-7136(-)	87.10
AYEL01075949.1:8834-8928(-)	84.78
AYEL01086558.1:3080-3156(+)	85.53
AYEL01067725.1:126662-126755(-)	81.72
AYEL01065931.1:848-935(-)	83.91
AYEL01090903.1:22270-22362(+)	85.87
AYEL01084114.1:9146-9240(-)	82.80
AYEL01057069.1:53270-53356(-)	83.53
AYEL01045732.1:91433-91523(+)	81.11
AYEL01077243.1:75844-75937(-)	82.80
AYEL01029121.1:42472-42554(-)	83.95
AYEL01065608.1:15215-15308(-)	80.65
AYEL01021073.1:4826-4919(-)	76.34
AYEL01076994.1:4075-4168(+)	87.10
AYEL01068571.1:90723-90817(+)	86.02
AYEL01037771.1:6908-6997(+)	82.02
AYEL01084320.1:29634-29718(-)	81.94
AYEL01069639.1:41176-41270(-)	83.10
AYEL01087131.1:5791-5877(+)	84.88
AYEL01071365.1:119002-119083(+)	83.75
AYEL01077219.1:2301-2390(+)	83.15
AYEL01087631.1:5280-5373(-)	87.10
AYEL01090807.1:12783-12875(+)	82.61
AYEL01090017.1:37101-37193(-)	83.70
AYEL01074562.1:59853-59944(+)	86.81
AYEL01080692.1:20472-20566(-)	86.02
AYEL01075899.1:11211-11304(+)	82.80
AYEL01084695.1:40387-40509(+)	81.08
AYEL01071427.1:431-526(-)	83.70
AYEL01082393.1:3874-3963(-)	87.64
AYEL01078553.1:72058-72148(-)	87.78
AYEL01091161.1:2681-2758(+)	85.51
AYEL01080542.1:8473-8566(+)	81.72
AYEL01070604.1:15353-15445(+)	84.62
AYEL01061209.1:565-658(-)	80.65
AYEL01038918.1:2057-2148(-)	81.32
AYEL01060636.1:43833-43926(+)	88.17
AYEL01087881.1:10165-10259(-)	83.87
AYEL01061905.1:33362-33454(+)	84.78
AYEL01055347.1:3156-3250(-)	87.10
AYEL01088242.1:24541-24633(-)	82.61
AYEL01029121.1:41982-42068(-)	83.53
AYEL01071038.1:18137-18230(+)	80.65
AYEL01082885.1:2880-2973(-)	78.49
AYEL01050805.1:37003-37096(-)	84.95
AYEL01088193.1:38714-38807(+)	80.43
AYEL01026724.1:83763-83857(-)	82.80
AYEL01080023.1:18465-18547(-)	83.95
AYEL01081046.1:26125-26218(+)	86.02
AYEL01073128.1:7814-7901(-)	83.91
AYEL01052383.1:816-897(+)	83.75
AYEL01046553.1:1672-1761(-)	86.52
AYEL01083746.1:4367-4460(+)	87.10
AYEL01060764.1:35991-36084(-)	84.95
AYEL01089169.1:15938-16032(+)	87.10
AYEL01081714.1:48938-49031(+)	86.02
AYEL01090977.1:41766-41859(-)	85.87
AYEL01064126.1:24914-25007(-)	82.80
AYEL01084950.1:22380-22467(+)	81.71
AYEL01029288.1:13848-13942(-)	83.87
AYEL01062955.1:27301-27392(-)	83.52
AYEL01059794.1:6576-6669(-)	81.52
AYEL01056833.1:30619-30709(-)	77.78
AYEL01077066.1:78823-78914(+)	82.42
AYEL01057542.1:1573-1663(+)	85.39
AYEL01024707.1:9840-9915(-)	85.33
AYEL01051563.1:48004-48111(+)	80.43
AYEL01084321.1:25227-25318(+)	84.62
AYEL01065043.1:15960-16047(+)	82.56
AYEL01080606.1:1143-1235(+)	81.52
AYEL01091301.1:87462-87555(-)	84.95
AYEL01057801.1:36-142(-)	80.61
AYEL01082940.1:52131-52224(-)	80.65
AYEL01081139.1:26518-26607(-)	85.39
AYEL01071030.1:3202-3292(+)	84.27
AYEL01090309.1:2262-2339(-)	85.14
AYEL01089230.1:11519-11610(-)	81.32
AYEL01075257.1:32365-32453(-)	89.77
AYEL01052366.1:11725-11818(+)	82.80
AYEL01021382.1:8143-8236(-)	82.61
AYEL01065984.1:2588-2678(+)	84.44
AYEL01067387.1:49027-49120(-)	81.72
AYEL01063223.1:8649-8739(-)	80.00
AYEL01063189.1:23639-23715(-)	85.53
AYEL01083522.1:18470-18563(-)	77.42
AYEL01081457.1:4110-4192(-)	83.95
AYEL01086864.1:110942-111035(+)	82.80
AYEL01057504.1:12042-12135(+)	84.78
AYEL01076388.1:61879-61969(+)	85.56
AYEL01067680.1:673-766(+)	86.02
AYEL01090241.1:34140-34234(+)	83.87
AYEL01069153.1:15141-15234(+)	81.72
AYEL01065049.1:2201-2275(+)	86.49
AYEL01033643.1:25932-26018(-)	84.71
AYEL01085911.1:1590-1681(+)	84.62
AYEL01078624.1:7453-7545(+)	87.34
AYEL01088227.1:16697-16787(+)	85.56
AYEL01063769.1:1192-1266(+)	95.35
AYEL01068489.1:13373-13459(-)	83.53
AYEL01088698.1:16772-16864(+)	86.96
AYEL01056994.1:29607-29693(-)	83.53
AYEL01069965.1:13398-13479(+)	83.75
AYEL01036006.1:36522-36663(+)	80.47
AYEL01046376.1:25173-25263(-)	81.11
AYEL01075436.1:71762-71850(+)	78.41
AYEL01068995.1:1060-1172(+)	84.78
AYEL01075358.1:2659-2785(-)	78.40
AYEL01075415.1:23677-23770(+)	83.87
AYEL01084606.1:6011-6103(-)	83.70
AYEL01073774.1:31359-31441(-)	83.95
AYEL01085006.1:3437-3530(+)	84.95
AYEL01053357.1:37180-37274(+)	86.02
AYEL01062209.1:22051-22132(-)	86.25
AYEL01053179.1:76-169(+)	87.10
AYEL01069084.1:97925-98018(-)	82.80
AYEL01072484.1:53458-53552(+)	83.87
AYEL01091892.1:25186-25277(-)	86.81
AYEL01085933.1:12490-12573(-)	80.25
AYEL01088314.1:19612-19705(-)	84.95
AYEL01061938.1:10001-10083(-)	83.95
AYEL01068732.1:9785-9878(-)	86.02
AYEL01091439.1:6137-6231(-)	81.72
AYEL01076638.1:6070-6163(+)	79.57
AYEL01067538.1:10922-11015(-)	86.02
AYEL01090699.1:6588-6674(-)	83.53
AYEL01084994.1:8785-8879(-)	83.87
AYEL01029119.1:591-685(+)	79.57
AYEL01077146.1:12555-12647(-)	84.62
AYEL01048645.1:18099-18187(-)	89.77
AYEL01072830.1:5762-5849(-)	82.76
AYEL01059226.1:12099-12191(+)	82.61
AYEL01088107.1:31459-31536(+)	85.53
AYEL01085364.1:5482-5574(+)	86.96
AYEL01077195.1:1817-1899(-)	85.19
AYEL01080900.1:1371-1464(+)	88.17
AYEL01060951.1:13267-13348(+)	83.75
AYEL01074370.1:12453-12538(+)	84.52
AYEL01075314.1:28589-28682(+)	83.87
AYEL01089535.1:39861-39941(-)	83.75
AYEL01074085.1:9515-9608(+)	82.80
AYEL01076404.1:36227-36319(+)	83.70
AYEL01019409.1:3033-3123(+)	82.22
AYEL01073539.1:28634-28720(-)	83.53
AYEL01013123.1:13814-13906(+)	79.35
AYEL01066386.1:13964-14104(-)	80.77
AYEL01080242.1:70583-70704(-)	84.35
AYEL01063411.1:27612-27705(-)	88.17
AYEL01090541.1:142680-142773(+)	76.34
AYEL01061308.1:2190-2283(-)	84.95
AYEL01090368.1:7692-7773(+)	83.75
AYEL01091847.1:5775-5868(-)	83.70
AYEL01030864.1:539-682(+)	77.27
AYEL01073384.1:3366-3447(+)	83.75
AYEL01013691.1:285-366(+)	83.75
AYEL01054061.1:60529-60711(+)	71.69
AYEL01069861.1:68009-68103(+)	86.02
AYEL01078090.1:897-979(-)	83.95
AYEL01064123.1:57967-58060(+)	87.10
AYEL01070999.1:16904-16997(-)	86.02
AYEL01089941.1:24690-24782(+)	84.78
AYEL01074349.1:18861-18955(-)	84.95
AYEL01078100.1:60280-60375(-)	82.80
AYEL01067076.1:955-1047(+)	84.62
AYEL01065158.1:181514-181608(+)	81.72
AYEL01088826.1:14334-14428(+)	83.87
AYEL01068290.1:1953-2078(-)	82.50
AYEL01062617.1:8186-8277(+)	76.92
AYEL01049166.1:13988-14081(+)	78.49
AYEL01078812.1:8275-8368(+)	84.95
AYEL01090912.1:848-942(-)	86.02
AYEL01085394.1:22715-22801(-)	83.53
AYEL01082145.1:8733-8826(-)	79.57
AYEL01081329.1:31719-31811(+)	85.87
AYEL01078100.1:56479-56571(-)	83.70
AYEL01075619.1:16415-16509(-)	80.65
AYEL01089533.1:32073-32165(-)	83.70
AYEL01063439.1:36386-36479(+)	82.80
AYEL01083874.1:13033-13127(+)	83.87
AYEL01042784.1:8162-8248(-)	83.53
AYEL01089888.1:22062-22154(-)	86.96
AYEL01063525.1:31021-31113(+)	84.78
AYEL01083515.1:4273-4365(-)	81.52
AYEL01078926.1:112-205(+)	84.95
AYEL01071426.1:46037-46130(-)	84.95
AYEL01060674.1:44383-44473(-)	83.33
AYEL01072484.1:22115-22207(+)	88.04
AYEL01081188.1:32680-32761(-)	85.19
AYEL01061304.1:9738-9831(+)	88.17
AYEL01079615.1:7805-7886(+)	83.75
AYEL01060221.1:139-232(+)	82.80
AYEL01049449.1:5364-5457(-)	80.65
AYEL01086597.1:6228-6316(+)	85.23
AYEL01064505.1:12610-12703(-)	79.35
AYEL01073619.1:8248-8330(-)	83.95
AYEL01086717.1:1854-1946(+)	83.70
AYEL01077599.1:52767-52861(+)	82.80
AYEL01048946.1:7877-7960(-)	86.59
AYEL01090740.1:8107-8200(+)	81.72
AYEL01082402.1:91599-91692(+)	80.65
AYEL01051550.1:10102-10194(-)	84.78
AYEL01068204.1:7172-7252(-)	87.50
AYEL01087863.1:2016-2120(-)	82.80
AYEL01062729.1:17623-17716(-)	84.95
AYEL01089220.1:41364-41456(-)	89.13
AYEL01070085.1:6257-6351(+)	87.10
AYEL01044469.1:7246-7339(-)	87.10
AYEL01044789.1:30144-30237(-)	84.78
AYEL01089406.1:2363-2456(+)	83.70
AYEL01034354.1:3434-3520(+)	81.40
AYEL01070918.1:8570-8651(+)	83.75
AYEL01063123.1:561-649(+)	84.09
AYEL01052490.1:9768-9850(-)	83.95
AYEL01081497.1:27184-27270(-)	83.53
AYEL01037186.1:9733-9828(+)	83.87
AYEL01084326.1:986-1078(+)	82.61
AYEL01063589.1:0-79(-)	83.33
AYEL01060336.1:2707-2791(-)	83.33
AYEL01087245.1:139136-139217(+)	83.75
AYEL01032854.1:57289-57374(-)	85.71
AYEL01084743.1:27236-27321(+)	84.71
AYEL01058026.1:357-449(+)	86.96
AYEL01018927.1:16166-16259(-)	81.72
AYEL01058273.1:34761-34853(-)	80.43
AYEL01080189.1:57153-57244(+)	83.52
AYEL01085923.1:3422-3509(+)	80.36
AYEL01088227.1:3310-3403(-)	82.80
AYEL01088998.1:3410-3503(+)	80.65
AYEL01090168.1:82736-82818(-)	83.95
AYEL01072555.1:6156-6250(+)	84.95
AYEL01076410.1:76163-76257(-)	81.72
AYEL01070878.1:9010-9103(+)	83.87
AYEL01086285.1:20252-20345(-)	82.80
AYEL01082717.1:14814-14906(+)	81.32
AYEL01018682.1:157-245(-)	84.09
AYEL01083578.1:28428-28521(+)	82.80
AYEL01052630.1:6722-6815(+)	83.87
AYEL01071873.1:10173-10267(-)	83.87
AYEL01063373.1:8977-9063(-)	83.53
AYEL01053708.1:24891-24984(-)	82.80
AYEL01083795.1:37411-37566(+)	82.42
AYEL01046007.1:11959-12040(+)	83.75
AYEL01086992.1:18184-18275(+)	87.91
AYEL01073283.1:15324-15417(+)	80.65
AYEL01084322.1:89615-89707(-)	85.71
AYEL01077400.1:69722-69815(+)	82.80
AYEL01080012.1:20619-20711(+)	85.87
AYEL01088818.1:4965-5040(-)	84.00
AYEL01089068.1:29629-29721(+)	82.61
AYEL01081030.1:21947-22040(+)	84.95
AYEL01082920.1:6055-6148(+)	86.02
AYEL01065837.1:60240-60326(-)	83.53
AYEL01078618.1:41921-42012(+)	85.71
AYEL01070628.1:147-242(+)	80.65
AYEL01045393.1:3878-3967(+)	81.82
AYEL01079735.1:7324-7410(-)	83.53
AYEL01088500.1:909-998(+)	85.39
AYEL01064242.1:820-912(+)	84.78
AYEL01080989.1:10963-11055(+)	81.52
AYEL01015944.1:14894-14987(+)	90.32
AYEL01065308.1:1083-1177(+)	82.80
AYEL01060108.1:1461-1554(-)	85.87
AYEL01054735.1:141-234(-)	82.80
AYEL01087245.1:151319-151412(-)	82.80
AYEL01051344.1:49520-49612(-)	83.52
AYEL01071102.1:123101-123184(+)	84.34
AYEL01012758.1:142-223(+)	83.75
AYEL01076191.1:13842-13936(+)	84.95
AYEL01088119.1:844-937(+)	80.65
AYEL01081371.1:86085-86178(+)	80.65
AYEL01080500.1:19836-19914(-)	81.58
AYEL01092026.1:16678-16771(-)	82.80
AYEL01063680.1:5671-5763(-)	83.70
AYEL01086376.1:6715-6801(+)	85.90
AYEL01077441.1:1113-1206(-)	88.17
AYEL01080208.1:29098-29187(+)	81.82
AYEL01085111.1:15693-15807(+)	78.75
AYEL01087225.1:13433-13515(-)	83.95
AYEL01066504.1:5273-5366(+)	84.95
AYEL01076928.1:851-943(+)	85.87
AYEL01064099.1:21560-21642(-)	83.95
AYEL01085032.1:1527-1613(-)	83.53
AYEL01080055.1:4969-5062(-)	88.17
AYEL01079615.1:7359-7505(+)	85.61
AYEL01082346.1:880-971(-)	83.15
AYEL01071054.1:2635-2781(+)	78.52
AYEL01081680.1:15907-16001(+)	83.87
AYEL01072525.1:20674-20767(-)	87.10
AYEL01022533.1:43226-43314(+)	82.95
AYEL01083523.1:2071-2164(-)	83.87
AYEL01087567.1:3147-3236(+)	81.82
AYEL01080051.1:11682-11773(+)	77.78
AYEL01052219.1:273-365(-)	80.43
AYEL01077001.1:1931-2021(-)	83.33
AYEL01091516.1:35453-35532(+)	82.28
AYEL01056833.1:213-297(-)	86.75
AYEL01081199.1:498-573(+)	85.14
AYEL01045161.1:10915-11011(-)	86.02
AYEL01065374.1:66390-66475(+)	84.71
AYEL01063594.1:5016-5090(-)	83.56
AYEL01089867.1:13534-13627(+)	86.02
AYEL01079016.1:8346-8467(-)	84.35
AYEL01056615.1:27103-27187(-)	83.13
AYEL01089143.1:65145-65222(+)	92.21
AYEL01085178.1:22405-22491(-)	83.53
AYEL01058723.1:398-493(-)	83.87
AYEL01068234.1:76131-76223(+)	80.43
AYEL01070945.1:30141-30233(-)	89.13
AYEL01067195.1:11237-11330(-)	80.65
AYEL01088193.1:12937-13031(-)	86.02
AYEL01054970.1:23409-23502(+)	83.87
AYEL01068851.1:46153-46241(-)	89.77
AYEL01084981.1:18838-18920(-)	83.95
AYEL01067376.1:25981-26073(+)	84.78
AYEL01084991.1:18975-19068(+)	88.17
AYEL01077442.1:6415-6508(-)	81.52
AYEL01084567.1:980-1073(-)	83.87
AYEL01087942.1:21490-21582(+)	82.61
AYEL01075126.1:20352-20444(+)	84.78
AYEL01067968.1:20442-20530(-)	89.77
AYEL01080123.1:881-974(+)	80.65
AYEL01082719.1:18246-18330(-)	83.33
AYEL01067044.1:11035-11116(+)	83.75
AYEL01044790.1:9593-9686(-)	84.95
AYEL01063541.1:72352-72447(+)	82.80
AYEL01083455.1:12631-12708(+)	85.51
AYEL01087618.1:82760-82850(+)	85.56
AYEL01090451.1:87124-87212(-)	89.77
AYEL01091804.1:73443-73536(-)	83.87
AYEL01082939.1:11132-11224(-)	89.13
AYEL01060149.1:30553-30647(+)	86.02
AYEL01061229.1:4652-4746(-)	86.02
AYEL01055821.1:321-415(-)	84.95
AYEL01076817.1:14463-14603(+)	80.31
AYEL01010071.1:15576-15654(+)	75.64
AYEL01054069.1:33328-33425(-)	86.49
AYEL01017211.1:10038-10128(-)	83.33
AYEL01087887.1:8315-8407(+)	84.78
AYEL01072844.1:10687-10776(-)	79.78
AYEL01080724.1:123722-123815(+)	82.80
AYEL01062435.1:8952-9046(+)	83.87
AYEL01082201.1:11414-11508(+)	87.10
AYEL01087216.1:11300-11381(-)	63.29
AYEL01074650.1:5472-5565(+)	84.95
AYEL01090361.1:14365-14451(-)	83.53
AYEL01084742.1:83458-83547(+)	82.28
AYEL01082890.1:36539-36632(+)	79.57
AYEL01072235.1:33338-33414(+)	82.89
AYEL01088605.1:9101-9194(+)	83.70
AYEL01063645.1:3418-3508(+)	84.27
AYEL01084436.1:15596-15686(+)	84.44
AYEL01076221.1:21210-21303(+)	84.95
AYEL01059223.1:32614-32741(-)	84.17
AYEL01084616.1:60250-60337(-)	82.28
AYEL01090699.1:7054-7140(-)	83.53
AYEL01086979.1:110838-110933(-)	81.52
AYEL01079220.1:3001-3091(-)	85.56
AYEL01080145.1:28000-28120(-)	83.48
AYEL01068047.1:4696-4790(+)	79.57
AYEL01072651.1:3250-3343(-)	81.72
AYEL01060305.1:38682-38776(+)	82.80
AYEL01089700.1:32223-32311(-)	89.77
AYEL01064069.1:4222-4314(-)	83.70
AYEL01055479.1:11261-11351(-)	82.22
AYEL01064344.1:25978-26072(-)	83.87
AYEL01075876.1:5451-5545(-)	87.10
AYEL01051596.1:69111-69203(-)	83.70
AYEL01063259.1:27596-27691(+)	81.72
AYEL01063529.1:49826-49919(-)	83.87
AYEL01082285.1:35717-35810(-)	80.65
AYEL01091621.1:63442-63518(-)	82.67
AYEL01086142.1:36390-36483(+)	86.02
AYEL01090714.1:27509-27603(-)	83.87
AYEL01087999.1:52043-52135(-)	85.71
AYEL01071448.1:31742-31836(-)	81.72
AYEL01085680.1:29396-29483(+)	82.76
AYEL01091602.1:9285-9378(+)	84.95
AYEL01072958.1:14124-14205(-)	80.25
AYEL01076954.1:12234-12327(-)	78.49
AYEL01081603.1:1144-1236(+)	81.52
AYEL01060695.1:7528-7622(-)	87.10
AYEL01087668.1:7719-7813(+)	86.02
AYEL01075168.1:67663-67861(+)	73.55
AYEL01078552.1:38855-38945(+)	77.78
AYEL01084698.1:6537-6631(-)	81.72
AYEL01030849.1:15423-15504(+)	83.75
AYEL01058289.1:50420-50508(-)	83.91
AYEL01076213.1:11956-12049(-)	87.10
AYEL01080741.1:89980-90074(+)	66.67
AYEL01078977.1:108679-108760(+)	83.75
AYEL01041914.1:99932-100025(-)	87.10
AYEL01072660.1:3370-3463(-)	83.87
AYEL01007656.1:8496-8587(+)	81.32
AYEL01039030.1:476-557(+)	83.75
AYEL01079537.1:97935-98021(+)	82.56
AYEL01090003.1:11646-11736(+)	86.67
AYEL01084403.1:501-582(+)	83.75
AYEL01043675.1:14352-14446(+)	86.02
AYEL01037298.1:67500-67592(-)	89.13
AYEL01088443.1:23079-23174(-)	89.25
AYEL01081201.1:31795-31884(-)	83.15
AYEL01057447.1:14878-14968(+)	86.67
AYEL01044790.1:8055-8147(+)	83.70
AYEL01078575.1:20922-21015(-)	89.25
AYEL01080903.1:11421-11507(-)	83.53
AYEL01075727.1:4947-5029(-)	83.95
AYEL01068052.1:18439-18532(-)	84.95
AYEL01083940.1:24501-24595(+)	81.72
AYEL01073681.1:52283-52377(+)	81.72
AYEL01077186.1:11505-11598(+)	79.57
AYEL01085124.1:40612-40700(-)	89.77
AYEL01056010.1:4642-4733(+)	83.52
AYEL01089822.1:18469-18563(-)	83.87
AYEL01049826.1:22611-22702(-)	80.22
AYEL01061248.1:966-1059(-)	84.95
AYEL01089737.1:9809-9959(+)	85.39
AYEL01085584.1:64315-64478(-)	74.53
AYEL01054143.1:1170-1262(-)	78.02
AYEL01086411.1:7265-7358(+)	84.95
AYEL01068638.1:19017-19092(+)	81.33
AYEL01086039.1:52329-52415(-)	80.23
AYEL01059750.1:724-811(-)	83.91
AYEL01086120.1:12624-12700(-)	81.58
AYEL01075253.1:55179-55265(-)	83.53
AYEL01077819.1:28722-28808(-)	83.53
AYEL01080445.1:56700-56824(-)	85.59
AYEL01066163.1:25646-25738(-)	89.13
AYEL01087654.1:10806-10895(-)	82.02
AYEL01037355.1:139-232(+)	77.42
AYEL01083602.1:5145-5238(+)	79.57
AYEL01091520.1:3908-3997(-)	88.64
AYEL01070626.1:38389-38470(+)	83.75
AYEL01064055.1:210432-210525(+)	87.10
AYEL01057069.1:37547-37640(+)	87.10
AYEL01091897.1:4012-4104(+)	83.70
AYEL01088818.1:1921-2051(+)	77.69
AYEL01081497.1:28502-28592(+)	82.22
AYEL01056283.1:7000-7092(+)	83.70
AYEL01083650.1:5408-5488(-)	83.75
AYEL01081619.1:17398-17532(-)	78.07
AYEL01068339.1:283-377(+)	81.72
AYEL01044186.1:14695-14781(-)	83.53
AYEL01079688.1:103523-103616(-)	84.95
AYEL01091431.1:7570-7649(-)	78.48
AYEL01026806.1:8627-8703(+)	83.56
AYEL01069686.1:21890-21972(-)	83.95
AYEL01063308.1:621-714(-)	83.87
AYEL01054827.1:59939-60068(+)	73.11
AYEL01079598.1:13768-13856(-)	89.77
AYEL01090996.1:22384-22472(-)	89.77
AYEL01065016.1:22789-22881(-)	83.70
AYEL01092040.1:14700-14789(-)	83.15
AYEL01077117.1:74919-75009(+)	83.33
AYEL01077403.1:34556-34650(+)	84.95
AYEL01056735.1:7624-7717(-)	81.72
AYEL01081768.1:19485-19571(-)	83.53
AYEL01058672.1:13287-13380(+)	86.02
AYEL01075657.1:38573-38707(-)	80.17
AYEL01059837.1:61275-61368(-)	84.95
AYEL01072690.1:982-1068(-)	83.53
AYEL01065380.1:4407-4495(-)	89.77
AYEL01091918.1:39956-40049(-)	83.87
AYEL01081831.1:3627-3720(+)	82.80
AYEL01064162.1:109426-109519(-)	78.49
AYEL01079127.1:9819-9912(-)	87.10
AYEL01075402.1:21590-21680(-)	82.22
AYEL01064272.1:31288-31369(+)	83.75
AYEL01067318.1:7623-7716(+)	87.10
AYEL01075398.1:4939-5060(-)	84.35
AYEL01089533.1:22389-22481(-)	82.61
AYEL01082084.1:50469-50559(-)	83.33
AYEL01057866.1:1925-2018(-)	83.87
AYEL01088233.1:25802-25893(+)	85.56
AYEL01050082.1:70-164(+)	82.80
AYEL01083694.1:20655-20748(+)	82.80
AYEL01079827.1:619-712(-)	87.10
AYEL01060935.1:106047-106137(-)	75.56
AYEL01083226.1:31032-31125(+)	80.65
AYEL01082373.1:40195-40288(+)	79.35
AYEL01014594.1:12525-12613(-)	89.77
AYEL01077284.1:24650-24740(-)	85.56
AYEL01083316.1:35227-35320(-)	83.70
AYEL01087838.1:18004-18091(+)	84.81
AYEL01070582.1:40-132(-)	82.61
AYEL01081314.1:10458-10548(+)	85.56
AYEL01077012.1:14161-14254(+)	88.17
