AYEL01081268.1:30577-30810(+,-)	65.43
AYEL01065686.1:4512-4739(+,-)	58.68
AYEL01087125.1:62863-63094(+,-)	67.09
AYEL01083448.1:17107-17333(+,-)	66.67
AYEL01045728.1:29765-29992(+,-)	56.47
AYEL01085858.1:4147-4382(+,-)	67.03
AYEL01035924.1:17599-17804(+)	69.81
AYEL01069908.1:11447-11674(+,-)	77.94
AYEL01055620.1:46479-46708(+,-)	63.74
AYEL01019841.1:3387-3626(+,-)	70.00
AYEL01039380.1:25533-25746(+,-)	68.42
AYEL01085946.1:7440-7667(+,-)	75.00
AYEL01077502.1:6124-6353(+,-)	70.97
AYEL01083226.1:35942-36242(-)	65.00
AYEL01068472.1:23745-23942(+)	66.25
AYEL01073575.1:141914-142123(+,-)	61.36
AYEL01069434.1:90784-90995(+,-)	64.23
AYEL01007846.1:25417-25605(+)	68.35
AYEL01075750.1:1336-1560(+,-)	68.13
AYEL01091235.1:6576-6800(+,-)	66.67
AYEL01060253.1:26575-26856(+,-)	63.56
AYEL01074194.1:190107-190291(+)	66.67
AYEL01075880.1:8185-8492(+,-)	81.48
AYEL01075188.1:64313-64549(+,-)	64.96
AYEL01080628.1:31895-32113(-)	67.78
AYEL01087668.1:34639-34876(+,-)	63.83
AYEL01070914.1:21635-21851(+,-)	75.76
AYEL01091613.1:15130-15358(+,-)	67.05
AYEL01059268.1:4384-4697(+,-)	72.29
AYEL01071323.1:12292-12499(+,-)	60.87
AYEL01077262.1:4508-4737(+,-)	72.09
AYEL01081915.1:12107-12292(-)	58.49
AYEL01086401.1:9665-9886(+,-)	66.13
AYEL01076295.1:18613-18827(+,-)	70.00
AYEL01071500.1:61556-61782(+,-)	64.86
AYEL01091502.1:72065-72295(+,-)	67.03
AYEL01043479.1:19057-19467(+,-)	59.04
AYEL01083414.1:15837-16222(+,-)	61.11
AYEL01080892.1:49818-50048(+,-)	63.33
AYEL01070210.1:38557-38798(+,-)	69.62
AYEL01033692.1:49-240(+,-)	72.50
AYEL01067335.1:0-210(+,-)	60.78
AYEL01055525.1:922-1106(-)	68.18
AYEL01068207.1:19748-19960(+,-)	66.27
AYEL01017030.1:567-875(+,-)	64.66
AYEL01075758.1:24467-24679(+,-)	71.67
AYEL01067214.1:55417-55629(+)	59.50
AYEL01069875.1:85918-86140(+,-)	61.95
AYEL01045160.1:84931-85179(+,-)	59.63
AYEL01066804.1:5443-5675(+,-)	60.47
AYEL01060253.1:45228-45440(+,-)	62.69
AYEL01066597.1:12989-13388(+,-)	67.11
AYEL01040423.1:3930-4147(+,-)	62.34
AYEL01078082.1:65608-65830(+,-)	67.21
AYEL01086530.1:28695-28917(+,-)	63.20
AYEL01009544.1:10966-11156(+)	64.71
AYEL01068426.1:24163-24392(+,-)	67.86
AYEL01082081.1:54264-54481(+,-)	64.84
AYEL01048644.1:3324-3543(+,-)	69.49
AYEL01079160.1:17068-17293(+,-)	68.42
AYEL01090053.1:4166-4367(+,-)	67.31
AYEL01055841.1:1091-1236(+)	64.29
AYEL01075755.1:23134-23361(+,-)	61.87
AYEL01085199.1:5423-5662(+,-)	67.78
AYEL01069861.1:64290-64525(+,-)	74.42
AYEL01089343.1:13107-13302(-)	62.90
AYEL01077781.1:42567-42771(-)	73.47
AYEL01071365.1:105003-105223(+,-)	63.73
AYEL01080735.1:17265-17490(+,-)	68.42
AYEL01072168.1:36429-36659(+,-)	64.44
AYEL01053548.1:21163-21362(+,-)	75.00
AYEL01078492.1:20727-20942(+)	69.49
AYEL01070229.1:367-597(+,-)	65.93
AYEL01029376.1:4552-4769(+,-)	62.61
AYEL01073416.1:2846-3063(+,-)	63.79
AYEL01023097.1:112-342(+,-)	74.71
AYEL01062206.1:8934-9207(+,-)	65.96
AYEL01072140.1:19707-19942(+,-)	65.56
AYEL01084294.1:16094-16322(+,-)	63.16
AYEL01084636.1:6856-7062(+,-)	61.11
AYEL01048009.1:4554-4771(+,-)	61.40
AYEL01043306.1:9812-10047(+,-)	69.23
AYEL01053416.1:34241-34473(+,-)	62.50
AYEL01073333.1:20736-20923(+)	59.77
AYEL01089722.1:25544-25772(+,-)	63.64
AYEL01066448.1:3835-4056(+,-)	65.45
AYEL01074008.1:14557-14781(+,-)	72.09
AYEL01030952.1:18955-19173(+,-)	68.92
AYEL01080837.1:28881-29116(+,-)	62.50
AYEL01080654.1:33646-33836(+,-)	63.93
AYEL01057716.1:31056-31297(+,-)	65.33
AYEL01051042.1:100156-100344(+,-)	72.37
AYEL01069423.1:202-483(+,-)	67.39
AYEL01075750.1:535-756(+,-)	58.41
AYEL01033591.1:6121-6342(+,-)	67.80
AYEL01060711.1:2932-3154(+,-)	69.39
AYEL01077578.1:182902-183097(+)	64.52
AYEL01067167.1:1355-1580(+,-)	65.12
AYEL01089188.1:9855-10067(+,-)	69.66
AYEL01046354.1:307-529(+,-)	68.48
AYEL01062508.1:21559-21777(+,-)	65.48
AYEL01072336.1:17722-17929(+,-)	80.43
AYEL01089405.1:52631-52846(+,-)	63.16
AYEL01064539.1:681-898(+,-)	81.82
AYEL01082333.1:19931-20141(+,-)	70.83
AYEL01074189.1:3650-3856(+,-)	66.67
AYEL01079216.1:18286-18498(+,-)	65.17
AYEL01089297.1:1900-2181(+,-)	66.67
AYEL01042547.1:4920-5155(+,-)	64.84
AYEL01090231.1:4115-4336(+,-)	64.00
AYEL01084210.1:30994-31216(+,-)	63.16
AYEL01086901.1:27085-27314(+,-)	68.60
AYEL01051530.1:15208-15497(+,-)	72.22
AYEL01073886.1:29033-29266(+,-)	65.79
AYEL01088370.1:15942-16159(+,-)	66.30
AYEL01066656.1:15557-15824(+,-)	66.67
AYEL01074782.1:68025-68271(+,-)	72.60
AYEL01033188.1:4624-4840(+,-)	64.08
AYEL01048745.1:14146-14369(+,-)	64.29
AYEL01061044.1:60151-60383(+,-)	60.87
AYEL01049819.1:72262-72478(+,-)	65.22
AYEL01078876.1:123479-123695(+,-)	62.40
AYEL01073746.1:26332-26546(+,-)	77.08
AYEL01063393.1:11231-11474(+,-)	72.58
AYEL01060132.1:39615-39806(-)	71.23
AYEL01055042.1:9415-9621(+)	77.55
AYEL01043472.1:375-610(+,-)	67.03
AYEL01072170.1:15087-15325(+,-)	64.10
AYEL01065618.1:50963-51186(+,-)	67.20
AYEL01073734.1:5048-5266(+,-)	66.67
AYEL01091528.1:23115-23343(+,-)	59.05
AYEL01085403.1:39395-39609(+,-)	71.05
AYEL01075946.1:29633-29850(+,-)	64.56
AYEL01085401.1:82976-83223(+,-)	63.16
AYEL01081467.1:1113-1328(+,-)	68.35
AYEL01055992.1:13982-14177(+,-)	66.34
AYEL01082440.1:23729-23975(+,-)	69.01
AYEL01071412.1:18351-18560(+,-)	65.00
AYEL01083580.1:27019-27233(+,-)	69.77
AYEL01058253.1:35806-36029(+,-)	69.66
AYEL01060333.1:9331-9527(+,-)	66.22
AYEL01028820.1:15784-16103(+,-)	56.64
AYEL01038801.1:33167-33395(+,-)	63.79
AYEL01076003.1:84386-84574(-)	78.26
AYEL01083679.1:38645-38880(+,-)	73.56
AYEL01068511.1:7852-8066(-)	65.15
AYEL01071006.1:154510-154700(+)	62.16
AYEL01086729.1:24736-24950(+,-)	60.77
AYEL01012566.1:36393-36592(-)	70.21
AYEL01078219.1:7537-7743(+,-)	66.67
AYEL01062992.1:50625-50847(+,-)	68.13
AYEL01080147.1:15679-15909(+,-)	65.17
AYEL01059922.1:454-674(+,-)	67.05
AYEL01074266.1:37788-38000(+,-)	68.06
AYEL01071593.1:37757-37987(+,-)	68.89
AYEL01087495.1:13602-13801(+,-)	75.00
AYEL01072354.1:8744-8952(+)	62.50
AYEL01089023.1:15490-15771(+,-)	67.26
AYEL01091621.1:6294-6533(+,-)	67.03
AYEL01083117.1:20333-20531(-)	60.22
AYEL01060068.1:23445-23731(+,-)	69.47
AYEL01066094.1:14581-14826(+,-)	63.64
AYEL01091529.1:44480-44717(+,-)	58.77
AYEL01002243.1:226-498(+,-)	71.59
AYEL01077640.1:30106-30263(+)	70.00
AYEL01080028.1:2155-2378(+,-)	68.89
AYEL01081581.1:25322-25540(+,-)	64.10
AYEL01071183.1:15171-15373(+)	65.75
AYEL01068463.1:56477-56687(+)	61.54
AYEL01038166.1:18567-18802(+,-)	67.03
AYEL01048161.1:18054-18265(+)	65.56
AYEL01073783.1:19599-19820(+,-)	68.89
AYEL01084814.1:27363-27586(+,-)	65.91
AYEL01071104.1:6006-6218(+,-)	72.73
AYEL01080989.1:3382-3595(+)	62.07
AYEL01061641.1:372-596(+,-)	69.74
AYEL01069682.1:1024-1393(+,-)	59.68
AYEL01090863.1:51566-51801(+,-)	63.28
AYEL01075428.1:60032-60247(+,-)	58.62
AYEL01083840.1:89201-89424(+,-)	59.20
AYEL01083277.1:14410-14612(+,-)	66.67
AYEL01079825.1:9621-9835(+,-)	61.29
AYEL01007717.1:118-341(+,-)	70.00
AYEL01090723.1:11748-11974(+,-)	64.17
AYEL01090919.1:20086-20320(+,-)	71.43
AYEL01062953.1:2005-2231(+)	73.81
AYEL01029890.1:14181-14376(+,-)	70.00
AYEL01086049.1:2461-2684(+,-)	68.13
AYEL01073789.1:15776-15965(+)	59.65
AYEL01081499.1:26482-26683(-)	68.18
AYEL01063867.1:89122-89318(+,-)	71.11
AYEL01088321.1:3618-3825(-)	67.44
AYEL01085140.1:43849-44069(+,-)	62.40
AYEL01049692.1:62-288(+,-)	63.74
AYEL01069617.1:14895-15139(+,-)	61.72
AYEL01075017.1:2830-3053(+,-)	64.29
AYEL01054952.1:35215-35441(+,-)	62.71
AYEL01082108.1:22928-23147(+,-)	66.10
AYEL01079414.1:10894-11130(+,-)	70.45
AYEL01073396.1:45014-45270(+,-)	65.52
AYEL01075104.1:40908-41121(+,-)	63.29
AYEL01085179.1:19813-20030(+,-)	65.12
AYEL01033707.1:5994-6234(+,-)	70.97
AYEL01064942.1:45081-45309(+,-)	68.13
AYEL01040070.1:5852-6077(-)	68.49
AYEL01081080.1:29651-29844(-)	66.20
AYEL01091441.1:15618-15844(+,-)	67.06
AYEL01088710.1:2061-2272(+)	58.82
AYEL01076480.1:29792-29958(+)	65.67
AYEL01084130.1:55046-55270(+,-)	66.36
AYEL01071858.1:4380-4575(+,-)	78.79
AYEL01076013.1:31729-31950(+,-)	63.44
AYEL01047927.1:3081-3315(+,-)	62.50
AYEL01015480.1:688-912(+,-)	62.37
AYEL01075581.1:4430-4659(+,-)	64.18
AYEL01025905.1:10441-10658(+,-)	63.37
AYEL01084636.1:3478-3691(+,-)	69.77
AYEL01044801.1:15856-16083(+,-)	61.21
AYEL01083982.1:3559-3745(+)	67.44
AYEL01050674.1:25603-25810(+,-)	60.68
AYEL01074935.1:3966-4183(+,-)	67.44
AYEL01058569.1:5767-6021(+,-)	61.61
AYEL01089754.1:11819-12016(-)	64.44
AYEL01050588.1:6304-6527(+,-)	63.48
AYEL01076077.1:44528-44767(+,-)	65.22
AYEL01058770.1:23395-23639(+)	67.90
AYEL01090885.1:100929-101158(+,-)	64.77
AYEL01081263.1:3422-3649(+,-)	62.28
AYEL01058953.1:351-571(+)	70.69
AYEL01078639.1:40110-40373(+,-)	68.92
AYEL01059013.1:11106-11346(+,-)	65.48
AYEL01081567.1:5118-5336(+,-)	60.87
AYEL01087414.1:13575-13801(+,-)	67.44
AYEL01043281.1:469-691(+,-)	61.39
AYEL01064743.1:56194-56393(+)	65.52
AYEL01065507.1:10505-10697(+,-)	61.72
AYEL01074724.1:2265-2466(+,-)	62.58
AYEL01008285.1:28396-28597(+,-)	68.13
AYEL01057341.1:3303-3518(+,-)	63.64
AYEL01090128.1:1036-1222(+,-)	69.81
AYEL01066021.1:1213-1414(+,-)	79.31
AYEL01010716.1:36707-36930(+,-)	61.06
AYEL01060324.1:2368-2561(+,-)	67.39
AYEL01076901.1:124328-124489(-)	66.67
AYEL01061519.1:22365-22576(+)	61.70
AYEL01032641.1:600-796(+,-)	69.23
AYEL01082193.1:26434-26625(+,-)	73.68
AYEL01075158.1:9467-9702(+,-)	77.97
AYEL01084201.1:28759-28978(+,-)	59.63
AYEL01075287.1:27466-27696(+,-)	69.66
AYEL01044840.1:37181-37416(+,-)	66.32
AYEL01066978.1:19857-20067(+,-)	59.62
AYEL01084532.1:35788-36099(+,-)	64.56
AYEL01082707.1:6379-6594(+,-)	62.37
AYEL01069579.1:92017-92202(-)	63.16
AYEL01068420.1:24696-24939(+)	65.67
AYEL01082477.1:13655-13859(+)	76.19
AYEL01077311.1:108122-108488(+,-)	60.00
AYEL01044279.1:5557-5860(+,-)	65.88
AYEL01089795.1:34775-35009(+,-)	68.42
AYEL01087751.1:11298-11533(+,-)	68.13
AYEL01070786.1:1208-1407(+,-)	59.46
AYEL01085702.1:51305-51523(+)	75.00
AYEL01078215.1:46979-47181(+,-)	63.95
AYEL01066978.1:22881-23087(+,-)	72.58
AYEL01064655.1:51823-52050(+,-)	74.14
AYEL01088788.1:22716-22911(+,-)	65.22
AYEL01072632.1:9344-9570(+,-)	68.89
AYEL01061308.1:13673-13898(+,-)	63.41
AYEL01071916.1:3203-3437(+,-)	67.37
AYEL01027296.1:10743-10956(+,-)	60.00
AYEL01030952.1:13750-13972(+,-)	57.63
AYEL01090165.1:13764-13998(+,-)	64.29
AYEL01068184.1:1958-2191(+,-)	58.95
AYEL01065621.1:69010-69232(+,-)	60.19
AYEL01087379.1:10734-10970(+,-)	67.03
AYEL01067491.1:71198-71397(+,-)	57.39
AYEL01069733.1:19666-19881(+,-)	67.07
AYEL01079278.1:9989-10213(+,-)	69.49
AYEL01089291.1:32452-32703(+,-)	69.23
AYEL01075428.1:110980-111210(+,-)	75.00
AYEL01091452.1:28346-28574(+,-)	69.74
AYEL01064134.1:27682-27895(+,-)	62.64
AYEL01075447.1:36769-37031(+,-)	65.52
AYEL01073308.1:50872-51080(+,-)	79.31
AYEL01059285.1:32538-32743(+,-)	75.68
AYEL01085464.1:96197-96431(+,-)	60.19
AYEL01071077.1:26178-26418(+,-)	63.71
AYEL01064003.1:173634-173826(+,-)	66.33
AYEL01063830.1:35697-35916(+,-)	64.36
AYEL01088091.1:5136-5356(+,-)	62.39
AYEL01086097.1:29896-30128(+,-)	62.07
AYEL01062801.1:22655-22887(+,-)	62.61
AYEL01066886.1:16072-16444(+,-)	63.44
AYEL01056052.1:14589-14806(+,-)	61.16
AYEL01084081.1:90520-90758(+,-)	60.26
AYEL01057664.1:11338-11559(+,-)	58.42
AYEL01064861.1:10392-10602(+,-)	69.23
AYEL01074193.1:106691-106880(-)	67.90
AYEL01065299.1:1781-2008(+,-)	68.97
AYEL01057593.1:45551-45753(-)	64.23
AYEL01049867.1:5307-5525(+,-)	61.29
AYEL01072092.1:5092-5330(+,-)	64.29
AYEL01053220.1:15608-15830(+,-)	63.06
AYEL01088459.1:82171-82387(+,-)	64.04
AYEL01060364.1:8682-8917(+,-)	68.13
AYEL01079667.1:27831-28031(+)	63.83
AYEL01087080.1:42567-42794(+,-)	79.59
AYEL01078769.1:20949-21149(-)	64.06
AYEL01078228.1:22120-22481(+,-)	68.13
AYEL01082950.1:13404-13632(+,-)	61.95
AYEL01078284.1:7530-7769(+,-)	67.78
AYEL01068804.1:1083-1311(+,-)	61.33
AYEL01035122.1:987-1198(+,-)	71.25
AYEL01068180.1:19859-20071(+,-)	64.23
AYEL01091732.1:17950-18181(+,-)	68.69
AYEL01067092.1:5276-5508(+,-)	73.17
AYEL01087677.1:18270-18504(+,-)	80.00
AYEL01088474.1:1909-2142(+,-)	66.30
AYEL01054419.1:17571-17800(+,-)	65.17
AYEL01084189.1:17312-17509(+)	71.05
AYEL01059532.1:17859-18087(+,-)	67.09
AYEL01063454.1:26867-27085(+)	68.09
AYEL01077789.1:3201-3414(-)	62.71
AYEL01066153.1:36351-36554(+,-)	66.00
AYEL01082393.1:12691-12913(+,-)	66.27
AYEL01091240.1:37026-37324(+,-)	61.21
AYEL01079208.1:31676-31890(+,-)	68.13
AYEL01068272.1:9613-9829(+,-)	58.40
AYEL01069589.1:29474-29700(+,-)	73.47
AYEL01057946.1:14698-14918(+,-)	70.83
AYEL01067033.1:37796-38029(+,-)	65.06
AYEL01060107.1:12783-13003(+,-)	71.23
AYEL01065204.1:5042-5259(+,-)	58.75
AYEL01079839.1:36528-36731(+,-)	60.94
AYEL01055703.1:504-731(+,-)	63.22
AYEL01059105.1:6608-6819(+,-)	65.96
AYEL01054070.1:58976-59213(+,-)	60.00
AYEL01076382.1:33690-34001(+,-)	66.29
AYEL01078083.1:24539-24843(+,-)	69.32
AYEL01088091.1:1639-1859(+,-)	62.39
AYEL01061045.1:3761-3978(+,-)	67.03
AYEL01080578.1:4899-5115(+,-)	68.13
AYEL01076238.1:6612-6835(+,-)	62.37
AYEL01052009.1:5793-6028(+,-)	70.33
AYEL01067872.1:1558-1765(+)	78.79
AYEL01080817.1:9619-9826(+,-)	62.83
AYEL01074249.1:65855-66085(+,-)	67.03
AYEL01075467.1:50709-51118(+,-)	72.88
AYEL01088474.1:24436-24664(+,-)	67.82
AYEL01086214.1:27083-27341(+,-)	70.89
AYEL01074035.1:78208-78415(+)	73.08
AYEL01053657.1:2697-2915(+,-)	64.75
AYEL01089343.1:44313-44544(+,-)	69.62
AYEL01084718.1:52562-52777(+,-)	68.54
AYEL01090546.1:5499-5700(+,-)	62.92
AYEL01071889.1:15983-16204(+,-)	62.11
AYEL01084527.1:63857-64202(+,-)	68.06
AYEL01014267.1:11533-11719(+)	87.76
AYEL01054670.1:13824-14057(+,-)	62.65
AYEL01058051.1:7120-7338(+,-)	64.34
AYEL01091932.1:19582-19813(+,-)	62.50
AYEL01062969.1:31713-31967(+,-)	62.86
AYEL01063393.1:61110-61332(+,-)	69.23
AYEL01067249.1:17036-17250(+,-)	61.76
AYEL01063297.1:15142-15385(+,-)	69.62
AYEL01065261.1:12287-12477(+)	68.12
AYEL01081590.1:37803-38019(+)	61.73
AYEL01051361.1:5444-5678(+,-)	68.13
AYEL01075388.1:825-1019(-)	83.78
AYEL01073606.1:295-505(+,-)	67.42
AYEL01086564.1:47244-47483(+,-)	65.93
AYEL01069698.1:78493-78713(+,-)	64.35
AYEL01071971.1:13271-13511(+,-)	68.60
AYEL01074138.1:10883-11096(+,-)	65.56
AYEL01069469.1:14589-14802(+,-)	67.05
AYEL01081198.1:2853-3074(+,-)	67.47
AYEL01085258.1:10490-10721(+,-)	61.54
AYEL01035860.1:28292-28549(+,-)	67.72
AYEL01079377.1:3468-3688(+,-)	62.67
AYEL01081581.1:18345-18575(+,-)	76.25
AYEL01066449.1:4591-4776(-)	64.58
AYEL01091303.1:18004-18246(+,-)	73.33
AYEL01073127.1:94306-94548(+,-)	79.55
AYEL01073826.1:10606-10832(+,-)	65.15
AYEL01078769.1:4490-4690(-)	66.67
AYEL01081945.1:4385-4584(+,-)	59.79
AYEL01068289.1:7545-7775(+,-)	70.91
AYEL01071210.1:22548-22772(+,-)	63.74
AYEL01088103.1:12753-12957(+,-)	67.35
AYEL01069236.1:93535-93757(+,-)	68.63
AYEL01064030.1:13567-13776(+,-)	62.32
AYEL01092054.1:2242-2447(+,-)	67.92
AYEL01024123.1:34162-34397(+,-)	67.03
AYEL01056282.1:18008-18225(-)	64.00
AYEL01060521.1:5149-5345(+,-)	60.67
AYEL01071443.1:52925-53143(+,-)	63.71
AYEL01068823.1:73003-73224(+,-)	69.64
AYEL01085464.1:0-203(+,-)	73.33
AYEL01078484.1:62102-62323(+,-)	60.18
AYEL01089166.1:36736-36947(+,-)	63.51
AYEL01084651.1:4096-4317(+,-)	62.58
AYEL01059996.1:2366-2582(+,-)	72.92
AYEL01069757.1:16017-16257(+,-)	68.63
AYEL01029117.1:24465-24689(+,-)	66.67
AYEL01091983.1:8813-9020(+,-)	65.52
AYEL01010569.1:1085-1314(+,-)	66.10
AYEL01045732.1:69140-69352(+,-)	70.69
AYEL01083185.1:4096-4333(+,-)	64.44
AYEL01081947.1:163850-164057(+,-)	63.28
AYEL01082840.1:53697-53903(+)	67.05
AYEL01091557.1:12167-12402(+,-)	64.84
AYEL01058458.1:8644-8871(+,-)	64.81
AYEL01079118.1:9335-9549(+,-)	67.14
AYEL01075510.1:29459-29695(+,-)	70.24
AYEL01083937.1:39022-39263(+,-)	62.59
AYEL01057138.1:6791-6982(+,-)	66.67
AYEL01087397.1:12556-12843(+,-)	66.13
AYEL01065708.1:44720-44923(-)	67.12
AYEL01088330.1:38322-38545(+,-)	60.61
AYEL01055212.1:2049-2259(+,-)	70.30
AYEL01049006.1:8396-8638(+,-)	67.03
AYEL01074404.1:11686-11918(+,-)	64.84
AYEL01055862.1:4556-4777(+,-)	64.71
AYEL01062690.1:15032-15235(+,-)	61.94
AYEL01089328.1:20208-20411(+,-)	69.23
AYEL01045055.1:4638-4841(+,-)	70.77
AYEL01090307.1:4388-4609(+,-)	67.47
AYEL01080211.1:226707-226941(+,-)	70.15
AYEL01015477.1:27924-28138(+,-)	66.34
AYEL01041604.1:3411-3624(+,-)	66.67
AYEL01081935.1:7447-7669(+,-)	58.89
AYEL01087813.1:3966-4180(+,-)	68.18
AYEL01060342.1:2020-2230(+)	56.99
AYEL01029519.1:1062-1263(+,-)	63.95
AYEL01062458.1:684-912(+,-)	62.79
AYEL01034700.1:1996-2212(+,-)	69.66
AYEL01069579.1:72882-73114(+,-)	64.08
AYEL01066400.1:711-946(+,-)	67.03
AYEL01021110.1:16082-16304(+,-)	59.20
AYEL01075432.1:11263-11521(+,-)	70.59
AYEL01057437.1:1334-1543(-)	72.09
AYEL01054472.1:36692-36973(-)	60.67
AYEL01051893.1:214-454(+,-)	68.13
AYEL01018326.1:147-370(+,-)	64.91
AYEL01058189.1:6134-6337(-)	75.00
AYEL01081714.1:51328-51602(+,-)	70.33
AYEL01082670.1:27534-27769(+,-)	67.03
AYEL01046574.1:5732-5945(-)	72.15
AYEL01074087.1:50687-50931(+,-)	72.09
AYEL01062922.1:585-822(+,-)	64.52
AYEL01017742.1:71-301(+,-)	70.91
AYEL01031874.1:67267-67455(+)	63.00
AYEL01025771.1:2301-2516(+,-)	55.10
AYEL01087397.1:10702-11213(+,-)	64.84
AYEL01081314.1:1843-2050(+,-)	62.20
AYEL01067610.1:1386-1597(+,-)	67.80
AYEL01055854.1:41054-41270(+,-)	57.75
AYEL01033176.1:18541-18757(+,-)	62.50
AYEL01076807.1:5105-5337(+,-)	60.22
AYEL01065882.1:19418-19652(+,-)	61.95
AYEL01091967.1:5946-6181(+,-)	62.22
AYEL01070533.1:7163-7418(+,-)	67.82
AYEL01070762.1:87896-88102(+,-)	67.78
AYEL01089142.1:2602-2817(+,-)	67.86
AYEL01078097.1:23065-23272(-)	60.20
AYEL01081343.1:5674-5893(+,-)	63.11
AYEL01073005.1:99232-99454(+,-)	70.00
AYEL01086670.1:16575-16789(+,-)	63.49
AYEL01060408.1:14630-14842(+,-)	67.39
AYEL01073464.1:28124-28364(+,-)	63.74
AYEL01085918.1:769-972(+)	67.27
AYEL01091458.1:2386-2621(+,-)	60.18
AYEL01082082.1:65258-65540(+)	63.79
AYEL01083926.1:29827-30062(+,-)	68.13
AYEL01064408.1:74593-74833(+,-)	63.11
AYEL01080740.1:9207-9443(+,-)	63.79
AYEL01084438.1:23634-23915(+,-)	70.33
AYEL01092070.1:6966-7169(-)	69.84
AYEL01074970.1:12902-13127(+,-)	67.11
AYEL01064572.1:24172-24389(+,-)	71.59
AYEL01084241.1:17387-17614(+,-)	65.49
AYEL01080174.1:25087-25299(+,-)	61.24
AYEL01084835.1:15443-15663(+,-)	62.64
AYEL01010141.1:3750-4009(-)	67.86
AYEL01091277.1:129537-129750(+,-)	59.02
AYEL01057962.1:12615-12810(+,-)	63.39
AYEL01027899.1:13554-13817(+,-)	66.40
AYEL01077400.1:59349-59547(+,-)	75.00
AYEL01084018.1:32927-33152(+,-)	68.83
AYEL01079955.1:11110-11383(+,-)	61.26
AYEL01045728.1:18673-18904(+,-)	69.77
AYEL01063984.1:10163-10390(+,-)	71.79
AYEL01084252.1:41292-41477(+)	65.55
AYEL01081089.1:21604-21839(+,-)	67.95
AYEL01085226.1:73950-74192(+,-)	63.33
AYEL01076675.1:1231-1495(+,-)	72.41
AYEL01061016.1:50784-50979(+,-)	71.21
AYEL01075015.1:2726-2928(+,-)	68.49
AYEL01081772.1:16557-16845(+,-)	71.08
AYEL01076417.1:14036-14262(+,-)	69.49
AYEL01070641.1:32247-32528(+,-)	60.18
AYEL01081856.1:32041-32258(+,-)	67.39
AYEL01019418.1:24366-24590(+,-)	65.52
AYEL01080868.1:9628-9856(+,-)	70.45
AYEL01089878.1:7821-8045(+,-)	63.72
AYEL01085464.1:93313-93536(+,-)	62.39
AYEL01076930.1:23310-23612(+,-)	73.33
AYEL01085248.1:47662-47879(+,-)	66.13
AYEL01076252.1:27979-28177(-)	72.92
AYEL01066712.1:13707-13934(+,-)	62.50
AYEL01087012.1:33646-33865(+,-)	65.38
AYEL01071006.1:74157-74392(+,-)	65.93
AYEL01045160.1:94185-94403(+,-)	65.08
AYEL01060332.1:5022-5359(+,-)	61.63
AYEL01089178.1:70695-70970(+,-)	79.17
AYEL01064470.1:21888-22123(+,-)	63.93
AYEL01044486.1:25586-25801(+,-)	77.08
AYEL01066173.1:11738-11929(-)	84.38
AYEL01077869.1:385-605(+,-)	60.53
AYEL01065259.1:81499-81762(+)	64.35
AYEL01068207.1:28830-29097(-)	65.56
AYEL01058834.1:20266-20473(+)	88.89
AYEL01089143.1:9074-9271(-)	74.68
AYEL01062308.1:9751-9957(+,-)	65.56
AYEL01082096.1:68071-68301(+,-)	63.81
AYEL01070728.1:34224-34446(+,-)	58.39
AYEL01034355.1:16487-16691(+,-)	67.80
AYEL01059955.1:9463-9695(+,-)	69.77
AYEL01080158.1:49437-49638(+,-)	66.67
AYEL01087142.1:38389-38586(-)	63.93
AYEL01088412.1:34801-35017(+,-)	70.11
AYEL01069794.1:35076-35356(+,-)	64.35
AYEL01062969.1:47564-47775(+,-)	68.42
AYEL01077068.1:5522-5713(+,-)	60.83
AYEL01073735.1:2732-2968(+)	65.08
AYEL01056837.1:28612-28918(+,-)	68.42
AYEL01091787.1:36254-36452(+,-)	67.47
AYEL01088468.1:1120-1331(+,-)	63.64
AYEL01079596.1:12659-12882(+,-)	75.68
AYEL01091877.1:42810-43009(+,-)	64.04
AYEL01091769.1:6421-6616(+)	69.32
AYEL01088738.1:22380-22588(+,-)	66.29
AYEL01045135.1:9660-9895(+,-)	64.13
AYEL01072399.1:10820-11037(+,-)	68.42
AYEL01069570.1:1549-1772(+,-)	59.29
AYEL01088693.1:50835-51128(+,-)	60.45
AYEL01071530.1:28265-28504(+,-)	65.09
AYEL01056357.1:34465-34678(+,-)	69.66
AYEL01087337.1:64833-65068(+,-)	65.93
AYEL01089480.1:64216-64443(+,-)	66.20
AYEL01071277.1:20367-20595(+,-)	74.67
AYEL01086286.1:18329-18542(+,-)	67.44
AYEL01090857.1:7044-7274(+,-)	67.06
AYEL01077713.1:7545-7755(+,-)	65.59
AYEL01074549.1:7931-8143(+,-)	64.86
AYEL01051557.1:41891-42114(+,-)	61.74
AYEL01054833.1:93806-94021(+,-)	58.45
AYEL01090957.1:41850-42059(+,-)	61.02
AYEL01014663.1:9739-9961(-)	73.91
AYEL01084394.1:18859-19097(+,-)	61.90
AYEL01067150.1:10190-10413(+,-)	68.29
AYEL01070872.1:14501-14726(+,-)	60.71
AYEL01083402.1:3428-3666(+,-)	63.86
AYEL01063672.1:1815-2027(+,-)	63.86
AYEL01022411.1:23280-23444(-)	62.86
AYEL01084663.1:34787-35110(+,-)	65.52
AYEL01091918.1:13493-13717(+,-)	67.39
AYEL01078320.1:97166-97373(+,-)	66.67
AYEL01010447.1:0-223(+,-)	66.30
AYEL01035927.1:3469-3688(+,-)	65.52
AYEL01086856.1:22635-22863(+,-)	73.68
AYEL01080606.1:22383-22578(+,-)	65.26
AYEL01071160.1:2509-2735(+,-)	65.82
AYEL01064408.1:15960-16146(-)	66.67
AYEL01088695.1:39359-39635(+,-)	57.89
AYEL01090735.1:5947-6176(+,-)	70.65
AYEL01060882.1:4558-4743(+)	67.21
AYEL01086638.1:9811-10033(+,-)	68.83
AYEL01068707.1:12629-12847(+,-)	67.77
AYEL01090149.1:33017-33219(+,-)	75.44
AYEL01047184.1:11639-11877(+,-)	64.29
AYEL01085219.1:4939-5174(+,-)	68.13
AYEL01087537.1:246684-246978(+)	60.16
AYEL01061867.1:9556-9791(+,-)	61.05
AYEL01089899.1:83056-83304(+,-)	61.39
AYEL01072584.1:11150-11366(+,-)	63.44
AYEL01091234.1:11606-11839(+,-)	69.23
AYEL01003922.1:29-269(+,-)	70.83
AYEL01090468.1:29385-29661(+)	65.09
AYEL01066618.1:11515-11727(+)	66.67
AYEL01086185.1:9405-9589(-)	76.92
AYEL01070425.1:108378-108628(+,-)	65.93
AYEL01079711.1:5955-6156(+)	62.50
AYEL01036136.1:6709-6947(+,-)	63.72
AYEL01087898.1:6012-6197(+,-)	73.17
AYEL01081673.1:26068-26257(-)	62.35
AYEL01078855.1:8039-8258(+,-)	69.49
AYEL01089087.1:9724-10036(+,-)	61.95
AYEL01059098.1:383-618(+,-)	64.84
AYEL01086218.1:62092-62305(+,-)	62.37
AYEL01073978.1:89891-90124(+,-)	77.78
AYEL01061728.1:22620-22827(+,-)	61.32
AYEL01088287.1:92816-93182(+,-)	62.50
AYEL01058447.1:17272-17511(+,-)	64.89
AYEL01087736.1:21450-21657(+,-)	71.67
AYEL01055049.1:83916-84152(+,-)	68.18
AYEL01088844.1:12575-12793(+,-)	67.82
AYEL01088483.1:40796-41032(+,-)	62.07
AYEL01077408.1:6542-6757(+,-)	65.38
AYEL01066128.1:322-531(+,-)	62.38
AYEL01087070.1:15754-15958(+,-)	63.44
AYEL01088063.1:7459-7647(-)	71.11
AYEL01084252.1:7296-7689(+,-)	62.93
AYEL01084989.1:21306-21527(+,-)	65.28
AYEL01082093.1:13336-13566(+,-)	64.13
AYEL01063030.1:4521-4735(+,-)	62.60
AYEL01061825.1:1567-1785(+,-)	62.22
AYEL01080212.1:46786-47014(+,-)	69.12
AYEL01060653.1:53267-53486(+,-)	59.75
AYEL01084665.1:39771-40068(+,-)	65.88
AYEL01066994.1:44149-44369(+,-)	64.29
AYEL01077624.1:27236-27475(+,-)	61.45
AYEL01069360.1:18544-18751(-)	71.70
AYEL01065592.1:27811-28035(+,-)	59.77
AYEL01081722.1:17321-17519(+,-)	63.01
AYEL01033300.1:544-774(+,-)	73.68
AYEL01084102.1:155607-155949(+,-)	68.57
AYEL01076388.1:17599-17830(+,-)	62.07
AYEL01079499.1:51647-51862(+,-)	62.71
AYEL01054692.1:99135-99321(-)	63.22
AYEL01021093.1:3984-4192(+,-)	62.65
AYEL01029527.1:60533-60758(+,-)	74.68
AYEL01054704.1:24758-24975(+,-)	65.17
AYEL01046484.1:839-1033(+,-)	59.29
AYEL01085822.1:83633-83825(+,-)	66.67
AYEL01068518.1:39710-39932(+,-)	62.93
AYEL01077502.1:24504-24698(+)	73.53
AYEL01087840.1:16037-16413(+,-)	63.33
AYEL01090488.1:30958-31182(+,-)	64.52
AYEL01088421.1:30867-31071(+,-)	67.69
AYEL01045647.1:4122-4350(+,-)	65.60
AYEL01082228.1:8437-8628(+,-)	65.62
AYEL01076538.1:20695-20929(+,-)	73.58
AYEL01083926.1:20841-21059(+,-)	62.28
AYEL01091065.1:21581-21857(+,-)	65.56
AYEL01064134.1:84702-84936(+,-)	68.13
AYEL01082988.1:61947-62166(+,-)	63.75
AYEL01071193.1:25605-25821(+,-)	58.46
AYEL01063704.1:10902-11130(+,-)	65.00
AYEL01021622.1:1975-2169(+,-)	66.67
AYEL01090172.1:3465-3693(+,-)	65.93
AYEL01012223.1:23754-23977(+,-)	60.91
AYEL01065693.1:2944-3151(+)	65.52
AYEL01082318.1:70369-70566(-)	64.06
AYEL01049159.1:55684-55899(+,-)	70.89
AYEL01078076.1:37691-37919(+,-)	64.77
AYEL01068369.1:2636-2857(+,-)	62.26
AYEL01084814.1:20374-20568(+)	72.34
AYEL01071357.1:59769-59985(+,-)	67.39
AYEL01057328.1:49302-49533(+,-)	66.67
AYEL01088261.1:87938-88183(+,-)	68.13
AYEL01065961.1:13463-13677(+,-)	59.30
AYEL01028576.1:3518-3720(+,-)	60.95
AYEL01083282.1:23912-24131(+,-)	66.34
AYEL01081043.1:12988-13664(+,-)	60.49
AYEL01076153.1:7810-8045(+,-)	68.13
AYEL01048856.1:2528-2759(+,-)	70.24
AYEL01082291.1:147519-147734(+,-)	70.37
AYEL01056059.1:31110-31308(+,-)	67.92
AYEL01075941.1:39979-40357(+,-)	62.86
AYEL01088849.1:66117-66343(+,-)	63.10
AYEL01058194.1:2616-2889(+)	66.29
AYEL01080605.1:29896-30128(+,-)	64.77
AYEL01034521.1:537-745(+,-)	68.13
AYEL01070163.1:1158-1525(+,-)	63.64
AYEL01087178.1:64582-64730(+)	63.41
AYEL01088417.1:18240-18402(-)	70.69
AYEL01088919.1:6781-6994(+,-)	60.19
AYEL01074074.1:18781-19012(+,-)	67.27
AYEL01072484.1:103671-103863(+,-)	65.15
AYEL01020849.1:82567-82802(+,-)	67.95
AYEL01017852.1:70533-70765(+,-)	63.33
AYEL01084184.1:10115-10319(+)	59.70
AYEL01065540.1:23076-23284(-)	61.96
AYEL01067905.1:44851-45257(+,-)	69.74
AYEL01089779.1:70714-70905(+)	72.92
AYEL01076992.1:100173-100368(-)	72.92
AYEL01082422.1:3286-3508(+,-)	64.42
AYEL01082718.1:3623-3839(+,-)	70.83
AYEL01072402.1:20475-20695(+,-)	63.53
AYEL01064022.1:1072-1280(+,-)	70.33
AYEL01057515.1:461-695(+,-)	60.68
AYEL01077362.1:72726-72949(+,-)	67.44
AYEL01061542.1:8225-8427(+)	73.44
AYEL01049133.1:29776-30114(+,-)	69.57
AYEL01085435.1:83833-84155(+,-)	65.45
AYEL01019418.1:84335-84667(+,-)	59.04
AYEL01065031.1:8599-8808(+,-)	67.31
AYEL01075024.1:26312-26533(+,-)	66.13
AYEL01051223.1:8287-8564(-)	67.03
AYEL01088761.1:53053-53287(+,-)	65.13
AYEL01078772.1:44990-45196(+,-)	75.44
AYEL01051038.1:9528-9756(+,-)	66.67
AYEL01051941.1:14416-14617(+,-)	60.00
AYEL01065694.1:31210-31405(+,-)	62.82
AYEL01092040.1:2692-2906(+,-)	65.06
AYEL01069614.1:38552-38752(+,-)	61.54
AYEL01071212.1:14372-14597(+,-)	65.13
AYEL01069613.1:5935-6175(+,-)	60.67
AYEL01083959.1:21799-22079(+,-)	60.83
AYEL01088579.1:36628-36817(+)	69.77
AYEL01083224.1:2908-3134(+,-)	65.35
AYEL01078320.1:94200-94420(+,-)	63.51
AYEL01072356.1:9154-9346(+)	70.15
AYEL01070180.1:10800-11023(+,-)	60.16
AYEL01087639.1:1114-1316(+,-)	83.87
AYEL01017524.1:16224-16468(+,-)	65.91
AYEL01063174.1:107233-107472(+,-)	67.03
AYEL01052392.1:8636-8864(+,-)	64.04
AYEL01016911.1:47543-47763(+,-)	73.42
AYEL01064139.1:59091-59316(+,-)	65.93
AYEL01086564.1:1990-2223(+,-)	62.20
AYEL01066551.1:42107-42325(+,-)	62.28
AYEL01075187.1:25906-26146(+,-)	62.07
AYEL01076688.1:289-480(+)	64.95
AYEL01042207.1:9877-10071(+,-)	73.58
AYEL01075817.1:87950-88195(+,-)	67.39
AYEL01017526.1:21761-21997(-)	73.91
AYEL01032331.1:55159-55351(+,-)	71.01
AYEL01073767.1:9355-9586(+)	83.33
AYEL01073236.1:7184-7385(+,-)	60.24
AYEL01091673.1:59854-60191(+,-)	64.13
AYEL01064917.1:33356-33572(+,-)	70.65
AYEL01085972.1:4981-5190(+,-)	62.14
AYEL01006426.1:12511-12941(+,-)	57.46
AYEL01085533.1:23411-23641(+,-)	56.73
AYEL01075111.1:29370-29576(-)	68.60
AYEL01090620.1:13255-13478(+,-)	63.28
AYEL01083481.1:44277-44497(+,-)	75.00
AYEL01085300.1:13042-13274(+,-)	67.80
AYEL01082126.1:6732-6946(+,-)	63.96
AYEL01071753.1:115905-116117(-)	61.07
AYEL01070677.1:47160-47469(+,-)	68.06
AYEL01033729.1:33315-33520(+,-)	66.67
AYEL01059065.1:16379-16597(+,-)	69.01
AYEL01080842.1:17104-17362(+,-)	64.80
AYEL01064092.1:15524-15759(+,-)	63.55
AYEL01033811.1:12583-12819(+,-)	66.27
AYEL01028559.1:1596-1820(+,-)	64.91
AYEL01038747.1:25728-25953(+,-)	63.48
AYEL01028163.1:45970-46201(+,-)	65.06
AYEL01044470.1:74282-74496(+,-)	63.64
AYEL01092085.1:84954-85177(+,-)	69.62
AYEL01086727.1:18787-19311(+,-)	73.08
AYEL01037777.1:43948-44135(+)	67.03
AYEL01045647.1:33321-33478(-)	65.35
AYEL01087894.1:44426-44639(+,-)	58.20
AYEL01080539.1:1882-2110(+,-)	69.66
AYEL01067703.1:15823-16080(+,-)	71.43
AYEL01002478.1:342-569(+,-)	61.25
AYEL01028561.1:19251-19453(+,-)	65.69
AYEL01089630.1:105854-106096(+,-)	65.93
AYEL01023222.1:209-411(+,-)	69.84
AYEL01051578.1:14331-14523(-)	70.83
AYEL01055623.1:7456-7688(+,-)	61.73
AYEL01083120.1:32412-32626(+,-)	67.39
AYEL01089806.1:30244-30457(+,-)	76.00
AYEL01045267.1:640-848(+,-)	61.29
AYEL01065541.1:3469-3799(+,-)	73.03
AYEL01071140.1:23474-23708(+,-)	68.13
AYEL01079417.1:10425-10633(-)	69.62
AYEL01080694.1:49955-50183(+,-)	69.88
AYEL01071472.1:50201-50418(+,-)	70.37
AYEL01063542.1:25257-25449(+)	65.28
AYEL01076191.1:56131-56367(+,-)	66.67
AYEL01073787.1:12292-12517(+,-)	63.95
AYEL01090906.1:2363-2580(+,-)	64.33
AYEL01085464.1:73660-73878(+,-)	62.07
AYEL01087685.1:47669-47891(+,-)	61.90
AYEL01091347.1:73301-73517(+,-)	70.00
AYEL01087319.1:10917-11139(+,-)	75.00
AYEL01038894.1:66166-66418(+,-)	70.65
AYEL01050724.1:636-846(+,-)	56.25
AYEL01086144.1:7015-7241(+,-)	62.50
AYEL01087441.1:28557-28786(+,-)	62.50
AYEL01089563.1:113390-113628(+,-)	61.22
AYEL01083231.1:8350-8583(+,-)	71.11
AYEL01054132.1:7840-8099(+,-)	65.69
AYEL01067717.1:18705-18934(+,-)	65.56
AYEL01069528.1:8853-9062(+,-)	62.24
AYEL01085544.1:11402-11614(+,-)	62.67
AYEL01078577.1:34556-34780(+,-)	62.77
AYEL01004979.1:310-528(+,-)	71.19
AYEL01062105.1:3052-3283(+,-)	68.89
AYEL01083926.1:4547-4800(+)	75.00
AYEL01085680.1:12387-12610(+,-)	69.23
AYEL01091599.1:50029-50259(+,-)	59.29
AYEL01075507.1:65980-66192(-)	64.44
AYEL01074497.1:29874-30086(+,-)	65.38
AYEL01049036.1:20908-21127(+,-)	64.77
AYEL01064055.1:116889-117130(+,-)	70.31
AYEL01088728.1:11356-11593(+,-)	63.74
AYEL01087238.1:89745-89975(+,-)	68.13
AYEL01020849.1:97680-97902(+,-)	66.67
AYEL01062064.1:15736-15942(+)	67.80
AYEL01089750.1:49200-49435(+,-)	69.23
AYEL01083047.1:300-513(+,-)	64.77
AYEL01089142.1:7540-7760(+,-)	65.00
AYEL01060452.1:35376-35610(+,-)	71.43
AYEL01067584.1:31359-31550(+)	61.33
AYEL01076671.1:26214-26449(+,-)	68.13
AYEL01080555.1:35986-36304(+,-)	64.80
AYEL01049895.1:21667-21878(+)	71.11
AYEL01072564.1:36757-36953(-)	62.64
AYEL01069360.1:19812-20005(+,-)	64.29
AYEL01083864.1:12716-12945(+,-)	62.07
AYEL01079930.1:31755-31939(+,-)	67.09
AYEL01090769.1:2931-3167(+,-)	62.22
AYEL01087193.1:61149-61375(+,-)	69.23
AYEL01057408.1:10169-10376(+,-)	61.76
AYEL01072482.1:71199-71418(+,-)	69.12
AYEL01081396.1:9353-9587(+,-)	76.36
AYEL01090927.1:5070-5283(+,-)	63.95
AYEL01088883.1:29122-29353(+,-)	68.67
AYEL01064134.1:9628-9829(+,-)	68.92
AYEL01083283.1:14870-15099(+,-)	74.70
AYEL01091601.1:18215-18427(+,-)	68.75
AYEL01071713.1:505-731(+,-)	66.67
AYEL01069854.1:24543-24718(-)	67.74
AYEL01071620.1:1666-1895(+,-)	68.35
AYEL01067051.1:20326-20566(+,-)	68.18
AYEL01091704.1:73658-73880(+,-)	64.10
AYEL01074194.1:173973-174206(+,-)	71.43
AYEL01052944.1:27289-27495(+,-)	66.35
AYEL01091797.1:7251-7463(+)	59.71
AYEL01040060.1:7578-7806(+,-)	71.05
AYEL01057996.1:32854-33171(+,-)	73.42
AYEL01089363.1:10383-10606(+,-)	68.89
AYEL01086333.1:36457-36663(+,-)	70.00
AYEL01057762.1:21259-21525(+,-)	67.05
AYEL01054634.1:12793-13010(+,-)	58.27
AYEL01054419.1:17221-17453(+,-)	62.64
AYEL01073965.1:1650-1867(+,-)	70.33
AYEL01019579.1:1031-1241(+,-)	70.67
AYEL01085421.1:95241-95434(+,-)	68.60
AYEL01088638.1:9695-9888(+,-)	64.06
AYEL01090239.1:31369-31575(+)	62.86
AYEL01084676.1:8109-8334(+,-)	63.10
AYEL01080543.1:132142-132365(+,-)	62.60
AYEL01071550.1:21920-22138(+,-)	71.25
AYEL01032084.1:10951-11154(+,-)	63.64
AYEL01089079.1:9927-10148(+,-)	68.54
AYEL01076321.1:12760-12954(-)	66.07
AYEL01050674.1:53267-53455(-)	68.81
AYEL01085934.1:24076-24317(+,-)	73.91
AYEL01046747.1:52676-52891(+,-)	71.11
AYEL01073000.1:17056-17373(+)	66.67
AYEL01072503.1:39135-39352(+,-)	65.12
AYEL01074472.1:10720-10942(+,-)	63.48
AYEL01072433.1:61097-61287(+,-)	68.48
AYEL01074399.1:107837-108054(+,-)	63.39
AYEL01051822.1:179-461(+,-)	61.84
AYEL01057436.1:949-1173(+,-)	62.40
AYEL01083846.1:6588-6777(+,-)	67.31
AYEL01058394.1:164-382(+,-)	69.14
AYEL01081786.1:13145-13366(+,-)	68.54
AYEL01059341.1:475-694(+,-)	60.00
AYEL01061386.1:17066-17264(+,-)	62.79
AYEL01002137.1:0-192(-)	60.23
AYEL01073396.1:15596-15813(+,-)	72.22
AYEL01077837.1:11147-11380(+,-)	60.34
AYEL01080724.1:124929-125084(-)	66.15
AYEL01063147.1:17454-17831(+,-)	67.03
AYEL01067748.1:58458-58649(-)	60.00
AYEL01087521.1:108872-109070(+,-)	66.67
AYEL01062834.1:20107-20327(+,-)	64.41
AYEL01074283.1:7641-7834(+,-)	51.88
AYEL01041189.1:198-499(+,-)	69.23
AYEL01086769.1:1559-1783(+,-)	59.52
AYEL01075432.1:26707-26931(+,-)	72.34
AYEL01069134.1:38859-39067(+,-)	63.20
AYEL01084008.1:9511-9828(+,-)	66.28
AYEL01082776.1:4686-4894(+,-)	66.25
AYEL01057293.1:24773-25006(+,-)	67.78
AYEL01082997.1:12599-12816(+,-)	62.50
AYEL01080985.1:34652-34885(+,-)	69.49
AYEL01006436.1:4913-5153(+,-)	64.77
AYEL01086448.1:18160-18351(+,-)	64.47
AYEL01090487.1:35709-35918(+,-)	59.82
AYEL01037186.1:4660-4860(+,-)	69.32
AYEL01065621.1:70450-70672(+,-)	62.20
AYEL01090546.1:6421-6641(+,-)	61.74
AYEL01083971.1:10038-10258(+)	65.09
AYEL01087344.1:2670-2881(+)	58.04
AYEL01065958.1:5451-5615(+)	62.42
AYEL01045055.1:4357-4567(+,-)	61.21
AYEL01067285.1:15429-15658(+,-)	63.71
AYEL01085094.1:47880-48107(+,-)	65.79
AYEL01078083.1:25791-26021(+,-)	61.61
AYEL01083279.1:23268-23508(+,-)	70.15
AYEL01091775.1:4656-4858(+)	66.67
AYEL01080501.1:7002-7229(+,-)	61.19
AYEL01090754.1:27990-28223(+,-)	69.74
AYEL01084420.1:33019-33291(-)	70.33
AYEL01021396.1:27399-27619(+,-)	59.80
AYEL01076330.1:27633-27853(+,-)	65.38
AYEL01090948.1:10750-10973(+,-)	62.92
AYEL01073611.1:93540-93739(+)	64.29
AYEL01017753.1:2428-2657(+,-)	64.37
AYEL01072449.1:8131-8361(+,-)	67.03
AYEL01085420.1:43580-43773(+,-)	67.24
AYEL01060798.1:7218-7448(+,-)	63.83
AYEL01067370.1:31585-31808(+,-)	61.90
AYEL01076444.1:13581-13770(-)	84.00
AYEL01053398.1:7278-7496(+,-)	69.77
AYEL01060425.1:4066-4282(+,-)	67.39
AYEL01045883.1:4252-4470(+,-)	59.69
AYEL01063140.1:17788-18022(+,-)	67.03
AYEL01083995.1:10145-10376(+,-)	73.08
AYEL01087322.1:16402-16550(+)	75.00
AYEL01085094.1:35350-35680(+,-)	69.74
AYEL01087704.1:60351-60562(+,-)	67.11
AYEL01056802.1:10734-10936(+,-)	73.17
AYEL01031771.1:32829-33109(+,-)	60.83
AYEL01088235.1:26060-26305(+,-)	66.30
AYEL01057292.1:11886-12139(-)	67.21
AYEL01067293.1:6308-6539(+,-)	72.22
AYEL01020855.1:2003-2233(+,-)	64.21
AYEL01082153.1:75322-75556(+,-)	65.93
AYEL01065299.1:5049-5279(+,-)	61.90
AYEL01085251.1:6799-7005(+,-)	69.14
AYEL01078555.1:1598-1784(-)	59.13
AYEL01086061.1:35338-35575(+,-)	61.54
AYEL01072431.1:18061-18271(+,-)	60.47
AYEL01086671.1:4829-5051(+,-)	65.93
AYEL01038800.1:2759-2980(+,-)	62.31
AYEL01077176.1:17193-17607(+,-)	68.97
AYEL01079181.1:12916-13156(+,-)	66.10
AYEL01076272.1:14553-14815(+,-)	62.20
AYEL01059724.1:24642-24827(+)	64.58
AYEL01083867.1:68842-69071(+,-)	65.17
AYEL01089772.1:11254-11447(+,-)	57.76
AYEL01073870.1:14162-14370(+,-)	79.17
AYEL01080999.1:22564-22839(+,-)	68.13
AYEL01049209.1:52295-52532(+,-)	67.42
AYEL01054983.1:27434-27670(+,-)	67.05
AYEL01087900.1:668-892(+,-)	61.90
AYEL01074611.1:7094-7330(+,-)	67.78
AYEL01074054.1:37107-37358(+,-)	61.64
AYEL01069236.1:70194-70383(+,-)	64.19
AYEL01071072.1:10363-10595(+,-)	71.88
AYEL01087363.1:11716-11923(+)	62.82
AYEL01077425.1:11609-11832(+,-)	66.28
AYEL01072506.1:30884-31122(+,-)	66.30
AYEL01058683.1:21963-22204(+,-)	67.03
AYEL01087900.1:31043-31272(+,-)	59.54
AYEL01051054.1:28048-28267(+,-)	70.73
AYEL01071530.1:42563-42779(+,-)	63.33
AYEL01046592.1:10281-10467(-)	66.02
AYEL01071354.1:11579-11784(+,-)	67.31
AYEL01073851.1:12123-12341(+,-)	62.24
AYEL01090663.1:39213-39432(+,-)	62.37
AYEL01071834.1:32799-33109(+,-)	73.03
AYEL01088163.1:41513-41721(-)	68.63
AYEL01050042.1:5587-5797(+,-)	61.15
AYEL01077533.1:11571-11783(+,-)	62.40
AYEL01087287.1:8525-8736(+,-)	65.54
AYEL01057527.1:42006-42245(+,-)	63.33
AYEL01060550.1:2527-2748(+,-)	63.93
AYEL01067490.1:5364-5587(+,-)	62.07
AYEL01088685.1:4870-5104(+,-)	67.47
AYEL01087733.1:27625-27849(+,-)	67.57
AYEL01031257.1:66935-67152(+,-)	61.06
AYEL01018066.1:115-342(+)	64.94
AYEL01024389.1:5603-5810(+,-)	68.33
AYEL01062384.1:32208-32441(+,-)	63.22
AYEL01082998.1:3429-3692(+,-)	68.35
AYEL01086955.1:25670-25905(+,-)	64.29
AYEL01033357.1:17637-17831(-)	62.03
AYEL01082781.1:30667-30895(+,-)	61.76
AYEL01070206.1:81156-81393(+,-)	77.08
AYEL01077889.1:8186-8429(+,-)	67.03
AYEL01090766.1:47711-47933(+,-)	64.29
AYEL01084303.1:13363-13560(+,-)	72.55
AYEL01036272.1:6443-6662(+,-)	64.13
AYEL01077419.1:11935-12238(+,-)	65.93
AYEL01059974.1:23169-23381(+,-)	61.05
AYEL01071896.1:41370-41576(+)	68.42
AYEL01068920.1:52347-52562(+,-)	64.00
AYEL01083633.1:23658-23874(+,-)	65.79
AYEL01065750.1:11948-12231(+,-)	72.94
AYEL01071204.1:18227-18457(+,-)	62.64
AYEL01052722.1:28613-28836(+,-)	75.38
AYEL01065961.1:6019-6242(+,-)	62.31
AYEL01070181.1:277-479(+,-)	64.15
AYEL01076747.1:5088-5360(+,-)	64.89
AYEL01037345.1:26205-26445(+,-)	63.79
AYEL01045116.1:5307-5529(+,-)	72.22
AYEL01089840.1:6772-7160(+,-)	60.47
AYEL01080886.1:21291-21505(-)	63.27
AYEL01065827.1:4367-4579(+,-)	66.13
AYEL01074887.1:28214-28420(+,-)	59.66
AYEL01053764.1:4732-4938(+,-)	63.74
AYEL01071104.1:4319-4546(+,-)	71.79
AYEL01073135.1:44372-44602(+)	74.47
AYEL01056998.1:26082-26273(+)	63.16
AYEL01057342.1:8072-8295(+,-)	66.10
AYEL01083013.1:1624-1842(+,-)	65.60
AYEL01039444.1:35938-36151(+,-)	64.86
AYEL01091005.1:19212-19434(+,-)	78.18
AYEL01089277.1:74084-74335(-)	74.36
AYEL01010281.1:919-1144(+,-)	70.21
AYEL01072853.1:56095-56302(+,-)	68.18
AYEL01041791.1:6381-6582(+,-)	65.38
AYEL01040403.1:1015-1213(+,-)	64.44
AYEL01053815.1:841-1067(+,-)	63.75
AYEL01040407.1:25787-26005(+,-)	70.79
AYEL01061768.1:13663-14103(+)	66.28
AYEL01083679.1:68361-68574(+,-)	58.77
AYEL01089670.1:13724-13932(-)	63.64
AYEL01073195.1:2111-2316(+,-)	65.93
AYEL01068529.1:42603-42825(+,-)	66.27
AYEL01056755.1:11403-11617(+,-)	81.48
AYEL01063356.1:13431-13667(+,-)	67.65
AYEL01012497.1:3986-4213(+,-)	63.11
AYEL01056002.1:1704-1947(+,-)	64.84
AYEL01064789.1:2165-2357(+)	82.05
AYEL01087499.1:18537-18771(+,-)	69.57
AYEL01060159.1:37914-38127(+,-)	70.89
AYEL01088318.1:80433-80646(+,-)	69.05
AYEL01079906.1:3805-4011(+,-)	61.54
AYEL01023336.1:9871-10066(+,-)	63.10
AYEL01077756.1:21153-21372(+,-)	64.08
AYEL01009638.1:14188-14412(+,-)	69.88
AYEL01080735.1:5616-5878(+,-)	66.94
AYEL01088495.1:54950-55178(+,-)	78.82
AYEL01084163.1:31951-32182(+,-)	63.00
AYEL01082566.1:3918-4116(+,-)	67.11
AYEL01045732.1:10635-10861(+,-)	64.84
AYEL01084011.1:22536-22768(+,-)	60.44
AYEL01045729.1:53501-53766(+,-)	64.35
AYEL01071212.1:33677-33867(+,-)	64.20
AYEL01083339.1:53070-53300(+,-)	71.11
AYEL01079745.1:13367-13560(+,-)	67.92
AYEL01081330.1:13071-13314(+,-)	65.62
AYEL01066862.1:1941-2156(+,-)	67.11
AYEL01066035.1:31455-31645(+,-)	71.43
AYEL01067905.1:42409-42624(+,-)	62.77
AYEL01070325.1:5605-5840(+,-)	62.07
AYEL01075601.1:22222-22413(+,-)	60.83
AYEL01073786.1:151271-151462(+,-)	71.05
AYEL01065089.1:20869-21099(+,-)	59.82
AYEL01084222.1:42563-42769(-)	73.81
AYEL01091010.1:17317-17562(+)	76.00
AYEL01065909.1:7702-7935(+,-)	69.33
AYEL01038162.1:2681-2886(+,-)	64.52
AYEL01065786.1:14312-14745(+,-)	61.21
AYEL01083058.1:57981-58199(+,-)	69.01
AYEL01081541.1:15160-15353(+,-)	67.44
AYEL01049006.1:19443-19655(+,-)	65.32
AYEL01061878.1:45534-45752(+,-)	60.22
AYEL01078332.1:65359-65544(+)	65.33
AYEL01091252.1:24292-24718(+,-)	59.18
AYEL01065822.1:47951-48180(+,-)	69.47
AYEL01067638.1:18473-18708(+,-)	61.21
AYEL01072515.1:42349-42563(+,-)	69.23
AYEL01092025.1:25938-26164(+,-)	70.69
AYEL01064329.1:19395-19624(+,-)	69.84
AYEL01091424.1:455-650(+,-)	67.09
AYEL01065939.1:6023-6279(+,-)	66.67
AYEL01073761.1:20008-20287(+,-)	63.92
AYEL01042203.1:6846-7021(+)	69.64
AYEL01066857.1:4415-4637(+,-)	66.67
AYEL01077742.1:19048-19480(+,-)	65.93
AYEL01092092.1:5084-5317(+,-)	61.06
AYEL01079024.1:36681-36903(+,-)	65.22
AYEL01078916.1:51613-52112(+,-)	67.03
AYEL01052379.1:60391-60656(+,-)	63.79
AYEL01087979.1:68792-69020(+,-)	68.38
AYEL01065839.1:5900-6115(+,-)	72.09
AYEL01063394.1:86739-86938(-)	90.00
AYEL01082933.1:3175-3401(+,-)	69.23
AYEL01032569.1:7866-8095(+,-)	61.90
AYEL01055433.1:1192-1433(+,-)	67.03
AYEL01050873.1:77-268(+,-)	65.00
AYEL01080078.1:9442-9669(+,-)	66.96
AYEL01085977.1:3533-3751(+,-)	59.65
AYEL01077184.1:10428-10663(+,-)	59.29
AYEL01065494.1:43313-43506(+)	58.18
AYEL01038733.1:33500-33718(+,-)	66.30
AYEL01063295.1:43033-43364(+,-)	64.47
AYEL01081532.1:57509-57720(+,-)	73.13
AYEL01081666.1:60372-60605(+,-)	65.91
AYEL01081753.1:31842-32054(-)	69.14
AYEL01056070.1:7115-7329(+,-)	72.06
AYEL01073191.1:4790-5010(+,-)	61.11
AYEL01079761.1:41126-41312(+)	65.05
AYEL01070844.1:9960-10195(+,-)	68.13
AYEL01085970.1:9923-10088(-)	62.86
AYEL01075749.1:1985-2210(+,-)	62.50
AYEL01071183.1:11110-11332(+,-)	61.45
AYEL01061510.1:1619-1839(+,-)	65.98
AYEL01054298.1:31315-31570(+,-)	74.39
AYEL01086781.1:7408-7638(+,-)	67.47
AYEL01090592.1:44029-44255(+,-)	58.62
AYEL01067551.1:2327-2535(+,-)	61.06
AYEL01069299.1:8060-8504(+,-)	57.84
AYEL01072290.1:1836-2062(+,-)	64.52
AYEL01038266.1:0-193(+,-)	70.67
AYEL01071881.1:21502-21725(+,-)	63.48
AYEL01087588.1:9996-10230(+,-)	62.50
AYEL01083316.1:18896-19117(+,-)	69.23
AYEL01073191.1:72296-72498(+,-)	61.95
AYEL01065089.1:20640-20848(+,-)	71.43
AYEL01060325.1:14728-14988(+,-)	63.72
AYEL01085720.1:35259-35456(+,-)	66.25
AYEL01087967.1:16892-17091(+,-)	63.39
AYEL01061535.1:32474-32693(+,-)	70.69
AYEL01048485.1:30103-30336(+,-)	68.25
AYEL01076829.1:678-898(+,-)	61.79
AYEL01081406.1:13134-13337(+,-)	64.56
AYEL01066777.1:63494-63718(+,-)	63.06
AYEL01066574.1:244547-244760(+,-)	65.91
AYEL01056119.1:1452-1687(+,-)	61.32
AYEL01071177.1:21608-21833(+,-)	70.89
AYEL01060549.1:4778-5060(+,-)	72.92
AYEL01092006.1:2630-2851(+,-)	68.89
AYEL01078572.1:8374-8591(+,-)	70.31
AYEL01069579.1:75426-75654(+,-)	63.33
AYEL01066647.1:36312-36526(+,-)	70.91
AYEL01085594.1:3219-3497(+,-)	65.45
AYEL01079509.1:2120-2361(+,-)	71.26
AYEL01079035.1:115974-116194(+,-)	60.87
AYEL01091611.1:97357-97568(+,-)	68.25
AYEL01046411.1:956-1191(+,-)	65.93
AYEL01078158.1:14286-14503(+,-)	66.67
AYEL01041407.1:7185-7417(-)	60.24
AYEL01085319.1:93215-93427(+)	66.67
AYEL01087057.1:81102-81293(+,-)	81.63
AYEL01034570.1:14316-14529(+,-)	66.67
AYEL01031804.1:5013-5231(+,-)	61.54
AYEL01059378.1:21816-22043(-)	72.73
AYEL01083629.1:528-761(+,-)	69.07
AYEL01087894.1:12349-12571(+,-)	67.42
AYEL01090414.1:42709-43069(+,-)	67.24
AYEL01081876.1:10956-11182(+,-)	63.95
AYEL01083865.1:9843-10076(+,-)	67.09
AYEL01085604.1:134714-134949(+,-)	62.50
AYEL01085628.1:4748-4987(+,-)	60.44
AYEL01081702.1:5667-5919(-)	64.77
AYEL01090369.1:38839-39058(+,-)	65.91
AYEL01071894.1:9306-9544(+,-)	62.22
AYEL01069995.1:54812-55034(+,-)	63.93
AYEL01068870.1:30414-30639(+,-)	73.24
AYEL01048072.1:31153-31377(+,-)	71.60
AYEL01070053.1:32259-32460(+,-)	67.78
AYEL01068639.1:18627-18828(+,-)	64.86
AYEL01049834.1:2383-2570(+,-)	64.00
AYEL01071165.1:63326-63563(+,-)	71.19
AYEL01001067.1:1964-2174(-)	65.00
AYEL01084438.1:13216-13464(+,-)	77.78
AYEL01075644.1:64576-64801(+,-)	57.89
AYEL01068289.1:28739-28940(+)	58.33
AYEL01067568.1:56636-56857(+,-)	65.56
AYEL01087794.1:15524-15710(+)	75.00
AYEL01087441.1:90934-91150(+)	75.51
AYEL01071710.1:11962-12197(+,-)	70.45
AYEL01084532.1:74273-74484(+,-)	66.29
AYEL01084475.1:15262-15478(+,-)	63.41
AYEL01082661.1:68392-68603(+)	77.05
AYEL01067897.1:23237-23435(+,-)	77.27
AYEL01070547.1:11532-11755(+,-)	65.48
AYEL01078594.1:8023-8171(-)	67.39
AYEL01028569.1:25376-25619(+,-)	70.65
AYEL01087069.1:144719-144930(+)	62.20
AYEL01070333.1:31191-31415(+,-)	70.73
AYEL01061672.1:86188-86426(+,-)	71.19
AYEL01059724.1:30356-30577(-)	66.22
AYEL01078616.1:36953-37216(+,-)	69.49
AYEL01081690.1:275-477(+,-)	67.50
AYEL01070448.1:2978-3196(+,-)	62.35
AYEL01079941.1:18757-18985(+,-)	72.73
AYEL01081459.1:11718-11945(+,-)	66.34
AYEL01076691.1:6268-6494(+,-)	59.29
AYEL01091610.1:24840-25060(+,-)	70.00
AYEL01090781.1:9978-10223(+,-)	69.23
AYEL01081048.1:11256-11498(+,-)	67.78
AYEL01032136.1:8987-9226(+,-)	68.18
AYEL01085189.1:75299-75605(+)	63.72
AYEL01055334.1:67625-67856(+,-)	67.80
AYEL01090511.1:6853-7176(+,-)	69.51
AYEL01067516.1:802-1020(+,-)	56.00
AYEL01075039.1:146135-146357(+,-)	61.76
AYEL01088129.1:38069-38296(+,-)	69.32
AYEL01068529.1:68871-69072(+,-)	67.05
AYEL01072068.1:2307-2517(+)	64.15
AYEL01082772.1:52192-52379(+)	67.86
AYEL01049155.1:1577-1973(+,-)	59.41
AYEL01069063.1:6974-7209(-)	67.46
AYEL01076903.1:69859-70133(+,-)	68.12
AYEL01032673.1:926-1127(+,-)	71.11
AYEL01030581.1:377-592(+,-)	63.75
AYEL01059221.1:13345-13578(+,-)	61.54
AYEL01073831.1:35113-35348(+,-)	63.91
AYEL01064398.1:11863-12091(+,-)	69.05
AYEL01051216.1:4158-4378(+,-)	71.59
AYEL01065638.1:5893-6105(+,-)	75.61
AYEL01019013.1:4211-4395(-)	61.33
AYEL01064617.1:9724-9937(+,-)	71.88
AYEL01045647.1:1491-1710(+,-)	65.17
AYEL01053956.1:47307-47491(+)	70.00
AYEL01089115.1:27076-27286(+,-)	56.10
AYEL01053952.1:18774-19002(+,-)	68.54
AYEL01045733.1:42062-42275(+)	69.51
AYEL01075756.1:7601-7841(+,-)	81.82
AYEL01065949.1:9854-10084(+,-)	60.31
AYEL01056054.1:17315-17553(+,-)	68.18
AYEL01054836.1:31853-32087(+,-)	59.65
AYEL01078100.1:1329-1556(+,-)	69.57
AYEL01038167.1:2066-2297(+,-)	60.87
AYEL01055419.1:9861-10065(+,-)	60.61
AYEL01075667.1:160201-160424(+,-)	63.11
AYEL01072336.1:17398-17612(+)	66.67
AYEL01008912.1:21789-22006(+,-)	57.50
AYEL01075145.1:24007-24231(+,-)	65.26
AYEL01080533.1:55281-55489(+,-)	67.74
AYEL01069356.1:18423-18644(+,-)	60.87
AYEL01026802.1:11075-11274(+)	65.00
AYEL01082572.1:15943-16169(+,-)	66.30
AYEL01083472.1:24886-25120(+,-)	66.13
AYEL01087495.1:8760-8995(+,-)	76.81
AYEL01067725.1:56143-56346(+)	77.42
AYEL01072273.1:17029-17269(+,-)	71.11
AYEL01074779.1:5198-5407(+,-)	64.18
AYEL01085197.1:87034-87468(+,-)	63.03
AYEL01074007.1:2382-2578(+)	65.62
AYEL01073978.1:146838-147070(+,-)	67.71
AYEL01077233.1:27606-27779(+)	67.39
AYEL01049296.1:23864-24086(+,-)	66.15
AYEL01091096.1:92334-92694(+,-)	67.03
AYEL01036091.1:3284-3497(+,-)	63.08
AYEL01066556.1:8193-8383(+)	62.24
AYEL01074138.1:36048-36268(+,-)	72.73
AYEL01082431.1:13289-13514(+)	62.07
AYEL01076089.1:25534-25748(+,-)	70.21
AYEL01077837.1:13264-13475(+,-)	71.79
AYEL01042381.1:3758-3984(+,-)	61.61
AYEL01086258.1:61675-61894(+,-)	73.33
AYEL01082153.1:79435-79648(+,-)	68.75
AYEL01075862.1:25608-25836(+,-)	65.05
AYEL01085860.1:13302-13523(+,-)	79.17
AYEL01063827.1:4299-4544(+,-)	79.25
AYEL01064041.1:46861-47076(+,-)	65.17
AYEL01002096.1:630-826(+,-)	63.39
AYEL01062974.1:16172-16407(+,-)	62.50
AYEL01047425.1:6867-7131(+,-)	68.13
AYEL01071031.1:1917-2135(+,-)	68.42
AYEL01050413.1:28221-28406(-)	76.12
AYEL01064588.1:16258-16479(+,-)	73.17
AYEL01077023.1:2672-2898(+,-)	68.97
AYEL01086486.1:75198-75412(+,-)	61.96
AYEL01091549.1:25278-25509(+,-)	74.16
AYEL01091461.1:109887-110156(+,-)	69.23
AYEL01000195.1:11-226(+,-)	64.00
AYEL01089083.1:76821-77071(+,-)	71.79
AYEL01048424.1:19522-19758(+,-)	65.31
AYEL01091824.1:47508-47743(+,-)	73.26
AYEL01069494.1:17471-17685(+,-)	60.94
AYEL01069598.1:11948-12185(+,-)	75.86
AYEL01087723.1:56411-56639(+,-)	61.42
AYEL01045425.1:530-772(+,-)	63.64
AYEL01028138.1:82-373(+,-)	67.80
AYEL01075649.1:8987-9295(+,-)	64.37
AYEL01085953.1:9107-9366(+,-)	67.05
AYEL01060615.1:14130-14333(+)	68.49
AYEL01012568.1:2956-3192(+,-)	73.91
AYEL01083334.1:51399-51660(+,-)	65.52
AYEL01074366.1:30961-31183(+,-)	71.59
AYEL01064861.1:3734-3967(-)	67.31
AYEL01088277.1:9825-10042(+,-)	68.89
AYEL01049445.1:23204-23443(+,-)	72.84
AYEL01062599.1:14527-14757(+,-)	79.07
AYEL01025824.1:14991-15226(+,-)	63.33
AYEL01066918.1:7702-7967(+,-)	63.33
AYEL01015060.1:124972-125184(+,-)	66.10
AYEL01063513.1:17202-17439(+,-)	72.53
AYEL01079368.1:14433-14653(+,-)	66.18
AYEL01089737.1:15709-15923(+,-)	63.29
AYEL01058612.1:8631-8832(-)	61.11
AYEL01086852.1:26375-26595(+,-)	60.00
AYEL01067470.1:65858-66061(+,-)	71.19
AYEL01091908.1:61548-61762(+,-)	64.20
AYEL01088645.1:1442-1671(+,-)	65.03
AYEL01079035.1:128403-128632(+,-)	75.00
AYEL01065432.1:1242-1470(+,-)	66.67
AYEL01041023.1:1278-1518(+,-)	78.26
AYEL01014808.1:131-367(+,-)	60.94
AYEL01020853.1:572-882(+,-)	67.05
AYEL01074321.1:1836-2061(+,-)	62.64
AYEL01075427.1:9303-9525(+,-)	70.00
AYEL01072508.1:90727-90950(+,-)	67.48
AYEL01056447.1:85577-85848(+,-)	62.42
AYEL01089973.1:1251-1478(+,-)	55.28
AYEL01069844.1:105286-105473(+,-)	68.75
AYEL01066855.1:10254-10470(-)	66.07
AYEL01049051.1:72-352(+,-)	69.23
AYEL01056776.1:22403-22595(+,-)	67.44
AYEL01052551.1:2141-2372(+,-)	60.87
AYEL01029919.1:2825-3040(+,-)	63.39
AYEL01075353.1:42126-42337(+,-)	64.52
AYEL01072399.1:2218-2453(+,-)	67.03
AYEL01073239.1:4763-4943(+)	70.18
AYEL01086414.1:116458-116659(+,-)	64.94
AYEL01070717.1:7491-7726(+,-)	66.29
AYEL01086673.1:26987-27225(+,-)	68.09
AYEL01072482.1:79966-80189(+,-)	60.18
AYEL01067026.1:52082-52316(+,-)	68.67
AYEL01079052.1:23561-23791(+,-)	65.93
AYEL01082511.1:4770-4992(+,-)	59.77
AYEL01091366.1:9158-9432(+,-)	61.40
AYEL01070774.1:991-1197(+,-)	67.86
AYEL01051334.1:3208-3430(+,-)	64.42
AYEL01073981.1:1236-1466(+,-)	66.20
AYEL01087432.1:4192-4389(+,-)	63.71
AYEL01052946.1:13583-13796(+,-)	61.34
AYEL01040567.1:42840-43094(+,-)	66.30
AYEL01083665.1:39442-39642(+,-)	68.66
AYEL01090697.1:2649-2867(+,-)	60.53
AYEL01037163.1:27820-28023(+)	64.71
AYEL01065644.1:4986-5261(+,-)	63.72
AYEL01072720.1:3747-3933(+)	62.50
AYEL01089450.1:38373-38565(-)	58.89
AYEL01090128.1:1463-1656(+,-)	62.96
AYEL01085836.1:26362-26784(+,-)	67.42
AYEL01083069.1:55732-55954(+,-)	68.33
AYEL01012253.1:31589-31806(+,-)	71.43
AYEL01083391.1:38738-38955(+,-)	58.33
AYEL01089026.1:12689-12911(+,-)	70.79
AYEL01060716.1:10215-10451(+,-)	68.13
AYEL01089425.1:11712-11947(+,-)	64.84
AYEL01059397.1:3486-3710(+,-)	68.97
AYEL01077230.1:21894-22106(+,-)	65.38
AYEL01091192.1:5005-5221(+,-)	64.04
AYEL01069416.1:21527-21742(+,-)	67.74
AYEL01088294.1:78456-78680(+,-)	63.56
AYEL01080222.1:23375-23583(+,-)	64.96
AYEL01044921.1:5025-5224(+,-)	64.47
AYEL01088235.1:30511-30733(+,-)	68.35
AYEL01090707.1:7709-7936(+,-)	66.34
AYEL01033764.1:84794-85008(-)	59.24
AYEL01086472.1:15929-16294(+)	60.87
AYEL01067538.1:42163-42409(+,-)	62.50
AYEL01090563.1:6203-6413(+,-)	76.00
AYEL01090127.1:25873-26115(+)	59.78
AYEL01091637.1:9293-9541(+,-)	66.67
AYEL01090861.1:9611-9818(+,-)	68.75
AYEL01072140.1:50843-51055(+)	66.28
AYEL01053472.1:51035-51241(+,-)	64.13
AYEL01090814.1:19437-19671(+,-)	69.23
AYEL01087012.1:10037-10259(+,-)	63.48
AYEL01057527.1:45240-45460(+,-)	64.94
AYEL01084164.1:359-672(+,-)	62.71
AYEL01088262.1:24515-24721(+,-)	72.73
AYEL01089328.1:29554-29782(+,-)	60.33
AYEL01087337.1:56396-56612(+,-)	59.79
AYEL01039858.1:6463-6693(+,-)	65.93
AYEL01072325.1:3082-3278(+)	67.19
AYEL01088417.1:32733-32962(+,-)	62.07
AYEL01035582.1:32454-32713(+,-)	65.93
AYEL01089845.1:7292-7506(+,-)	62.89
AYEL01090273.1:69092-69344(+,-)	61.34
AYEL01076901.1:143007-143237(+,-)	62.03
AYEL01067999.1:18017-18290(-)	70.33
AYEL01080223.1:40293-40452(-)	61.25
AYEL01050673.1:292-501(+,-)	62.50
AYEL01060331.1:6189-6381(+)	61.19
AYEL01068368.1:1930-2155(-)	65.52
AYEL01074836.1:5394-5573(+)	56.94
AYEL01083283.1:65162-65390(+,-)	61.26
AYEL01082971.1:17116-17391(+)	70.33
AYEL01088766.1:23578-23796(+,-)	67.80
AYEL01066712.1:62265-62484(+,-)	60.48
AYEL01008340.1:23611-23832(+,-)	66.07
AYEL01070858.1:10075-10279(-)	59.18
AYEL01083572.1:37924-38147(+,-)	68.63
AYEL01079954.1:22021-22244(+,-)	70.21
AYEL01062636.1:10030-10252(+,-)	64.60
AYEL01059098.1:31889-32088(+,-)	62.24
AYEL01064430.1:13190-13415(+,-)	63.78
AYEL01084033.1:32250-32461(-)	70.49
AYEL01091543.1:38421-38608(+)	72.22
AYEL01069953.1:10596-10816(+,-)	69.51
AYEL01073851.1:76624-76843(+,-)	62.50
AYEL01084723.1:53585-53789(+)	67.50
AYEL01083339.1:11834-12199(+,-)	60.63
AYEL01067285.1:18033-18262(+,-)	63.71
AYEL01020695.1:1605-1835(+,-)	67.03
AYEL01071895.1:23611-23846(+,-)	64.84
AYEL01085809.1:2534-2766(+,-)	75.86
AYEL01063306.1:16164-16371(+,-)	70.97
AYEL01077743.1:46810-47024(+,-)	59.52
AYEL01064368.1:124529-124752(+,-)	64.35
AYEL01083555.1:24076-24290(+,-)	67.80
AYEL01076930.1:24955-25257(-)	73.33
AYEL01086216.1:9470-9683(+,-)	70.11
AYEL01043675.1:394-613(+,-)	63.30
AYEL01075104.1:36913-37148(+,-)	57.69
AYEL01067252.1:1509-1738(+,-)	59.29
AYEL01038194.1:10309-10606(+)	79.25
AYEL01068280.1:19079-19301(+,-)	57.89
AYEL01084831.1:31306-31547(+,-)	67.03
AYEL01074956.1:1494-1725(+,-)	67.44
AYEL01054119.1:1984-2206(+,-)	62.22
AYEL01085510.1:25496-25717(+,-)	63.06
AYEL01045162.1:65642-65861(+,-)	61.11
AYEL01057939.1:47283-47504(+,-)	67.26
AYEL01091775.1:4084-4318(+,-)	67.03
AYEL01088807.1:25098-25327(+,-)	71.19
AYEL01071512.1:3975-4190(-)	66.10
AYEL01077200.1:26521-26720(+,-)	68.37
AYEL01061488.1:15957-16149(+,-)	63.53
AYEL01075501.1:14099-14296(+)	71.05
AYEL01067405.1:9335-9556(+,-)	73.91
AYEL01076931.1:30446-30636(-)	67.19
AYEL01060145.1:17709-17894(-)	67.78
AYEL01079864.1:14333-14543(+,-)	64.60
AYEL01080211.1:115165-115371(+,-)	61.84
AYEL01059098.1:25498-25685(+)	61.22
AYEL01087665.1:10188-10426(+,-)	69.12
AYEL01081848.1:19052-19201(+)	65.52
AYEL01071344.1:16626-16850(+,-)	69.64
AYEL01078522.1:3515-3894(+,-)	70.79
AYEL01065447.1:62738-62948(+,-)	59.85
AYEL01076829.1:55939-56153(+,-)	61.61
AYEL01062742.1:334-550(+,-)	70.65
AYEL01074970.1:21294-21516(+,-)	65.56
AYEL01067302.1:32512-32697(-)	86.67
AYEL01038233.1:18388-18584(+,-)	66.04
AYEL01021622.1:19377-19598(+,-)	70.00
AYEL01084942.1:34751-34938(+)	61.36
AYEL01074924.1:8724-8931(+,-)	65.38
AYEL01026809.1:11648-11797(+)	69.64
AYEL01029690.1:520-710(+,-)	67.35
AYEL01064616.1:40831-41029(-)	66.67
AYEL01073067.1:25764-26014(+,-)	64.06
AYEL01090191.1:29727-29929(+,-)	70.59
AYEL01083119.1:37319-37480(+)	76.32
AYEL01079392.1:12680-12921(+,-)	64.52
AYEL01089631.1:1073-1296(+,-)	69.57
AYEL01037210.1:3421-3661(-)	67.74
AYEL01091381.1:9800-10030(+,-)	70.21
AYEL01091959.1:2267-2482(-)	60.15
AYEL01053962.1:49519-49757(+,-)	63.95
AYEL01086909.1:19824-20047(+,-)	63.16
AYEL01083001.1:15228-15430(+,-)	62.07
AYEL01071557.1:52979-53166(+)	60.00
AYEL01079596.1:6522-6757(+,-)	62.50
AYEL01051003.1:63547-63736(+,-)	60.49
AYEL01088471.1:15444-15656(+,-)	68.29
AYEL01089012.1:89055-89264(+,-)	68.48
AYEL01052624.1:48084-48319(+,-)	67.03
AYEL01088994.1:87912-88128(+,-)	60.27
AYEL01087615.1:33812-34001(+,-)	57.89
AYEL01091160.1:13198-13421(+,-)	65.56
AYEL01075026.1:74427-74643(+,-)	69.62
AYEL01058668.1:7171-7372(+,-)	63.22
AYEL01048940.1:42941-43163(+,-)	62.70
AYEL01060540.1:9893-10102(-)	63.95
AYEL01085876.1:68525-68741(+,-)	66.67
AYEL01048082.1:23211-23397(-)	68.13
AYEL01089165.1:43290-43501(+,-)	66.28
AYEL01086391.1:20109-20336(+,-)	65.93
AYEL01081308.1:2366-2582(+,-)	70.37
AYEL01052631.1:10067-10319(+,-)	58.62
AYEL01049590.1:16961-17267(+,-)	62.41
AYEL01065104.1:11925-12156(+,-)	64.71
AYEL01064576.1:39117-39337(+,-)	71.67
AYEL01065667.1:17802-18041(+,-)	63.74
AYEL01033726.1:2313-2550(+,-)	67.65
AYEL01073786.1:150993-151229(+,-)	64.52
AYEL01044729.1:831-1027(+,-)	66.10
AYEL01030952.1:28130-28333(+,-)	64.00
AYEL01048391.1:8681-8916(+,-)	65.52
AYEL01080091.1:39343-39566(+,-)	67.80
AYEL01064281.1:8015-8255(+,-)	68.13
AYEL01050008.1:113012-113231(+,-)	64.22
AYEL01082840.1:49276-49509(+,-)	68.97
AYEL01086267.1:33131-33361(+,-)	62.67
AYEL01085229.1:27943-28164(+)	69.14
AYEL01067502.1:55128-55328(+,-)	61.87
AYEL01069019.1:1987-2221(+,-)	62.59
AYEL01066758.1:21193-21423(+,-)	67.03
AYEL01067177.1:2611-2913(+,-)	62.13
AYEL01037774.1:17751-17961(+,-)	60.18
AYEL01048916.1:754-1022(+,-)	63.74
AYEL01087546.1:16704-16937(+,-)	66.22
AYEL01076905.1:7324-7632(+,-)	67.06
AYEL01069945.1:27634-27866(+,-)	66.28
AYEL01073757.1:10885-11111(+,-)	66.27
AYEL01060510.1:24387-24587(+,-)	64.29
AYEL01085788.1:30345-30578(+,-)	66.30
AYEL01067292.1:15065-15249(+)	62.30
AYEL01047524.1:1863-2062(+,-)	65.93
AYEL01067479.1:17754-17971(+,-)	68.18
AYEL01080999.1:31885-32101(+,-)	67.09
AYEL01071813.1:4736-5116(+,-)	61.06
AYEL01062858.1:11464-11676(+,-)	66.67
AYEL01033644.1:34159-34357(-)	64.18
AYEL01054833.1:28352-28549(+,-)	74.19
AYEL01088573.1:25822-26012(+,-)	62.30
AYEL01065597.1:14094-14426(+)	73.47
AYEL01081272.1:12184-12391(+,-)	72.88
AYEL01089405.1:53081-53296(+,-)	65.38
AYEL01074430.1:4838-5041(+,-)	69.35
AYEL01070630.1:8432-8631(+,-)	68.66
AYEL01047433.1:13806-14037(+,-)	73.81
AYEL01085020.1:87234-87439(+,-)	64.00
AYEL01067228.1:24890-25112(+,-)	64.00
AYEL01085876.1:34829-35050(+,-)	58.70
AYEL01072643.1:75649-75841(+,-)	68.85
AYEL01086538.1:43061-43291(+,-)	69.32
AYEL01087924.1:59561-59800(+,-)	64.04
AYEL01039456.1:41691-41910(+,-)	62.04
AYEL01075233.1:113206-113395(+,-)	65.79
AYEL01087904.1:4543-4770(+,-)	62.35
AYEL01060132.1:19864-20089(+,-)	67.02
AYEL01079266.1:16694-16928(+,-)	73.17
AYEL01056484.1:185-392(+,-)	64.84
AYEL01089780.1:13239-13467(+,-)	66.67
AYEL01057335.1:1239-1423(+)	73.33
AYEL01067499.1:61220-61449(+,-)	62.39
AYEL01083343.1:5889-6114(+,-)	63.46
AYEL01088667.1:57227-57430(+,-)	61.72
AYEL01081207.1:38274-38611(+,-)	59.41
AYEL01052353.1:45640-45854(+,-)	65.06
AYEL01084571.1:10103-10330(+,-)	79.63
AYEL01087865.1:12522-12696(-)	74.51
AYEL01012223.1:43242-43464(+,-)	70.77
AYEL01068484.1:11768-11985(+,-)	61.90
AYEL01091177.1:28060-28299(+,-)	64.49
AYEL01081412.1:32714-32939(+,-)	66.67
AYEL01070948.1:1165-1403(+,-)	60.00
AYEL01087714.1:12898-13152(+,-)	63.95
AYEL01091294.1:8924-9139(+,-)	67.80
AYEL01080860.1:12201-12438(+,-)	66.67
AYEL01062591.1:14506-14721(+,-)	65.56
AYEL01068633.1:311-537(+,-)	64.56
AYEL01036367.1:12803-13031(+,-)	71.05
AYEL01072853.1:28554-28777(+,-)	64.00
AYEL01076374.1:10757-10990(+,-)	61.36
AYEL01088843.1:8826-9046(+,-)	70.51
AYEL01089466.1:83277-83509(+,-)	71.08
AYEL01086564.1:40110-40341(+,-)	72.00
AYEL01062151.1:2328-2527(+,-)	74.42
AYEL01080985.1:43286-43496(+,-)	62.40
AYEL01086673.1:16180-16398(+,-)	64.29
AYEL01068057.1:32467-32662(+,-)	67.09
AYEL01090763.1:50833-51024(+,-)	86.96
AYEL01081224.1:16039-16313(+,-)	70.33
AYEL01073789.1:35071-35314(+,-)	72.09
AYEL01086586.1:1627-2118(+,-)	71.60
AYEL01059774.1:431-660(+,-)	60.53
AYEL01054096.1:349-576(+,-)	64.29
AYEL01070635.1:12106-12322(+,-)	66.30
AYEL01078443.1:76379-76596(+,-)	69.77
AYEL01062136.1:1109-1336(+,-)	60.67
AYEL01091149.1:25206-25407(+,-)	65.22
AYEL01064030.1:66928-67122(+,-)	65.88
AYEL01083971.1:11401-11623(+,-)	64.29
AYEL01064368.1:31301-31531(+,-)	67.09
AYEL01070923.1:3510-3740(+,-)	68.54
AYEL01082418.1:24876-25115(+,-)	74.71
AYEL01065497.1:31870-32155(+)	63.46
AYEL01032498.1:38459-38695(+,-)	61.54
AYEL01059535.1:2957-3179(+,-)	62.20
AYEL01061280.1:625-863(+,-)	58.93
AYEL01080232.1:40650-40864(-)	72.22
AYEL01084584.1:26408-26643(+,-)	69.35
AYEL01076207.1:74215-74448(+,-)	62.50
AYEL01077578.1:130362-130590(+,-)	70.73
AYEL01081424.1:2811-3037(+,-)	74.07
AYEL01078919.1:3256-3468(+,-)	57.76
AYEL01059835.1:18100-18335(+,-)	68.13
AYEL01059039.1:13363-13690(+)	62.20
AYEL01091638.1:63778-64000(+,-)	68.24
AYEL01078288.1:73761-73970(+,-)	75.00
AYEL01074951.1:29043-29274(+,-)	62.07
AYEL01061209.1:18394-18707(-)	67.78
AYEL01077504.1:34405-34630(+,-)	70.69
AYEL01072046.1:13622-13855(+,-)	65.96
AYEL01061402.1:60198-60421(+,-)	66.67
AYEL01063516.1:4328-4563(+,-)	69.23
AYEL01083939.1:6708-6942(+,-)	65.52
AYEL01080997.1:54549-54768(+,-)	72.09
AYEL01083092.1:6106-6325(+,-)	64.77
AYEL01077332.1:15653-15893(+,-)	70.45
AYEL01082365.1:13641-13862(+,-)	64.06
AYEL01077182.1:26543-26765(+,-)	66.67
AYEL01080786.1:3368-3580(+,-)	65.93
AYEL01082084.1:59539-59793(+,-)	67.35
AYEL01089492.1:7674-7975(+,-)	60.17
AYEL01064030.1:75370-75559(+)	69.66
AYEL01079515.1:29950-30163(+,-)	63.64
AYEL01083339.1:37814-38060(+,-)	67.35
AYEL01079763.1:3849-4073(+,-)	61.11
AYEL01085836.1:18545-18789(+,-)	69.23
AYEL01076407.1:7862-8088(+,-)	63.24
AYEL01090885.1:36593-36787(+,-)	62.22
AYEL01065230.1:29803-30006(+,-)	64.84
AYEL01091333.1:23594-23790(+,-)	67.92
AYEL01087993.1:2825-3037(+,-)	61.60
AYEL01074222.1:37933-38153(+,-)	74.55
AYEL01044470.1:39781-40004(+,-)	67.39
AYEL01081649.1:14790-14994(+,-)	61.46
AYEL01090545.1:31330-31583(-)	69.57
AYEL01078456.1:29887-30116(+,-)	67.03
AYEL01030584.1:16072-16272(+,-)	77.19
AYEL01062569.1:10746-10972(+,-)	64.84
AYEL01091967.1:24681-25036(+,-)	66.67
AYEL01080298.1:6058-6277(+,-)	63.64
AYEL01060131.1:8832-9067(+,-)	67.03
AYEL01055064.1:472-693(+,-)	71.43
AYEL01066931.1:112628-112861(+,-)	67.42
AYEL01069412.1:2628-2856(+,-)	64.84
AYEL01075493.1:4014-4266(+,-)	67.61
AYEL01076626.1:13177-13376(+,-)	67.47
AYEL01075558.1:26372-26595(+,-)	62.61
AYEL01038593.1:3008-3223(+,-)	60.32
AYEL01070523.1:5960-6192(+,-)	67.42
AYEL01085802.1:15061-15282(+,-)	60.00
AYEL01054970.1:7436-7614(+)	65.57
AYEL01075014.1:26848-27079(+,-)	70.27
AYEL01080155.1:10530-10770(+,-)	68.35
AYEL01049296.1:24210-24438(+,-)	95.65
AYEL01091091.1:48559-48775(+,-)	66.67
AYEL01087435.1:1082-1317(+,-)	58.62
AYEL01067733.1:28726-28961(+,-)	68.13
AYEL01056279.1:23263-23494(+,-)	70.24
AYEL01079186.1:10350-10568(+,-)	63.95
AYEL01091886.1:66351-66553(+,-)	69.23
AYEL01080085.1:35438-35646(+,-)	70.00
AYEL01061941.1:22077-22325(+,-)	68.70
AYEL01083941.1:2287-2518(+,-)	65.98
AYEL01073803.1:14058-14286(+,-)	58.73
AYEL01067653.1:707-915(+,-)	64.29
AYEL01060848.1:38312-38523(+,-)	63.16
AYEL01034033.1:9316-9545(+,-)	63.64
AYEL01051884.1:14241-14478(+,-)	64.04
AYEL01068605.1:17247-17481(+,-)	66.12
AYEL01068785.1:16292-16497(+,-)	64.55
AYEL01061304.1:4422-4631(+,-)	75.00
AYEL01048182.1:21604-21793(+,-)	78.72
AYEL01091214.1:34565-34767(+,-)	65.62
AYEL01091585.1:16036-16256(+,-)	58.77
AYEL01060150.1:8909-9100(+,-)	60.91
AYEL01047914.1:55643-55852(+,-)	66.67
AYEL01062892.1:4832-5067(+,-)	65.93
AYEL01090243.1:31797-32007(+)	95.45
AYEL01073276.1:5491-5708(+,-)	69.77
AYEL01079973.1:28454-28680(+,-)	61.36
AYEL01025124.1:51-332(+,-)	65.93
AYEL01080242.1:35780-35997(+,-)	75.00
AYEL01088650.1:54352-54611(+,-)	69.84
AYEL01020366.1:478-712(+,-)	69.23
AYEL01071074.1:16706-16906(+,-)	63.64
AYEL01069658.1:40134-40360(+,-)	66.67
AYEL01072053.1:33271-33483(+,-)	63.04
AYEL01078798.1:9197-9452(+,-)	58.24
AYEL01080793.1:57894-58115(+,-)	71.43
AYEL01075954.1:2681-2882(-)	66.04
AYEL01089569.1:27342-27574(+,-)	69.74
AYEL01063682.1:6675-7078(+,-)	60.58
AYEL01061215.1:2785-2990(+,-)	64.44
AYEL01086955.1:37028-37265(+,-)	62.86
AYEL01078238.1:73619-73829(+,-)	60.23
AYEL01075835.1:86138-86353(+,-)	68.85
AYEL01088015.1:3537-3772(+,-)	64.95
AYEL01064826.1:46935-47158(+,-)	68.13
AYEL01081856.1:13216-13447(+,-)	59.05
AYEL01073220.1:1504-1712(+,-)	63.20
AYEL01073200.1:29386-29607(+,-)	69.49
AYEL01064771.1:4639-4904(+)	68.97
AYEL01091107.1:13700-13900(+)	67.03
AYEL01020119.1:59-300(+,-)	60.00
AYEL01085077.1:1636-1871(+,-)	68.67
AYEL01064053.1:12353-12725(+,-)	64.77
AYEL01076901.1:176580-176809(+,-)	73.33
AYEL01091439.1:20839-21075(+,-)	67.03
AYEL01089040.1:67725-67941(+,-)	72.58
AYEL01075388.1:30819-31004(-)	65.48
AYEL01081025.1:98550-98772(+,-)	65.38
AYEL01086733.1:5314-5617(-)	66.23
AYEL01049864.1:25239-25460(-)	90.91
AYEL01087853.1:25775-25987(+,-)	67.57
AYEL01014199.1:47760-47976(+,-)	61.15
AYEL01083939.1:3185-3384(+)	70.59
AYEL01061863.1:18000-18212(+,-)	68.29
AYEL01064235.1:6070-6325(+,-)	63.55
AYEL01073669.1:36156-36373(+,-)	54.41
AYEL01051690.1:5818-6045(+,-)	60.42
AYEL01084753.1:5377-5597(+,-)	70.45
AYEL01072866.1:78927-79122(+,-)	71.70
AYEL01072161.1:13631-13822(-)	62.11
AYEL01067653.1:50531-50747(-)	65.82
AYEL01049724.1:5724-5923(+,-)	66.07
AYEL01072351.1:39929-40148(+,-)	58.27
AYEL01033764.1:54171-54403(+,-)	66.27
AYEL01084784.1:973-1225(+,-)	70.59
AYEL01057398.1:560-774(+,-)	68.67
AYEL01070228.1:11073-11302(+,-)	61.36
AYEL01065318.1:93699-93908(+,-)	76.67
AYEL01064710.1:44966-45201(+,-)	69.23
AYEL01087870.1:26453-26682(+,-)	65.81
AYEL01060028.1:8072-8262(+)	62.63
AYEL01045872.1:2795-3003(+,-)	66.67
AYEL01047922.1:12017-12236(+,-)	70.00
AYEL01063295.1:42700-42884(-)	67.80
AYEL01085823.1:10665-10913(+,-)	70.13
AYEL01082775.1:36795-37183(+,-)	65.93
AYEL01080430.1:51838-52045(+)	63.93
AYEL01089328.1:8580-8795(+,-)	64.94
AYEL01071344.1:55373-55592(+,-)	65.32
AYEL01081294.1:45407-45647(+,-)	60.53
AYEL01078241.1:17785-17978(+)	61.25
AYEL01058937.1:26425-26646(+,-)	58.93
AYEL01087526.1:57291-57530(+,-)	68.13
AYEL01069401.1:24988-25205(+,-)	61.25
AYEL01053690.1:22536-22762(+,-)	66.41
AYEL01086369.1:8977-9185(-)	68.54
AYEL01085978.1:9487-9718(+,-)	67.03
AYEL01084003.1:7813-8029(+,-)	63.71
AYEL01057733.1:8548-8781(+,-)	63.64
AYEL01057510.1:4266-4501(+,-)	68.13
AYEL01041407.1:4228-4432(+,-)	63.95
AYEL01074043.1:48181-48400(+,-)	67.26
AYEL01059952.1:37821-38042(+,-)	64.56
AYEL01082344.1:8207-8438(+,-)	75.00
AYEL01062195.1:1335-1745(+,-)	71.88
AYEL01090927.1:5303-5521(+,-)	65.22
AYEL01014404.1:4933-5166(+,-)	65.93
AYEL01068783.1:1532-1749(+,-)	60.34
AYEL01074088.1:66408-66624(+,-)	60.12
AYEL01078235.1:3046-3234(+,-)	68.75
AYEL01083239.1:7897-8114(+,-)	67.78
AYEL01091630.1:26390-26625(+,-)	68.13
AYEL01065207.1:5712-5927(+,-)	65.17
AYEL01065559.1:37115-37423(+,-)	62.14
AYEL01080184.1:49019-49246(+,-)	61.95
AYEL01084831.1:25886-26094(+,-)	60.48
AYEL01091938.1:7700-7920(+,-)	66.67
AYEL01080232.1:39298-39645(+,-)	66.28
AYEL01017481.1:167-381(+,-)	64.23
AYEL01076906.1:25199-25416(+,-)	58.59
AYEL01085904.1:20165-20383(+,-)	60.64
AYEL01006534.1:125-346(+)	72.41
AYEL01079819.1:18637-18851(+,-)	76.09
AYEL01086414.1:82668-82883(+,-)	66.10
AYEL01078077.1:14122-14357(+,-)	67.03
AYEL01067421.1:32064-32290(+,-)	58.41
AYEL01065407.1:17405-17633(+,-)	63.74
AYEL01010169.1:17285-17502(+,-)	69.49
AYEL01082975.1:41256-41473(+,-)	64.23
AYEL01080389.1:48507-48729(+,-)	66.67
AYEL01064655.1:25116-25341(+,-)	65.31
AYEL01063043.1:13042-13288(+,-)	65.43
AYEL01091992.1:29199-29434(+,-)	68.13
AYEL01085550.1:844-1043(+,-)	65.28
AYEL01055950.1:35417-35632(+,-)	70.18
AYEL01078691.1:28809-29027(+,-)	59.65
AYEL01087639.1:1750-1974(+,-)	65.59
AYEL01076435.1:55238-55430(-)	62.96
AYEL01082291.1:149365-149600(+,-)	71.70
AYEL01070172.1:13575-13794(+,-)	64.76
AYEL01022126.1:75600-75831(+,-)	67.03
AYEL01069821.1:94662-94852(-)	76.92
AYEL01078171.1:4721-5003(-)	65.56
AYEL01065061.1:22037-22263(+,-)	62.39
AYEL01054283.1:26074-26302(+,-)	65.26
AYEL01019673.1:3915-4139(+,-)	67.35
AYEL01063194.1:18619-18817(+,-)	68.92
AYEL01049159.1:54803-55019(+,-)	77.78
AYEL01053642.1:21310-21511(+,-)	68.42
AYEL01081836.1:67972-68176(-)	65.71
AYEL01070546.1:18768-19003(+,-)	67.03
AYEL01055314.1:4680-4865(+,-)	66.67
AYEL01034527.1:55287-55504(+,-)	64.81
AYEL01062041.1:18348-18739(+,-)	58.74
AYEL01078848.1:27274-27501(+,-)	57.01
AYEL01090369.1:70708-70925(+,-)	66.10
AYEL01077939.1:21041-21275(+,-)	59.17
AYEL01091301.1:131245-131471(+,-)	69.05
AYEL01028963.1:60131-60315(+,-)	73.47
AYEL01088739.1:211146-211380(+,-)	65.85
AYEL01053708.1:7875-8096(+,-)	71.79
AYEL01068181.1:4778-5016(+,-)	68.13
AYEL01076189.1:31232-31436(+,-)	61.06
AYEL01069236.1:41441-41676(+,-)	67.03
AYEL01018393.1:7395-7605(+,-)	69.77
AYEL01052211.1:1632-1840(+,-)	65.00
AYEL01044484.1:6744-6960(+,-)	64.77
AYEL01074236.1:11573-11794(+,-)	69.05
AYEL01072165.1:23169-23390(+,-)	63.74
AYEL01058513.1:2610-2834(+,-)	71.05
AYEL01084601.1:42637-42862(+,-)	63.75
AYEL01088618.1:47192-47427(+,-)	65.93
AYEL01076944.1:24130-24363(+,-)	62.93
AYEL01090648.1:47998-48178(+)	66.04
AYEL01066639.1:1838-2073(+,-)	68.13
AYEL01083412.1:4019-4242(+,-)	61.11
AYEL01091630.1:38609-38838(+,-)	60.16
AYEL01085366.1:315-536(+,-)	64.84
AYEL01074434.1:43365-43589(+,-)	62.00
AYEL01085464.1:63830-64053(+,-)	60.94
AYEL01046124.1:57495-57725(+,-)	63.27
AYEL01087514.1:6085-6310(+,-)	78.05
AYEL01066093.1:25600-25826(+,-)	65.52
AYEL01075803.1:1566-1765(+,-)	62.67
AYEL01075435.1:17507-17743(+,-)	60.94
AYEL01071614.1:3480-3714(+,-)	59.54
AYEL01075946.1:26681-26866(-)	59.29
AYEL01048259.1:2371-2594(+,-)	69.62
AYEL01060125.1:31254-31457(+,-)	60.80
AYEL01061401.1:15263-15467(+,-)	60.18
AYEL01057610.1:73859-74053(+,-)	70.25
AYEL01077258.1:13736-13946(+,-)	75.51
AYEL01082093.1:36937-37149(+,-)	66.67
AYEL01077268.1:6095-6331(+,-)	59.52
AYEL01071557.1:18324-18520(+,-)	84.78
AYEL01091626.1:20302-20490(+,-)	68.66
AYEL01066770.1:19783-20011(+,-)	59.69
AYEL01065028.1:35367-35589(+,-)	61.06
AYEL01032498.1:42675-42891(+,-)	65.96
AYEL01079037.1:9812-9997(+)	70.31
AYEL01090002.1:10049-10559(+,-)	67.05
AYEL01085581.1:6530-6724(+,-)	62.69
AYEL01084814.1:95451-95690(+,-)	68.54
AYEL01083222.1:14545-14762(+)	62.50
AYEL01089510.1:10439-10654(+,-)	71.11
AYEL01065685.1:16711-16928(+,-)	61.34
AYEL01066701.1:30372-30589(+,-)	66.10
AYEL01091875.1:57181-57410(+,-)	65.91
AYEL01086215.1:4156-4362(+,-)	61.86
AYEL01065634.1:91465-91739(-)	66.67
AYEL01078434.1:9470-9626(-)	59.82
AYEL01062931.1:7438-7705(-)	70.33
AYEL01060649.1:1680-1889(+,-)	66.00
AYEL01046115.1:30462-30679(+,-)	62.50
AYEL01060305.1:28798-29131(-)	64.20
AYEL01082081.1:65708-65901(+,-)	58.88
AYEL01064030.1:75865-76091(+,-)	59.32
AYEL01080934.1:58827-59062(+,-)	61.95
AYEL01087673.1:50425-50641(+,-)	59.09
AYEL01034527.1:28287-28523(+,-)	64.91
AYEL01069355.1:14522-14756(+,-)	71.26
AYEL01079478.1:37280-37494(+,-)	65.22
AYEL01060814.1:29419-29639(+,-)	69.05
AYEL01070325.1:12475-12688(+,-)	69.32
AYEL01082608.1:30941-31223(+,-)	70.91
AYEL01064837.1:10414-10650(+,-)	65.18
AYEL01022092.1:14197-14395(+)	65.96
AYEL01065250.1:58322-58541(+,-)	69.23
AYEL01059958.1:13-247(+,-)	65.93
AYEL01013454.1:20468-20685(+,-)	64.52
AYEL01059672.1:8295-8502(+,-)	74.63
AYEL01032134.1:31943-32224(+,-)	60.53
AYEL01080654.1:1583-1810(+,-)	69.49
AYEL01056002.1:19804-20032(+,-)	67.78
AYEL01085198.1:495-705(+,-)	61.60
AYEL01060696.1:7250-7471(+,-)	65.22
AYEL01080608.1:23289-23505(+,-)	70.89
AYEL01057714.1:1352-1583(+,-)	67.27
AYEL01083589.1:14810-15021(+,-)	65.93
AYEL01067530.1:5001-5198(+,-)	62.79
AYEL01087768.1:2522-2735(+,-)	71.11
AYEL01081806.1:38069-38290(+,-)	64.91
AYEL01087924.1:11238-11473(+,-)	60.18
AYEL01076178.1:18807-19033(+,-)	69.88
AYEL01079090.1:30316-30508(+,-)	76.79
AYEL01029899.1:77142-77365(+,-)	62.90
AYEL01023334.1:1155-1387(+,-)	67.57
AYEL01070431.1:28586-28810(+)	63.64
AYEL01056672.1:26122-26316(+,-)	61.96
AYEL01089890.1:112789-113015(+,-)	64.84
AYEL01084950.1:54980-55195(+,-)	78.79
AYEL01011327.1:206-418(+,-)	61.11
AYEL01061299.1:5733-5968(+,-)	64.84
AYEL01064556.1:294-479(+)	71.43
AYEL01086979.1:48286-48559(+,-)	66.02
AYEL01059985.1:2276-2501(+,-)	61.61
AYEL01071723.1:53457-53877(+,-)	61.59
AYEL01084902.1:157-376(+,-)	63.64
AYEL01082082.1:50377-50605(+,-)	61.74
AYEL01021110.1:11210-11419(+,-)	61.06
AYEL01082816.1:4449-4667(+,-)	70.73
AYEL01073117.1:327-559(+,-)	61.22
AYEL01044725.1:901-1213(+,-)	65.93
AYEL01066843.1:29474-29704(+,-)	65.15
AYEL01071812.1:4411-4724(+,-)	68.54
AYEL01050344.1:14746-14953(-)	60.42
AYEL01076974.1:28416-28632(+,-)	58.64
AYEL01028215.1:15-359(+,-)	68.04
AYEL01044805.1:8962-9171(+,-)	63.71
AYEL01068638.1:17597-17831(+,-)	75.86
AYEL01042693.1:12516-12758(+,-)	67.03
AYEL01070763.1:20613-20809(-)	63.55
AYEL01052561.1:36572-36783(+,-)	69.70
AYEL01090582.1:390-612(+,-)	66.00
AYEL01068368.1:3004-3229(-)	64.20
AYEL01029841.1:38-231(+,-)	63.54
AYEL01072853.1:61756-61978(+,-)	68.29
AYEL01075005.1:11065-11285(+,-)	70.97
AYEL01074153.1:3894-4107(+,-)	63.74
AYEL01070098.1:19193-19433(+,-)	63.49
AYEL01040271.1:242-442(+)	66.67
AYEL01063772.1:20672-20891(+,-)	64.52
AYEL01020082.1:25214-25432(+,-)	59.38
AYEL01044598.1:46635-46861(+,-)	66.67
AYEL01091687.1:1143-1383(+,-)	70.69
AYEL01067731.1:34486-34707(+,-)	61.33
AYEL01085197.1:43228-43403(+)	72.55
AYEL01076973.1:28129-28333(+,-)	70.89
AYEL01091516.1:15508-15741(+,-)	61.61
AYEL01090769.1:31198-31406(+,-)	75.00
AYEL01084545.1:44315-44521(+,-)	68.13
AYEL01035861.1:73073-73300(+,-)	64.12
AYEL01088087.1:24821-25047(+,-)	57.81
AYEL01079834.1:10315-10516(+,-)	72.92
AYEL01066728.1:12795-13021(+,-)	63.64
AYEL01029132.1:18528-18743(+,-)	70.89
AYEL01066259.1:3137-3358(+,-)	65.38
AYEL01060326.1:9329-9520(-)	67.65
AYEL01066232.1:15438-15648(+,-)	80.00
AYEL01085598.1:5726-5998(+,-)	64.20
AYEL01071920.1:26914-27131(+,-)	63.33
AYEL01065008.1:5540-5783(+,-)	62.79
AYEL01090287.1:2213-2432(+,-)	67.44
AYEL01060584.1:79411-79635(+,-)	63.64
AYEL01058513.1:12602-12899(+,-)	71.64
AYEL01084742.1:35536-35762(+,-)	67.11
AYEL01068508.1:21945-22155(-)	61.90
AYEL01087894.1:15226-15436(+,-)	66.30
AYEL01033550.1:4734-4960(+,-)	67.44
AYEL01072723.1:77827-78062(+,-)	64.52
AYEL01074249.1:68984-69309(+,-)	65.91
AYEL01063079.1:5940-6163(+,-)	67.57
AYEL01091095.1:2629-2856(+,-)	70.45
AYEL01052758.1:29655-29885(+,-)	73.33
AYEL01088024.1:33631-33850(+,-)	61.11
AYEL01081128.1:30571-30868(+)	60.00
AYEL01089789.1:4653-4895(+,-)	63.41
AYEL01071024.1:6739-6967(+,-)	63.95
AYEL01084002.1:46465-46736(+,-)	68.66
AYEL01060584.1:21266-21477(+,-)	64.20
AYEL01060935.1:86171-86404(+,-)	68.60
AYEL01019216.1:1927-2143(+,-)	73.77
AYEL01060320.1:3051-3250(+,-)	60.26
AYEL01086767.1:14916-15143(+,-)	72.00
AYEL01057435.1:1430-1657(+,-)	61.86
AYEL01083233.1:4191-4425(+,-)	69.74
AYEL01072844.1:2354-2637(+,-)	65.56
AYEL01071733.1:10638-10847(+,-)	66.39
AYEL01091255.1:35348-35549(-)	62.07
AYEL01081807.1:198528-198721(+)	68.42
AYEL01082760.1:1546-1768(+,-)	67.78
AYEL01084328.1:1994-2236(+,-)	64.84
AYEL01086322.1:12381-12602(+,-)	70.21
AYEL01086187.1:41448-41726(+)	81.82
AYEL01090954.1:4015-4238(+,-)	64.57
AYEL01071524.1:21740-21897(+)	73.68
AYEL01090663.1:113467-113716(+,-)	67.74
AYEL01087613.1:373-607(+,-)	64.44
AYEL01050549.1:24611-24855(+,-)	65.12
AYEL01074056.1:105911-106133(+,-)	57.50
AYEL01076244.1:42445-42719(-)	60.34
AYEL01088064.1:2045-2257(+,-)	63.75
AYEL01085542.1:67840-68071(+,-)	64.52
AYEL01078766.1:2873-3097(+,-)	62.26
AYEL01084444.1:47387-47598(+,-)	61.80
AYEL01087005.1:33254-33462(+,-)	64.52
AYEL01081294.1:9750-9988(+,-)	76.60
AYEL01078443.1:79888-80097(+)	65.71
AYEL01084013.1:6145-6383(+,-)	63.29
AYEL01070648.1:3916-4166(-)	60.42
AYEL01089435.1:38038-38235(+,-)	62.07
AYEL01087924.1:9970-10193(+,-)	59.80
AYEL01068269.1:10335-10564(+,-)	64.44
AYEL01075573.1:12009-12206(+,-)	57.45
AYEL01073752.1:7956-8144(+)	73.33
AYEL01073000.1:13904-14118(+,-)	66.28
AYEL01075073.1:25386-25578(+,-)	67.50
AYEL01072833.1:768-1037(+,-)	67.03
AYEL01088026.1:50017-50217(+,-)	64.44
AYEL01074749.1:22843-23052(+,-)	65.82
AYEL01071028.1:42278-42500(+,-)	67.03
AYEL01084379.1:20421-20624(+,-)	63.89
AYEL01090228.1:12231-12461(+,-)	64.84
AYEL01086258.1:10174-10390(+,-)	71.43
AYEL01087426.1:4791-5026(+,-)	64.91
AYEL01061748.1:79245-79487(+,-)	71.59
AYEL01078211.1:56787-56971(-)	69.88
AYEL01090369.1:91545-91784(+,-)	68.42
AYEL01081595.1:9212-9403(+,-)	71.83
AYEL01083081.1:1394-1611(+,-)	63.49
AYEL01062201.1:2380-2611(+,-)	69.62
AYEL01057406.1:69725-69949(+,-)	67.39
AYEL01074499.1:14891-15099(+,-)	75.00
AYEL01085257.1:21160-21527(+,-)	64.93
AYEL01056485.1:275-467(+,-)	65.22
AYEL01076349.1:21256-21479(+,-)	69.39
AYEL01077987.1:31570-31799(+,-)	70.91
AYEL01082770.1:16802-17026(+,-)	60.63
AYEL01084914.1:50766-50954(-)	58.57
AYEL01089780.1:13473-13687(+,-)	65.15
AYEL01083261.1:1420-1644(+,-)	71.91
AYEL01088751.1:3156-3391(+,-)	63.95
AYEL01083235.1:59466-59676(+,-)	74.70
AYEL01076252.1:96858-97072(+,-)	63.93
AYEL01077901.1:151-372(+,-)	54.66
AYEL01069416.1:21051-21291(+,-)	70.53
AYEL01053173.1:22207-22436(+,-)	60.67
AYEL01082675.1:13820-14041(+,-)	62.50
AYEL01088383.1:16324-16553(+,-)	61.40
AYEL01078749.1:2153-2370(+,-)	65.62
AYEL01043566.1:108-340(+,-)	61.11
AYEL01091167.1:29212-29409(+)	63.89
AYEL01021398.1:11511-11697(-)	68.48
AYEL01075816.1:7294-7515(+,-)	65.04
AYEL01060098.1:5286-5505(+,-)	65.62
AYEL01079264.1:14167-14391(+,-)	68.33
AYEL01079572.1:1281-1513(+,-)	61.25
AYEL01043680.1:74468-74705(+,-)	61.95
AYEL01090825.1:2853-3118(+,-)	63.33
AYEL01052331.1:6468-6685(+,-)	68.35
AYEL01067653.1:77340-77552(+,-)	71.17
AYEL01038842.1:11865-12085(+,-)	67.39
AYEL01083665.1:36531-36720(+,-)	70.91
AYEL01088915.1:15373-15597(+,-)	65.89
AYEL01091467.1:143926-144121(+,-)	61.18
AYEL01084850.1:103568-103798(+,-)	63.74
AYEL01077872.1:3633-3836(+,-)	61.33
AYEL01073851.1:12793-13014(+,-)	67.72
AYEL01081484.1:15054-15440(+,-)	62.16
AYEL01078512.1:3143-3350(+,-)	67.80
AYEL01088064.1:27708-27943(+,-)	65.35
AYEL01044841.1:8125-8339(+,-)	70.49
AYEL01071844.1:60076-60296(+,-)	59.65
AYEL01057996.1:32428-32718(+)	59.29
AYEL01090272.1:33020-33265(+,-)	63.87
AYEL01076630.1:56481-56701(+,-)	68.49
AYEL01075860.1:25119-25337(+,-)	67.06
AYEL01065038.1:46525-46789(+)	72.88
AYEL01082568.1:9397-9625(+,-)	66.32
AYEL01080298.1:8274-8513(+,-)	69.62
AYEL01075090.1:2620-2834(+,-)	66.04
AYEL01045160.1:2878-3098(+,-)	67.39
AYEL01082513.1:10482-10712(+,-)	67.03
AYEL01082133.1:113130-113324(+,-)	75.00
AYEL01078409.1:69016-69232(+,-)	68.13
AYEL01090827.1:41828-42048(+,-)	67.21
AYEL01026679.1:44422-44624(+,-)	58.89
AYEL01042939.1:29373-29585(+,-)	65.43
AYEL01077372.1:39299-39487(+,-)	67.21
AYEL01079888.1:2182-2404(+,-)	66.10
AYEL01088655.1:5453-5682(-)	68.54
AYEL01089480.1:90755-90994(+,-)	63.27
AYEL01088928.1:64499-64838(+,-)	63.33
AYEL01078432.1:7641-7867(+,-)	57.76
AYEL01080408.1:1371-1586(+,-)	69.23
AYEL01027899.1:40165-40402(+,-)	67.03
AYEL01090680.1:54834-55058(+,-)	61.36
AYEL01075781.1:57220-57455(+,-)	67.06
AYEL01076215.1:105681-105889(+,-)	62.50
AYEL01086473.1:44964-45166(+,-)	63.74
AYEL01082208.1:3265-3465(+,-)	67.09
AYEL01086092.1:53274-53531(+,-)	67.74
AYEL01084831.1:2667-2884(+,-)	63.44
AYEL01079007.1:37352-37595(+,-)	62.20
AYEL01080468.1:83409-83614(+,-)	75.90
AYEL01073606.1:18349-18565(+,-)	67.09
AYEL01052477.1:13261-13478(+,-)	61.86
AYEL01089392.1:12368-12603(+,-)	68.13
AYEL01084845.1:78705-79179(+,-)	66.23
AYEL01080129.1:46125-46313(+,-)	63.86
AYEL01057438.1:6081-6445(+,-)	65.93
AYEL01062995.1:39968-40188(+,-)	54.66
AYEL01068783.1:126407-126642(+,-)	65.33
AYEL01073220.1:24981-25193(+,-)	62.20
AYEL01025334.1:465-656(+,-)	63.95
AYEL01064592.1:15140-15368(+,-)	71.11
AYEL01088157.1:74376-74595(+)	65.75
AYEL01036938.1:703-925(+,-)	62.28
AYEL01048259.1:6268-6494(+,-)	56.88
AYEL01055580.1:26128-26355(+,-)	67.74
AYEL01073406.1:19743-19964(+,-)	63.74
AYEL01088573.1:61671-61890(+,-)	66.67
AYEL01075145.1:9201-9423(+,-)	58.91
AYEL01066712.1:66056-66266(+,-)	67.50
AYEL01058314.1:18063-18284(+,-)	67.03
AYEL01072114.1:90607-90831(+,-)	77.50
AYEL01080239.1:9584-9788(+,-)	66.30
AYEL01091132.1:44763-44991(+,-)	85.71
AYEL01091804.1:42628-42850(+,-)	56.21
AYEL01072999.1:6774-7002(+,-)	69.66
AYEL01057437.1:7573-7806(+,-)	62.10
AYEL01006970.1:316-537(+,-)	63.16
AYEL01088249.1:21482-21715(+,-)	56.90
AYEL01091080.1:25259-25474(+,-)	65.83
AYEL01072851.1:48823-49053(+,-)	73.26
AYEL01017526.1:657-865(+,-)	66.36
AYEL01085978.1:19922-20152(+,-)	61.49
AYEL01083039.1:17893-18143(+,-)	64.44
AYEL01086905.1:25785-26007(+,-)	59.29
AYEL01083240.1:38271-38490(+,-)	70.83
AYEL01082566.1:28320-28531(+,-)	64.56
AYEL01076843.1:8901-9211(+,-)	67.14
AYEL01030173.1:63-356(+,-)	65.93
AYEL01076415.1:3890-4140(+,-)	68.13
AYEL01064571.1:3601-3819(+,-)	63.48
AYEL01051787.1:4681-4893(+,-)	61.86
AYEL01090500.1:36653-36879(+,-)	73.97
AYEL01049064.1:508-741(+,-)	63.96
AYEL01082531.1:21945-22180(+,-)	62.50
AYEL01049358.1:73713-73868(-)	65.52
AYEL01069159.1:29851-30085(+,-)	63.20
AYEL01086364.1:101327-101606(+,-)	62.43
AYEL01047184.1:56207-56447(+,-)	65.91
AYEL01065705.1:29685-29971(+,-)	61.95
AYEL01079557.1:559-744(-)	68.00
AYEL01067349.1:506-728(+,-)	63.72
AYEL01087594.1:13329-13537(+,-)	65.69
AYEL01091757.1:14479-14732(+,-)	73.61
AYEL01086030.1:226175-226394(+,-)	64.79
AYEL01068325.1:35911-36128(-)	64.71
AYEL01076960.1:26616-26827(+)	74.14
AYEL01008419.1:60147-60367(+,-)	63.16
AYEL01080641.1:4301-4536(+,-)	63.89
AYEL01091874.1:66775-66969(+)	59.15
AYEL01044425.1:17868-18097(+,-)	65.06
AYEL01066790.1:19843-20190(+,-)	65.38
AYEL01089872.1:5174-5404(-)	71.67
AYEL01058031.1:46328-46600(+,-)	64.84
AYEL01088554.1:28674-28873(+,-)	68.85
AYEL01024926.1:20218-20453(+,-)	65.26
AYEL01087019.1:10643-10840(+,-)	59.72
AYEL01084223.1:10787-11001(+,-)	69.33
AYEL01065008.1:8774-9000(+,-)	65.56
AYEL01073464.1:9588-9777(+,-)	64.94
AYEL01071132.1:6671-6878(-)	73.02
AYEL01090406.1:11491-11693(+,-)	67.47
AYEL01085443.1:16983-17197(+,-)	70.79
AYEL01079007.1:91752-91965(+,-)	61.63
AYEL01058699.1:5798-6019(+,-)	56.48
AYEL01083437.1:84264-84554(+,-)	67.03
AYEL01090561.1:6835-7067(+,-)	68.18
AYEL01084365.1:54717-54969(+,-)	60.18
AYEL01068810.1:26682-26904(+,-)	68.89
AYEL01089841.1:4067-4337(+,-)	69.86
AYEL01088550.1:6063-6275(+,-)	62.50
AYEL01087494.1:9529-9755(+,-)	74.47
AYEL01064705.1:28161-28375(+,-)	65.59
AYEL01062100.1:84337-84563(+,-)	75.68
AYEL01090700.1:60485-60725(+,-)	70.59
AYEL01014199.1:28760-28958(-)	70.59
AYEL01066861.1:22937-23160(+,-)	66.67
AYEL01083250.1:212-442(+,-)	64.41
AYEL01079632.1:34923-35139(+,-)	62.89
AYEL01083428.1:74201-74489(+,-)	67.80
AYEL01074707.1:107904-108137(+,-)	61.34
AYEL01070244.1:2448-2756(+,-)	68.06
AYEL01089554.1:11989-12220(+,-)	60.16
AYEL01005095.1:7695-7906(+,-)	62.02
AYEL01042378.1:13265-13459(+,-)	67.65
AYEL01083438.1:89597-89825(+,-)	59.52
AYEL01084881.1:15705-15911(+,-)	62.50
AYEL01074749.1:24632-24837(+,-)	74.47
AYEL01048078.1:12655-13009(+,-)	69.49
AYEL01057776.1:791-1026(+,-)	68.35
AYEL01091935.1:11487-11725(+,-)	65.12
AYEL01091887.1:17288-17512(+,-)	67.06
AYEL01083135.1:41895-42115(+,-)	64.44
AYEL01088223.1:21136-21374(+,-)	67.02
AYEL01012221.1:7620-7811(+,-)	65.85
AYEL01091392.1:851-1077(+,-)	65.28
AYEL01091254.1:1536-1756(+,-)	72.97
AYEL01039594.1:35633-35855(+,-)	62.14
AYEL01081592.1:42526-42712(+)	57.89
AYEL01085398.1:2249-2480(+,-)	78.26
AYEL01061240.1:2077-2307(+,-)	60.87
AYEL01042524.1:1131-1355(+,-)	69.84
AYEL01071285.1:6730-6957(+,-)	60.44
AYEL01064195.1:6263-6529(+,-)	63.78
AYEL01048564.1:27648-27849(+,-)	61.29
AYEL01012496.1:17120-17333(+,-)	77.08
AYEL01035069.1:5026-5226(+)	60.17
AYEL01082461.1:23854-24070(+,-)	70.33
AYEL01066317.1:13583-13811(+,-)	67.09
AYEL01079824.1:1899-2114(+,-)	73.02
AYEL01089457.1:42795-43011(+,-)	68.75
AYEL01061173.1:3314-3517(+,-)	77.97
AYEL01068474.1:6576-6787(+,-)	71.00
AYEL01074940.1:7190-7382(+,-)	66.30
AYEL01064121.1:17373-17586(+,-)	66.67
AYEL01063406.1:964-1246(+,-)	67.50
AYEL01065522.1:81990-82222(+,-)	61.54
AYEL01081723.1:61423-61639(+,-)	67.15
AYEL01034316.1:12052-12287(+,-)	64.84
AYEL01053607.1:21323-21589(+,-)	67.44
AYEL01027845.1:4978-5202(+,-)	62.50
AYEL01076105.1:74652-74880(+,-)	62.82
AYEL01078155.1:1733-1943(-)	70.21
AYEL01045865.1:98-317(+,-)	62.50
AYEL01055992.1:14330-14563(+,-)	65.56
AYEL01025968.1:7504-7702(+,-)	66.10
AYEL01087858.1:150103-150330(+,-)	63.24
AYEL01076405.1:2975-3167(+,-)	62.20
AYEL01012986.1:3105-3304(+,-)	61.42
AYEL01064062.1:15188-15413(+,-)	71.08
AYEL01074773.1:15357-15579(+,-)	64.00
AYEL01044724.1:12475-12705(+,-)	61.67
AYEL01081080.1:76890-77111(+,-)	64.56
AYEL01054872.1:8580-8796(+,-)	68.48
AYEL01044629.1:22794-23022(+,-)	67.03
AYEL01051114.1:57319-57520(+,-)	56.78
AYEL01089195.1:189236-189451(+,-)	70.89
AYEL01090541.1:36348-36561(-)	64.71
AYEL01080770.1:8176-8387(+)	67.61
AYEL01081599.1:11371-11578(+,-)	67.27
AYEL01067156.1:56473-56693(+,-)	60.53
AYEL01024732.1:3501-3764(+,-)	70.89
AYEL01067529.1:24061-24353(+,-)	62.07
AYEL01069464.1:13608-13826(+,-)	62.50
AYEL01065608.1:14535-14753(+,-)	64.29
AYEL01068324.1:8280-8500(+,-)	63.64
AYEL01061544.1:4881-5110(+,-)	62.64
AYEL01077756.1:67253-67463(+,-)	60.91
AYEL01075137.1:591-831(+,-)	71.59
AYEL01075038.1:4068-4280(+,-)	71.05
AYEL01075117.1:26160-26385(+,-)	67.01
AYEL01055137.1:26701-26918(+,-)	65.93
AYEL01027165.1:4977-5186(+,-)	60.00
AYEL01086224.1:2562-2761(+,-)	61.76
AYEL01070226.1:83357-83581(+,-)	61.72
AYEL01087500.1:4232-4439(-)	73.47
AYEL01069324.1:1468-1696(+,-)	67.39
AYEL01075543.1:41071-41264(+,-)	62.60
AYEL01059142.1:7418-7652(+,-)	63.96
AYEL01026806.1:32450-32672(+,-)	68.85
AYEL01069561.1:72202-72435(+,-)	71.11
AYEL01049108.1:217-448(+,-)	68.13
AYEL01075820.1:7482-7687(+,-)	62.82
AYEL01086766.1:90830-91073(+,-)	67.74
AYEL01032674.1:2935-3142(+,-)	58.16
AYEL01054331.1:2268-2498(+,-)	65.93
AYEL01037209.1:27732-28054(+,-)	66.18
AYEL01055047.1:81497-81714(+,-)	68.35
AYEL01078376.1:2927-3183(+,-)	69.03
AYEL01070794.1:3913-4129(+,-)	69.35
AYEL01057626.1:76412-76620(+,-)	60.71
AYEL01071667.1:17832-18067(+,-)	64.84
AYEL01070427.1:388-615(+,-)	66.28
AYEL01088001.1:47941-48152(-)	70.21
AYEL01070681.1:4662-4812(+)	69.49
AYEL01089480.1:105275-105501(+,-)	69.79
AYEL01079619.1:30307-30532(+,-)	68.37
AYEL01084663.1:49621-49845(+,-)	64.84
AYEL01079905.1:14020-14260(+,-)	74.36
AYEL01090294.1:25927-26261(+,-)	65.28
AYEL01079855.1:6189-6381(+)	62.90
AYEL01067248.1:61991-62213(+,-)	68.35
AYEL01088853.1:31213-31442(+,-)	64.44
AYEL01048648.1:327-560(+,-)	63.78
AYEL01058872.1:3132-3323(+,-)	60.95
AYEL01069643.1:8963-9186(+,-)	62.50
AYEL01059731.1:32536-32751(+,-)	63.73
AYEL01083214.1:26552-26770(+,-)	64.06
AYEL01087255.1:3662-3873(+,-)	62.77
AYEL01036024.1:56129-56338(+,-)	58.51
AYEL01085542.1:204975-205194(+,-)	66.33
AYEL01050279.1:27924-28149(+,-)	68.18
AYEL01044805.1:21341-21551(+,-)	88.00
AYEL01056850.1:16744-17024(-)	64.00
AYEL01065441.1:1881-2109(+,-)	59.65
AYEL01088728.1:80815-81086(+,-)	64.35
AYEL01086539.1:4755-4962(+,-)	62.83
AYEL01085611.1:4980-5258(+,-)	62.26
AYEL01066103.1:88056-88271(+,-)	64.71
AYEL01059022.1:11717-11929(+,-)	71.83
AYEL01057499.1:5734-5967(+,-)	61.86
AYEL01086740.1:2729-2917(+,-)	76.09
AYEL01088369.1:6443-6638(-)	78.72
AYEL01083726.1:3115-3355(+,-)	66.27
AYEL01049931.1:59705-59930(+,-)	60.18
AYEL01075508.1:17726-17961(+,-)	75.86
AYEL01090584.1:14334-14553(+,-)	66.28
AYEL01059731.1:50605-50839(+,-)	60.94
AYEL01061351.1:5818-6008(+,-)	60.94
AYEL01084721.1:142378-142728(+,-)	71.59
AYEL01073668.1:8913-9148(+,-)	76.32
AYEL01091523.1:6557-6790(+,-)	62.07
AYEL01075354.1:74364-74593(+,-)	69.88
AYEL01048150.1:29730-29928(+,-)	70.91
AYEL01076316.1:16327-16523(+,-)	60.40
AYEL01086973.1:12834-13059(+,-)	63.74
AYEL01075657.1:2157-2355(+)	65.48
AYEL01086971.1:22115-22370(+,-)	72.29
AYEL01032201.1:34520-34748(+,-)	63.04
AYEL01060187.1:41197-41429(+,-)	67.42
AYEL01067653.1:19205-19437(+,-)	70.79
AYEL01064257.1:32499-32658(-)	70.69
AYEL01061180.1:24944-25170(+,-)	64.71
AYEL01077909.1:1618-1852(+,-)	81.58
AYEL01066328.1:65664-65875(+,-)	64.29
AYEL01072966.1:8857-9077(+,-)	61.06
AYEL01091172.1:3029-3232(+,-)	60.87
AYEL01065441.1:1604-1836(+,-)	69.35
AYEL01044692.1:9065-9288(+,-)	65.22
AYEL01067286.1:1204-1432(+,-)	62.83
AYEL01064053.1:72424-72619(+,-)	65.56
AYEL01079070.1:2000-2184(-)	65.00
AYEL01087665.1:25730-26020(+,-)	69.41
AYEL01072336.1:19104-19331(+,-)	62.92
AYEL01057151.1:22979-23291(+,-)	70.27
AYEL01073349.1:4485-4670(+)	58.33
AYEL01012252.1:76361-76595(+,-)	57.76
AYEL01040780.1:497-720(+,-)	67.03
AYEL01067660.1:29036-29231(+,-)	66.04
AYEL01074782.1:8620-8814(+,-)	65.12
AYEL01034367.1:5333-5550(+,-)	69.49
AYEL01026805.1:33379-33547(-)	72.73
AYEL01090284.1:20497-20725(+,-)	64.21
AYEL01071723.1:54216-54451(+,-)	64.84
AYEL01088641.1:58327-58515(+,-)	67.07
AYEL01089103.1:8357-8586(+,-)	65.49
AYEL01070535.1:42036-42231(-)	71.11
AYEL01088388.1:99365-99633(+,-)	73.33
AYEL01066781.1:12013-12230(+,-)	64.63
AYEL01090840.1:29559-29748(-)	69.47
AYEL01086935.1:16456-16644(+,-)	67.03
AYEL01082838.1:72525-72739(+,-)	60.16
AYEL01074131.1:21702-21902(+,-)	60.71
AYEL01078799.1:8222-8439(+,-)	68.54
AYEL01091637.1:79308-79539(+,-)	68.89
AYEL01071673.1:62116-62343(+,-)	59.12
AYEL01067810.1:141-376(+,-)	65.82
AYEL01060281.1:6068-6275(+,-)	61.63
AYEL01080798.1:27448-27673(+,-)	78.79
AYEL01050546.1:7164-7399(+,-)	67.03
AYEL01082426.1:15381-15615(+,-)	65.22
AYEL01065158.1:66449-66680(+,-)	65.35
AYEL01049927.1:52642-52871(+,-)	60.34
AYEL01062824.1:8855-9085(+,-)	62.99
AYEL01070260.1:38437-38672(+,-)	70.89
AYEL01078540.1:1173-1397(+,-)	59.52
AYEL01080236.1:25985-26175(+)	74.51
AYEL01083007.1:28231-28435(-)	81.82
AYEL01091874.1:64656-64922(+,-)	61.26
AYEL01067089.1:6069-6265(+,-)	66.30
AYEL01071753.1:125891-126107(+,-)	57.04
AYEL01071072.1:49019-49219(+,-)	65.57
AYEL01083230.1:123700-123926(+,-)	68.32
AYEL01069683.1:12421-12689(+)	68.13
AYEL01070138.1:35638-35861(+,-)	66.67
AYEL01063959.1:13142-13337(+,-)	64.29
AYEL01079414.1:11187-11389(+)	72.92
AYEL01038486.1:15371-15591(+,-)	67.07
AYEL01029413.1:29552-29769(+,-)	76.19
AYEL01069747.1:3264-3455(-)	57.14
AYEL01057486.1:710-944(+,-)	60.94
AYEL01068577.1:8299-8495(+)	68.75
AYEL01026287.1:55955-56159(-)	72.50
AYEL01058885.1:33974-34187(+,-)	64.91
AYEL01058026.1:1346-1571(+,-)	67.14
AYEL01089515.1:34060-34265(-)	70.11
AYEL01042381.1:3170-3396(+,-)	61.61
AYEL01032134.1:26845-27060(+,-)	60.00
AYEL01069166.1:117440-117658(+,-)	65.00
AYEL01063970.1:6293-6507(+,-)	63.72
AYEL01076507.1:13400-13672(-)	58.14
AYEL01029717.1:332-557(+,-)	66.25
AYEL01057111.1:7572-7822(+,-)	72.58
AYEL01086553.1:4717-4908(+,-)	71.93
AYEL01054568.1:12206-12446(+,-)	68.25
AYEL01067553.1:9331-9570(+,-)	65.05
AYEL01071160.1:30928-31125(+,-)	63.10
AYEL01085611.1:5465-5699(+,-)	71.08
AYEL01066452.1:37085-37310(+,-)	69.23
AYEL01060458.1:7275-7601(+,-)	65.52
AYEL01086546.1:13837-14050(+)	61.06
AYEL01072592.1:2870-3067(+,-)	70.00
AYEL01072045.1:78870-79101(+,-)	61.67
AYEL01072606.1:27251-27468(+,-)	69.77
AYEL01086333.1:13048-13247(+,-)	64.47
AYEL01051214.1:25547-25761(+,-)	67.80
AYEL01048623.1:28349-28580(+,-)	75.00
AYEL01062260.1:12765-12988(+,-)	64.57
AYEL01077408.1:77425-77630(+,-)	66.67
AYEL01082600.1:6776-7002(+,-)	72.58
AYEL01065383.1:15145-15346(+,-)	62.35
AYEL01059031.1:58233-58453(+,-)	75.00
AYEL01080724.1:122231-122451(+,-)	61.73
AYEL01006892.1:91-294(+,-)	73.85
AYEL01048920.1:9511-9734(+,-)	62.61
AYEL01066898.1:26144-26378(+,-)	61.21
AYEL01028596.1:69-376(+,-)	63.74
AYEL01080405.1:10446-10659(+,-)	71.05
AYEL01074017.1:45978-46240(+,-)	64.94
AYEL01080152.1:22802-23020(+,-)	61.48
AYEL01062949.1:5196-5413(+,-)	56.77
AYEL01054833.1:74868-75152(-)	61.25
AYEL01038801.1:3023-3266(+,-)	67.02
AYEL01076105.1:76161-76386(+,-)	64.52
AYEL01014400.1:22199-22397(+)	73.44
AYEL01087275.1:37050-37262(+,-)	66.20
AYEL01054194.1:5422-5626(+,-)	60.18
AYEL01066409.1:21841-22063(+,-)	60.34
AYEL01028964.1:31537-31771(+,-)	69.51
AYEL01022415.1:13262-13492(-)	70.59
AYEL01064053.1:108111-108307(+)	64.13
AYEL01050399.1:31433-31789(+,-)	66.28
AYEL01064124.1:73758-73986(+,-)	62.50
AYEL01084222.1:44270-44500(+,-)	64.71
AYEL01090649.1:5397-5634(+,-)	67.82
AYEL01065844.1:14507-14742(+,-)	59.62
AYEL01075093.1:706-920(+,-)	64.29
AYEL01086511.1:1859-2094(+,-)	62.50
AYEL01074938.1:6099-6315(+,-)	67.42
AYEL01089909.1:7979-8223(+,-)	72.15
AYEL01075026.1:64155-64345(-)	58.10
AYEL01071639.1:16566-16796(+,-)	62.11
AYEL01056285.1:802-1031(+,-)	61.72
AYEL01069700.1:84241-84449(+,-)	68.09
AYEL01070333.1:48674-48892(+,-)	68.97
AYEL01054101.1:1189-1414(+,-)	73.08
AYEL01072787.1:93474-93677(+,-)	67.31
AYEL01054833.1:41887-42107(+,-)	73.33
AYEL01084299.1:8934-9169(+,-)	65.93
AYEL01091212.1:14089-14391(+,-)	62.28
AYEL01073542.1:19228-19449(+,-)	70.31
AYEL01080496.1:9441-9669(+,-)	60.00
AYEL01069178.1:13660-13862(+,-)	66.27
AYEL01029384.1:5325-5546(+,-)	62.40
AYEL01035900.1:389-605(+,-)	71.91
AYEL01085826.1:53200-53417(+,-)	73.53
AYEL01089878.1:10242-10430(+)	77.55
AYEL01049033.1:113748-113951(+,-)	62.34
AYEL01087685.1:46435-46653(+,-)	58.26
AYEL01086852.1:51198-51404(+,-)	70.37
AYEL01074956.1:29985-30184(+)	62.71
AYEL01086448.1:17918-18146(+,-)	83.33
AYEL01037166.1:19978-20171(+,-)	60.00
AYEL01075167.1:615-838(+,-)	61.72
AYEL01088471.1:121820-122011(+,-)	60.83
AYEL01064030.1:84892-85102(+)	67.03
AYEL01089793.1:21387-21605(+,-)	63.81
AYEL01087825.1:5709-5938(+,-)	62.64
AYEL01070372.1:52007-52200(+,-)	61.18
AYEL01015060.1:12308-12541(+,-)	67.78
AYEL01045267.1:7156-7373(+,-)	65.85
AYEL01088996.1:39090-39319(+,-)	67.03
AYEL01069971.1:1207-1420(+,-)	58.41
AYEL01043479.1:25791-26068(+,-)	55.91
AYEL01091534.1:4582-4791(+,-)	63.16
AYEL01062531.1:7035-7233(+,-)	57.61
AYEL01036833.1:4718-4934(+,-)	64.84
AYEL01078714.1:10151-10361(-)	66.10
AYEL01077262.1:6519-6731(+,-)	67.19
AYEL01085713.1:10269-10418(+)	67.24
AYEL01067135.1:12272-12486(+,-)	63.20
AYEL01086262.1:17431-17681(+,-)	61.42
AYEL01083554.1:39209-39401(+)	64.06
AYEL01057996.1:53022-53228(+,-)	74.58
AYEL01085309.1:6345-6560(+,-)	65.49
AYEL01091240.1:35403-35613(+)	72.73
AYEL01045009.1:3231-3466(+,-)	62.61
AYEL01069494.1:22068-22284(+,-)	63.04
AYEL01082332.1:25656-25849(+,-)	60.25
AYEL01051596.1:112239-112469(+,-)	64.84
AYEL01067826.1:8329-8540(+,-)	70.00
AYEL01011125.1:2960-3177(+,-)	59.57
AYEL01056672.1:19814-20044(+,-)	67.00
AYEL01070849.1:8312-8781(+,-)	66.67
AYEL01067129.1:772-1122(+,-)	63.64
AYEL01080468.1:31056-31273(+,-)	65.00
AYEL01060132.1:29116-29346(+,-)	70.33
AYEL01081642.1:2338-2562(+,-)	70.00
AYEL01086465.1:43525-43767(+,-)	62.69
AYEL01016305.1:8070-8306(+,-)	61.61
AYEL01067927.1:43632-43862(+,-)	71.76
AYEL01072042.1:15930-16163(+,-)	64.84
AYEL01067044.1:8870-9109(+,-)	62.83
AYEL01072183.1:1400-1619(+,-)	61.06
AYEL01072717.1:8956-9161(+,-)	67.50
AYEL01057939.1:53482-53710(+,-)	63.20
AYEL01090919.1:29836-30070(+,-)	65.93
AYEL01090065.1:44505-44728(+,-)	58.82
AYEL01050008.1:47289-47554(+)	61.54
AYEL01085009.1:3399-3631(+,-)	71.59
AYEL01091549.1:19200-19452(+,-)	63.64
AYEL01064127.1:52864-53074(+,-)	63.06
AYEL01034342.1:9364-9659(+)	68.06
AYEL01083111.1:1002-1215(+,-)	63.95
AYEL01087328.1:76426-76644(+,-)	66.15
AYEL01069294.1:36874-37126(-)	72.73
AYEL01081527.1:35387-35599(+,-)	61.25
AYEL01057784.1:9134-9361(+,-)	60.84
AYEL01076189.1:33735-33952(+,-)	62.64
AYEL01088292.1:10830-11047(+)	69.09
AYEL01091420.1:16289-16499(+,-)	66.29
AYEL01065650.1:11100-11325(+,-)	58.51
AYEL01079634.1:6506-6755(+,-)	66.13
AYEL01070945.1:45217-45422(+,-)	65.56
AYEL01075540.1:17618-17803(+)	62.67
AYEL01090455.1:17498-17703(+,-)	67.78
AYEL01044471.1:4060-4293(+,-)	61.22
AYEL01079217.1:38663-38876(+,-)	67.09
AYEL01067118.1:25572-25771(+,-)	68.42
AYEL01090980.1:8216-8426(+,-)	63.89
AYEL01025968.1:14485-14674(-)	60.75
AYEL01076414.1:17837-18090(+,-)	60.00
AYEL01069861.1:18054-18244(+,-)	64.00
AYEL01072999.1:5923-6148(+,-)	68.83
AYEL01075876.1:22582-22816(+,-)	64.52
AYEL01085166.1:22573-22779(+,-)	65.43
AYEL01071458.1:18031-18231(+,-)	69.84
AYEL01087537.1:170008-170230(+,-)	65.22
AYEL01057380.1:14288-14509(+,-)	68.00
AYEL01063858.1:21569-21795(+,-)	71.43
AYEL01072717.1:36803-37075(+,-)	65.91
AYEL01066397.1:24442-24649(+,-)	67.19
AYEL01080881.1:25417-25738(+)	62.30
AYEL01089478.1:10600-10791(+,-)	60.49
AYEL01086055.1:8585-8802(+,-)	63.49
AYEL01028343.1:2494-2681(+)	63.53
AYEL01029379.1:80512-80728(+,-)	67.44
AYEL01055854.1:246333-246568(+,-)	68.18
AYEL01076430.1:29295-29483(+,-)	63.33
AYEL01089433.1:6555-6773(+,-)	82.22
AYEL01065339.1:12273-12486(+,-)	64.00
AYEL01070198.1:17510-17721(+,-)	76.32
AYEL01060863.1:15646-15866(+,-)	67.80
AYEL01070945.1:53525-53891(+,-)	73.33
AYEL01053176.1:931-1154(+,-)	64.84
AYEL01084591.1:3914-4114(+,-)	71.59
AYEL01073803.1:40203-40399(+,-)	63.75
AYEL01027361.1:31546-31763(+,-)	64.89
AYEL01074284.1:80792-81023(+,-)	60.71
AYEL01074506.1:21296-21528(+,-)	67.02
AYEL01065992.1:10941-11154(-)	62.03
AYEL01087237.1:23401-23644(+,-)	68.13
AYEL01084742.1:1392-1598(+,-)	74.58
AYEL01060682.1:304-520(+,-)	74.42
AYEL01083894.1:91-373(-)	62.86
AYEL01068447.1:42240-42480(+,-)	65.93
AYEL01078332.1:51970-52205(+,-)	68.13
AYEL01062877.1:682-877(+,-)	64.71
AYEL01072709.1:3628-3846(+,-)	61.40
AYEL01084169.1:4201-4423(+,-)	65.17
AYEL01089570.1:10366-10588(+,-)	65.43
AYEL01076720.1:32599-32829(+,-)	67.03
AYEL01061101.1:1328-1566(+,-)	66.67
AYEL01084396.1:8223-8415(-)	62.96
AYEL01090927.1:8324-8541(+,-)	67.78
AYEL01085212.1:19275-19494(+,-)	60.22
AYEL01025952.1:14729-14947(+,-)	64.29
AYEL01049805.1:1532-1721(-)	59.84
AYEL01077893.1:20777-20998(+,-)	58.26
AYEL01086978.1:23966-24174(+,-)	56.90
AYEL01067546.1:46113-46346(+,-)	62.50
AYEL01067989.1:28589-28801(+,-)	67.21
AYEL01030849.1:25702-25918(+,-)	68.60
AYEL01053541.1:16987-17186(+,-)	80.85
AYEL01034011.1:545-781(+,-)	64.77
AYEL01063303.1:12056-12286(+,-)	65.26
AYEL01074314.1:6337-6614(+,-)	60.16
AYEL01053541.1:17473-17747(+,-)	73.86
AYEL01070913.1:110957-111172(+,-)	68.13
AYEL01071731.1:12090-12278(+,-)	62.93
AYEL01056745.1:557-835(+,-)	62.50
AYEL01061070.1:17185-17424(+,-)	63.79
AYEL01091139.1:38728-38959(+,-)	62.07
AYEL01054719.1:7784-8004(+,-)	71.15
AYEL01062801.1:37797-38018(+,-)	61.84
AYEL01084366.1:479-630(+)	63.24
AYEL01017527.1:2521-2707(+)	70.83
AYEL01061031.1:7294-7534(+,-)	68.13
AYEL01084043.1:9260-9495(+,-)	66.29
AYEL01072338.1:64586-64819(+,-)	65.17
AYEL01076646.1:10185-10407(+,-)	70.18
AYEL01046556.1:15339-15543(+,-)	64.41
AYEL01084847.1:9175-9538(+,-)	60.92
AYEL01062536.1:14186-14397(+)	64.22
AYEL01090862.1:23839-24075(+,-)	63.35
AYEL01084868.1:131319-131586(+,-)	68.13
AYEL01067362.1:21168-21409(+,-)	70.45
AYEL01061754.1:439-666(+,-)	70.69
AYEL01062444.1:28886-29093(+,-)	70.79
AYEL01079051.1:5147-5363(-)	66.28
AYEL01084167.1:10320-10530(+,-)	64.84
AYEL01078397.1:67339-67541(+,-)	60.19
AYEL01081616.1:992-1227(+,-)	72.22
AYEL01081407.1:791-1051(+,-)	63.95
AYEL01089745.1:18577-18820(+,-)	63.28
AYEL01069956.1:25557-25772(+,-)	68.13
AYEL01058348.1:3429-3646(+,-)	66.30
AYEL01036550.1:129-351(+,-)	62.07
AYEL01088039.1:40851-41062(+,-)	69.64
AYEL01082975.1:5601-5820(+,-)	68.13
AYEL01061718.1:17334-17554(+,-)	63.72
AYEL01064989.1:4726-4936(+,-)	69.51
AYEL01083691.1:197140-197362(+,-)	68.83
AYEL01073328.1:18963-19180(+,-)	73.02
AYEL01067725.1:135792-136023(+,-)	70.00
AYEL01066554.1:23832-24075(+,-)	61.25
AYEL01038772.1:1439-1675(+,-)	67.03
AYEL01014663.1:10427-10634(-)	70.91
AYEL01076507.1:25044-25265(+,-)	58.38
AYEL01066328.1:67537-67745(+,-)	62.90
AYEL01082736.1:3982-4216(+,-)	80.00
AYEL01043478.1:30249-30472(+,-)	61.74
AYEL01067186.1:3597-3830(+,-)	67.09
AYEL01070202.1:40445-40670(+,-)	64.13
AYEL01090099.1:85844-86094(+,-)	61.74
AYEL01078323.1:14406-14639(+,-)	78.95
AYEL01064626.1:54-286(+,-)	65.04
AYEL01085904.1:21138-21357(+,-)	71.67
AYEL01088079.1:7756-7989(+,-)	60.82
AYEL01066234.1:30208-30408(-)	67.24
AYEL01090211.1:44103-44318(-)	65.17
AYEL01091274.1:14245-14470(+,-)	64.66
AYEL01040561.1:5026-5247(+,-)	68.04
AYEL01083691.1:190494-190726(+,-)	63.33
AYEL01020697.1:4577-4800(+,-)	63.16
AYEL01082374.1:7655-7863(+,-)	68.09
AYEL01060252.1:9700-9965(+,-)	69.81
AYEL01082153.1:74889-75049(+)	63.64
AYEL01068441.1:9099-9321(+,-)	64.91
AYEL01091269.1:13558-13781(+,-)	61.06
AYEL01068142.1:1529-1757(+,-)	62.75
AYEL01022128.1:9364-9563(-)	65.17
AYEL01065241.1:11113-11317(+,-)	58.96
AYEL01086651.1:28619-28845(+,-)	64.63
AYEL01060149.1:20499-20684(+,-)	70.21
AYEL01051376.1:9167-9397(+,-)	64.84
AYEL01077149.1:14522-14757(+,-)	67.03
AYEL01053472.1:34080-34306(+,-)	69.62
AYEL01061514.1:21445-21663(+,-)	64.91
AYEL01028750.1:1719-1941(+,-)	66.40
AYEL01034316.1:18249-18479(+,-)	65.18
AYEL01052483.1:220354-220576(+,-)	64.91
AYEL01066929.1:11113-11344(+,-)	63.74
AYEL01068496.1:41218-41448(+,-)	65.93
AYEL01091201.1:10066-10299(+,-)	68.13
AYEL01038894.1:32131-32352(+,-)	73.91
AYEL01078965.1:6131-6348(+,-)	63.29
AYEL01080922.1:1197-1418(+,-)	60.82
AYEL01073315.1:5261-5455(+,-)	71.88
AYEL01069360.1:20012-20231(+,-)	71.08
AYEL01087980.1:3234-3454(+,-)	69.57
AYEL01050503.1:538-727(+,-)	58.41
AYEL01076829.1:54081-54306(+,-)	65.56
AYEL01058607.1:39100-39371(+,-)	66.67
AYEL01067993.1:5-207(+,-)	66.67
AYEL01087590.1:3104-3319(+,-)	63.71
AYEL01090927.1:11531-11856(+,-)	61.21
AYEL01063493.1:26891-27126(+,-)	70.87
AYEL01023078.1:0-192(+,-)	66.67
AYEL01086933.1:5575-5760(-)	64.84
AYEL01092085.1:70849-71249(+)	70.77
AYEL01082950.1:58392-58604(+,-)	62.73
AYEL01071338.1:77986-78212(+,-)	62.38
AYEL01083007.1:36015-36244(+,-)	60.83
AYEL01085542.1:175802-176020(+,-)	66.67
AYEL01020697.1:23382-23600(+,-)	61.21
AYEL01046540.1:3225-3412(-)	67.44
AYEL01082751.1:7112-7345(+,-)	74.07
AYEL01077463.1:25906-26174(+,-)	63.93
AYEL01045032.1:645-868(+,-)	70.18
AYEL01047823.1:6870-7087(+,-)	59.09
AYEL01070629.1:11060-11293(+,-)	60.18
AYEL01067489.1:10434-10658(+,-)	72.09
AYEL01062732.1:31328-31513(-)	60.26
AYEL01066574.1:152719-152953(+,-)	76.47
AYEL01087671.1:9265-9483(+,-)	73.21
AYEL01076765.1:52783-52990(+,-)	72.41
AYEL01087935.1:24041-24262(+,-)	81.25
AYEL01087838.1:24466-24669(+,-)	72.00
AYEL01027715.1:112581-112779(+,-)	65.18
AYEL01075665.1:14483-14697(+,-)	70.59
AYEL01091586.1:5675-5947(+,-)	61.06
AYEL01083283.1:46647-46873(+)	63.38
AYEL01078639.1:1283-1511(+,-)	60.19
AYEL01037236.1:423-623(+,-)	69.32
AYEL01045166.1:23445-23684(+,-)	57.39
AYEL01083947.1:133417-133651(+,-)	60.18
AYEL01077411.1:18958-19180(+,-)	66.09
AYEL01044798.1:13993-14190(+,-)	65.28
AYEL01090479.1:3221-3438(+,-)	71.25
AYEL01063295.1:8402-8611(+,-)	59.49
AYEL01072260.1:57802-58016(+,-)	74.51
AYEL01070228.1:27160-27370(+,-)	67.53
AYEL01079941.1:69329-69675(+,-)	70.11
AYEL01054971.1:1961-2197(+,-)	70.45
AYEL01082252.1:49901-50165(+,-)	63.78
AYEL01071690.1:3205-3415(+,-)	80.43
AYEL01049230.1:4791-4985(+)	64.29
AYEL01058379.1:60922-61157(+,-)	65.22
AYEL01007477.1:82-287(+,-)	65.82
AYEL01073757.1:9113-9404(+,-)	69.64
AYEL01091613.1:15639-15870(+,-)	69.72
AYEL01058843.1:3446-3668(+,-)	61.34
AYEL01083437.1:43197-43403(+,-)	64.15
AYEL01062206.1:16168-16403(+,-)	68.13
AYEL01077912.1:2510-2750(+,-)	67.03
AYEL01052169.1:907-1124(+,-)	67.57
AYEL01067878.1:12097-12317(+,-)	62.28
AYEL01092018.1:6811-7041(+,-)	62.32
AYEL01082312.1:102495-102671(+)	58.75
AYEL01072279.1:34552-34773(+,-)	70.21
AYEL01073461.1:2697-2895(-)	61.74
AYEL01080579.1:369-583(+,-)	63.24
AYEL01067072.1:14872-15124(+,-)	60.74
AYEL01057327.1:7103-7333(+,-)	66.26
AYEL01080031.1:29466-29800(+,-)	61.96
AYEL01056899.1:13399-13639(+,-)	61.39
AYEL01068034.1:8442-8675(+,-)	67.39
AYEL01078273.1:27399-27628(+,-)	64.60
AYEL01074088.1:63742-63969(+,-)	66.23
AYEL01087676.1:847-1081(+,-)	63.49
AYEL01088514.1:2115-2326(+,-)	62.50
AYEL01086081.1:14447-14694(+,-)	73.21
AYEL01072106.1:54048-54235(-)	65.22
AYEL01000749.1:20-243(+,-)	70.37
AYEL01086609.1:4016-4225(+,-)	70.33
AYEL01065685.1:1041-1226(-)	77.27
AYEL01070023.1:31120-31351(+,-)	64.44
AYEL01080541.1:8633-8857(+,-)	81.25
AYEL01063239.1:15930-16139(+,-)	71.88
AYEL01059836.1:216-446(+,-)	65.93
AYEL01022938.1:3148-3373(+,-)	65.87
AYEL01064572.1:21270-21503(+,-)	62.79
AYEL01086602.1:62200-62395(-)	65.08
AYEL01088573.1:12973-13191(+,-)	70.37
AYEL01085480.1:19294-19516(+,-)	69.70
AYEL01069148.1:6361-6591(+,-)	66.28
AYEL01076529.1:10699-10892(+,-)	72.37
AYEL01089047.1:34518-34750(+,-)	67.06
AYEL01090823.1:20490-20732(+,-)	69.14
AYEL01089300.1:7712-7902(+)	72.92
AYEL01068155.1:47120-47350(+,-)	65.93
AYEL01067683.1:6591-6914(-)	71.76
AYEL01089693.1:13425-13655(+,-)	68.13
AYEL01072260.1:32162-32396(+,-)	67.03
AYEL01054582.1:201-482(+,-)	63.74
AYEL01064482.1:97132-97359(+,-)	75.00
AYEL01088634.1:1363-1617(+,-)	62.50
AYEL01083151.1:1955-2142(-)	55.03
AYEL01090310.1:16487-16697(+,-)	64.71
AYEL01079688.1:19442-19665(+,-)	69.23
AYEL01060322.1:48572-48798(+,-)	62.93
AYEL01012253.1:7454-7677(+,-)	67.44
AYEL01068533.1:0-227(+,-)	59.29
AYEL01089875.1:47867-48047(+)	73.33
AYEL01070340.1:4318-4537(+,-)	63.16
AYEL01080661.1:5310-5501(-)	68.83
AYEL01069752.1:10299-10512(-)	66.67
AYEL01072150.1:26537-26819(+,-)	83.67
AYEL01038772.1:7184-7427(+,-)	63.04
AYEL01067044.1:20547-20795(+,-)	69.23
AYEL01083135.1:74553-74758(+,-)	71.60
AYEL01081153.1:40002-40200(-)	66.13
AYEL01059301.1:9333-9552(+,-)	70.15
AYEL01063499.1:8639-8876(+,-)	63.16
AYEL01078238.1:240779-240997(+,-)	65.38
AYEL01065093.1:14332-14521(+,-)	69.86
AYEL01076307.1:34114-34321(+,-)	67.74
AYEL01089485.1:23292-23477(-)	81.82
AYEL01066386.1:26389-26590(+,-)	67.42
AYEL01071916.1:3438-3663(+,-)	65.56
AYEL01056792.1:10946-11162(+)	70.69
AYEL01040407.1:23565-23779(+)	64.18
AYEL01067905.1:32603-32837(+,-)	63.44
AYEL01077738.1:14768-15017(+,-)	63.06
AYEL01066696.1:3945-4139(+)	72.92
AYEL01070304.1:34520-34721(+,-)	71.05
AYEL01076901.1:178017-178231(+,-)	70.69
AYEL01084753.1:25513-25821(+,-)	63.49
AYEL01071143.1:4075-4339(+,-)	74.42
AYEL01061134.1:26282-26512(+,-)	68.29
AYEL01090086.1:11302-11533(+,-)	64.60
AYEL01089867.1:4956-5184(+,-)	67.19
AYEL01075231.1:38132-38345(+)	69.14
AYEL01022423.1:28212-28410(+,-)	59.65
AYEL01065123.1:2636-2861(+,-)	68.24
AYEL01086483.1:68645-68870(+,-)	65.52
AYEL01051563.1:8312-8540(+,-)	65.79
AYEL01089522.1:1106-1328(+,-)	61.29
AYEL01064134.1:22242-22477(+,-)	67.74
AYEL01081592.1:9097-9293(+,-)	69.35
AYEL01087609.1:13589-13813(+,-)	64.77
AYEL01053002.1:6600-6789(+,-)	71.21
AYEL01085205.1:46020-46246(+)	59.26
AYEL01086768.1:13928-14144(+,-)	61.29
AYEL01072531.1:13397-13618(+,-)	58.67
AYEL01055661.1:7288-7510(+,-)	68.75
AYEL01082490.1:20668-20880(+,-)	61.86
AYEL01083621.1:2067-2286(-)	72.73
AYEL01069332.1:18622-18834(+,-)	67.03
AYEL01067584.1:35024-35220(+,-)	62.38
AYEL01082079.1:12904-13089(-)	63.50
AYEL01068463.1:61797-61996(+,-)	68.83
AYEL01075377.1:51468-51713(+,-)	58.42
AYEL01037257.1:15982-16204(+,-)	63.48
AYEL01059999.1:7332-7532(-)	69.41
AYEL01059834.1:18802-19031(+,-)	70.45
AYEL01088792.1:33079-33293(+,-)	68.54
AYEL01036024.1:2654-2876(+,-)	64.04
AYEL01084081.1:90873-91091(+,-)	61.59
AYEL01087098.1:9313-9537(+,-)	67.50
AYEL01079335.1:41803-41992(+,-)	66.22
AYEL01091541.1:9058-9286(+,-)	64.58
AYEL01082887.1:36326-36559(+,-)	72.29
AYEL01089856.1:127969-128163(+,-)	66.67
AYEL01042266.1:6976-7197(+,-)	62.61
AYEL01070673.1:7763-8007(+,-)	65.93
AYEL01079108.1:183-406(+,-)	62.92
AYEL01060102.1:6675-6883(+,-)	65.82
AYEL01032058.1:41709-41923(+,-)	62.96
AYEL01078397.1:65673-65913(+,-)	63.79
AYEL01083655.1:12256-12484(+,-)	67.44
AYEL01033215.1:4498-4703(+,-)	67.07
AYEL01060746.1:11981-12204(+,-)	62.70
AYEL01084047.1:22698-22940(+,-)	64.86
AYEL01053173.1:19869-20101(+,-)	65.93
AYEL01044470.1:45939-46177(+,-)	61.54
AYEL01068391.1:3539-3761(+,-)	60.50
AYEL01083275.1:3590-3804(+,-)	70.33
AYEL01069166.1:56082-56319(+,-)	72.06
AYEL01058289.1:9643-9870(+,-)	70.45
AYEL01075436.1:6085-6318(+,-)	69.32
AYEL01076636.1:17417-17662(+,-)	79.59
AYEL01024925.1:3568-3756(+,-)	64.81
AYEL01062726.1:784-1022(+,-)	70.13
AYEL01088459.1:28227-28462(+,-)	69.23
AYEL01024923.1:66468-66699(+,-)	61.96
AYEL01081738.1:89936-90347(+,-)	70.45
AYEL01074952.1:6607-6839(+,-)	70.79
AYEL01077717.1:15320-15479(+)	61.86
AYEL01082838.1:107265-107500(+,-)	68.13
AYEL01051343.1:44820-45031(+,-)	70.79
AYEL01069940.1:11818-11965(+)	58.33
AYEL01077076.1:5352-5559(+)	68.35
AYEL01055691.1:31-227(+,-)	69.77
AYEL01057111.1:3800-4035(+,-)	65.22
AYEL01064725.1:51859-52064(+,-)	77.08
AYEL01070589.1:47288-47472(+,-)	67.35
AYEL01024616.1:844-1057(+,-)	67.86
AYEL01063439.1:61796-62025(+,-)	65.93
AYEL01061994.1:398-697(+,-)	66.30
AYEL01065823.1:14573-14779(+,-)	68.42
AYEL01060638.1:54935-55155(+,-)	61.18
AYEL01064134.1:65717-65940(+,-)	64.71
AYEL01062559.1:43955-44163(+,-)	64.08
AYEL01071540.1:72428-72595(+)	76.32
AYEL01061253.1:54993-55202(+,-)	61.29
AYEL01077756.1:42690-42917(+,-)	65.00
AYEL01061812.1:19700-19928(+,-)	70.45
AYEL01065322.1:53980-54187(+,-)	77.55
AYEL01047589.1:38865-39100(+,-)	67.03
AYEL01084148.1:9504-9676(+)	66.00
AYEL01081267.1:2542-2743(+,-)	64.77
AYEL01065854.1:132704-132905(+,-)	74.51
AYEL01085949.1:23930-24148(+,-)	61.95
AYEL01080474.1:19253-19488(+,-)	65.93
AYEL01077319.1:11727-11940(+,-)	62.65
AYEL01089343.1:26466-26703(+,-)	62.22
AYEL01087999.1:34510-34725(+,-)	63.22
AYEL01076465.1:46990-47187(+)	57.14
AYEL01085020.1:105491-105728(+,-)	69.74
AYEL01079537.1:13910-14138(+,-)	67.19
AYEL01088896.1:43352-43592(+,-)	67.80
AYEL01037186.1:20964-21165(-)	62.96
AYEL01052825.1:37915-38122(+,-)	79.41
AYEL01053420.1:30023-30244(+)	65.31
AYEL01070517.1:8065-8286(+,-)	66.67
AYEL01086852.1:26726-26949(+,-)	62.50
AYEL01046007.1:9757-9972(+,-)	70.79
AYEL01038438.1:47929-48125(+)	61.36
AYEL01073822.1:78702-78922(+,-)	61.63
AYEL01082249.1:14687-14877(+,-)	68.75
AYEL01076384.1:51557-51765(-)	63.83
AYEL01059606.1:7732-7936(+,-)	65.52
AYEL01089804.1:40168-40381(+,-)	68.81
AYEL01064755.1:14200-14423(+,-)	64.29
AYEL01086105.1:820-1051(+,-)	64.80
AYEL01088421.1:15138-15364(+,-)	67.21
AYEL01087883.1:29941-30171(+,-)	67.78
AYEL01062037.1:4299-4522(+,-)	71.25
AYEL01081222.1:17168-17322(-)	68.33
AYEL01034527.1:76706-76941(+,-)	66.10
AYEL01089466.1:18088-18272(+)	63.33
AYEL01057614.1:38727-38949(+,-)	65.33
AYEL01050235.1:35-250(+,-)	67.90
AYEL01075991.1:27852-28081(+,-)	62.83
AYEL01034340.1:169404-169679(+,-)	69.62
AYEL01038269.1:4217-4439(+,-)	67.82
AYEL01054628.1:13237-13386(+)	71.79
AYEL01083428.1:29757-29953(-)	73.61
AYEL01060196.1:15434-15650(-)	60.98
AYEL01085717.1:8527-8767(+,-)	70.93
AYEL01079249.1:56429-56639(-)	67.82
AYEL01033729.1:56024-56246(+,-)	63.78
AYEL01078876.1:130965-131169(+,-)	65.43
AYEL01083839.1:2312-2532(+,-)	77.78
AYEL01076901.1:55096-55289(-)	70.91
AYEL01090216.1:5258-5480(+,-)	64.76
AYEL01074057.1:52694-52920(+,-)	66.36
AYEL01085490.1:11825-12056(+,-)	62.64
AYEL01072773.1:1331-1517(-)	77.50
AYEL01068142.1:3158-3372(+,-)	63.38
AYEL01060040.1:940-1162(+,-)	63.95
AYEL01090492.1:958-1147(+,-)	60.95
AYEL01076790.1:2020-2213(+,-)	64.04
AYEL01078085.1:23545-23790(+,-)	61.80
AYEL01076388.1:15692-16037(+,-)	68.06
AYEL01029376.1:12869-13096(+,-)	67.39
AYEL01074250.1:7089-7309(-)	68.75
AYEL01090369.1:72086-72299(+,-)	61.21
AYEL01064052.1:20982-21221(+,-)	65.09
AYEL01078021.1:53083-53297(+,-)	65.88
AYEL01069296.1:12221-12436(+,-)	58.72
AYEL01077459.1:7666-7874(+,-)	76.47
AYEL01091653.1:28514-28711(+,-)	64.43
AYEL01075159.1:20878-21120(+,-)	69.88
AYEL01077651.1:477-692(+,-)	64.29
AYEL01084110.1:16348-16538(+,-)	62.10
AYEL01014594.1:19475-19708(+,-)	64.84
AYEL01067051.1:15902-16106(+)	56.52
AYEL01087036.1:28422-28633(+,-)	66.25
AYEL01084718.1:40513-40733(+,-)	61.17
AYEL01073252.1:5165-5310(+)	71.11
AYEL01063730.1:100063-100277(+,-)	68.67
AYEL01086449.1:8616-8840(+,-)	67.82
AYEL01070048.1:2342-2578(+,-)	67.95
AYEL01079860.1:76435-76649(+,-)	58.62
AYEL01079680.1:21753-21953(+)	63.93
AYEL01060483.1:1712-1958(+,-)	67.44
AYEL01083095.1:20912-21105(+,-)	70.37
AYEL01090766.1:37850-38000(+)	67.86
AYEL01080015.1:73584-73807(+,-)	72.88
AYEL01086412.1:12336-12536(+)	65.62
AYEL01089575.1:3408-3643(+,-)	65.93
AYEL01076764.1:52187-52421(+,-)	62.07
AYEL01066496.1:4224-4452(+,-)	68.42
AYEL01044517.1:2812-3044(+,-)	67.39
AYEL01047907.1:17465-17609(-)	65.15
AYEL01085193.1:10644-10871(+,-)	64.13
AYEL01054816.1:17170-17396(+,-)	62.50
AYEL01072236.1:76579-76797(+,-)	65.59
AYEL01064156.1:1923-2158(+,-)	64.44
AYEL01086606.1:1202-1437(+,-)	67.03
AYEL01076703.1:35913-36117(+,-)	65.22
AYEL01078522.1:5309-5539(+,-)	76.47
AYEL01080350.1:39335-39560(+,-)	67.06
AYEL01069708.1:13797-14018(+,-)	66.07
AYEL01074464.1:314-538(+,-)	67.03
AYEL01071621.1:9658-9861(+,-)	74.14
AYEL01075747.1:2182-2420(+,-)	68.97
AYEL01075774.1:2882-3106(+,-)	67.65
AYEL01082744.1:3020-3229(+,-)	66.30
AYEL01044966.1:13461-13692(+,-)	64.06
AYEL01089157.1:15652-15894(+,-)	70.65
AYEL01069129.1:18466-18722(+,-)	64.84
AYEL01052299.1:3422-3642(+,-)	64.84
AYEL01046041.1:21806-22041(+,-)	64.71
AYEL01082627.1:12573-12798(+,-)	66.30
AYEL01064942.1:13182-13411(+,-)	59.48
AYEL01075559.1:25018-25246(+,-)	69.89
AYEL01081592.1:5372-5567(+)	64.06
AYEL01052516.1:24493-24719(+,-)	64.00
AYEL01084303.1:10811-11044(+,-)	69.66
AYEL01074377.1:52884-53107(+,-)	64.06
AYEL01037750.1:360-583(+,-)	56.73
AYEL01080712.1:64027-64261(+,-)	61.25
AYEL01023232.1:11954-12144(+,-)	71.93
AYEL01010068.1:265-584(+)	64.29
AYEL01057307.1:30168-30353(+)	68.24
AYEL01038801.1:44006-44228(+,-)	81.40
AYEL01012546.1:1467-1700(+,-)	63.57
AYEL01089990.1:1683-1912(+,-)	79.07
AYEL01061082.1:22489-22724(+,-)	63.29
AYEL01085697.1:18184-18404(+,-)	79.59
AYEL01087052.1:76645-76901(+,-)	61.87
AYEL01082495.1:1462-1697(+,-)	66.67
AYEL01068477.1:3052-3275(+,-)	63.16
AYEL01077317.1:40753-40976(+,-)	61.40
AYEL01079379.1:25562-25766(+,-)	64.44
AYEL01045402.1:1200-1401(+)	76.00
AYEL01084198.1:18018-18253(+,-)	65.93
AYEL01044097.1:2488-2706(+,-)	65.77
AYEL01089187.1:35440-35662(+,-)	63.93
AYEL01081616.1:2219-2455(+,-)	61.90
AYEL01084774.1:73272-73484(+,-)	72.88
AYEL01036790.1:45097-45312(+,-)	63.86
AYEL01089684.1:8149-8391(+,-)	67.26
AYEL01070508.1:15908-16118(+,-)	66.29
AYEL01086927.1:9875-10109(+,-)	60.32
AYEL01079892.1:11593-11822(+,-)	65.56
AYEL01074276.1:29554-29764(+,-)	76.74
AYEL01089913.1:11822-12075(+,-)	63.10
AYEL01079456.1:20886-21141(+,-)	76.92
AYEL01062338.1:8159-8381(+,-)	63.16
AYEL01078492.1:27790-28004(+,-)	61.39
AYEL01091460.1:27114-27368(+,-)	81.82
AYEL01072870.1:2526-2741(+,-)	63.04
AYEL01086913.1:14979-15202(+,-)	64.91
AYEL01079988.1:121414-121646(+,-)	67.03
AYEL01083840.1:60754-60969(+,-)	70.83
AYEL01075069.1:13264-13488(+,-)	68.97
AYEL01068453.1:19528-19752(+,-)	70.89
AYEL01087178.1:58914-59126(+,-)	64.37
AYEL01075054.1:20342-20561(+,-)	74.24
AYEL01072550.1:9537-9684(-)	80.65
AYEL01072395.1:14741-14957(+,-)	67.80
AYEL01086317.1:53900-54197(+,-)	78.26
AYEL01056659.1:1927-2143(+,-)	63.96
AYEL01086224.1:10450-10675(+,-)	65.52
AYEL01086673.1:18107-18336(+,-)	70.11
AYEL01084743.1:21751-21960(+,-)	61.95
AYEL01041922.1:14781-14999(+,-)	64.84
AYEL01062967.1:13999-14193(+,-)	62.39
AYEL01086314.1:34697-34882(-)	69.89
AYEL01089368.1:46460-46664(+,-)	68.89
AYEL01090349.1:12321-12560(+,-)	62.28
AYEL01067897.1:28073-28287(+,-)	66.67
AYEL01077490.1:13215-13407(+,-)	56.10
AYEL01072338.1:26159-26356(+,-)	64.29
AYEL01055504.1:3194-3470(+,-)	75.76
AYEL01080844.1:50342-50572(+,-)	64.84
AYEL01045013.1:38673-38921(+,-)	66.67
AYEL01078729.1:31020-31243(+,-)	73.68
AYEL01082224.1:30885-31098(+,-)	62.90
AYEL01083475.1:15979-16241(+,-)	62.35
AYEL01035067.1:27417-27651(+,-)	72.34
AYEL01085612.1:27946-28166(+,-)	61.76
AYEL01088738.1:22606-22792(-)	61.73
AYEL01046410.1:15493-15712(+,-)	68.35
AYEL01081566.1:9157-9388(+)	67.80
AYEL01088544.1:2372-2618(+,-)	65.22
AYEL01045596.1:3693-3915(+,-)	63.06
AYEL01087939.1:33586-33803(+,-)	61.46
AYEL01058983.1:11128-11346(+,-)	61.60
AYEL01029284.1:122079-122306(+,-)	77.78
AYEL01091673.1:53068-53298(+,-)	70.59
AYEL01075209.1:6452-6670(+,-)	71.43
AYEL01089016.1:6533-7048(+,-)	67.59
AYEL01080445.1:21139-21368(+,-)	61.19
AYEL01052555.1:48915-49125(+,-)	64.84
AYEL01061927.1:6666-6867(+,-)	73.08
AYEL01067982.1:23208-23409(+,-)	68.00
AYEL01084656.1:11128-11347(+,-)	63.75
AYEL01078876.1:129261-129504(+,-)	69.05
AYEL01005096.1:850-1061(+,-)	62.02
AYEL01083674.1:117415-117727(+,-)	61.11
AYEL01060497.1:15963-16186(+,-)	67.95
AYEL01089344.1:86545-86800(+,-)	68.13
AYEL01084565.1:20929-21143(+,-)	68.97
AYEL01062919.1:7279-7494(+,-)	68.89
AYEL01060764.1:17082-17310(+,-)	62.77
AYEL01088100.1:35008-35247(+,-)	70.83
AYEL01081398.1:15523-15783(+,-)	61.36
AYEL01091751.1:6736-6963(+,-)	58.62
AYEL01063932.1:90998-91219(+,-)	63.20
AYEL01064226.1:27993-28203(+,-)	70.00
AYEL01084939.1:15265-15480(+)	67.78
AYEL01032201.1:33429-33634(+,-)	62.16
AYEL01054510.1:2124-2423(+,-)	72.97
AYEL01082995.1:11115-11336(+,-)	77.50
AYEL01075700.1:6085-6296(+,-)	63.33
AYEL01072461.1:9598-9803(+,-)	68.13
AYEL01061867.1:18333-18559(+,-)	61.18
AYEL01060132.1:37414-37828(+,-)	65.93
AYEL01082431.1:12775-12961(+,-)	65.71
AYEL01082132.1:5656-5866(+,-)	64.38
AYEL01052675.1:11060-11293(+,-)	69.66
AYEL01065563.1:102421-102611(-)	63.95
AYEL01052481.1:23187-23381(+)	66.18
AYEL01070535.1:41531-41749(+,-)	59.38
AYEL01071997.1:1530-1743(+,-)	67.21
AYEL01074811.1:46015-46244(+,-)	64.89
AYEL01091479.1:94607-94823(+,-)	73.44
AYEL01071061.1:1807-2006(+,-)	64.44
AYEL01026284.1:14515-14731(+,-)	66.25
AYEL01056149.1:24129-24359(+,-)	67.05
AYEL01054634.1:90930-91156(+,-)	62.14
AYEL01082076.1:2952-3179(+,-)	72.94
AYEL01069064.1:859-1063(-)	66.33
AYEL01085189.1:26305-26522(+)	71.19
AYEL01082938.1:53553-53778(+,-)	64.56
AYEL01062690.1:26161-26465(+,-)	73.33
AYEL01060269.1:45897-46127(+,-)	71.74
AYEL01020767.1:31504-31734(+,-)	62.22
AYEL01069617.1:8794-9060(+,-)	65.00
AYEL01079226.1:16692-16878(+)	67.82
AYEL01081013.1:14585-14774(+)	75.56
AYEL01060193.1:31076-31278(-)	75.68
AYEL01072039.1:6279-6551(+,-)	68.85
AYEL01061826.1:71200-71427(+,-)	60.53
AYEL01085044.1:40797-41004(+,-)	61.15
AYEL01090614.1:23118-23339(+,-)	59.09
AYEL01036155.1:408-608(+,-)	65.00
AYEL01061260.1:130-342(+,-)	64.65
AYEL01000505.1:57-281(+,-)	67.09
AYEL01076066.1:28585-28841(+,-)	68.13
AYEL01088112.1:19323-19554(+,-)	76.92
AYEL01078464.1:924-1159(+,-)	67.03
AYEL01079477.1:17493-17800(+,-)	68.13
AYEL01067108.1:42144-42378(+,-)	67.09
AYEL01069865.1:12028-12216(+)	60.23
AYEL01017363.1:401-682(+,-)	65.93
AYEL01088759.1:4044-4249(+,-)	73.24
AYEL01055140.1:25786-26070(-)	63.45
AYEL01068638.1:35902-36103(+,-)	66.67
AYEL01089183.1:46184-46415(+,-)	65.93
AYEL01089040.1:112051-112269(+,-)	63.44
AYEL01043976.1:26220-26436(+,-)	66.67
AYEL01075145.1:5989-6192(+,-)	76.47
AYEL01081922.1:54964-55186(+,-)	65.08
AYEL01065119.1:1248-1460(+,-)	61.06
AYEL01075113.1:28698-28927(+,-)	67.44
AYEL01062041.1:15150-15421(+,-)	60.63
AYEL01041940.1:8591-8787(+,-)	69.41
AYEL01054432.1:79098-79314(+)	63.53
AYEL01086713.1:11997-12159(-)	69.03
AYEL01090568.1:21721-21949(+,-)	76.79
AYEL01076196.1:18962-19184(+,-)	60.53
AYEL01063162.1:28730-28953(+,-)	67.39
AYEL01084567.1:11855-12092(+,-)	65.91
AYEL01068200.1:10131-10365(+,-)	67.78
AYEL01068980.1:56982-57184(+,-)	67.09
AYEL01060546.1:16277-16478(+,-)	72.34
AYEL01085826.1:66744-67012(+,-)	70.89
AYEL01087478.1:26871-27099(+,-)	73.58
AYEL01086846.1:43619-43845(+,-)	67.01
AYEL01082203.1:35778-35980(+,-)	67.11
AYEL01084812.1:606-831(+,-)	60.18
AYEL01076105.1:111021-111220(+)	59.26
AYEL01069201.1:14793-14990(+)	77.42
AYEL01082333.1:53884-54139(+,-)	65.17
AYEL01072433.1:15108-15313(+,-)	66.10
AYEL01072355.1:7951-8172(+,-)	61.90
AYEL01031797.1:39509-39702(-)	58.62
AYEL01064933.1:19563-19756(+,-)	73.42
AYEL01077138.1:49726-49949(+,-)	64.74
AYEL01036636.1:12033-12242(+,-)	61.86
AYEL01083453.1:53260-53454(+,-)	61.95
AYEL01066939.1:15109-15318(+,-)	64.36
AYEL01071149.1:5220-5444(+,-)	64.38
AYEL01058116.1:24164-24395(+,-)	70.00
AYEL01068088.1:18750-19110(+,-)	63.95
AYEL01081076.1:52234-52468(+,-)	73.26
AYEL01078320.1:97507-97739(+,-)	66.23
AYEL01073485.1:29351-29555(+,-)	67.95
AYEL01021623.1:7888-8127(+,-)	62.92
AYEL01079804.1:11327-11543(+,-)	61.54
AYEL01089250.1:38462-38689(+,-)	66.34
AYEL01088163.1:21045-21278(+,-)	64.89
AYEL01060633.1:35842-36160(+)	63.22
AYEL01091456.1:2522-2713(-)	68.63
AYEL01069062.1:77858-78078(+,-)	59.34
AYEL01068495.1:14772-14985(+,-)	67.21
AYEL01022057.1:784-968(+)	62.83
AYEL01070043.1:3200-3432(+,-)	59.06
AYEL01079950.1:1822-2051(+,-)	67.68
AYEL01089899.1:114558-114768(+,-)	64.84
AYEL01076465.1:34301-34496(-)	58.06
AYEL01079052.1:12608-12818(+,-)	71.59
AYEL01007440.1:20202-20454(-)	61.36
AYEL01061544.1:32205-32422(+,-)	74.60
AYEL01088193.1:18624-18856(+,-)	63.74
AYEL01015644.1:87650-87838(-)	73.47
AYEL01084747.1:39341-39572(+,-)	63.48
AYEL01071603.1:11729-11957(+,-)	62.59
AYEL01078380.1:71951-72185(+,-)	65.52
AYEL01089803.1:16700-16910(+,-)	63.11
AYEL01044470.1:34647-34862(+,-)	64.13
AYEL01089466.1:158727-158957(+,-)	65.93
AYEL01087671.1:7091-7323(+,-)	60.94
AYEL01084980.1:19213-19448(+,-)	68.13
AYEL01064942.1:33755-33964(+,-)	63.74
AYEL01087665.1:23771-23933(-)	86.21
AYEL01077280.1:61319-61542(+,-)	63.00
AYEL01077321.1:18326-18562(+,-)	69.23
AYEL01068654.1:6528-6723(+)	60.36
AYEL01025951.1:14561-14777(+,-)	66.10
AYEL01089210.1:105954-106144(+)	71.19
AYEL01091582.1:1184-1407(+,-)	69.23
AYEL01081037.1:8855-9132(+,-)	63.48
AYEL01077068.1:8082-8317(+,-)	67.03
AYEL01089133.1:18012-18235(+,-)	64.91
AYEL01078209.1:22720-22938(+,-)	65.60
AYEL01063202.1:4942-5158(+,-)	65.88
AYEL01045116.1:69916-70130(+,-)	69.74
AYEL01065242.1:125285-125549(+,-)	81.25
AYEL01084933.1:45570-45776(+,-)	88.00
AYEL01086343.1:14901-15123(+,-)	69.57
AYEL01032675.1:3223-3447(+,-)	67.03
AYEL01091705.1:2811-3118(+,-)	66.67
AYEL01059644.1:933-1132(+,-)	62.69
AYEL01083279.1:71253-71447(+,-)	64.63
AYEL01081876.1:53515-53756(+,-)	65.79
AYEL01068790.1:40057-40245(+)	57.02
AYEL01090477.1:31919-32135(+,-)	62.10
AYEL01024378.1:18331-18560(+,-)	62.22
AYEL01084575.1:14468-14677(+,-)	64.60
AYEL01058372.1:29317-29572(+,-)	61.17
AYEL01059341.1:22353-22574(-)	64.76
AYEL01053152.1:22898-23086(+,-)	61.84
AYEL01064826.1:48652-49019(+,-)	65.18
AYEL01085420.1:13386-13625(+,-)	64.44
AYEL01068153.1:33716-33912(+)	69.57
AYEL01066613.1:43907-44131(+,-)	61.74
AYEL01073135.1:63868-64104(+,-)	67.03
AYEL01078405.1:10138-10351(+,-)	75.86
AYEL01076192.1:23872-24068(+,-)	65.88
AYEL01077225.1:8093-8371(+,-)	63.04
AYEL01072485.1:1625-1843(+,-)	73.33
AYEL01083864.1:32639-32873(+,-)	64.06
AYEL01087441.1:707-954(+,-)	64.56
AYEL01058405.1:4528-4754(+,-)	70.21
AYEL01071714.1:16116-16302(+,-)	65.38
AYEL01074950.1:1576-1776(+,-)	76.19
AYEL01063187.1:974-1195(+,-)	67.80
AYEL01061218.1:11558-11775(+,-)	59.09
AYEL01072787.1:86556-86750(+,-)	68.97
AYEL01074511.1:694-905(+,-)	65.28
AYEL01081602.1:6038-6283(+,-)	65.91
AYEL01088872.1:24429-24619(+)	65.79
AYEL01069129.1:13661-13869(+,-)	67.80
AYEL01072338.1:6276-6483(+,-)	66.67
AYEL01066880.1:4271-4475(+,-)	63.16
AYEL01074281.1:64730-64956(+,-)	59.48
AYEL01091931.1:24640-24897(-)	60.00
AYEL01073156.1:11337-11564(+,-)	65.31
AYEL01081047.1:4401-4626(+,-)	61.11
AYEL01075869.1:20540-20761(+,-)	78.05
AYEL01053704.1:25774-25969(+,-)	67.80
AYEL01057626.1:7182-7419(+,-)	63.74
AYEL01070331.1:10356-10735(+,-)	66.67
AYEL01038438.1:48343-48578(+,-)	67.03
AYEL01077660.1:53113-53351(+,-)	60.63
AYEL01081462.1:10275-10482(+,-)	69.23
AYEL01055558.1:844-1078(+,-)	68.13
AYEL01082927.1:1618-1910(+,-)	61.54
AYEL01066235.1:6164-6385(+,-)	61.40
AYEL01054214.1:8762-8950(+,-)	62.96
AYEL01082295.1:32842-33077(+,-)	67.03
AYEL01079205.1:2794-3005(+,-)	67.27
AYEL01089550.1:539-778(+,-)	66.25
AYEL01069848.1:3122-3361(+,-)	60.19
AYEL01086670.1:14808-15003(-)	66.18
AYEL01019418.1:24832-25042(+,-)	59.13
AYEL01074416.1:5083-5309(+,-)	62.64
AYEL01068802.1:95651-95894(+,-)	60.71
AYEL01077517.1:5190-5391(+,-)	61.06
AYEL01062955.1:29997-30222(+,-)	65.17
AYEL01091554.1:35447-35649(+,-)	67.24
AYEL01036329.1:1166-1409(+,-)	74.32
AYEL01065242.1:18579-18837(+,-)	66.94
AYEL01075597.1:15560-15751(-)	65.82
AYEL01084107.1:106276-106516(+,-)	64.44
AYEL01084575.1:24317-24553(+,-)	67.37
AYEL01084303.1:10543-10762(+,-)	70.49
AYEL01077007.1:7992-8196(-)	67.90
AYEL01061890.1:24027-24223(+)	64.56
AYEL01088641.1:57296-57490(+,-)	68.18
AYEL01086932.1:19763-19972(+,-)	64.58
AYEL01072881.1:8858-9051(+,-)	74.29
AYEL01084409.1:71679-71868(+,-)	73.53
AYEL01072453.1:2340-2566(+,-)	59.43
AYEL01070945.1:42550-42775(+,-)	63.56
AYEL01058680.1:48074-48335(+,-)	69.23
AYEL01090607.1:32760-32973(+,-)	64.52
AYEL01053331.1:1056-1294(+,-)	67.39
AYEL01052040.1:58602-58916(+,-)	79.25
AYEL01090148.1:55906-56122(+,-)	75.00
AYEL01072084.1:5399-5636(+,-)	67.06
AYEL01027674.1:2119-2357(+,-)	67.82
AYEL01085198.1:3074-3294(+,-)	66.34
AYEL01065760.1:28859-29092(-)	71.43
AYEL01077261.1:10624-10982(+,-)	65.43
AYEL01066611.1:43802-44017(+,-)	68.83
AYEL01081224.1:21590-21940(+,-)	59.85
AYEL01053473.1:74-296(+,-)	73.81
AYEL01071531.1:24013-24242(+,-)	66.09
AYEL01084052.1:14539-14741(+,-)	66.18
AYEL01069979.1:18990-19208(+,-)	75.00
AYEL01059837.1:43419-43639(+,-)	58.33
AYEL01091047.1:5664-5903(+,-)	65.52
AYEL01078332.1:25376-25597(+,-)	71.43
AYEL01008732.1:114-327(+,-)	73.02
AYEL01056447.1:10207-10432(+,-)	65.79
AYEL01060030.1:14397-14615(+,-)	68.83
AYEL01091441.1:26951-27169(+,-)	73.53
AYEL01073141.1:71677-71892(+,-)	71.05
AYEL01080733.1:52773-52993(+,-)	67.47
AYEL01070333.1:53815-54027(+,-)	68.13
AYEL01090204.1:12497-12705(+,-)	80.95
AYEL01078669.1:16259-16460(-)	67.27
AYEL01075803.1:2360-2526(+)	61.43
AYEL01046592.1:12127-12344(+,-)	62.50
AYEL01070144.1:20320-20561(+,-)	58.89
AYEL01014949.1:15146-15345(-)	75.68
AYEL01068587.1:50810-51022(+,-)	60.71
AYEL01069025.1:2124-2487(+,-)	69.66
AYEL01090846.1:12163-12371(-)	63.44
AYEL01060520.1:7218-7446(+,-)	71.25
AYEL01091985.1:13447-13714(-)	70.33
AYEL01070892.1:41490-41725(+,-)	69.66
AYEL01086840.1:118877-119155(+,-)	65.93
AYEL01033644.1:13482-13696(-)	95.83
AYEL01075946.1:4699-4928(+,-)	65.17
AYEL01011125.1:41655-41870(+,-)	58.86
AYEL01065610.1:42940-43218(+)	64.94
AYEL01031872.1:144-357(-)	70.59
AYEL01069057.1:13219-13441(+,-)	67.42
AYEL01078809.1:18253-18458(+,-)	63.08
AYEL01064710.1:16511-16675(-)	69.09
AYEL01081788.1:43673-43883(+,-)	68.18
AYEL01071073.1:20374-20782(+,-)	72.29
AYEL01081993.1:115185-115404(+,-)	63.54
AYEL01048499.1:1686-1920(+,-)	64.44
AYEL01089942.1:53232-53429(-)	60.81
AYEL01087412.1:9706-9932(+,-)	57.52
AYEL01087402.1:18379-18570(+,-)	63.64
AYEL01026564.1:212-448(+,-)	61.95
AYEL01085752.1:13124-13314(-)	70.69
AYEL01064340.1:72515-72746(+,-)	61.29
AYEL01088469.1:15828-16016(+,-)	64.84
AYEL01080287.1:6086-6321(+,-)	61.11
AYEL01091163.1:1720-1898(-)	68.00
AYEL01069128.1:11366-11717(+,-)	56.17
AYEL01090568.1:18286-18512(+)	62.22
AYEL01080443.1:19-256(+,-)	68.13
AYEL01073914.1:33985-34210(+,-)	63.74
AYEL01046124.1:4601-4829(+,-)	61.61
AYEL01080721.1:22573-22798(+,-)	68.57
AYEL01063093.1:27179-27413(+,-)	72.15
AYEL01077086.1:16236-16443(+,-)	83.33
AYEL01076941.1:16346-16568(+,-)	65.87
AYEL01091148.1:29381-29571(+)	64.71
AYEL01089845.1:84614-84823(+)	68.28
AYEL01071754.1:4747-4977(+,-)	59.84
AYEL01083038.1:114501-114709(+,-)	65.22
AYEL01075213.1:49877-50076(+,-)	58.14
AYEL01050914.1:6650-6874(+,-)	55.46
AYEL01075554.1:10133-10380(+,-)	77.92
AYEL01085431.1:13808-14038(+,-)	59.38
AYEL01072053.1:73284-73519(+,-)	77.50
AYEL01064699.1:2215-2404(+)	66.67
AYEL01081071.1:2185-2441(+)	62.07
AYEL01047914.1:10663-10860(-)	62.04
AYEL01083576.1:2971-3195(+,-)	75.47
AYEL01014019.1:17723-17966(+,-)	64.84
AYEL01086527.1:130889-131124(+,-)	69.23
AYEL01075123.1:5542-5769(+,-)	63.41
AYEL01032164.1:2651-2887(+,-)	65.93
AYEL01067905.1:96270-96689(+,-)	69.23
AYEL01073594.1:11438-11721(-)	64.84
AYEL01073529.1:13119-13338(+,-)	66.67
AYEL01074887.1:17042-17243(+,-)	71.43
AYEL01076217.1:5591-5874(+,-)	72.58
AYEL01066010.1:394-630(+,-)	67.44
AYEL01088279.1:55810-56037(+,-)	67.01
AYEL01045686.1:5448-5684(+,-)	63.28
AYEL01074923.1:4097-4334(+,-)	64.42
AYEL01068649.1:80768-80959(+)	65.00
AYEL01088361.1:665-878(+)	62.77
AYEL01083633.1:134754-134946(+,-)	63.08
AYEL01034341.1:25630-25871(+,-)	63.56
AYEL01083029.1:28271-28582(+,-)	64.91
AYEL01027719.1:60323-60740(-)	68.89
AYEL01084201.1:166039-166245(+,-)	77.55
AYEL01086369.1:17128-17326(-)	63.54
AYEL01057630.1:57646-57877(+,-)	67.03
AYEL01053352.1:713-934(+,-)	69.62
AYEL01066556.1:5425-5705(+)	66.67
AYEL01078337.1:9502-9732(+,-)	65.93
AYEL01070905.1:5776-6002(+,-)	62.64
AYEL01063554.1:1065-1281(+,-)	69.23
AYEL01045629.1:5243-5473(+,-)	63.16
AYEL01090303.1:22579-22810(+,-)	65.83
AYEL01085401.1:83997-84215(+,-)	64.34
AYEL01082211.1:10849-11106(+,-)	69.47
AYEL01086466.1:19869-20103(+,-)	66.27
AYEL01086566.1:9416-9647(+,-)	63.74
AYEL01089958.1:55034-55212(+)	67.80
AYEL01081830.1:14227-14424(-)	68.97
AYEL01077348.1:82831-83125(+,-)	65.22
AYEL01055125.1:9142-9377(+,-)	67.03
AYEL01082126.1:12766-12969(+)	67.53
AYEL01075509.1:1030-1244(+,-)	73.81
AYEL01060763.1:48323-48547(+,-)	63.86
AYEL01045116.1:73701-73901(+,-)	67.47
AYEL01088625.1:49010-49235(+,-)	63.64
AYEL01087275.1:13024-13240(+,-)	71.11
AYEL01049038.1:3242-3477(+,-)	66.10
AYEL01086046.1:23295-23567(-)	61.61
AYEL01091939.1:16550-16763(+,-)	63.04
AYEL01084345.1:397-618(+,-)	67.20
AYEL01074053.1:23789-24006(+,-)	63.64
AYEL01073874.1:8022-8216(+,-)	63.04
AYEL01070222.1:142585-142803(+,-)	65.96
AYEL01065299.1:39165-39381(+,-)	71.43
AYEL01063599.1:30906-31140(+,-)	70.00
AYEL01084409.1:26388-26584(+,-)	68.48
AYEL01071277.1:17179-17401(+,-)	65.33
AYEL01057405.1:35435-35657(+,-)	61.74
AYEL01080694.1:17854-18072(+,-)	65.09
AYEL01089097.1:4622-4836(+,-)	68.13
AYEL01066398.1:16513-16850(+,-)	62.92
AYEL01086913.1:32537-32729(-)	68.12
AYEL01073893.1:2849-3043(+)	64.56
AYEL01049337.1:8675-8899(+,-)	63.72
AYEL01079928.1:85764-85985(+,-)	77.08
AYEL01070023.1:156967-157195(+,-)	61.97
AYEL01090806.1:35787-36029(+,-)	77.78
AYEL01067703.1:45159-45381(+,-)	61.35
AYEL01060378.1:3535-3770(+,-)	65.93
AYEL01072740.1:6635-6858(+,-)	63.93
AYEL01040355.1:14124-14380(+,-)	65.56
AYEL01058458.1:41717-41930(+,-)	67.05
AYEL01071214.1:37144-37370(+,-)	71.26
AYEL01069979.1:555-776(+,-)	74.14
AYEL01088417.1:5383-5598(+)	64.91
AYEL01091992.1:32524-32745(+,-)	61.36
AYEL01057927.1:17793-18250(+,-)	63.74
AYEL01069757.1:9641-9857(+,-)	64.13
AYEL01060875.1:30899-31120(+,-)	65.93
AYEL01035468.1:153985-154208(+,-)	57.50
AYEL01088413.1:1519-1752(+,-)	60.87
AYEL01085647.1:156267-156500(+,-)	73.96
AYEL01061461.1:54161-54384(+,-)	61.72
AYEL01063529.1:15093-15289(+,-)	62.65
AYEL01049777.1:83163-83389(+,-)	68.63
AYEL01069166.1:109963-110202(+,-)	65.28
AYEL01060253.1:37917-38134(+,-)	64.18
AYEL01084557.1:50093-50319(+,-)	72.15
AYEL01080330.1:14278-14496(+,-)	66.67
AYEL01063827.1:23010-23313(+)	69.57
AYEL01060046.1:4447-4681(+,-)	65.93
AYEL01073129.1:7132-7358(+,-)	72.97
AYEL01091379.1:14331-14554(+,-)	62.70
AYEL01084530.1:42087-42355(+,-)	69.88
AYEL01076650.1:29018-29262(+,-)	68.06
AYEL01076760.1:8981-9187(+,-)	67.00
AYEL01058363.1:74823-75046(+,-)	64.89
AYEL01079949.1:45466-45871(+,-)	70.27
AYEL01079456.1:2656-3015(+,-)	70.83
AYEL01074340.1:214-432(+,-)	65.32
AYEL01084240.1:10990-11207(+,-)	66.10
AYEL01068181.1:3901-4100(-)	60.26
AYEL01060342.1:23876-24099(+,-)	72.06
AYEL01081439.1:11193-11415(+,-)	64.35
AYEL01071063.1:12288-12519(+,-)	72.41
AYEL01061023.1:18688-18872(+)	72.09
AYEL01082477.1:73740-73951(+)	66.00
AYEL01075278.1:2345-2561(+,-)	75.00
AYEL01091444.1:3145-3358(-)	67.39
AYEL01056836.1:10719-10932(+,-)	72.00
AYEL01075043.1:20581-20796(-)	65.48
AYEL01073333.1:5043-5254(+,-)	60.00
AYEL01053583.1:87238-87433(+,-)	62.50
AYEL01064826.1:56979-57206(+,-)	63.11
AYEL01089646.1:9934-10174(+,-)	63.48
AYEL01091871.1:50451-50627(-)	59.23
AYEL01083284.1:11218-11436(+,-)	64.86
AYEL01047912.1:3788-4007(+,-)	63.39
AYEL01090668.1:7985-8196(+,-)	79.07
AYEL01080158.1:25727-26012(+,-)	61.74
AYEL01062234.1:33849-34051(+,-)	67.21
AYEL01085560.1:10969-11186(+,-)	62.50
AYEL01082203.1:34559-34798(+,-)	64.84
AYEL01079090.1:139971-140177(+,-)	62.28
AYEL01074057.1:56832-57061(+,-)	62.64
AYEL01048487.1:4251-4484(+,-)	66.67
AYEL01091885.1:14535-14734(+,-)	68.09
AYEL01076189.1:57570-57786(+,-)	70.13
AYEL01070450.1:887-1072(-)	82.35
AYEL01076164.1:7676-7869(-)	68.18
AYEL01021789.1:11305-11558(+,-)	66.29
AYEL01075994.1:28376-28600(+,-)	66.67
AYEL01072070.1:6497-6724(+,-)	68.13
AYEL01015794.1:700-985(+)	61.70
AYEL01055137.1:42565-42791(+,-)	60.82
AYEL01087619.1:7593-7793(+)	65.56
AYEL01066259.1:9468-9696(+,-)	65.91
AYEL01032846.1:29829-30050(+,-)	67.80
AYEL01070367.1:5482-5697(+)	60.82
AYEL01087402.1:136762-136985(+,-)	71.79
AYEL01087143.1:3757-3980(+,-)	71.43
AYEL01078802.1:5535-5738(+,-)	66.07
AYEL01029980.1:409-639(+,-)	69.62
AYEL01083641.1:108467-108666(+,-)	63.29
AYEL01083854.1:1677-1896(+,-)	62.28
AYEL01070880.1:14821-15045(+,-)	74.07
AYEL01082939.1:32780-33004(+,-)	59.26
AYEL01077061.1:25007-25227(+,-)	66.22
AYEL01074123.1:6989-7194(+,-)	69.74
AYEL01073786.1:37372-37602(+,-)	62.79
AYEL01079456.1:3537-3778(+,-)	71.05
AYEL01056068.1:11318-11531(+,-)	61.63
AYEL01090397.1:16855-17005(+)	69.35
AYEL01084749.1:15878-16079(+,-)	56.82
AYEL01084575.1:38287-38501(+,-)	62.50
AYEL01073516.1:34968-35185(+,-)	64.56
AYEL01084373.1:16224-16447(+,-)	64.60
AYEL01091540.1:51251-51466(+,-)	69.23
AYEL01034689.1:20891-21083(+,-)	72.73
AYEL01085846.1:55170-55397(-)	60.00
AYEL01090788.1:24003-24231(+,-)	66.67
AYEL01072384.1:3065-3276(+,-)	68.42
AYEL01076012.1:23977-24205(+,-)	60.67
AYEL01067458.1:71598-71810(+,-)	65.75
AYEL01086696.1:2841-3057(+,-)	69.23
AYEL01091610.1:25087-25304(+,-)	64.52
AYEL01084616.1:18703-18918(+,-)	69.23
AYEL01059117.1:13378-13613(+,-)	63.74
AYEL01079911.1:20733-21030(+,-)	63.38
AYEL01079914.1:2848-3060(+,-)	60.48
AYEL01085046.1:7714-7944(+,-)	65.93
AYEL01064755.1:16711-16917(+,-)	65.67
AYEL01086955.1:30481-30716(+,-)	64.29
AYEL01071350.1:114614-114845(+,-)	62.03
AYEL01076791.1:34715-34910(+,-)	69.23
AYEL01032331.1:21417-21642(+,-)	60.00
AYEL01079361.1:5774-5953(-)	62.91
AYEL01083801.1:8203-8430(+,-)	61.61
AYEL01075664.1:1770-1991(+,-)	70.00
AYEL01056424.1:2444-2682(+,-)	62.93
AYEL01071088.1:31046-31409(+,-)	68.06
AYEL01072064.1:9025-9247(+,-)	70.11
AYEL01073575.1:135948-136150(+,-)	65.96
AYEL01070521.1:6448-6660(+,-)	66.67
AYEL01077226.1:20246-20610(+,-)	64.89
AYEL01088832.1:38557-38938(+,-)	58.93
AYEL01065061.1:9413-9643(+,-)	65.28
AYEL01003385.1:1751-1964(-)	63.22
AYEL01080658.1:4688-4873(+)	62.50
AYEL01088479.1:2375-2597(+,-)	71.43
AYEL01056406.1:2764-3016(+,-)	71.95
AYEL01049047.1:10365-10755(+,-)	82.22
AYEL01078872.1:10934-11149(+,-)	65.49
AYEL01082132.1:8567-8778(+,-)	65.77
AYEL01091944.1:7208-7413(-)	69.09
AYEL01024928.1:32779-33011(+,-)	68.24
AYEL01086258.1:55459-55691(+,-)	67.03
AYEL01075081.1:4239-4457(+,-)	66.30
AYEL01052376.1:84311-84541(+,-)	59.22
AYEL01077386.1:4829-5064(+,-)	67.03
AYEL01074781.1:1204-1429(+,-)	67.62
AYEL01057612.1:23136-23356(+,-)	68.24
AYEL01027296.1:52498-52726(-)	64.94
AYEL01070481.1:4554-4797(-)	65.08
AYEL01091874.1:74013-74239(+,-)	61.96
AYEL01015945.1:11367-11573(-)	66.67
AYEL01083880.1:3848-4165(+,-)	69.23
AYEL01069917.1:21711-21942(+,-)	64.84
AYEL01057442.1:668-895(+,-)	56.52
AYEL01076111.1:10161-10395(+,-)	67.78
AYEL01054983.1:52287-52526(+,-)	67.37
AYEL01056264.1:2478-2705(+,-)	64.56
AYEL01075554.1:8486-8698(+,-)	60.22
AYEL01091399.1:9294-9528(+,-)	63.25
AYEL01080865.1:33727-33925(+,-)	61.72
AYEL01090272.1:20327-20569(+,-)	67.03
AYEL01066328.1:158505-158733(+,-)	65.07
AYEL01082909.1:238897-239087(+,-)	64.29
AYEL01060457.1:45565-45773(+,-)	63.33
AYEL01069084.1:61720-61941(+,-)	57.52
AYEL01047452.1:8488-8713(+)	61.95
AYEL01076784.1:18049-18278(+,-)	67.39
AYEL01046379.1:5617-5870(+,-)	61.05
AYEL01049573.1:27050-27264(+,-)	65.91
AYEL01085823.1:14892-15118(+,-)	67.78
AYEL01078643.1:12276-12507(+,-)	70.15
AYEL01083855.1:14346-14577(+,-)	62.41
AYEL01085855.1:22264-22487(+,-)	64.23
AYEL01063030.1:9027-9266(+,-)	63.79
AYEL01081702.1:116518-116740(+,-)	66.94
AYEL01075070.1:7813-8034(+,-)	65.08
AYEL01054833.1:85635-85872(+,-)	57.25
AYEL01090550.1:510-720(+,-)	64.84
AYEL01081405.1:27872-28071(+,-)	70.42
AYEL01058513.1:2977-3194(+,-)	66.18
AYEL01069642.1:14893-15121(+,-)	62.64
AYEL01080394.1:73966-74181(+,-)	61.36
AYEL01072210.1:7376-7608(+,-)	68.00
AYEL01087426.1:12193-12390(+,-)	70.79
AYEL01065667.1:23728-23955(+,-)	66.67
AYEL01086258.1:74535-74766(+,-)	64.91
AYEL01080542.1:3070-3266(-)	69.64
AYEL01062924.1:31311-31509(+,-)	63.75
AYEL01084273.1:256090-256397(-)	68.54
AYEL01054724.1:2751-2967(+)	68.63
AYEL01041314.1:2717-3003(+,-)	71.67
AYEL01057497.1:11108-11309(+,-)	71.70
AYEL01082083.1:15866-16186(+,-)	68.28
AYEL01062243.1:20801-21028(+,-)	64.13
AYEL01054427.1:93063-93386(+,-)	62.82
AYEL01081604.1:11229-11457(+,-)	71.58
AYEL01079811.1:42909-43121(+,-)	64.29
AYEL01075747.1:16157-16382(+,-)	59.22
AYEL01068450.1:27306-27536(+,-)	67.78
AYEL01065447.1:65401-65624(+,-)	74.03
AYEL01088691.1:52005-52235(+,-)	65.17
AYEL01086738.1:13786-13973(-)	67.24
AYEL01086058.1:21432-21645(+,-)	68.52
AYEL01072971.1:8299-8528(+,-)	70.51
AYEL01064915.1:11494-11698(+,-)	73.77
AYEL01079967.1:12280-12464(-)	66.67
AYEL01066682.1:37639-37877(+,-)	71.67
AYEL01068655.1:1923-2138(+,-)	62.10
AYEL01075538.1:1508-1716(+,-)	69.23
AYEL01026724.1:68606-68809(-)	63.51
AYEL01074858.1:26393-26578(+)	66.22
AYEL01081044.1:16599-16816(+,-)	69.23
AYEL01073440.1:42286-42504(+,-)	71.15
AYEL01072866.1:116220-116454(+,-)	68.42
AYEL01090421.1:70532-70736(+,-)	59.17
AYEL01043480.1:25641-25857(+,-)	63.03
AYEL01065678.1:10765-10989(+,-)	66.27
AYEL01069410.1:1421-1708(+,-)	58.41
AYEL01052379.1:9202-9445(-)	62.50
AYEL01065541.1:91300-91528(+)	63.23
AYEL01088805.1:26290-26520(+,-)	70.93
AYEL01083331.1:40757-40959(+,-)	65.62
AYEL01073870.1:10461-10682(+)	67.42
AYEL01072329.1:16761-16995(+,-)	68.48
AYEL01083704.1:26400-26622(+,-)	69.49
AYEL01084532.1:12012-12210(+,-)	71.76
AYEL01069465.1:39618-39835(+,-)	68.54
AYEL01072338.1:41959-42174(+,-)	73.53
AYEL01065634.1:137217-137434(+,-)	68.13
AYEL01084892.1:39777-40002(+,-)	64.84
AYEL01060589.1:40973-41213(+,-)	70.00
AYEL01084874.1:136271-136494(+,-)	61.76
AYEL01012045.1:44-418(+,-)	59.00
AYEL01081738.1:38643-38815(+)	75.47
AYEL01065939.1:4982-5209(+,-)	70.00
AYEL01074923.1:32377-32795(+,-)	65.93
AYEL01040584.1:19961-20190(+,-)	66.67
AYEL01080770.1:31248-31478(+,-)	64.84
AYEL01086061.1:8590-8749(-)	62.71
AYEL01050795.1:33178-33429(+,-)	66.18
AYEL01055861.1:61694-61951(+,-)	73.26
AYEL01070436.1:4110-4325(+,-)	66.10
AYEL01060656.1:10133-10355(+,-)	66.30
AYEL01077463.1:92798-93030(+,-)	70.51
AYEL01011889.1:7621-7841(+,-)	65.91
AYEL01085189.1:71846-72042(-)	81.48
AYEL01054116.1:13245-13471(+,-)	68.54
AYEL01072906.1:1477-1715(+,-)	67.44
AYEL01035069.1:4508-4734(+,-)	65.59
AYEL01058063.1:3717-3952(+,-)	67.03
AYEL01008376.1:16656-16880(+,-)	61.64
AYEL01085184.1:21745-22006(+,-)	62.61
AYEL01067490.1:702-932(+,-)	61.36
AYEL01025952.1:11939-12219(-)	69.62
AYEL01016306.1:13452-13673(+,-)	67.05
AYEL01072620.1:13569-13780(+,-)	63.06
AYEL01079887.1:9666-9879(+,-)	70.67
AYEL01061828.1:11927-12117(+)	76.47
AYEL01052954.1:30805-31026(+,-)	70.10
AYEL01088650.1:60610-60828(+,-)	68.60
AYEL01048758.1:3077-3299(+,-)	76.12
AYEL01087676.1:659-846(+)	62.63
AYEL01088079.1:61155-61390(+,-)	65.93
AYEL01029376.1:21511-21732(+,-)	61.54
AYEL01065737.1:25310-25717(+,-)	59.52
AYEL01056522.1:11126-11360(+,-)	63.28
AYEL01090162.1:11549-11773(+,-)	60.19
AYEL01092032.1:9360-9568(+,-)	65.05
AYEL01063462.1:14529-14718(-)	81.48
AYEL01070855.1:36921-37149(+,-)	62.11
AYEL01091138.1:31449-31673(+,-)	64.37
AYEL01007994.1:407-640(+,-)	65.06
AYEL01053583.1:84569-84762(+)	71.74
AYEL01067395.1:4219-4439(+,-)	65.52
AYEL01082016.1:74326-74518(+)	66.04
AYEL01034354.1:50276-50503(+,-)	71.93
AYEL01075993.1:13638-13868(+,-)	63.11
AYEL01054671.1:41740-41968(+,-)	68.67
AYEL01084863.1:122538-122777(+,-)	65.93
AYEL01069983.1:7119-7340(+,-)	58.73
AYEL01072730.1:6258-6476(+,-)	64.84
AYEL01070569.1:4157-4368(+,-)	57.61
AYEL01052708.1:1841-2052(+)	63.86
AYEL01085161.1:64069-64266(+,-)	68.75
AYEL01061232.1:1154-1518(+,-)	65.48
AYEL01064092.1:6493-6731(+,-)	63.79
AYEL01061922.1:21759-21977(-)	75.86
AYEL01084210.1:28549-28765(+,-)	69.23
AYEL01065367.1:20543-20753(+,-)	62.63
AYEL01050533.1:112501-112759(+,-)	63.10
AYEL01074194.1:173675-173910(+,-)	67.03
AYEL01036365.1:45536-45773(+,-)	68.13
AYEL01072105.1:1043-1265(+,-)	66.96
AYEL01070864.1:138-344(+,-)	70.42
AYEL01075232.1:9695-9933(+,-)	60.92
AYEL01082689.1:25225-25509(+,-)	65.93
AYEL01039905.1:19078-19312(+,-)	62.50
AYEL01024123.1:22348-22574(+,-)	75.51
AYEL01037880.1:63-337(+,-)	79.69
AYEL01008287.1:36998-37192(+)	63.49
AYEL01075213.1:48980-49187(+,-)	68.97
AYEL01061965.1:64861-65076(+,-)	78.67
AYEL01056319.1:25833-26073(+,-)	64.84
AYEL01058715.1:7079-7334(-)	66.00
AYEL01076190.1:64290-64505(+,-)	71.43
AYEL01064666.1:33867-34068(+,-)	67.39
AYEL01064651.1:1353-1586(+,-)	70.13
AYEL01047914.1:14092-14327(+,-)	68.13
AYEL01083752.1:32990-33177(+)	62.20
AYEL01084134.1:10791-11004(+,-)	56.16
AYEL01076626.1:1503-1698(+,-)	60.22
AYEL01049864.1:24529-24787(+,-)	66.67
AYEL01089157.1:24757-24965(+,-)	65.59
AYEL01081208.1:7750-8120(+,-)	66.28
AYEL01080543.1:50524-50752(+,-)	65.06
AYEL01080433.1:5238-5431(+)	70.83
AYEL01076435.1:49946-50165(+,-)	61.54
AYEL01030855.1:4222-4470(+,-)	63.74
AYEL01082372.1:2283-2514(+,-)	70.37
AYEL01086219.1:3121-3331(+,-)	67.44
AYEL01070295.1:34591-34793(+)	71.26
AYEL01076286.1:69240-69457(+,-)	61.69
AYEL01060333.1:11781-12001(+,-)	60.00
AYEL01086592.1:18333-18560(+,-)	59.14
AYEL01016916.1:18765-18985(+,-)	65.60
AYEL01089165.1:22309-22535(+,-)	69.35
AYEL01057435.1:3562-3840(+,-)	63.46
AYEL01084526.1:13664-13898(+,-)	65.33
AYEL01084241.1:1366-1589(+,-)	61.74
AYEL01062732.1:5056-5267(+,-)	60.00
AYEL01062195.1:18097-18268(+)	78.18
AYEL01088632.1:36618-36835(+,-)	75.64
AYEL01082870.1:35552-35773(+,-)	64.80
AYEL01053417.1:8480-8707(+,-)	61.11
AYEL01069848.1:4762-4951(+,-)	63.33
AYEL01066550.1:3542-3765(+,-)	61.74
AYEL01073492.1:52641-52876(+,-)	68.83
AYEL01058619.1:1628-1863(+,-)	68.13
AYEL01067083.1:8032-8267(+,-)	68.13
AYEL01067150.1:15037-15239(+,-)	61.43
AYEL01067799.1:16637-16864(+,-)	60.34
AYEL01070686.1:1681-1867(+)	68.12
AYEL01073936.1:23639-23874(+,-)	61.60
AYEL01067743.1:47789-47987(-)	78.38
AYEL01073869.1:23449-23685(+,-)	65.71
AYEL01083067.1:24430-24659(+,-)	64.00
AYEL01078809.1:11998-12222(+,-)	64.41
AYEL01090206.1:49513-49704(+)	60.00
AYEL01057341.1:864-1070(+,-)	63.44
AYEL01027573.1:14542-14777(+,-)	66.67
AYEL01064593.1:18814-19093(+,-)	67.01
AYEL01064116.1:29406-29654(+,-)	79.17
AYEL01088009.1:54367-54600(+,-)	59.35
AYEL01070425.1:63003-63243(+,-)	59.48
AYEL01012906.1:30792-31022(+,-)	64.56
AYEL01080140.1:79857-80058(+,-)	62.50
AYEL01049998.1:7698-7916(+,-)	58.77
AYEL01059301.1:2715-2946(+,-)	65.79
AYEL01082200.1:22224-22562(+,-)	68.06
AYEL01077008.1:5919-6144(+,-)	64.13
AYEL01064711.1:34746-34989(+,-)	57.45
AYEL01087574.1:101-320(+,-)	68.27
AYEL01069616.1:8404-8613(+)	65.56
AYEL01074143.1:12007-12230(+,-)	64.10
AYEL01088541.1:58508-58717(+,-)	65.28
AYEL01073860.1:11982-12214(+,-)	63.53
AYEL01064359.1:48179-48409(+,-)	63.74
AYEL01088277.1:4817-5038(+,-)	67.86
AYEL01073162.1:56267-56490(+,-)	63.89
AYEL01087678.1:1356-1579(+,-)	66.25
AYEL01044991.1:0-204(+,-)	59.41
AYEL01084834.1:1026-1218(-)	61.96
AYEL01073142.1:472-687(+,-)	70.79
AYEL01073370.1:1730-1945(+,-)	71.60
AYEL01076012.1:7570-7917(+,-)	64.86
AYEL01078209.1:14657-14861(-)	64.84
AYEL01062840.1:6700-6927(+,-)	59.34
AYEL01080050.1:6182-6376(+,-)	58.77
AYEL01055035.1:1347-1620(+,-)	70.33
AYEL01064972.1:48512-48742(+,-)	66.67
AYEL01086357.1:30686-31167(+,-)	64.77
AYEL01089157.1:11829-12017(+,-)	78.18
AYEL01084438.1:28938-29123(-)	66.39
AYEL01091062.1:123117-123318(+,-)	65.43
AYEL01085490.1:42172-42389(+,-)	75.47
AYEL01079941.1:31256-31491(+,-)	64.77
AYEL01088626.1:4105-4328(+,-)	69.49
AYEL01045720.1:43638-43838(+,-)	66.43
AYEL01081048.1:14652-14844(+,-)	68.09
AYEL01087338.1:12084-12319(+,-)	64.84
AYEL01080533.1:49086-49329(+,-)	70.37
AYEL01071515.1:1150-1373(+,-)	59.82
AYEL01063069.1:2390-2611(+,-)	68.48
AYEL01012253.1:35363-35594(+,-)	64.13
AYEL01067973.1:37976-38214(+,-)	66.67
AYEL01082605.1:24268-24486(+,-)	67.80
AYEL01052487.1:24652-24883(+,-)	64.44
AYEL01059556.1:1383-1601(+,-)	61.06
AYEL01089899.1:105373-105588(+,-)	62.24
AYEL01091345.1:12567-12753(-)	62.50
AYEL01084915.1:23390-23604(+,-)	61.21
AYEL01061395.1:3915-4129(+,-)	70.51
AYEL01072874.1:171-398(+,-)	61.54
AYEL01074074.1:21332-21551(+,-)	60.19
AYEL01071785.1:30412-30582(-)	70.59
AYEL01069687.1:22743-22980(+,-)	68.54
AYEL01088292.1:43096-43369(+)	62.04
AYEL01082909.1:194396-194632(+,-)	65.75
AYEL01030585.1:13318-13522(+,-)	63.03
AYEL01026284.1:17846-18052(+,-)	66.00
AYEL01066574.1:1799-2018(+,-)	61.95
AYEL01090987.1:2133-2361(+,-)	68.33
AYEL01084182.1:31832-32067(+,-)	67.03
AYEL01017084.1:285-507(+,-)	58.89
AYEL01055314.1:5454-5663(+,-)	62.70
AYEL01078187.1:3424-3715(-)	60.95
AYEL01086184.1:5584-5801(+,-)	66.30
AYEL01077660.1:12180-12408(+,-)	72.00
AYEL01068289.1:12122-12355(+,-)	61.72
AYEL01085181.1:38648-38846(+)	62.26
AYEL01052518.1:2815-3054(+,-)	69.23
AYEL01029527.1:61965-62159(+,-)	63.93
AYEL01085464.1:78272-78490(+,-)	62.07
AYEL01081227.1:37870-38083(+,-)	65.81
AYEL01050759.1:34504-34717(+,-)	64.39
AYEL01078084.1:7185-7409(+,-)	92.00
AYEL01032855.1:30043-30269(+,-)	62.35
AYEL01062559.1:42697-42931(+,-)	76.60
AYEL01089750.1:56791-56994(+,-)	76.74
AYEL01069861.1:16410-16626(+,-)	63.16
AYEL01088329.1:17558-17775(+,-)	61.90
AYEL01084898.1:11233-11430(+,-)	61.83
AYEL01091994.1:4120-4432(+,-)	67.78
AYEL01066328.1:90529-90743(+)	66.67
AYEL01076235.1:41231-41446(+,-)	62.10
AYEL01078457.1:22488-22735(+,-)	68.75
AYEL01089585.1:15207-15430(+,-)	61.63
AYEL01065592.1:19798-20019(+,-)	68.85
AYEL01061691.1:51281-51515(+,-)	62.42
AYEL01060044.1:674-959(+,-)	62.77
AYEL01058224.1:5086-5313(+,-)	65.15
AYEL01081501.1:32339-32535(+,-)	64.13
AYEL01076448.1:45129-45332(+,-)	61.45
AYEL01045733.1:16901-17130(+,-)	60.26
AYEL01065673.1:31178-31383(-)	67.86
AYEL01060354.1:13006-13214(+,-)	64.44
AYEL01074905.1:6437-6691(+,-)	59.38
AYEL01047552.1:22645-22890(+,-)	70.33
AYEL01078640.1:1238-1431(-)	74.36
AYEL01087795.1:2855-3084(+,-)	59.46
AYEL01065610.1:41316-41530(+,-)	64.10
AYEL01080844.1:56425-56632(+)	60.36
AYEL01071723.1:54900-55096(+,-)	53.85
AYEL01066071.1:10942-11177(+,-)	62.28
AYEL01091613.1:5017-5227(+,-)	65.93
AYEL01063028.1:978-1233(+,-)	71.43
AYEL01060378.1:16411-16626(+,-)	60.20
AYEL01067380.1:31865-32080(-)	67.03
AYEL01089040.1:83457-83666(+,-)	62.96
AYEL01079091.1:14878-15106(+,-)	65.85
AYEL01090217.1:6463-6698(+,-)	67.03
AYEL01051069.1:120-343(+,-)	67.65
AYEL01041827.1:2590-2801(+,-)	63.49
AYEL01068524.1:1771-1986(+,-)	61.04
AYEL01086864.1:93103-93328(+,-)	71.43
AYEL01084417.1:7026-7237(+,-)	62.92
AYEL01075791.1:84800-85074(+)	63.79
AYEL01080655.1:28097-28313(+,-)	74.36
AYEL01087412.1:9058-9284(+,-)	61.54
AYEL01085614.1:4808-5086(+,-)	64.52
AYEL01059159.1:25813-26039(+,-)	65.62
AYEL01074189.1:34601-34816(+,-)	64.52
AYEL01060486.1:9982-10187(+,-)	73.21
AYEL01065149.1:18717-18943(+,-)	63.51
AYEL01055582.1:8738-8969(+,-)	63.48
AYEL01086537.1:26416-26641(+,-)	60.34
AYEL01091801.1:18919-19104(-)	72.97
AYEL01069062.1:118757-118957(+,-)	76.92
AYEL01067584.1:42072-42456(+,-)	66.27
AYEL01086718.1:28565-28849(+,-)	63.49
AYEL01083846.1:14546-14774(+,-)	76.92
AYEL01090509.1:106893-107157(+,-)	60.76
AYEL01069050.1:53320-53557(+,-)	72.41
AYEL01039616.1:28459-28681(+,-)	57.63
AYEL01058061.1:6713-6933(+,-)	64.81
AYEL01039637.1:75406-75639(+,-)	64.77
AYEL01048867.1:10646-10875(+,-)	73.77
AYEL01047202.1:37755-37976(+,-)	67.42
AYEL01083283.1:45313-45657(+,-)	68.18
AYEL01058975.1:1638-1872(+,-)	60.94
AYEL01079216.1:13909-14222(+,-)	69.23
AYEL01069979.1:785-1032(+,-)	70.77
AYEL01084921.1:26157-26413(+)	67.35
AYEL01090504.1:48520-48755(+,-)	68.13
AYEL01051563.1:8044-8246(+,-)	61.90
AYEL01074540.1:20001-20217(+,-)	61.90
AYEL01089916.1:8955-9259(+)	69.23
AYEL01081999.1:61983-62204(+,-)	61.73
AYEL01080892.1:48690-48951(+,-)	63.96
AYEL01053879.1:8539-8762(+,-)	65.18
AYEL01067766.1:10475-10663(+)	67.57
AYEL01086039.1:19260-19526(-)	68.18
AYEL01068338.1:16044-16237(+,-)	70.83
AYEL01092000.1:12754-12957(+,-)	62.50
AYEL01089848.1:12435-12662(+,-)	53.09
AYEL01091202.1:12287-12504(+,-)	68.60
AYEL01054450.1:1267-1502(+,-)	68.89
AYEL01079082.1:10836-11059(+,-)	62.89
AYEL01079181.1:69029-69235(+,-)	61.86
AYEL01063263.1:58179-58390(+,-)	62.07
AYEL01087714.1:14479-14703(+,-)	72.00
AYEL01039400.1:77-270(+)	63.64
AYEL01020159.1:2700-2917(+,-)	63.74
AYEL01015683.1:7903-8130(+,-)	59.84
AYEL01044471.1:6363-6583(+,-)	65.67
AYEL01084234.1:86346-86551(+,-)	60.80
AYEL01065440.1:13702-13911(+,-)	67.31
AYEL01059041.1:9965-10177(+)	73.81
AYEL01039377.1:426-651(+,-)	57.07
AYEL01088616.1:1583-1803(+,-)	76.79
AYEL01080986.1:16392-16596(+,-)	70.79
AYEL01076388.1:36817-37041(+,-)	57.89
AYEL01062592.1:13256-13467(+,-)	72.73
AYEL01023174.1:3453-3696(+,-)	70.79
AYEL01090636.1:6047-6266(+,-)	78.95
AYEL01089855.1:46747-46961(+,-)	62.64
AYEL01081304.1:7080-7271(-)	78.12
AYEL01049036.1:21573-21831(+,-)	65.56
AYEL01079130.1:39490-39722(+,-)	61.54
AYEL01088634.1:11448-11692(+,-)	63.04
AYEL01083163.1:2376-2589(+,-)	68.13
AYEL01084814.1:100456-100730(-)	64.84
AYEL01078934.1:20665-20897(+,-)	65.66
AYEL01080712.1:84595-84787(+)	77.08
AYEL01047905.1:9839-10059(-)	61.36
AYEL01085876.1:74591-74806(+,-)	68.13
AYEL01066511.1:32832-33048(+,-)	67.03
AYEL01073598.1:27799-28037(+,-)	60.44
AYEL01050349.1:18249-18494(+,-)	59.29
AYEL01090763.1:50291-50521(+,-)	60.94
AYEL01076119.1:8335-8566(+,-)	64.84
AYEL01072382.1:34999-35199(+,-)	72.84
AYEL01063307.1:11025-11238(+,-)	59.35
AYEL01078083.1:5602-5841(+,-)	66.67
AYEL01091518.1:32064-32268(+)	67.80
AYEL01085799.1:7295-7521(+,-)	57.52
AYEL01089454.1:10153-10365(+,-)	69.49
AYEL01064551.1:1143-1372(+,-)	72.73
AYEL01062652.1:15030-15246(+,-)	65.85
AYEL01019895.1:47656-47879(+,-)	65.14
AYEL01046574.1:557-777(+,-)	59.76
AYEL01073127.1:21102-21321(+,-)	59.62
AYEL01063963.1:64-290(+,-)	61.18
AYEL01083691.1:112800-113023(+,-)	70.37
AYEL01059142.1:22396-22616(+,-)	67.06
AYEL01076452.1:13451-13663(+,-)	60.92
AYEL01082863.1:1982-2210(+,-)	67.50
AYEL01066542.1:1211-1429(+,-)	56.64
AYEL01071177.1:20686-20916(+,-)	66.67
AYEL01015475.1:38531-38733(+,-)	64.10
AYEL01089789.1:14901-15128(+,-)	65.17
AYEL01071033.1:48037-48232(+)	62.50
AYEL01083691.1:228372-228569(+,-)	73.33
AYEL01075038.1:6969-7212(+,-)	69.23
AYEL01091603.1:20041-20253(+,-)	61.11
AYEL01071160.1:8552-8775(+,-)	69.32
AYEL01051376.1:6540-6774(+,-)	64.84
AYEL01083762.1:45492-45727(+,-)	65.93
AYEL01037295.1:26769-26974(+,-)	64.94
AYEL01079602.1:16489-16699(+,-)	65.93
AYEL01083428.1:66222-66415(-)	63.49
AYEL01075158.1:94843-95053(+,-)	73.08
AYEL01076645.1:98631-98889(+,-)	66.39
AYEL01091428.1:12948-13139(+,-)	60.83
AYEL01046124.1:65852-66063(+,-)	66.07
AYEL01085953.1:9394-9821(+,-)	63.46
AYEL01043328.1:404-599(-)	70.83
AYEL01075804.1:2782-2948(+)	61.43
AYEL01083536.1:2655-2882(+,-)	57.52
AYEL01076488.1:75471-75701(+,-)	66.67
AYEL01059511.1:10817-11044(+,-)	63.85
AYEL01084974.1:47482-47704(+,-)	69.57
AYEL01040028.1:187-453(+)	70.89
AYEL01078288.1:37556-37778(+,-)	68.54
AYEL01068059.1:2300-2537(+,-)	59.84
AYEL01059739.1:109064-109286(+,-)	68.60
AYEL01073328.1:47202-47417(+,-)	62.70
AYEL01091824.1:59308-59532(+,-)	64.76
AYEL01070260.1:36904-37125(+,-)	61.74
AYEL01060325.1:9335-9570(+,-)	67.03
AYEL01047561.1:5878-6073(+,-)	65.74
AYEL01060935.1:90028-90246(+,-)	63.39
AYEL01061588.1:1237-1523(+,-)	70.33
AYEL01082909.1:12360-12593(-)	78.38
AYEL01032195.1:715-900(+)	68.00
AYEL01067051.1:5173-5408(+,-)	64.84
AYEL01076890.1:3033-3274(+,-)	57.98
AYEL01044262.1:1034-1252(+,-)	64.84
AYEL01077018.1:4198-4400(+)	67.00
AYEL01076118.1:6623-6903(+,-)	60.83
AYEL01030541.1:35070-35300(+,-)	63.74
AYEL01028048.1:8164-8384(+)	58.00
AYEL01087085.1:15860-16049(+,-)	59.21
AYEL01074008.1:32027-32262(+,-)	70.21
AYEL01084394.1:8028-8228(+,-)	68.97
AYEL01087940.1:40067-40300(+,-)	72.09
AYEL01051380.1:75189-75378(+,-)	68.89
AYEL01081198.1:4043-4282(+,-)	63.78
AYEL01090843.1:26789-26992(-)	68.97
AYEL01088306.1:4261-4489(+,-)	63.72
AYEL01067948.1:17148-17368(+,-)	67.05
AYEL01059412.1:9538-9737(+,-)	64.29
AYEL01053956.1:837-1083(+,-)	64.23
AYEL01059064.1:5538-5757(+,-)	63.74
AYEL01088269.1:35558-35904(+,-)	75.00
AYEL01038502.1:1434-1641(+,-)	71.43
AYEL01072368.1:7518-7786(+,-)	70.42
AYEL01071179.1:129281-129478(+,-)	73.08
AYEL01088604.1:2435-2647(+,-)	70.77
AYEL01073710.1:3248-3465(+,-)	72.73
AYEL01052360.1:13847-14093(+,-)	71.79
AYEL01061821.1:37052-37278(+,-)	68.18
AYEL01091566.1:652-868(+,-)	59.29
AYEL01090504.1:43234-43447(+,-)	72.86
AYEL01089214.1:32201-32431(+,-)	64.84
AYEL01091438.1:11011-11229(+,-)	78.72
AYEL01086431.1:49348-49584(+,-)	76.09
AYEL01091163.1:2527-2705(+)	68.00
AYEL01090753.1:13082-13307(+,-)	73.33
AYEL01069658.1:42326-42555(+,-)	68.97
AYEL01036148.1:2795-3017(+,-)	66.67
AYEL01026679.1:0-185(+)	65.93
AYEL01090509.1:106424-106631(+,-)	61.11
AYEL01071146.1:18942-19167(+,-)	63.38
AYEL01083135.1:28499-28732(+,-)	72.84
AYEL01085890.1:117678-117870(-)	63.00
AYEL01069905.1:7765-7981(+,-)	71.70
AYEL01075253.1:23860-24183(+,-)	65.93
AYEL01072563.1:3648-3892(+,-)	70.93
AYEL01074822.1:8491-8706(+,-)	71.11
AYEL01067339.1:27085-27299(+,-)	61.17
AYEL01069698.1:73050-73270(+,-)	65.05
AYEL01083276.1:24858-25091(+,-)	60.27
AYEL01059778.1:20289-20490(+)	65.82
AYEL01060584.1:69002-69194(+,-)	70.59
AYEL01080158.1:58680-58883(+,-)	64.44
AYEL01071323.1:47476-47696(+,-)	65.59
AYEL01066443.1:44202-44417(-)	63.89
AYEL01078372.1:20779-21006(+,-)	65.91
AYEL01015474.1:16348-16574(+,-)	66.34
AYEL01065540.1:25212-25425(+,-)	61.80
AYEL01069971.1:3081-3309(+,-)	66.67
AYEL01066898.1:50924-51118(-)	68.00
AYEL01063711.1:31107-31328(+,-)	63.49
AYEL01049867.1:17990-18225(+,-)	65.93
AYEL01082313.1:44104-44297(+,-)	69.77
AYEL01082488.1:21611-21835(+,-)	66.67
AYEL01081250.1:78371-78601(+,-)	65.91
AYEL01085449.1:34484-34712(+,-)	63.24
AYEL01075007.1:65300-65517(+)	63.92
AYEL01078101.1:24795-25022(+,-)	63.53
AYEL01077482.1:910-1124(+,-)	58.33
AYEL01080065.1:63309-63532(+,-)	61.72
AYEL01064819.1:12775-12977(+,-)	62.83
AYEL01069150.1:4748-4986(+,-)	74.68
AYEL01068803.1:1800-2015(+,-)	59.29
AYEL01068363.1:26904-27127(+,-)	63.49
AYEL01084701.1:95149-95370(+,-)	69.51
AYEL01091275.1:31135-31322(+)	85.71
AYEL01089779.1:71156-71373(+,-)	58.70
AYEL01057624.1:30816-31043(+,-)	61.42
AYEL01064267.1:25434-25654(+,-)	64.80
AYEL01079312.1:15712-15945(+,-)	61.40
AYEL01081810.1:10760-10970(-)	73.68
AYEL01078241.1:17346-17558(+,-)	76.39
AYEL01067417.1:12841-13065(+,-)	66.67
AYEL01065588.1:11394-11637(+,-)	64.04
AYEL01081532.1:46125-46312(-)	61.80
AYEL01079377.1:19705-19914(-)	67.09
AYEL01033357.1:16765-16996(+,-)	81.82
AYEL01055263.1:62011-62235(+,-)	80.49
AYEL01071421.1:45999-46196(+)	71.05
AYEL01049036.1:20625-20858(+,-)	60.00
AYEL01068733.1:55124-55429(+,-)	64.29
AYEL01057813.1:37665-37888(+,-)	73.42
AYEL01091209.1:45517-45732(+,-)	63.20
AYEL01043958.1:15023-15246(+,-)	65.82
AYEL01074760.1:28805-29065(+,-)	63.64
AYEL01029381.1:79188-79412(+,-)	70.59
AYEL01080222.1:46948-47177(+,-)	65.93
AYEL01081715.1:5794-6052(-)	64.37
AYEL01077920.1:6166-6407(+,-)	64.44
AYEL01065563.1:143509-143726(+,-)	67.03
AYEL01079761.1:13913-14112(-)	78.05
AYEL01083595.1:61229-61496(+,-)	63.44
AYEL01059883.1:3436-3672(+,-)	62.50
AYEL01091518.1:6946-7136(+,-)	63.04
AYEL01031874.1:44886-45115(+,-)	62.93
AYEL01070545.1:19476-19718(-)	61.33
AYEL01070050.1:465-708(+,-)	68.48
AYEL01078067.1:33727-33951(+,-)	60.87
AYEL01071140.1:19433-19703(+,-)	58.62
AYEL01091831.1:5771-5983(+,-)	62.60
AYEL01011338.1:366-598(+,-)	62.79
AYEL01065002.1:44313-44512(+,-)	57.30
AYEL01064596.1:11036-11253(+,-)	66.30
AYEL01084031.1:6521-6751(+,-)	63.44
AYEL01083858.1:13285-13490(+,-)	60.00
AYEL01065162.1:14738-14973(+,-)	65.91
AYEL01082371.1:4901-5168(+,-)	67.82
AYEL01087537.1:230089-230336(+,-)	68.13
AYEL01065259.1:34287-34526(+,-)	68.13
AYEL01067998.1:8644-8867(+,-)	68.13
AYEL01070913.1:30764-30983(+,-)	63.78
AYEL01057399.1:59537-59756(+,-)	64.38
AYEL01077511.1:11136-11367(+,-)	70.37
AYEL01074665.1:40073-40236(+)	60.42
AYEL01063906.1:5096-5336(+,-)	63.33
AYEL01058715.1:5303-5498(+,-)	58.62
AYEL01076232.1:27248-27483(+,-)	67.03
AYEL01084825.1:9071-9274(+,-)	64.89
AYEL01072510.1:14002-14216(+,-)	63.16
AYEL01086166.1:35622-35822(+,-)	60.18
AYEL01052675.1:14366-14598(+,-)	70.37
AYEL01061415.1:6011-6229(+,-)	68.89
AYEL01071350.1:132726-132941(+,-)	61.95
AYEL01075644.1:103842-104061(+,-)	70.00
AYEL01075176.1:18615-18803(+)	65.26
AYEL01083691.1:156733-156941(+,-)	63.74
AYEL01076139.1:5684-5901(+,-)	65.93
AYEL01087376.1:21784-22005(+,-)	66.18
AYEL01038438.1:9851-10073(+,-)	64.00
AYEL01030912.1:413-635(+,-)	64.71
AYEL01091337.1:4232-4455(+,-)	67.39
AYEL01077483.1:28322-28550(+,-)	67.09
AYEL01085542.1:68442-68712(+,-)	66.67
AYEL01071229.1:42717-42938(+,-)	65.22
AYEL01078182.1:18403-18644(+,-)	66.23
AYEL01088577.1:18678-18908(+,-)	95.24
AYEL01084321.1:9478-9683(-)	67.80
AYEL01079038.1:1517-1741(+,-)	66.67
AYEL01084537.1:117014-117248(+,-)	69.62
AYEL01078983.1:69668-69879(+,-)	69.23
AYEL01071693.1:76371-76581(+,-)	57.14
AYEL01074176.1:70191-70452(+,-)	67.72
AYEL01088039.1:40304-40498(-)	71.43
AYEL01074330.1:10849-11073(+,-)	60.92
AYEL01063938.1:8704-8893(+)	67.86
AYEL01089466.1:16016-16259(+,-)	62.77
AYEL01078851.1:2000-2191(+)	74.55
AYEL01064606.1:9188-9425(+,-)	62.67
AYEL01079860.1:33772-33994(+,-)	65.56
AYEL01057159.1:1681-1904(+,-)	61.72
AYEL01074043.1:43583-43799(+,-)	61.45
AYEL01021615.1:22235-22433(+,-)	65.96
AYEL01066440.1:44857-45097(+,-)	65.22
AYEL01017524.1:8220-8424(+,-)	65.62
AYEL01090168.1:6348-6569(+,-)	60.58
AYEL01077775.1:37959-38171(+,-)	60.67
AYEL01070023.1:17423-17607(+,-)	68.00
AYEL01074018.1:50630-50869(+,-)	72.29
AYEL01057189.1:7306-7686(+,-)	64.52
AYEL01069994.1:45685-45964(+,-)	64.29
AYEL01066445.1:17034-17228(+,-)	60.87
AYEL01080931.1:5841-6068(+,-)	72.41
AYEL01006518.1:17721-18001(+,-)	66.67
AYEL01076992.1:101321-101516(-)	69.81
AYEL01067900.1:37847-38075(+,-)	59.66
AYEL01083282.1:53950-54194(+,-)	71.62
AYEL01083944.1:4120-4337(+,-)	69.77
AYEL01061629.1:13062-13295(+,-)	87.50
AYEL01085999.1:8620-8864(+,-)	61.64
AYEL01039581.1:146-431(+,-)	68.13
AYEL01089155.1:21228-21456(+,-)	66.67
AYEL01062265.1:810-1027(+)	71.19
AYEL01028163.1:40045-40241(+,-)	67.07
AYEL01067725.1:133511-133745(+,-)	65.82
AYEL01035924.1:16141-16341(+,-)	63.16
AYEL01027296.1:107700-107896(+)	60.98
AYEL01071140.1:19709-19899(+,-)	64.89
AYEL01076495.1:16156-16390(+,-)	70.11
AYEL01030855.1:3942-4163(+,-)	65.43
AYEL01069224.1:58937-59165(+,-)	63.64
AYEL01043961.1:4471-4675(+,-)	70.93
AYEL01085926.1:5154-5370(+,-)	55.00
AYEL01078320.1:101327-101504(+)	64.22
AYEL01081745.1:1315-1499(-)	58.76
AYEL01043479.1:1754-1984(+,-)	70.11
AYEL01069554.1:33021-33227(-)	66.67
AYEL01065760.1:12224-12440(+,-)	71.05
AYEL01084864.1:11538-11740(+,-)	77.42
AYEL01079748.1:6488-6685(+,-)	64.71
AYEL01087398.1:5106-5322(+,-)	71.93
AYEL01066622.1:7176-7438(+,-)	63.16
AYEL01076252.1:59558-59775(+,-)	67.05
AYEL01066520.1:6127-6440(+,-)	66.67
AYEL01043662.1:9139-9357(+,-)	62.64
AYEL01091467.1:34790-34988(+,-)	67.74
AYEL01076077.1:29948-30165(+,-)	71.62
AYEL01069259.1:4950-5163(+,-)	59.82
AYEL01061389.1:10121-10377(+,-)	64.29
AYEL01084567.1:13335-13546(+,-)	61.90
AYEL01071478.1:15648-15881(+,-)	65.93
AYEL01074038.1:1300-1531(+,-)	64.77
AYEL01080007.1:36063-36278(-)	61.11
AYEL01072085.1:5723-5952(+,-)	64.77
AYEL01013123.1:30997-31190(-)	73.17
AYEL01014238.1:29621-29855(+,-)	61.60
AYEL01081106.1:4034-4262(+,-)	60.00
AYEL01075674.1:3747-3969(-)	64.65
AYEL01079910.1:888-1096(+,-)	61.11
AYEL01087598.1:29500-29711(+,-)	57.55
AYEL01085181.1:12079-12312(+,-)	78.26
AYEL01067546.1:43881-44175(+,-)	62.64
AYEL01080656.1:806-1034(+,-)	67.05
AYEL01011152.1:7837-8087(+,-)	66.67
AYEL01090905.1:44631-44848(+,-)	68.48
AYEL01020694.1:10203-10382(-)	63.93
AYEL01088591.1:30719-30946(+,-)	61.76
AYEL01077181.1:51329-51556(+,-)	62.64
AYEL01038808.1:30150-30345(+,-)	62.79
AYEL01077880.1:38003-38238(+,-)	70.49
AYEL01081079.1:95397-95613(+,-)	75.68
AYEL01078307.1:11638-11875(+,-)	68.66
AYEL01075073.1:14011-14219(-)	65.93
AYEL01056448.1:11207-11405(+,-)	72.88
AYEL01082402.1:35606-35836(+,-)	64.75
AYEL01062170.1:6472-6764(+,-)	67.00
AYEL01047905.1:44332-44551(+,-)	70.00
AYEL01054836.1:1507-1742(+,-)	67.03
AYEL01023846.1:4801-4985(+)	58.75
AYEL01079860.1:78148-78364(+,-)	60.87
AYEL01081408.1:13086-13286(+,-)	68.85
AYEL01071861.1:4426-4621(+)	66.67
AYEL01074782.1:74469-74697(+,-)	68.48
AYEL01033893.1:10352-10536(+,-)	67.39
AYEL01061673.1:10543-10739(+,-)	70.59
AYEL01071744.1:953-1187(+,-)	68.89
AYEL01034367.1:16207-16415(+,-)	64.95
AYEL01086101.1:28823-29055(+,-)	68.13
AYEL01090504.1:57372-57618(+,-)	64.29
AYEL01084006.1:15041-15262(+,-)	62.65
AYEL01072210.1:25051-25277(+,-)	65.56
AYEL01068518.1:33299-33509(+,-)	60.00
AYEL01090414.1:6141-6375(+,-)	62.99
AYEL01076187.1:34361-34553(+,-)	67.80
AYEL01073140.1:53762-53955(+,-)	64.29
AYEL01088230.1:15320-15533(+,-)	63.11
AYEL01087244.1:29242-29468(+,-)	60.80
AYEL01080287.1:15858-16087(+,-)	65.93
AYEL01085684.1:488-699(+,-)	61.01
AYEL01090724.1:1338-1539(+,-)	66.10
AYEL01085954.1:76226-76433(-)	64.13
AYEL01084475.1:2636-2852(+,-)	63.96
AYEL01044465.1:28072-28281(+)	69.09
AYEL01019418.1:50347-50561(+,-)	67.03
AYEL01052754.1:6813-7028(+,-)	60.63
AYEL01049030.1:30937-31149(+,-)	59.52
AYEL01080526.1:28659-28889(+,-)	64.13
AYEL01083041.1:36222-36449(+)	63.16
AYEL01089040.1:26767-27069(+,-)	70.00
AYEL01085841.1:9047-9293(+,-)	65.93
AYEL01074275.1:17682-17895(-)	59.76
AYEL01066369.1:6622-6812(-)	60.42
AYEL01034991.1:8488-8727(+,-)	69.23
AYEL01060413.1:9617-9834(+,-)	71.15
AYEL01091226.1:4244-4467(+,-)	61.86
AYEL01070346.1:9373-9596(+,-)	60.62
AYEL01092024.1:12274-12505(+,-)	64.77
AYEL01061607.1:104947-105158(+,-)	64.52
AYEL01065634.1:126528-126733(+,-)	71.62
AYEL01088471.1:95339-95552(+,-)	68.00
AYEL01079061.1:33262-33458(-)	67.95
AYEL01073140.1:12167-12363(+)	73.21
AYEL01088605.1:59294-59522(+,-)	60.71
AYEL01065028.1:13648-13877(+,-)	66.67
AYEL01053268.1:8561-8804(+,-)	65.93
AYEL01070101.1:2352-2593(+)	69.23
AYEL01073390.1:13271-13487(+,-)	64.49
AYEL01089364.1:24192-24412(+,-)	75.00
AYEL01084838.1:60864-61083(+,-)	61.40
AYEL01015926.1:335-557(+,-)	66.29
AYEL01038381.1:18725-18958(+,-)	64.39
AYEL01081467.1:2307-2534(-)	65.12
AYEL01077753.1:50062-50288(+,-)	63.72
AYEL01013755.1:381-632(+,-)	69.33
AYEL01079988.1:120826-121182(+,-)	57.70
AYEL01069800.1:4173-4417(+,-)	66.23
AYEL01071894.1:50314-50537(+,-)	67.09
AYEL01085604.1:133424-133624(+)	77.78
AYEL01062041.1:49877-50100(+,-)	63.89
AYEL01081772.1:8685-9056(+,-)	67.39
AYEL01087671.1:486-699(+,-)	60.19
AYEL01069159.1:41425-41654(+,-)	65.56
AYEL01068555.1:4487-4700(+,-)	77.33
AYEL01065711.1:5539-5767(+,-)	63.25
AYEL01075752.1:6619-6832(+,-)	70.00
AYEL01087735.1:14004-14217(+,-)	67.02
AYEL01089746.1:8293-8568(+,-)	64.84
AYEL01088853.1:62515-62699(-)	70.69
AYEL01075872.1:27681-27898(+,-)	67.78
AYEL01091066.1:14318-14548(+,-)	65.59
AYEL01077026.1:18720-19027(+)	64.38
AYEL01054070.1:38995-39235(+,-)	70.51
AYEL01071562.1:6764-6969(+,-)	62.77
AYEL01079542.1:11489-11677(-)	63.37
AYEL01032847.1:4168-4396(+,-)	64.56
AYEL01070311.1:1557-1791(+,-)	62.50
AYEL01072340.1:8941-9140(+,-)	72.34
AYEL01079617.1:21855-22066(+,-)	66.07
AYEL01091079.1:3809-4039(+,-)	63.54
AYEL01071468.1:32801-33011(+,-)	57.45
AYEL01091303.1:21319-21562(+,-)	61.48
AYEL01064235.1:14751-14973(+,-)	65.09
AYEL01081475.1:55980-56201(+,-)	60.00
AYEL01077687.1:26564-26798(+,-)	63.37
AYEL01076507.1:24571-24788(+,-)	71.43
AYEL01065680.1:20495-20796(+)	62.39
AYEL01078227.1:9265-9510(+,-)	75.00
AYEL01029203.1:30-224(-)	70.00
AYEL01070260.1:30043-30226(-)	69.64
AYEL01054822.1:13884-14157(+,-)	65.91
AYEL01068892.1:7852-8067(+,-)	72.00
AYEL01070194.1:449-665(+)	63.21
AYEL01085480.1:47111-47397(-)	67.53
AYEL01071740.1:29057-29282(+,-)	68.54
AYEL01044294.1:464-697(+,-)	62.37
AYEL01072723.1:18911-19135(+,-)	69.57
AYEL01087281.1:34620-34840(+,-)	64.84
AYEL01076144.1:2241-2457(+,-)	75.00
AYEL01088153.1:8344-8562(-)	63.89
AYEL01076721.1:10042-10314(+,-)	62.22
AYEL01060695.1:4651-4876(+,-)	61.95
AYEL01081273.1:24383-24609(+,-)	65.91
AYEL01074982.1:3620-3848(+,-)	68.60
AYEL01047905.1:10326-10546(-)	68.25
AYEL01083727.1:18005-18220(+,-)	67.03
AYEL01087367.1:25723-25940(+,-)	64.41
AYEL01087164.1:33128-33357(+,-)	77.61
AYEL01069700.1:73419-73634(+,-)	59.34
AYEL01085889.1:10291-10525(+,-)	65.65
AYEL01020849.1:83495-83730(+,-)	68.18
AYEL01083482.1:37985-38206(+,-)	68.13
AYEL01088115.1:63706-63928(-)	68.13
AYEL01078916.1:40152-40353(+,-)	62.93
AYEL01071923.1:4085-4308(-)	56.96
AYEL01084606.1:12867-13083(+,-)	65.88
AYEL01072455.1:20444-20679(+,-)	67.03
AYEL01043243.1:8075-8321(-)	65.43
AYEL01086602.1:58953-59168(+)	63.87
AYEL01024179.1:7-213(+,-)	64.47
AYEL01077062.1:664-884(+,-)	63.48
AYEL01074204.1:4860-5073(+,-)	62.07
AYEL01064989.1:24684-24947(+,-)	62.37
AYEL01085048.1:20460-20679(+,-)	59.63
AYEL01070138.1:49469-49694(+,-)	63.83
AYEL01056269.1:26219-26452(+,-)	66.10
AYEL01091617.1:956-1163(+,-)	67.90
AYEL01085697.1:89413-89626(+,-)	64.91
AYEL01057423.1:3487-3749(+,-)	63.44
AYEL01064942.1:33178-33403(+,-)	60.71
AYEL01089960.1:7527-7752(+,-)	63.48
AYEL01080842.1:6849-7078(+,-)	66.29
AYEL01052636.1:11952-12173(+,-)	71.43
AYEL01086000.1:36474-36830(+,-)	70.18
AYEL01054685.1:1281-1698(+,-)	56.71
AYEL01076113.1:7196-7435(+,-)	64.35
AYEL01051959.1:605-816(+,-)	60.40
AYEL01073441.1:14647-14831(-)	67.92
AYEL01089120.1:2276-2495(+,-)	63.00
AYEL01078021.1:36900-37112(+,-)	67.59
AYEL01088483.1:36260-36478(+,-)	58.82
AYEL01091322.1:7125-7365(+,-)	66.67
AYEL01047561.1:6144-6369(+,-)	67.53
AYEL01070011.1:21324-21548(-)	65.79
AYEL01064665.1:8934-9150(+,-)	64.41
AYEL01042494.1:7262-7431(-)	57.62
AYEL01056460.1:7922-8148(+,-)	78.75
AYEL01074890.1:14766-14960(+,-)	64.37
AYEL01052039.1:6808-7039(+,-)	72.29
AYEL01057400.1:6632-6842(+,-)	60.45
AYEL01074104.1:8887-9126(+,-)	60.94
AYEL01069690.1:19685-19878(+,-)	87.10
AYEL01082971.1:28089-28312(+,-)	64.29
AYEL01088112.1:18486-18721(+,-)	64.91
AYEL01088751.1:851-1090(+,-)	59.52
AYEL01067725.1:103685-103907(+)	71.67
AYEL01081170.1:1807-2029(+,-)	60.80
AYEL01025462.1:554-742(+)	70.00
AYEL01080500.1:88713-88917(+,-)	67.57
AYEL01091994.1:3845-4065(+,-)	71.05
AYEL01064426.1:9619-9850(+,-)	61.90
AYEL01080618.1:18713-18934(+,-)	66.67
AYEL01072632.1:16271-16504(+,-)	71.43
AYEL01069699.1:30033-30247(+,-)	59.26
AYEL01065892.1:5046-5267(+,-)	60.25
AYEL01045382.1:4033-4221(-)	60.44
AYEL01030850.1:777-966(+,-)	60.71
AYEL01090762.1:7230-7440(+,-)	64.52
AYEL01037295.1:16543-16762(+,-)	59.32
AYEL01067168.1:3292-3490(+,-)	69.51
AYEL01046539.1:4863-5084(+,-)	61.21
AYEL01091461.1:86564-86745(-)	65.85
AYEL01062286.1:1734-1936(+)	62.28
AYEL01086767.1:18781-19008(+,-)	72.00
AYEL01070573.1:11163-11358(+,-)	64.13
AYEL01071446.1:58157-58384(+,-)	63.74
AYEL01088618.1:58421-58640(+,-)	60.23
AYEL01054591.1:66523-66843(+,-)	70.59
AYEL01079569.1:37037-37254(+,-)	64.35
AYEL01083339.1:66760-66982(+,-)	62.90
AYEL01034018.1:13955-14170(+,-)	67.03
AYEL01073594.1:11086-11317(+,-)	61.61
AYEL01065441.1:503-722(+,-)	63.06
AYEL01083782.1:44816-45032(+,-)	61.74
AYEL01054393.1:868-1098(+,-)	67.78
AYEL01015643.1:2729-2966(+,-)	66.92
AYEL01085882.1:33672-33880(+,-)	72.92
AYEL01065180.1:9268-9453(+)	73.17
AYEL01071764.1:75832-76038(+,-)	70.45
AYEL01068432.1:61082-61319(+,-)	67.03
AYEL01054061.1:29710-29935(+,-)	71.11
AYEL01089127.1:4796-5027(+,-)	64.71
AYEL01077377.1:16840-16985(+)	61.25
AYEL01060098.1:5587-5837(+,-)	63.96
AYEL01089761.1:6495-6727(+,-)	68.42
AYEL01064011.1:30677-30898(+,-)	62.64
AYEL01068243.1:10191-10399(-)	72.46
AYEL01029527.1:90060-90291(+,-)	64.41
AYEL01076817.1:8741-8968(+,-)	63.74
AYEL01086357.1:106-396(-)	66.29
AYEL01091637.1:62737-62941(+,-)	68.49
AYEL01084814.1:18614-18824(+,-)	70.49
AYEL01076829.1:16666-16904(+,-)	69.23
AYEL01064933.1:14004-14223(+,-)	65.04
AYEL01007810.1:2347-2561(+,-)	65.42
AYEL01074064.1:29126-29334(+,-)	65.66
AYEL01045733.1:16685-16871(-)	64.13
AYEL01065407.1:23565-23771(+,-)	67.47
AYEL01025861.1:15865-16064(+,-)	70.83
AYEL01058379.1:38226-38461(+,-)	63.22
AYEL01084087.1:3026-3252(+,-)	60.64
AYEL01091518.1:4584-4797(+,-)	67.09
AYEL01050413.1:30142-30358(+,-)	58.26
AYEL01068920.1:43601-43825(+,-)	61.40
AYEL01027292.1:22860-23089(+,-)	62.37
AYEL01041441.1:5542-5764(+,-)	64.29
AYEL01057630.1:20198-20431(+,-)	61.74
AYEL01070210.1:55715-55910(+,-)	59.42
AYEL01083798.1:3338-3575(+,-)	68.13
AYEL01080979.1:4282-4483(+,-)	61.01
AYEL01070104.1:21148-21357(+,-)	66.67
AYEL01083491.1:5050-5273(+,-)	66.67
AYEL01088849.1:29862-30057(+,-)	66.07
AYEL01085716.1:17598-17793(+,-)	61.54
AYEL01054070.1:156534-156742(+,-)	70.00
AYEL01076024.1:15767-16006(+,-)	61.21
AYEL01058647.1:9850-10069(+,-)	60.58
AYEL01079035.1:126733-126952(+,-)	66.67
AYEL01089224.1:16236-16446(+,-)	68.13
AYEL01078884.1:8248-8481(+,-)	59.84
AYEL01052357.1:5909-6137(+,-)	71.11
AYEL01075428.1:22787-23017(+,-)	65.91
AYEL01091189.1:40431-40658(+,-)	65.93
AYEL01055992.1:12760-12946(-)	71.11
AYEL01077493.1:12853-13052(+,-)	60.00
AYEL01070296.1:7021-7214(-)	67.80
AYEL01070418.1:14875-15027(-)	71.74
AYEL01016305.1:1983-2200(+,-)	60.87
AYEL01072349.1:6399-6612(+,-)	63.74
AYEL01069729.1:13306-13529(+,-)	61.21
AYEL01016025.1:4759-4960(-)	63.08
AYEL01006277.1:173-401(+,-)	69.32
AYEL01075733.1:2495-2706(+,-)	73.97
AYEL01074767.1:15483-15674(-)	64.13
AYEL01091544.1:8498-8706(+,-)	59.77
AYEL01077428.1:4090-4312(+,-)	67.39
AYEL01091373.1:1775-2010(+,-)	67.03
AYEL01091477.1:58556-58774(+,-)	65.35
AYEL01075001.1:17859-18066(-)	81.25
AYEL01046720.1:350-539(+,-)	66.27
AYEL01091429.1:65246-65453(+,-)	67.95
AYEL01084539.1:57036-57265(+,-)	63.96
AYEL01038438.1:22935-23170(+,-)	77.78
AYEL01077226.1:37481-37703(-)	64.18
AYEL01080155.1:2323-2624(+,-)	62.50
AYEL01035647.1:49173-49389(+,-)	62.92
AYEL01080455.1:2183-2408(+,-)	64.44
AYEL01076431.1:41140-41438(+,-)	68.13
AYEL01065105.1:32195-32399(-)	64.84
AYEL01084174.1:14163-14389(+,-)	69.14
AYEL01065158.1:200300-200515(+,-)	73.47
AYEL01087156.1:13439-13662(+,-)	65.22
AYEL01069225.1:45704-45936(+,-)	67.03
AYEL01074423.1:4835-5057(+,-)	70.49
AYEL01086508.1:66859-67061(+,-)	67.42
AYEL01059226.1:46856-47085(+,-)	73.02
AYEL01072482.1:25461-25684(+,-)	68.48
AYEL01075226.1:38595-38810(+,-)	67.42
AYEL01009902.1:534-740(+)	83.33
AYEL01085758.1:31489-31699(+,-)	65.13
AYEL01075478.1:26596-26804(+)	61.67
AYEL01084774.1:58572-58793(+,-)	74.19
AYEL01072054.1:62707-62925(+)	71.74
AYEL01072178.1:46857-47055(+,-)	65.15
AYEL01087441.1:14771-15023(+,-)	64.04
AYEL01058415.1:4988-5213(+,-)	59.29
AYEL01078615.1:17506-17702(+,-)	59.22
AYEL01066944.1:7284-7451(-)	60.99
AYEL01071143.1:16862-17085(+,-)	65.00
AYEL01055621.1:20344-20588(+,-)	68.13
AYEL01074051.1:19960-20189(+,-)	63.41
AYEL01091874.1:63612-63828(+,-)	78.79
AYEL01072994.1:18079-18305(+,-)	60.00
AYEL01086965.1:2950-3202(+,-)	67.74
AYEL01052761.1:24903-25147(+,-)	72.00
AYEL01062308.1:8408-8635(+,-)	70.11
AYEL01083355.1:22080-22258(-)	60.90
AYEL01071875.1:37696-37947(+,-)	77.78
AYEL01068363.1:9061-9481(+,-)	65.18
AYEL01079533.1:7643-7870(+,-)	65.56
AYEL01082922.1:25509-25734(+,-)	61.15
AYEL01086333.1:8945-9149(+,-)	64.56
AYEL01091804.1:22891-23120(+,-)	59.22
AYEL01061505.1:37115-37344(+,-)	67.95
AYEL01078727.1:5945-6156(+,-)	65.88
AYEL01071944.1:45265-45503(+,-)	66.67
AYEL01023450.1:12585-12781(+,-)	64.77
AYEL01076594.1:43350-43585(+,-)	63.28
AYEL01046378.1:13271-13499(+,-)	63.06
AYEL01090625.1:28436-28670(+,-)	65.79
AYEL01069494.1:24924-25168(+,-)	62.90
AYEL01073444.1:13432-13667(+,-)	64.84
AYEL01079449.1:1329-1550(+,-)	59.55
AYEL01076571.1:7578-7828(+,-)	65.56
AYEL01063101.1:3705-3941(+,-)	60.44
AYEL01069412.1:19645-19866(+,-)	61.48
AYEL01058287.1:15533-15763(+)	65.48
AYEL01050476.1:17366-17650(+,-)	66.15
AYEL01077954.1:8295-8534(+,-)	66.67
AYEL01083120.1:9761-9965(+)	63.86
AYEL01091149.1:31512-31736(+,-)	71.05
AYEL01042383.1:2272-2513(+,-)	74.58
AYEL01057190.1:21256-21456(+,-)	61.11
AYEL01091942.1:33706-33925(+,-)	69.64
AYEL01081345.1:4427-4645(+,-)	68.89
AYEL01061828.1:49713-49922(+,-)	68.35
AYEL01089381.1:20936-21157(+,-)	70.00
AYEL01082211.1:4462-4691(+,-)	59.78
AYEL01060042.1:12461-12673(+,-)	60.53
AYEL01057996.1:35532-35735(+,-)	61.54
AYEL01081660.1:9811-10010(-)	63.46
AYEL01086096.1:47486-47720(+,-)	67.09
AYEL01033030.1:8710-9048(+,-)	69.05
AYEL01051243.1:17632-17875(+,-)	64.00
AYEL01086108.1:6063-6234(+)	70.00
AYEL01078890.1:6262-6487(+,-)	58.23
AYEL01070198.1:7577-7796(+,-)	63.44
AYEL01027719.1:61495-61740(+,-)	66.67
AYEL01084898.1:12512-12731(+,-)	65.05
AYEL01055042.1:4761-4996(+,-)	64.84
AYEL01070791.1:1753-1961(+,-)	68.25
AYEL01076012.1:8685-9018(+,-)	65.93
AYEL01054952.1:117651-117924(+)	64.44
AYEL01074744.1:5368-5581(+,-)	69.84
AYEL01090334.1:6069-6256(+,-)	62.64
AYEL01053548.1:33288-33505(+,-)	64.29
AYEL01091275.1:27586-27814(+,-)	65.93
AYEL01080844.1:68013-68235(+,-)	66.67
AYEL01073760.1:63619-63833(+,-)	65.85
AYEL01072071.1:11268-11501(+,-)	61.80
AYEL01087859.1:132247-132462(+,-)	68.13
AYEL01085482.1:24762-24930(+)	60.33
AYEL01081965.1:22380-22580(+,-)	70.37
AYEL01073514.1:5629-5849(+,-)	65.09
AYEL01075410.1:5786-6011(+,-)	69.70
AYEL01076842.1:5919-6145(+,-)	70.45
AYEL01081930.1:13102-13288(-)	60.90
AYEL01077557.1:1015-1249(+,-)	63.79
AYEL01084146.1:94280-94515(+,-)	66.67
AYEL01050227.1:15355-15547(-)	60.61
AYEL01075817.1:85157-85436(+,-)	61.36
AYEL01074293.1:20004-20237(+,-)	60.53
AYEL01081035.1:1836-2060(+,-)	64.44
AYEL01029913.1:6330-6559(+,-)	59.65
AYEL01078784.1:897-1143(+,-)	62.71
AYEL01082049.1:885-1141(+,-)	60.71
AYEL01023066.1:76-297(-)	75.68
AYEL01080222.1:47470-47700(+,-)	64.60
AYEL01087125.1:39126-39315(-)	67.11
AYEL01091237.1:4458-4672(+,-)	72.34
AYEL01068617.1:5341-5614(+,-)	66.10
AYEL01078215.1:45751-45980(+,-)	65.59
AYEL01065695.1:7579-7800(+,-)	65.52
AYEL01082352.1:13691-13911(+,-)	72.41
AYEL01063166.1:20669-20899(+,-)	64.84
AYEL01045013.1:41112-41330(+)	68.25
AYEL01082533.1:4830-5080(+,-)	79.45
AYEL01013743.1:1185-1411(+,-)	58.97
AYEL01082196.1:30303-30538(+,-)	63.29
AYEL01033764.1:79568-79775(+,-)	60.64
AYEL01091934.1:2880-3108(+,-)	75.00
AYEL01078284.1:11258-11467(+,-)	62.14
AYEL01076256.1:15334-15569(+,-)	65.93
AYEL01074313.1:43313-43497(-)	65.38
AYEL01081100.1:2451-2645(+,-)	64.29
AYEL01043349.1:27670-27882(+,-)	66.29
AYEL01074016.1:49573-49786(+,-)	67.82
AYEL01087064.1:26516-26716(-)	68.00
AYEL01049471.1:104598-104796(+,-)	69.41
AYEL01070926.1:8548-8788(+,-)	65.93
AYEL01065105.1:11721-11873(-)	63.77
AYEL01062195.1:34358-34566(+,-)	67.03
AYEL01063454.1:3730-3954(+,-)	62.64
AYEL01064554.1:8315-8556(+,-)	64.20
AYEL01088330.1:37221-37468(+,-)	68.18
AYEL01068659.1:57301-57498(+,-)	66.67
AYEL01081291.1:4469-4692(+,-)	65.87
AYEL01091774.1:18744-18954(+,-)	62.62
AYEL01090793.1:25603-25903(+,-)	70.69
AYEL01080650.1:37360-37753(+,-)	67.09
AYEL01071327.1:1263-1468(+,-)	61.21
AYEL01028162.1:19626-19849(+,-)	65.22
AYEL01090015.1:15011-15246(+,-)	62.64
AYEL01077200.1:36292-36528(+,-)	60.87
AYEL01062105.1:15937-16158(+,-)	73.33
AYEL01088634.1:43651-43843(-)	62.18
AYEL01090281.1:12312-12549(+,-)	75.81
AYEL01087820.1:38478-38708(+,-)	72.15
AYEL01077276.1:1542-1766(+,-)	69.84
AYEL01065182.1:28622-28838(+,-)	59.69
AYEL01067574.1:5786-5971(-)	57.97
AYEL01074636.1:5704-5904(+,-)	63.64
AYEL01088328.1:46570-46785(+,-)	62.50
AYEL01089899.1:11991-12165(+)	64.29
AYEL01060333.1:6602-6793(+,-)	65.67
AYEL01047078.1:14644-14832(+)	66.67
AYEL01066682.1:38586-38820(+,-)	60.53
AYEL01080475.1:46307-46537(+,-)	68.13
AYEL01072959.1:3664-3888(+)	67.92
AYEL01045385.1:7112-7302(+)	71.43
AYEL01080440.1:36706-36928(+,-)	63.48
AYEL01066402.1:51691-51909(+,-)	61.90
AYEL01058908.1:15371-15590(+,-)	69.44
AYEL01069484.1:6200-6392(-)	70.13
AYEL01084257.1:7177-7427(+,-)	65.82
AYEL01072866.1:13660-13864(-)	65.22
AYEL01069894.1:345-568(+,-)	65.56
AYEL01091891.1:13272-13458(-)	74.68
AYEL01074458.1:4399-4623(+,-)	70.31
AYEL01072484.1:127054-127275(+,-)	68.03
AYEL01015642.1:37994-38225(+,-)	58.62
AYEL01065563.1:64082-64307(+,-)	59.54
AYEL01073690.1:40324-40548(+,-)	68.13
AYEL01084742.1:23850-24080(+,-)	69.57
AYEL01085918.1:46010-46224(+,-)	67.03
AYEL01089794.1:987-1210(+,-)	71.43
AYEL01066751.1:19159-19390(+,-)	60.58
AYEL01065591.1:1213-1436(-)	64.84
AYEL01071076.1:3467-3674(+,-)	71.88
AYEL01081544.1:68505-68728(+,-)	68.67
AYEL01064053.1:59071-59255(+,-)	63.41
AYEL01067335.1:1916-2229(-)	61.80
AYEL01084616.1:19686-19914(+,-)	64.29
AYEL01059421.1:14573-14791(+,-)	60.38
AYEL01066609.1:7760-7962(+,-)	68.24
AYEL01083746.1:32781-33019(+,-)	62.50
AYEL01076691.1:7694-7891(+,-)	62.75
AYEL01068391.1:895-1108(+,-)	79.17
AYEL01037984.1:21247-21464(+,-)	63.11
AYEL01078181.1:5845-6064(+,-)	71.43
AYEL01087621.1:8844-9031(-)	62.37
AYEL01070181.1:8714-8941(+,-)	74.36
AYEL01085215.1:17190-17408(-)	63.49
AYEL01056066.1:11924-12146(+,-)	67.39
AYEL01070311.1:7278-7505(+,-)	61.86
AYEL01082995.1:53068-53288(+,-)	66.30
AYEL01022927.1:886-1112(+,-)	60.53
AYEL01086032.1:8290-8550(+,-)	70.33
AYEL01074749.1:24325-24560(+,-)	68.18
AYEL01071006.1:84590-84801(+,-)	78.26
AYEL01078252.1:41573-41782(+,-)	63.11
AYEL01044262.1:2174-2418(+,-)	60.18
AYEL01083649.1:7225-7454(+,-)	65.91
AYEL01058535.1:6068-6297(+,-)	67.92
AYEL01084652.1:563-798(+,-)	67.03
AYEL01063727.1:56981-57209(+,-)	68.97
AYEL01047475.1:15646-15858(+,-)	75.86
AYEL01082960.1:3049-3261(+,-)	60.25
AYEL01091422.1:26553-26767(+,-)	61.95
AYEL01066077.1:14682-14897(+,-)	64.04
AYEL01065566.1:987-1180(+,-)	63.64
AYEL01088321.1:40359-40581(+,-)	64.80
AYEL01051557.1:45527-45753(+,-)	70.69
AYEL01076179.1:80378-80618(+,-)	64.91
AYEL01073102.1:12379-12612(+,-)	61.54
AYEL01085303.1:49168-49379(+,-)	72.46
AYEL01067660.1:8253-8535(+,-)	73.85
AYEL01030958.1:25994-26213(+,-)	59.26
AYEL01072619.1:18135-18352(+,-)	68.42
AYEL01065897.1:48152-48372(+,-)	69.09
AYEL01062591.1:16468-16686(+,-)	64.18
AYEL01082412.1:1704-1935(+,-)	64.29
AYEL01078936.1:15262-15473(+,-)	56.78
AYEL01091062.1:73891-74114(+,-)	62.89
AYEL01082094.1:15056-15317(+,-)	67.86
AYEL01087336.1:6792-7028(+,-)	76.19
AYEL01079096.1:4448-4675(+,-)	66.39
AYEL01086443.1:20430-20654(+,-)	62.83
AYEL01079913.1:23116-23383(+,-)	64.00
AYEL01065440.1:1363-1639(+,-)	70.69
AYEL01023136.1:26204-26429(+,-)	73.08
AYEL01086733.1:53138-53362(+,-)	62.83
AYEL01091340.1:225849-226135(+,-)	66.67
AYEL01051682.1:2904-3127(+,-)	61.06
AYEL01087900.1:54489-54710(+,-)	65.60
AYEL01084661.1:80143-80353(+,-)	63.08
AYEL01069771.1:42960-43177(+,-)	63.71
AYEL01061466.1:4812-5016(+,-)	71.67
AYEL01085068.1:52817-53037(+,-)	60.53
AYEL01041917.1:5792-6029(+,-)	62.28
AYEL01069948.1:8506-8746(+,-)	65.93
AYEL01048649.1:17064-17299(+,-)	68.13
AYEL01061826.1:3763-3994(+,-)	67.78
AYEL01009612.1:30766-30990(+,-)	63.04
AYEL01072850.1:33515-33710(+,-)	59.52
AYEL01054970.1:32570-32748(-)	65.57
AYEL01054974.1:37918-38149(+,-)	64.57
AYEL01089899.1:10147-10415(+,-)	64.00
AYEL01084721.1:33186-33401(+,-)	64.04
AYEL01066869.1:42230-42432(-)	73.81
AYEL01066438.1:3500-3783(+)	71.93
AYEL01075540.1:84301-84534(+,-)	63.20
AYEL01059952.1:23659-23863(+,-)	63.33
AYEL01082408.1:89181-89397(+,-)	71.25
AYEL01072234.1:32200-32416(+,-)	60.80
AYEL01065692.1:24964-25360(+,-)	67.50
AYEL01089681.1:18777-18940(-)	65.59
AYEL01069494.1:21608-21795(+)	64.81
AYEL01084189.1:3054-3303(+,-)	59.90
AYEL01079661.1:1583-1799(+,-)	64.13
AYEL01071430.1:14631-14867(+,-)	64.29
AYEL01087178.1:76340-76561(+,-)	69.35
AYEL01068962.1:16434-16723(+,-)	66.15
AYEL01061853.1:19338-19576(+,-)	70.37
AYEL01057031.1:13211-13425(+,-)	63.10
AYEL01088191.1:3062-3301(+,-)	72.22
AYEL01063406.1:1472-1835(+,-)	60.00
AYEL01083696.1:6882-7040(-)	70.00
AYEL01022411.1:7155-7377(+,-)	59.49
AYEL01084359.1:18832-19065(+,-)	62.99
AYEL01075186.1:14254-14452(+,-)	68.75
AYEL01060540.1:16306-16534(+,-)	76.06
AYEL01060497.1:11757-11987(+,-)	63.74
AYEL01055854.1:16881-17101(+,-)	65.49
AYEL01086103.1:12840-13071(+,-)	65.38
AYEL01052626.1:31053-31261(-)	61.54
AYEL01027720.1:28803-29021(+,-)	74.42
AYEL01074490.1:18537-18748(+,-)	65.59
AYEL01068226.1:18151-18376(+,-)	61.76
AYEL01075351.1:80714-80950(+,-)	61.54
AYEL01077817.1:123772-123988(+,-)	63.74
AYEL01085163.1:12656-12851(+,-)	70.91
AYEL01060511.1:2022-2248(+,-)	67.03
AYEL01060457.1:50798-50992(+,-)	75.86
AYEL01080543.1:50871-51118(-)	62.96
AYEL01073399.1:10919-11145(+,-)	58.39
AYEL01080211.1:234277-234558(+,-)	64.49
AYEL01055727.1:11513-11700(-)	65.38
AYEL01081743.1:23192-23348(-)	72.09
AYEL01091686.1:593-823(+,-)	76.92
AYEL01073397.1:46658-46894(+,-)	65.93
AYEL01080666.1:20420-20619(+,-)	63.28
AYEL01067530.1:23839-24155(+,-)	65.93
AYEL01062831.1:2061-2249(-)	77.27
AYEL01056052.1:70037-70252(+,-)	63.39
AYEL01059724.1:45907-46098(+,-)	80.56
AYEL01065028.1:14787-14976(+,-)	59.29
AYEL01024923.1:77398-77634(+,-)	71.11
AYEL01075976.1:40723-40939(+,-)	68.13
AYEL01030541.1:22542-22735(+,-)	65.62
AYEL01048731.1:7179-7405(+,-)	71.15
AYEL01012477.1:5086-5308(+,-)	70.77
AYEL01072092.1:68515-68726(+,-)	63.53
AYEL01022411.1:22449-22684(+,-)	69.62
AYEL01084663.1:60379-60603(+,-)	67.27
AYEL01008587.1:21118-21328(+,-)	64.81
AYEL01082425.1:17438-17593(+)	68.75
AYEL01047411.1:38286-38502(+,-)	69.66
AYEL01091092.1:10010-10247(+,-)	69.23
AYEL01079804.1:13114-13337(+,-)	68.54
AYEL01081696.1:55645-55875(+,-)	63.74
AYEL01087219.1:20542-20757(+,-)	62.40
AYEL01042047.1:1687-1983(+,-)	63.33
AYEL01072068.1:3306-3519(+,-)	61.40
AYEL01045917.1:4522-4753(+,-)	57.61
AYEL01069978.1:11167-11394(+,-)	64.84
AYEL01089510.1:24285-24507(+,-)	69.32
AYEL01082266.1:2172-2405(+,-)	60.53
AYEL01054983.1:117280-117447(+)	75.76
AYEL01065196.1:24671-24873(+)	57.84
AYEL01090568.1:26335-26700(+,-)	68.67
AYEL01029948.1:20442-20656(+,-)	59.09
AYEL01091088.1:87451-87673(+,-)	65.62
AYEL01085113.1:111512-111757(+,-)	77.08
AYEL01077400.1:88018-88243(+,-)	63.74
AYEL01067364.1:178-399(+,-)	63.49
AYEL01076219.1:2946-3171(+,-)	75.76
AYEL01083208.1:9177-9409(+,-)	63.51
AYEL01033168.1:55-283(-)	64.84
AYEL01021572.1:51-367(+,-)	65.17
AYEL01079001.1:12763-12985(+,-)	82.86
AYEL01090971.1:53855-54077(+,-)	59.48
AYEL01089745.1:11365-11581(+,-)	67.33
AYEL01075073.1:47885-48124(+,-)	68.97
AYEL01057977.1:24227-24439(+,-)	56.90
AYEL01050219.1:18681-18890(+,-)	64.47
AYEL01071102.1:90740-90924(-)	61.74
AYEL01087265.1:156116-156317(+,-)	65.91
AYEL01085124.1:63472-63687(+,-)	76.92
AYEL01063957.1:4526-4724(+,-)	64.04
AYEL01088285.1:29075-29309(+,-)	64.84
AYEL01086004.1:22269-22495(+,-)	64.84
AYEL01090857.1:13517-13730(+)	72.92
AYEL01065182.1:52774-52999(+,-)	63.46
AYEL01045382.1:2516-2905(+,-)	72.73
AYEL01069240.1:125556-125774(+,-)	62.28
AYEL01091871.1:74847-75062(+,-)	67.03
AYEL01090162.1:14511-14740(+,-)	65.38
AYEL01069557.1:17338-17580(+,-)	64.13
AYEL01047184.1:26600-26959(+,-)	67.06
AYEL01070148.1:11675-11938(+,-)	64.63
AYEL01065804.1:1192-1432(+,-)	60.00
AYEL01071142.1:44875-45104(+,-)	63.00
AYEL01062834.1:30561-30777(+)	65.38
AYEL01070856.1:3278-3491(+,-)	66.29
AYEL01080751.1:45027-45255(+,-)	62.65
AYEL01081547.1:9581-9821(+,-)	63.28
AYEL01068659.1:21950-22194(+,-)	61.06
AYEL01073113.1:14168-14386(+,-)	72.06
AYEL01079803.1:15402-15632(+,-)	60.94
AYEL01087011.1:2526-2746(+,-)	64.41
AYEL01085288.1:1307-1524(+,-)	63.49
AYEL01086154.1:33025-33237(+,-)	74.60
AYEL01078142.1:5043-5279(+,-)	72.34
AYEL01063604.1:11715-11957(+,-)	70.79
AYEL01076700.1:6889-7078(+,-)	84.85
AYEL01087679.1:28281-28479(+)	64.10
AYEL01084303.1:12488-12710(+,-)	61.18
AYEL01081700.1:49872-50093(+,-)	55.28
AYEL01068732.1:17200-17414(+,-)	62.50
AYEL01058194.1:12301-12515(+,-)	64.13
AYEL01090341.1:7083-7285(+,-)	66.07
AYEL01091517.1:11505-11728(+,-)	63.95
AYEL01072236.1:63367-63586(+,-)	63.06
AYEL01078021.1:83546-83754(+,-)	62.64
AYEL01027367.1:73186-73410(+,-)	61.11
AYEL01075073.1:61542-61780(+,-)	60.30
AYEL01039618.1:3881-4105(+,-)	69.23
AYEL01055939.1:4525-4736(+,-)	69.35
AYEL01074068.1:58443-58666(+,-)	77.08
AYEL01030113.1:496-719(+,-)	65.93
AYEL01075455.1:7199-7414(+)	66.67
AYEL01048915.1:23598-23808(+,-)	66.67
AYEL01055637.1:1252-1454(+,-)	68.97
AYEL01068164.1:14107-14336(+)	68.13
AYEL01028820.1:10296-10706(+,-)	62.30
AYEL01089361.1:14431-14652(+,-)	68.13
AYEL01053845.1:27686-27914(+,-)	64.06
AYEL01086602.1:59403-59623(+,-)	72.34
AYEL01060816.1:10837-11071(+,-)	64.35
AYEL01084790.1:4898-5099(+)	67.92
AYEL01089710.1:1309-1707(+,-)	65.48
AYEL01079126.1:52250-52457(+,-)	62.10
AYEL01067532.1:3509-3701(+,-)	60.00
AYEL01052659.1:4264-4480(+,-)	65.22
AYEL01049987.1:3422-3630(+,-)	66.67
AYEL01074377.1:2559-2750(+,-)	62.20
AYEL01085044.1:43187-43426(+,-)	64.84
AYEL01045111.1:1060-1295(+,-)	61.34
AYEL01090481.1:20787-21037(-)	62.00
AYEL01062041.1:20421-20694(+,-)	63.74
AYEL01055137.1:24159-24321(+)	72.22
AYEL01062921.1:5894-6096(+,-)	61.04
AYEL01071149.1:5834-6207(+,-)	63.79
AYEL01084917.1:6021-6228(+,-)	64.29
AYEL01089559.1:24576-24820(+,-)	67.05
AYEL01082617.1:34159-34385(+,-)	61.74
AYEL01078372.1:12445-12680(+,-)	61.62
AYEL01090330.1:19961-20175(+,-)	65.08
AYEL01080083.1:18519-18722(+,-)	72.15
AYEL01074887.1:24478-24711(+,-)	67.42
AYEL01089216.1:18165-18418(+,-)	63.83
AYEL01089185.1:19567-19782(+)	68.89
AYEL01090254.1:35548-35767(+,-)	60.53
AYEL01054833.1:87623-87866(+,-)	59.52
AYEL01061909.1:21623-21960(+,-)	66.93
AYEL01089521.1:6879-7105(+,-)	62.28
AYEL01092008.1:338-531(+)	65.36
AYEL01057065.1:19364-19575(+,-)	61.40
AYEL01089023.1:31227-31411(+)	58.33
AYEL01049884.1:243-456(+,-)	68.52
AYEL01066273.1:8642-8893(+,-)	69.39
AYEL01076389.1:28759-28992(+,-)	55.28
AYEL01046600.1:18329-18598(+,-)	64.84
AYEL01076639.1:31228-31434(+,-)	64.57
AYEL01061031.1:5282-5516(+,-)	67.78
AYEL01020082.1:42972-43169(+,-)	60.76
AYEL01085617.1:6001-6385(+,-)	61.61
AYEL01074992.1:14065-14234(+)	70.73
AYEL01087537.1:33008-33243(+,-)	64.84
AYEL01039597.1:40024-40251(+,-)	63.46
AYEL01083715.1:1171-1394(+,-)	63.11
AYEL01065147.1:25603-25820(+,-)	58.47
AYEL01057437.1:4968-5243(+,-)	83.33
AYEL01085255.1:19245-19460(+,-)	69.14
AYEL01090395.1:779-1012(+,-)	62.50
AYEL01085942.1:12479-12701(+,-)	66.67
AYEL01064643.1:30109-30330(+,-)	68.18
AYEL01078069.1:14183-14590(+,-)	68.13
AYEL01085911.1:39310-39559(+,-)	64.66
AYEL01078769.1:8322-8547(+,-)	64.57
AYEL01088755.1:8296-8493(+,-)	65.93
AYEL01063174.1:99110-99336(+,-)	64.12
AYEL01088017.1:28405-28619(+,-)	59.52
AYEL01082563.1:53985-54208(+,-)	63.95
AYEL01058575.1:81426-81640(+,-)	63.33
AYEL01013638.1:36903-37107(-)	73.77
AYEL01084949.1:12335-12513(+)	77.78
AYEL01052299.1:6085-6282(+,-)	64.84
AYEL01079332.1:4418-4649(+,-)	62.18
AYEL01088365.1:5964-6183(+,-)	61.76
AYEL01049928.1:98194-98417(+)	65.04
AYEL01029916.1:5217-5435(+,-)	61.46
AYEL01077511.1:14099-14322(+,-)	63.46
AYEL01078772.1:5541-5784(+,-)	72.41
AYEL01065855.1:45098-45376(-)	68.13
AYEL01058968.1:4924-5088(+)	61.19
AYEL01088011.1:1363-1597(+,-)	67.65
AYEL01060407.1:4517-4747(+,-)	65.93
AYEL01081035.1:55234-55451(+,-)	62.03
AYEL01069579.1:89540-89759(+,-)	66.67
AYEL01056776.1:23672-23889(+,-)	63.96
AYEL01086004.1:11768-12003(+)	69.81
AYEL01090488.1:5126-5341(+,-)	56.90
AYEL01012990.1:1827-2032(+,-)	60.27
AYEL01084218.1:32563-32780(+,-)	66.35
AYEL01079181.1:32880-33123(+,-)	63.74
AYEL01088017.1:42661-42894(+,-)	69.23
AYEL01069912.1:44902-45136(+,-)	67.03
AYEL01056353.1:33081-33310(+,-)	69.23
AYEL01086182.1:43912-44106(-)	65.33
AYEL01090765.1:6522-6733(+,-)	63.74
AYEL01065749.1:98707-98909(+,-)	63.41
AYEL01091393.1:10109-10348(+,-)	75.00
AYEL01065657.1:4948-5160(+,-)	70.37
AYEL01018594.1:19465-19661(-)	64.71
AYEL01047471.1:5785-6010(+,-)	67.03
AYEL01088641.1:64958-65168(-)	67.44
AYEL01079094.1:30387-30624(+,-)	67.86
AYEL01048743.1:12522-12745(+,-)	66.30
AYEL01055981.1:755-967(+,-)	65.85
AYEL01086030.1:82967-83164(+,-)	64.12
AYEL01077599.1:37625-37841(+,-)	65.33
AYEL01066944.1:6034-6201(-)	60.99
AYEL01039594.1:35142-35364(+,-)	62.14
AYEL01068268.1:92310-92517(+,-)	63.44
AYEL01073930.1:428-656(+,-)	66.29
AYEL01068351.1:8576-8791(+,-)	68.13
AYEL01034746.1:42642-42859(+,-)	63.64
AYEL01071965.1:36241-36720(+,-)	67.03
AYEL01070498.1:17193-17409(+,-)	69.51
AYEL01073101.1:11758-11958(+,-)	62.34
AYEL01083595.1:80143-80352(+,-)	65.38
AYEL01082922.1:47646-47894(+,-)	61.11
AYEL01088368.1:18834-19002(+)	62.07
AYEL01086022.1:10240-10472(+,-)	62.64
AYEL01068052.1:12807-13034(+,-)	64.91
AYEL01074055.1:44740-44962(+,-)	69.57
AYEL01047369.1:4855-5070(+,-)	68.89
AYEL01069124.1:33653-33869(+,-)	63.29
AYEL01069801.1:31737-32046(+,-)	64.95
AYEL01061782.1:4952-5192(+,-)	72.97
AYEL01069426.1:66094-66319(+,-)	66.40
AYEL01091307.1:42926-43151(+,-)	65.82
AYEL01082869.1:48160-48389(+,-)	70.00
AYEL01076230.1:18509-18737(-)	70.13
AYEL01082533.1:83773-83999(+,-)	65.12
AYEL01063770.1:18469-18689(+,-)	60.87
AYEL01063499.1:7161-7390(+,-)	65.38
AYEL01030209.1:767-1049(+,-)	59.82
AYEL01068155.1:4285-4491(+,-)	61.33
AYEL01064655.1:2395-2617(+,-)	63.78
AYEL01070520.1:30552-30770(+,-)	60.16
AYEL01090635.1:4721-4935(+,-)	67.78
AYEL01042171.1:2363-2609(+,-)	70.59
AYEL01057398.1:25757-25980(+,-)	65.38
AYEL01072114.1:90855-91181(+,-)	75.76
AYEL01088281.1:6510-6706(+,-)	61.97
AYEL01087521.1:107388-107718(+,-)	65.06
AYEL01086333.1:25503-25711(+,-)	63.55
AYEL01080049.1:11341-11528(+)	66.67
AYEL01047927.1:3439-3662(+,-)	58.87
AYEL01074845.1:16296-16462(-)	71.74
AYEL01014943.1:1379-1584(+,-)	71.05
AYEL01046749.1:13928-14139(+)	69.49
AYEL01084735.1:33805-34048(+,-)	68.13
AYEL01065732.1:14404-14626(+,-)	69.07
AYEL01080560.1:62712-62928(-)	69.23
AYEL01038843.1:5605-5811(+,-)	73.58
AYEL01083572.1:39962-40179(+,-)	60.76
AYEL01024310.1:1142-1355(+,-)	61.40
AYEL01029385.1:26729-27018(+,-)	77.03
AYEL01070267.1:10730-10952(+,-)	64.91
AYEL01082215.1:13012-13235(+,-)	64.35
AYEL01088370.1:6584-7043(+,-)	66.06
AYEL01074211.1:7965-8190(+)	61.19
AYEL01000762.1:70-283(+,-)	60.53
AYEL01075479.1:22819-23040(+,-)	61.98
AYEL01075058.1:30657-31056(+,-)	65.91
AYEL01052507.1:5814-6065(-)	69.12
AYEL01059116.1:16301-16523(+,-)	68.54
AYEL01091550.1:119-350(+,-)	74.16
AYEL01072554.1:26916-27177(+)	71.19
AYEL01059985.1:11311-11538(+,-)	67.21
AYEL01022375.1:159-370(+,-)	70.24
AYEL01086241.1:6270-6500(+,-)	67.03
AYEL01070562.1:39248-39468(+,-)	67.61
AYEL01079378.1:80220-80483(+,-)	64.60
AYEL01057762.1:46493-46700(+,-)	70.37
AYEL01059877.1:8298-8519(+,-)	67.55
AYEL01088628.1:63713-63925(+,-)	67.80
AYEL01082528.1:5987-6183(+,-)	61.16
AYEL01078607.1:13501-13720(+,-)	67.74
AYEL01081213.1:36754-37018(+)	64.91
AYEL01077724.1:73241-73475(+,-)	66.07
AYEL01082097.1:9675-9924(+,-)	71.15
AYEL01059713.1:3200-3417(+,-)	75.68
AYEL01082426.1:14979-15255(+,-)	76.09
AYEL01057939.1:42579-42800(+,-)	67.26
AYEL01084575.1:23801-24043(+,-)	69.88
AYEL01085318.1:23314-23513(+,-)	62.70
AYEL01074162.1:32170-32374(+,-)	70.13
AYEL01036323.1:1278-1489(+,-)	63.86
AYEL01071897.1:21759-21984(+,-)	67.65
AYEL01057421.1:976-1173(-)	58.23
AYEL01088427.1:13779-13986(+,-)	59.17
AYEL01068863.1:101397-101627(+,-)	65.93
AYEL01078381.1:6661-6861(+,-)	65.12
AYEL01068834.1:20620-20833(+,-)	67.44
AYEL01064789.1:1815-2034(+,-)	67.03
AYEL01091758.1:52323-52547(+,-)	64.10
AYEL01088186.1:6959-7171(+,-)	69.01
AYEL01077062.1:16763-16989(+,-)	66.67
AYEL01084273.1:251840-252114(+,-)	70.71
AYEL01065273.1:6084-6319(+,-)	67.03
AYEL01086670.1:19999-20156(+)	58.43
AYEL01070913.1:33401-33635(+,-)	60.38
AYEL01089856.1:14339-14527(-)	58.70
AYEL01060253.1:35178-35443(+)	81.82
AYEL01074169.1:10054-10270(+,-)	71.70
AYEL01075014.1:78061-78263(+,-)	78.26
AYEL01072789.1:34574-34802(+,-)	60.38
AYEL01082081.1:153457-153649(+,-)	70.45
AYEL01090670.1:29309-29533(+,-)	63.64
AYEL01070923.1:4048-4268(+,-)	64.94
AYEL01086796.1:34694-34925(+,-)	62.82
AYEL01083999.1:1240-1498(-)	70.89
AYEL01068527.1:16939-17163(+,-)	63.20
AYEL01091511.1:7423-7640(+,-)	65.18
AYEL01068201.1:38597-38799(+,-)	68.42
AYEL01063142.1:5706-5943(+,-)	64.84
AYEL01064733.1:63971-64203(+,-)	69.49
AYEL01065158.1:130111-130338(+,-)	64.71
AYEL01060252.1:1511-1706(+,-)	69.05
AYEL01080500.1:87748-88079(+,-)	70.21
AYEL01085678.1:49440-49656(+,-)	73.21
AYEL01067499.1:63594-63789(+,-)	75.00
AYEL01071617.1:27369-27586(+,-)	61.45
AYEL01091139.1:7908-8136(-)	68.33
AYEL01088628.1:107392-107598(+,-)	61.90
AYEL01058951.1:2381-2585(+,-)	71.11
AYEL01066655.1:5705-5948(+,-)	68.13
AYEL01034689.1:4580-4809(+,-)	59.48
AYEL01063389.1:6578-6790(+,-)	69.09
AYEL01091136.1:6149-6433(+,-)	72.22
AYEL01056696.1:60826-61210(+,-)	65.59
AYEL01083086.1:1975-2194(+,-)	68.89
AYEL01073140.1:53966-54278(+,-)	62.35
AYEL01082211.1:11800-12028(+,-)	62.20
AYEL01073694.1:8128-8356(+,-)	68.29
AYEL01013778.1:10669-10892(+,-)	67.09
AYEL01051197.1:4726-4938(+,-)	59.38
AYEL01047084.1:290-520(+,-)	70.97
AYEL01064511.1:17026-17226(+,-)	61.11
AYEL01032678.1:160-372(+)	69.49
AYEL01049971.1:514-773(+,-)	66.67
AYEL01066551.1:3336-3551(+,-)	68.13
AYEL01069979.1:10-203(+,-)	87.76
AYEL01065494.1:24097-24312(+,-)	66.67
AYEL01078252.1:50613-50829(+,-)	64.06
AYEL01085189.1:67155-67350(-)	69.39
AYEL01025817.1:54871-55085(+,-)	61.44
AYEL01068920.1:33541-33754(+,-)	63.83
AYEL01044471.1:2281-2517(+,-)	61.90
AYEL01079160.1:6411-6653(+,-)	65.93
AYEL01073345.1:26725-26935(+,-)	73.44
AYEL01038801.1:11201-11424(+,-)	68.35
AYEL01076216.1:8462-8689(+,-)	70.93
AYEL01073730.1:42670-42890(+)	68.83
AYEL01085068.1:68224-68459(+,-)	67.03
AYEL01066012.1:52087-52309(+,-)	66.10
AYEL01074117.1:29740-29957(+,-)	65.52
AYEL01071998.1:7913-8192(+,-)	69.32
AYEL01084436.1:37007-37232(+,-)	71.43
AYEL01052188.1:29659-29876(-)	67.39
AYEL01077899.1:2495-2729(+,-)	67.03
AYEL01068280.1:2393-2607(+,-)	71.11
AYEL01089315.1:1040-1254(+,-)	68.13
AYEL01054258.1:6509-6742(+,-)	65.93
AYEL01080223.1:27914-28109(+,-)	73.17
AYEL01084209.1:8578-8795(-)	69.49
AYEL01083738.1:1098-1312(+,-)	64.89
AYEL01084409.1:63343-63552(+,-)	63.46
AYEL01061782.1:5965-6188(+,-)	64.47
AYEL01077311.1:137083-137319(+,-)	66.23
AYEL01076309.1:33270-33499(+,-)	61.40
AYEL01029381.1:137809-138020(+,-)	58.77
AYEL01056536.1:47492-47792(+,-)	68.13
AYEL01036148.1:100666-100882(+,-)	60.53
AYEL01071898.1:1912-2135(+,-)	71.43
AYEL01078083.1:21435-21657(+,-)	70.45
AYEL01009268.1:860-1062(+,-)	60.87
AYEL01074592.1:46943-47173(+,-)	68.18
AYEL01070333.1:66882-67094(+,-)	68.13
AYEL01064182.1:28220-28441(+,-)	64.84
AYEL01072614.1:22725-22948(+,-)	60.34
AYEL01055844.1:44349-44578(+,-)	67.53
AYEL01064942.1:40158-40393(+,-)	68.13
AYEL01089160.1:11728-11943(+,-)	63.48
AYEL01070535.1:33685-33898(+,-)	57.69
AYEL01079212.1:1623-1850(+,-)	63.10
AYEL01090560.1:28170-28375(+,-)	62.03
AYEL01061283.1:295-500(+,-)	69.03
AYEL01072453.1:8855-9071(+,-)	71.11
AYEL01086539.1:5059-5284(+,-)	68.24
AYEL01078953.1:1934-2173(-)	68.35
AYEL01081539.1:15847-16074(+,-)	63.53
AYEL01077726.1:2424-2668(-)	84.00
AYEL01083963.1:12638-12834(-)	68.89
AYEL01068463.1:31987-32202(+,-)	62.94
AYEL01083865.1:8081-8315(+,-)	59.69
AYEL01078577.1:18133-18367(+,-)	63.36
AYEL01070401.1:7288-7504(+,-)	67.02
AYEL01061463.1:4704-4853(-)	69.64
AYEL01074138.1:91640-91849(+)	67.19
AYEL01062582.1:3178-3409(+,-)	64.04
AYEL01073091.1:20005-20227(+,-)	65.60
AYEL01091197.1:55124-55342(+,-)	65.08
AYEL01054537.1:15675-15865(+)	73.47
AYEL01071896.1:10674-10937(+,-)	69.49
AYEL01056361.1:50294-50517(+,-)	67.53
AYEL01062452.1:19810-20046(+)	69.23
AYEL01084853.1:70114-70340(+,-)	69.23
AYEL01058918.1:3851-4054(+,-)	71.05
AYEL01084206.1:65719-65929(+,-)	66.67
AYEL01091567.1:7456-7670(+,-)	72.00
AYEL01010169.1:16987-17204(+,-)	69.49
AYEL01052039.1:16652-16880(+,-)	64.76
AYEL01029382.1:25712-25937(+,-)	66.29
AYEL01074540.1:17644-17891(+,-)	67.42
AYEL01022126.1:88011-88257(+,-)	62.24
AYEL01084649.1:11129-11338(+,-)	59.29
AYEL01032416.1:2925-3138(+,-)	55.17
AYEL01060329.1:14519-14752(+,-)	63.44
AYEL01089844.1:40280-40503(+,-)	61.06
AYEL01048639.1:6909-7127(+,-)	65.22
AYEL01081025.1:54930-55165(+,-)	61.21
AYEL01079549.1:60867-61080(+,-)	65.60
AYEL01057121.1:20465-20677(-)	67.95
AYEL01087100.1:26540-26755(+,-)	60.76
AYEL01075278.1:419-639(+,-)	72.92
AYEL01068415.1:40438-40669(+,-)	62.50
AYEL01063867.1:56731-56928(-)	63.86
AYEL01077642.1:6039-6274(+,-)	67.74
AYEL01091572.1:263-466(+,-)	62.61
AYEL01033705.1:18833-19057(-)	70.37
AYEL01090217.1:411-819(+,-)	64.58
AYEL01071235.1:21449-21682(+,-)	72.22
AYEL01082839.1:44742-44968(+,-)	65.22
AYEL01061488.1:101274-101501(+,-)	57.01
AYEL01075863.1:62060-62277(+,-)	57.85
AYEL01084987.1:4916-5144(+,-)	64.44
AYEL01089491.1:7734-7991(+,-)	63.74
AYEL01077363.1:1295-1483(+,-)	77.14
AYEL01091368.1:4878-5116(+,-)	61.27
AYEL01070210.1:23660-23846(-)	61.96
AYEL01066785.1:9288-9504(+,-)	70.77
AYEL01091159.1:90306-90541(+,-)	68.67
AYEL01065924.1:6567-6776(+,-)	66.28
AYEL01002807.1:2847-3060(+,-)	72.73
AYEL01084198.1:21215-21365(-)	63.54
AYEL01088388.1:63754-63979(+,-)	66.67
AYEL01085584.1:35433-35624(+,-)	68.97
AYEL01080154.1:17891-18104(+,-)	61.90
AYEL01086684.1:8361-8558(+)	68.92
AYEL01085166.1:71346-71564(+,-)	67.16
AYEL01089590.1:24904-25133(+,-)	67.09
AYEL01064100.1:1919-2103(+)	67.11
AYEL01067159.1:57705-57930(+,-)	71.43
AYEL01060158.1:5299-5514(+,-)	67.03
AYEL01064571.1:13289-13522(+,-)	69.62
AYEL01053292.1:1623-1883(+,-)	61.40
AYEL01091245.1:37912-38136(+,-)	65.82
AYEL01069329.1:74925-75135(+,-)	60.98
AYEL01087479.1:29132-29378(+,-)	67.03
AYEL01030849.1:41207-41409(+,-)	59.32
AYEL01057499.1:4108-4334(+,-)	60.63
AYEL01053990.1:19129-19370(+,-)	61.43
AYEL01053311.1:284-530(+,-)	62.10
AYEL01083081.1:2119-2382(+,-)	70.00
AYEL01017521.1:2202-2427(+,-)	63.95
AYEL01074074.1:17800-18026(+,-)	60.00
AYEL01070331.1:42732-42922(+)	70.11
AYEL01055594.1:1874-2081(+,-)	59.26
AYEL01057630.1:9114-9324(+,-)	65.12
AYEL01064368.1:29383-29597(+,-)	81.25
AYEL01073746.1:22586-22806(-)	71.93
AYEL01065680.1:18668-18888(+,-)	58.86
AYEL01081395.1:9899-10095(+)	68.97
AYEL01087707.1:52620-52832(+,-)	66.67
AYEL01085262.1:5132-5366(+,-)	70.15
AYEL01085045.1:14441-14670(+,-)	61.40
AYEL01090320.1:28874-29095(+,-)	66.39
AYEL01071524.1:17035-17254(+,-)	62.40
AYEL01038432.1:13722-13906(+)	62.41
AYEL01069225.1:16822-17008(-)	66.23
AYEL01068180.1:32337-32559(+,-)	64.84
AYEL01082260.1:28655-28937(+,-)	69.23
AYEL01091611.1:71835-72075(+,-)	58.33
AYEL01077720.1:10127-10312(-)	59.30
AYEL01074361.1:21387-21665(+,-)	68.13
AYEL01087996.1:7301-7519(+,-)	66.67
AYEL01068060.1:5854-6045(+,-)	67.68
AYEL01089175.1:12786-12988(-)	67.37
AYEL01009864.1:8263-8491(+,-)	61.64
AYEL01082781.1:29942-30168(+,-)	63.44
AYEL01088141.1:43853-44072(+,-)	65.06
AYEL01082611.1:18276-18496(+,-)	63.53
AYEL01081216.1:51854-52055(+,-)	66.98
AYEL01090314.1:12055-12254(+,-)	81.58
AYEL01078615.1:20762-20997(+,-)	64.52
AYEL01036048.1:2701-2922(+,-)	62.64
AYEL01047113.1:8378-8580(+,-)	64.89
AYEL01078320.1:98055-98280(+,-)	69.32
AYEL01077167.1:11733-11948(+,-)	63.73
AYEL01067372.1:0-216(+,-)	66.67
AYEL01055960.1:14103-14291(+)	72.41
AYEL01068092.1:6836-7021(+,-)	76.19
AYEL01071160.1:6568-6778(+,-)	64.62
AYEL01080095.1:3725-3998(+,-)	67.24
AYEL01037299.1:10345-10562(+,-)	65.93
AYEL01053430.1:10435-10661(+,-)	61.90
AYEL01082676.1:22430-22720(+)	64.29
AYEL01068409.1:8736-8954(+,-)	78.26
AYEL01088039.1:73564-73794(+,-)	61.43
AYEL01091804.1:30013-30218(-)	72.06
AYEL01086092.1:34733-34929(+)	68.42
AYEL01075507.1:54483-54711(-)	62.11
AYEL01085506.1:18690-18912(+,-)	62.71
AYEL01069605.1:24145-24354(+,-)	71.11
AYEL01087781.1:4495-4719(+,-)	58.62
AYEL01050040.1:41210-41424(+,-)	63.53
AYEL01083119.1:24024-24237(+)	69.51
AYEL01034911.1:1164-1386(+)	67.07
AYEL01085349.1:39332-39550(+,-)	63.72
AYEL01087821.1:21366-21560(+)	66.67
AYEL01041913.1:10435-10675(+,-)	61.93
AYEL01032498.1:61415-61633(+,-)	69.33
AYEL01075750.1:26063-26296(+,-)	68.13
AYEL01063834.1:21073-21288(+,-)	66.10
AYEL01090303.1:39631-39867(+,-)	59.55
AYEL01077817.1:88269-88500(+,-)	69.57
AYEL01075400.1:12969-13137(+)	65.19
AYEL01078648.1:16268-16507(+,-)	72.09
AYEL01082312.1:41298-41528(+,-)	60.87
AYEL01041829.1:298-546(+)	65.48
AYEL01021111.1:9968-10165(+)	68.12
AYEL01049337.1:13530-13750(+,-)	61.17
AYEL01068950.1:67410-67663(+,-)	61.96
AYEL01029576.1:14159-14394(+,-)	68.13
AYEL01087871.1:16831-17047(+,-)	68.13
AYEL01091819.1:14561-14784(+,-)	67.54
AYEL01038269.1:2900-3113(+,-)	62.75
AYEL01065704.1:5903-6132(+,-)	72.73
AYEL01071073.1:17020-17232(+,-)	67.26
AYEL01067152.1:21882-22180(+,-)	64.84
AYEL01084450.1:193785-193997(+,-)	68.35
AYEL01089723.1:7837-8149(-)	68.97
AYEL01080492.1:266-513(+,-)	67.33
AYEL01083387.1:36348-36592(+,-)	64.52
AYEL01072111.1:4799-5011(+,-)	65.66
AYEL01062547.1:4056-4291(+,-)	64.71
AYEL01080186.1:47990-48201(+,-)	73.08
AYEL01082841.1:731-1013(+,-)	64.84
AYEL01065844.1:19174-19499(+,-)	72.15
AYEL01078995.1:27799-28034(+,-)	67.03
AYEL01071245.1:8772-8992(+,-)	64.65
AYEL01045720.1:10843-11030(+)	60.92
AYEL01055855.1:6936-7166(+,-)	67.95
AYEL01066574.1:44724-44952(+,-)	61.82
AYEL01065353.1:1295-1524(+,-)	79.07
AYEL01057313.1:157-518(+,-)	61.54
AYEL01081950.1:19074-19260(-)	60.87
AYEL01075835.1:64901-65101(-)	66.67
AYEL01082584.1:19900-20116(+,-)	63.75
AYEL01059446.1:19475-19678(-)	80.00
AYEL01077385.1:13397-13599(+,-)	62.50
AYEL01034991.1:56226-56442(+,-)	62.60
AYEL01091106.1:551-738(+,-)	70.59
AYEL01074967.1:30333-30562(+,-)	66.67
AYEL01071925.1:2941-3134(+,-)	62.50
AYEL01065474.1:7550-7784(+,-)	68.13
AYEL01091467.1:143721-143916(+,-)	61.54
AYEL01079878.1:2899-3138(+,-)	67.09
AYEL01090852.1:45333-45547(+,-)	69.66
AYEL01085542.1:189114-189334(+,-)	70.51
AYEL01057321.1:31769-32004(+,-)	63.06
AYEL01069224.1:51751-52011(+)	84.85
AYEL01081668.1:67751-67974(+,-)	65.17
AYEL01087051.1:6975-7282(+,-)	71.05
AYEL01076947.1:19573-20039(+,-)	68.18
AYEL01084011.1:6128-6319(+,-)	62.90
AYEL01089800.1:14327-14552(+,-)	58.65
AYEL01081481.1:40012-40224(+,-)	63.33
AYEL01029408.1:21284-21510(+,-)	64.13
AYEL01088235.1:29245-29431(+,-)	66.07
AYEL01088467.1:4084-4319(+,-)	61.60
AYEL01087859.1:124005-124190(+,-)	63.53
AYEL01086456.1:48170-48391(+,-)	62.61
AYEL01071539.1:4053-4338(+,-)	67.03
AYEL01081902.1:1716-1944(+,-)	60.83
AYEL01090799.1:10899-11109(+,-)	67.39
AYEL01077204.1:14478-14713(+,-)	65.56
AYEL01072136.1:45970-46195(+,-)	63.53
AYEL01045197.1:21056-21274(+,-)	60.47
AYEL01032164.1:1534-2032(+,-)	69.74
AYEL01087736.1:44584-44783(-)	61.29
AYEL01087707.1:26853-27060(+,-)	60.44
AYEL01088141.1:54593-54821(+,-)	63.86
AYEL01047914.1:62883-63100(+,-)	73.21
AYEL01079035.1:107808-108050(-)	68.13
AYEL01089421.1:22937-23192(+,-)	68.35
AYEL01071056.1:9986-10183(+,-)	65.52
AYEL01068157.1:861-1068(+,-)	65.71
AYEL01090276.1:11952-12173(+,-)	61.34
AYEL01075428.1:104162-104359(+)	76.92
AYEL01060187.1:8514-8668(+)	60.49
AYEL01045165.1:34213-34435(+,-)	71.15
AYEL01031490.1:592-848(-)	63.27
AYEL01079586.1:9525-9764(+,-)	64.35
AYEL01060040.1:15304-15503(+,-)	63.89
AYEL01053288.1:39400-39623(+,-)	69.72
AYEL01064810.1:21218-21441(+,-)	74.36
AYEL01072631.1:4329-4550(+,-)	59.52
AYEL01088434.1:10116-10314(+,-)	64.41
AYEL01052521.1:24531-24753(+,-)	60.00
AYEL01084008.1:7899-8243(+,-)	64.84
AYEL01069255.1:15406-15622(+,-)	67.21
AYEL01077848.1:8754-8968(+,-)	68.97
AYEL01080999.1:20436-20652(+,-)	71.11
AYEL01064917.1:47516-47732(+,-)	69.23
AYEL01089981.1:42650-42839(+,-)	64.63
AYEL01085647.1:31073-31287(+)	76.47
AYEL01074495.1:5771-6108(+,-)	63.11
AYEL01060253.1:27001-27252(+,-)	64.56
AYEL01069880.1:14020-14243(+,-)	60.00
AYEL01073286.1:36250-36479(+,-)	69.66
AYEL01088610.1:8177-8408(+,-)	67.50
AYEL01086044.1:6129-6352(+,-)	70.59
AYEL01068324.1:10335-10553(+,-)	64.62
AYEL01085571.1:2230-2445(+,-)	68.89
AYEL01050183.1:21446-21669(+,-)	62.37
AYEL01084718.1:43856-44059(+)	82.98
AYEL01065970.1:47293-47516(+,-)	59.26
AYEL01084904.1:17841-18072(+,-)	64.77
AYEL01078653.1:17439-17649(+,-)	66.07
AYEL01068153.1:55880-56087(+)	71.74
AYEL01085545.1:27809-28035(+,-)	61.42
AYEL01049581.1:7539-7778(+,-)	66.67
AYEL01051381.1:9759-9988(+,-)	63.44
AYEL01090241.1:59343-59577(+,-)	64.00
AYEL01083141.1:2662-2888(+,-)	64.15
AYEL01073378.1:23916-24127(+,-)	64.86
AYEL01060674.1:25303-25531(+,-)	67.95
AYEL01083176.1:2310-2554(+,-)	63.79
AYEL01078484.1:46795-47010(+,-)	65.96
AYEL01050525.1:1647-1864(+,-)	66.67
AYEL01075843.1:3417-3635(+,-)	68.42
AYEL01032570.1:12030-12246(+,-)	64.52
AYEL01068722.1:24672-24867(+,-)	65.96
AYEL01083836.1:31506-31737(+,-)	63.74
AYEL01086693.1:18811-19024(+,-)	63.64
AYEL01091292.1:7719-8028(+,-)	76.09
AYEL01086602.1:97276-97501(+,-)	67.80
AYEL01089706.1:1208-1443(+,-)	59.29
AYEL01067810.1:14588-14821(+,-)	69.14
AYEL01032201.1:15721-15968(+,-)	63.16
AYEL01071333.1:10251-10441(+)	70.83
AYEL01055744.1:8802-9030(+,-)	68.69
AYEL01076943.1:1372-1595(+,-)	67.90
AYEL01058979.1:6096-6303(+,-)	60.87
AYEL01080971.1:4721-4928(+,-)	65.25
AYEL01042975.1:646-886(+,-)	63.33
AYEL01086691.1:16530-16756(+,-)	72.09
AYEL01064472.1:29699-29931(+)	75.51
AYEL01059444.1:73908-74138(+,-)	67.03
AYEL01085261.1:78626-78848(+,-)	66.67
AYEL01091315.1:28272-28433(-)	67.74
AYEL01046593.1:8371-8584(+,-)	67.27
AYEL01056854.1:10432-10620(-)	71.11
AYEL01078975.1:45459-45656(+)	71.05
AYEL01089065.1:39747-39936(+)	63.95
AYEL01011070.1:113-330(+)	65.82
AYEL01078621.1:30491-30707(+,-)	67.74
AYEL01067542.1:3025-3243(+,-)	69.05
AYEL01057802.1:9335-9714(+,-)	65.93
AYEL01075159.1:78476-78702(+,-)	64.81
AYEL01080230.1:30057-30484(+,-)	62.31
AYEL01088650.1:38311-38537(+,-)	68.48
AYEL01069617.1:8302-8525(+)	82.93
AYEL01079007.1:34056-34275(+,-)	60.47
AYEL01036752.1:9102-9329(+,-)	64.29
AYEL01066470.1:1808-2005(+,-)	62.83
AYEL01087972.1:33273-33503(+,-)	64.84
AYEL01065678.1:7471-7681(+,-)	67.27
AYEL01067173.1:87900-88117(+,-)	64.86
AYEL01083230.1:116011-116234(+,-)	69.57
AYEL01077034.1:6893-7084(+,-)	69.77
AYEL01059098.1:5858-6085(+,-)	61.63
AYEL01068785.1:7742-7995(+,-)	61.11
AYEL01086472.1:4993-5179(+)	56.82
AYEL01058291.1:34083-34348(+,-)	67.80
AYEL01080461.1:967-1197(+,-)	70.33
AYEL01083107.1:18883-19078(+,-)	76.60
AYEL01090862.1:24361-24586(+,-)	65.93
AYEL01079756.1:18021-18227(+,-)	69.23
AYEL01073406.1:7582-7811(+,-)	61.11
AYEL01078081.1:22121-22341(+,-)	66.67
AYEL01084741.1:2499-2722(+,-)	67.19
AYEL01065197.1:8919-9096(+)	73.17
AYEL01066777.1:50453-50915(+,-)	67.82
AYEL01088313.1:19479-19757(+,-)	66.67
AYEL01038899.1:4316-4520(+,-)	67.65
AYEL01083058.1:58541-58764(+,-)	71.91
AYEL01065492.1:33397-33627(+,-)	67.39
AYEL01071324.1:45417-45611(+)	62.16
AYEL01086531.1:18891-19130(+,-)	65.85
AYEL01081377.1:25396-25614(+,-)	69.57
AYEL01078084.1:23887-24106(+,-)	60.94
AYEL01088039.1:77158-77401(+,-)	64.77
AYEL01047039.1:553-772(+,-)	65.38
AYEL01081609.1:48281-48505(+,-)	69.81
AYEL01031418.1:3-225(+,-)	66.09
AYEL01087533.1:1147-1336(-)	54.84
AYEL01091881.1:25895-26115(+,-)	59.50
AYEL01089993.1:28306-28503(+)	80.65
AYEL01090153.1:4446-4730(+,-)	65.93
AYEL01044564.1:64-333(+,-)	64.84
AYEL01050279.1:32879-33071(-)	65.14
AYEL01057091.1:19000-19215(+,-)	66.28
AYEL01053822.1:11429-11628(+,-)	67.16
AYEL01090078.1:87678-87864(-)	62.89
AYEL01057213.1:414-637(+,-)	64.36
AYEL01059498.1:1343-1565(+,-)	72.16
AYEL01083580.1:13059-13275(+,-)	60.44
AYEL01077559.1:70417-70894(+,-)	63.79
AYEL01068374.1:3575-3801(+,-)	61.83
AYEL01070447.1:17447-17679(+,-)	75.41
AYEL01084538.1:24506-24742(+,-)	67.03
AYEL01044805.1:9178-9404(+,-)	70.24
AYEL01067135.1:92006-92198(+,-)	63.72
AYEL01065030.1:15229-15422(+,-)	62.04
AYEL01062327.1:62635-62879(+,-)	72.73
AYEL01017524.1:16759-17003(+,-)	65.91
AYEL01079097.1:7379-7609(+,-)	62.83
AYEL01073874.1:9916-10138(+,-)	63.16
AYEL01077837.1:68931-69158(+,-)	67.78
AYEL01082989.1:6851-7002(-)	62.77
AYEL01088035.1:27977-28205(+,-)	72.06
AYEL01085779.1:32633-32856(+,-)	63.20
AYEL01076788.1:4324-4553(+,-)	65.88
AYEL01067187.1:11883-12117(+,-)	63.16
AYEL01012253.1:28578-28848(-)	63.64
AYEL01091000.1:11731-11942(+,-)	71.23
AYEL01055315.1:2592-2952(+,-)	64.93
AYEL01077196.1:9862-10096(+,-)	64.84
AYEL01090541.1:134080-134374(+,-)	72.62
AYEL01087625.1:54864-55088(+,-)	69.84
AYEL01091623.1:7594-7791(+)	75.51
AYEL01054719.1:6580-6780(+,-)	58.40
AYEL01076070.1:18840-19056(+,-)	69.57
AYEL01081990.1:16123-16331(+)	66.15
AYEL01065838.1:12149-12371(+,-)	65.18
AYEL01049986.1:4492-4737(+,-)	62.86
AYEL01065620.1:24905-25135(+,-)	63.22
AYEL01060132.1:42206-42417(+,-)	65.00
AYEL01050413.1:44411-44650(+,-)	56.32
AYEL01088314.1:12463-12678(+,-)	64.13
AYEL01020849.1:36969-37204(+,-)	65.91
AYEL01074143.1:12264-12486(+,-)	68.25
AYEL01069978.1:22228-22435(+,-)	67.90
AYEL01059974.1:26614-26816(+,-)	61.18
AYEL01073852.1:33375-33587(+)	68.60
AYEL01069638.1:10733-10960(+)	80.43
AYEL01024123.1:41452-41677(+,-)	59.34
AYEL01080474.1:2258-2479(+,-)	66.38
AYEL01079694.1:52181-52400(+,-)	64.00
AYEL01057940.1:180-389(+,-)	65.49
AYEL01079833.1:7649-7866(+,-)	55.91
AYEL01068506.1:4565-4778(+,-)	63.33
AYEL01064321.1:15803-15988(-)	68.13
AYEL01047823.1:14802-14996(+,-)	74.07
AYEL01090700.1:21914-22136(+,-)	63.74
AYEL01078995.1:33812-34043(+,-)	82.14
AYEL01058306.1:886-1077(+,-)	65.00
AYEL01091686.1:23034-23269(+,-)	64.84
AYEL01076327.1:39808-39994(-)	69.05
AYEL01076559.1:50446-50656(+,-)	64.52
AYEL01053085.1:9398-9618(-)	65.32
AYEL01072236.1:74082-74549(+,-)	62.07
AYEL01053165.1:3214-3438(+,-)	63.28
AYEL01060793.1:1759-1955(-)	62.26
AYEL01052361.1:19412-19632(+,-)	60.44
AYEL01085647.1:157524-157732(+,-)	66.15
AYEL01088541.1:74742-74971(+,-)	64.41
AYEL01077537.1:8013-8230(+,-)	69.23
AYEL01074070.1:29636-29847(+,-)	65.49
AYEL01080837.1:27074-27272(+,-)	63.92
AYEL01076530.1:4729-4955(+,-)	67.95
AYEL01080084.1:132118-132340(+,-)	63.33
AYEL01046738.1:3762-3976(+,-)	84.09
AYEL01081403.1:30046-30262(+,-)	64.04
AYEL01080454.1:7651-7856(-)	72.55
AYEL01052527.1:12458-12654(+,-)	62.67
AYEL01084120.1:4858-5060(+,-)	65.69
AYEL01065906.1:16870-17080(+)	61.45
AYEL01057714.1:28142-28348(+,-)	62.64
AYEL01081563.1:37061-37292(+,-)	64.47
AYEL01076215.1:77421-77644(+,-)	58.95
AYEL01067425.1:7923-8158(+,-)	62.93
AYEL01050089.1:105-340(+,-)	63.74
AYEL01066900.1:6123-6317(+,-)	64.91
AYEL01078955.1:24405-24623(-)	64.44
AYEL01055137.1:44143-44379(+,-)	64.35
AYEL01059623.1:6216-6444(+,-)	68.09
AYEL01062248.1:8763-8952(-)	68.09
AYEL01060550.1:91936-92133(+)	71.05
AYEL01082920.1:3935-4149(+,-)	62.20
AYEL01054409.1:30692-30889(-)	73.47
AYEL01074644.1:3501-3731(+,-)	67.01
AYEL01002592.1:188-412(+,-)	63.33
AYEL01085826.1:12220-12425(-)	65.38
AYEL01070367.1:23142-23381(+,-)	65.74
AYEL01091195.1:35013-35242(+,-)	63.36
AYEL01062599.1:26033-26249(+,-)	74.42
AYEL01005222.1:128-495(+,-)	61.54
AYEL01070222.1:96948-97174(+,-)	76.71
AYEL01074973.1:6325-6767(+,-)	64.84
AYEL01054699.1:6275-6520(+,-)	71.05
AYEL01085822.1:12143-12337(+,-)	63.49
AYEL01084652.1:7590-7819(+,-)	65.43
AYEL01069074.1:35815-36026(+,-)	63.86
AYEL01080892.1:71329-71513(-)	60.78
AYEL01083387.1:38441-38661(+,-)	64.80
AYEL01077175.1:15326-15641(+,-)	66.67
AYEL01052710.1:9008-9243(+,-)	67.03
AYEL01038826.1:90047-90265(+,-)	64.29
AYEL01077325.1:4175-4377(+)	62.07
AYEL01082669.1:46130-46343(+,-)	64.13
AYEL01071707.1:2179-2430(-)	70.00
AYEL01086969.1:3570-3779(+,-)	65.31
AYEL01086472.1:15464-15675(+)	66.94
AYEL01072304.1:24995-25235(+,-)	67.09
AYEL01032576.1:4555-4848(+)	75.00
AYEL01074194.1:174936-175166(+,-)	60.00
AYEL01077453.1:23867-24055(-)	56.32
AYEL01072458.1:5431-5655(+,-)	62.20
AYEL01069891.1:14367-14553(-)	60.76
AYEL01075750.1:25636-25842(+)	57.14
AYEL01087734.1:35090-35305(+,-)	61.29
AYEL01090715.1:9752-9968(+,-)	65.93
AYEL01078672.1:2659-2880(+,-)	68.04
AYEL01083743.1:1323-1561(+,-)	71.43
AYEL01055926.1:22824-23031(+,-)	61.73
AYEL01081056.1:52442-52674(+,-)	70.00
AYEL01037970.1:12626-12782(+)	61.39
AYEL01076748.1:1544-1743(-)	62.16
AYEL01070198.1:27084-27287(+,-)	67.86
AYEL01054510.1:1153-1384(+,-)	72.88
AYEL01081685.1:1845-2066(+,-)	71.19
AYEL01061788.1:3511-3734(+,-)	66.67
AYEL01073548.1:33511-33707(+,-)	66.67
AYEL01083865.1:4461-4700(+,-)	69.57
AYEL01080997.1:63863-64076(+,-)	67.42
AYEL01047662.1:1326-1551(+,-)	67.61
AYEL01014426.1:223-451(+,-)	64.23
AYEL01027367.1:7657-7872(+,-)	69.12
AYEL01075997.1:33431-33776(-)	66.25
AYEL01034018.1:22599-22813(+,-)	57.76
AYEL01065778.1:33317-33526(+,-)	67.16
AYEL01040565.1:28860-29090(+,-)	60.00
AYEL01087265.1:23214-23432(+,-)	66.67
AYEL01057169.1:2059-2284(+,-)	67.57
AYEL01076383.1:4436-4637(-)	60.23
AYEL01062808.1:4276-4494(+,-)	61.06
AYEL01076807.1:153590-153812(-)	63.29
AYEL01087895.1:8939-9145(+,-)	76.36
AYEL01050675.1:3307-3546(+,-)	63.25
AYEL01025899.1:383-609(+,-)	63.75
AYEL01071673.1:46082-46297(+,-)	65.18
AYEL01061855.1:3557-3768(+,-)	57.02
AYEL01081256.1:8408-8615(+,-)	67.78
AYEL01091804.1:16026-16291(+,-)	73.08
AYEL01065100.1:6031-6248(+,-)	67.71
AYEL01087692.1:10145-10362(+,-)	59.69
AYEL01044386.1:347-572(+,-)	65.56
AYEL01040328.1:134-370(+,-)	66.10
AYEL01074960.1:5275-5501(+)	65.59
AYEL01083371.1:41121-41349(+,-)	65.56
AYEL01082250.1:12354-12577(+,-)	62.93
AYEL01080040.1:1941-2134(+,-)	67.80
AYEL01043015.1:44-270(+,-)	61.54
AYEL01052599.1:7233-7454(+,-)	71.11
AYEL01075165.1:60566-60779(+,-)	68.85
AYEL01073397.1:39200-39439(+,-)	63.79
AYEL01071426.1:53171-53371(-)	62.90
AYEL01047234.1:1539-1754(+,-)	67.03
AYEL01085765.1:75194-75404(+,-)	66.10
AYEL01075833.1:20428-20658(+,-)	64.21
AYEL01056893.1:40229-40419(+,-)	68.09
AYEL01068529.1:40609-40815(+,-)	68.00
AYEL01074981.1:30992-31214(+,-)	65.12
AYEL01071856.1:20749-20964(+,-)	75.00
AYEL01063959.1:4032-4247(+,-)	66.22
AYEL01069402.1:49077-49272(+,-)	65.17
AYEL01077258.1:10781-11022(+,-)	63.04
AYEL01073005.1:35453-35663(+,-)	63.27
AYEL01056893.1:40512-40702(+,-)	68.09
AYEL01066188.1:55807-55997(+,-)	66.29
AYEL01048672.1:6813-7036(+,-)	59.34
AYEL01091948.1:11346-11552(+,-)	73.47
AYEL01067467.1:10411-10631(+,-)	59.46
AYEL01065250.1:58920-59140(+,-)	70.33
AYEL01065242.1:37938-38196(+,-)	61.54
AYEL01056068.1:12285-12511(+,-)	63.75
AYEL01071892.1:6428-6641(+,-)	67.03
AYEL01073345.1:11876-12094(+,-)	59.34
AYEL01074540.1:17038-17226(+,-)	60.23
AYEL01068310.1:22326-22571(+,-)	62.04
AYEL01080141.1:7239-7452(+,-)	62.64
AYEL01077122.1:4936-5198(+,-)	65.09
AYEL01079581.1:475-696(+,-)	65.87
AYEL01055085.1:21684-21926(+,-)	67.03
AYEL01041914.1:11690-11891(+,-)	63.25
AYEL01089438.1:429-625(+)	67.95
AYEL01089308.1:5999-6216(+,-)	62.07
AYEL01085888.1:54603-54794(+,-)	77.27
AYEL01083069.1:25411-25609(+,-)	67.95
AYEL01088761.1:109115-109327(+)	61.17
AYEL01060256.1:11014-11221(+,-)	61.96
AYEL01083342.1:3531-3754(+,-)	60.76
AYEL01086651.1:14192-14452(+)	71.08
AYEL01068097.1:1907-2120(+,-)	64.15
AYEL01078005.1:7202-7437(+,-)	63.74
AYEL01084287.1:54859-55089(+,-)	67.78
AYEL01089619.1:45155-45367(+,-)	73.91
AYEL01088598.1:1187-1398(+,-)	66.67
AYEL01091884.1:8794-9010(+,-)	70.69
AYEL01080819.1:12016-12259(+,-)	65.93
AYEL01091292.1:23963-24217(+,-)	67.05
AYEL01062204.1:51742-51964(+,-)	67.80
AYEL01088294.1:10503-10719(+,-)	66.67
AYEL01070333.1:67390-67612(+,-)	64.76
AYEL01083604.1:7145-7379(+,-)	68.13
AYEL01064826.1:87908-88106(+)	65.49
AYEL01089993.1:48063-48278(+,-)	70.89
AYEL01087591.1:19365-19569(-)	65.33
AYEL01075213.1:54537-54755(+,-)	65.59
AYEL01084148.1:31809-32016(+,-)	63.01
AYEL01086382.1:4201-4419(+,-)	68.54
AYEL01077986.1:15967-16183(+,-)	61.15
AYEL01074200.1:10096-10385(+,-)	62.50
AYEL01076177.1:35719-35913(+)	70.21
AYEL01061892.1:32475-32681(-)	57.89
AYEL01081413.1:24462-24795(+,-)	65.93
AYEL01069471.1:37545-37737(-)	64.20
AYEL01060618.1:1018-1240(+,-)	66.30
AYEL01085897.1:10899-11096(+,-)	79.75
AYEL01084218.1:32084-32473(+,-)	57.76
AYEL01027833.1:11767-11988(+,-)	60.53
AYEL01069412.1:13657-13858(+,-)	63.01
AYEL01091881.1:22942-23155(+,-)	66.67
AYEL01091220.1:14265-14496(+,-)	58.26
AYEL01070374.1:686-907(+,-)	69.01
AYEL01028690.1:806-1032(+,-)	59.78
AYEL01085454.1:13444-13690(+,-)	70.89
AYEL01076911.1:39586-39813(+,-)	68.49
AYEL01086593.1:11397-11619(+,-)	62.50
AYEL01084158.1:60030-60258(+,-)	59.48
AYEL01085121.1:8522-8738(+,-)	57.63
AYEL01075840.1:49264-49464(+,-)	66.67
AYEL01085979.1:117-330(+,-)	60.16
AYEL01082167.1:8717-8948(+,-)	61.49
AYEL01073378.1:11675-11907(+,-)	62.03
AYEL01080536.1:16-211(+,-)	62.12
AYEL01079905.1:1180-1400(+,-)	67.92
AYEL01055921.1:9805-10041(+,-)	64.84
AYEL01071853.1:1513-1740(+,-)	88.46
AYEL01076567.1:5239-5470(+,-)	65.08
AYEL01082202.1:149432-149683(+,-)	68.75
AYEL01057614.1:35680-35910(+,-)	58.51
AYEL01091172.1:3830-4060(+,-)	72.62
AYEL01091805.1:18058-18287(+,-)	64.20
AYEL01087340.1:3683-3883(-)	71.60
AYEL01062945.1:65347-65555(+,-)	61.86
AYEL01059633.1:16372-16676(+,-)	66.29
AYEL01085660.1:19537-19763(+,-)	63.73
AYEL01079748.1:26135-26350(+,-)	71.05
AYEL01067502.1:37013-37709(+,-)	63.74
AYEL01074560.1:6973-7181(+)	58.76
AYEL01086258.1:45183-45396(+,-)	66.67
AYEL01011108.1:102466-102682(+,-)	60.00
AYEL01091393.1:27904-28138(+,-)	68.13
AYEL01086919.1:49189-49412(+,-)	60.32
AYEL01039265.1:10830-11167(+,-)	60.87
AYEL01091666.1:4334-4534(+,-)	72.92
AYEL01034009.1:27753-27962(+,-)	63.44
AYEL01081957.1:41376-41604(+,-)	71.43
AYEL01043110.1:211703-211924(+,-)	60.94
AYEL01066423.1:22037-22259(+,-)	70.13
AYEL01069778.1:4356-4587(+,-)	72.13
AYEL01083496.1:2880-3105(+,-)	64.84
AYEL01070576.1:63954-64162(+,-)	58.82
AYEL01087036.1:38074-38271(+)	71.05
AYEL01034350.1:72961-73204(+,-)	60.94
AYEL01086712.1:19597-19832(+,-)	68.13
AYEL01067491.1:73403-73618(+,-)	67.53
AYEL01091303.1:16766-16986(+,-)	67.47
AYEL01071514.1:33319-33541(+,-)	62.88
AYEL01091575.1:28994-29211(+,-)	58.33
AYEL01061442.1:608-809(+,-)	69.23
AYEL01061130.1:39100-39299(+,-)	64.00
AYEL01071633.1:5147-5585(+,-)	64.13
AYEL01066455.1:6680-6915(+,-)	68.32
AYEL01070916.1:1496-1710(+,-)	63.85
AYEL01067026.1:49675-49875(+,-)	66.67
AYEL01056994.1:38083-38307(+,-)	75.00
AYEL01080971.1:13604-13986(+,-)	74.70
AYEL01059534.1:7506-7718(+,-)	65.15
AYEL01078736.1:9113-9316(+,-)	69.86
AYEL01067033.1:5547-5777(+,-)	68.97
AYEL01073594.1:61202-61427(+,-)	63.64
AYEL01053105.1:53817-54017(+,-)	62.79
AYEL01067040.1:65532-65748(+,-)	67.44
AYEL01057190.1:18212-18411(+,-)	58.89
AYEL01074168.1:45920-46160(+,-)	70.00
AYEL01039911.1:13424-13695(+,-)	66.29
AYEL01066858.1:21853-22064(+)	67.53
AYEL01071397.1:32141-32521(+,-)	67.06
AYEL01083947.1:41826-42048(+,-)	66.67
AYEL01089292.1:19620-19849(+,-)	65.12
AYEL01075748.1:29540-29841(+,-)	74.07
AYEL01045335.1:459-649(+,-)	62.82
AYEL01073172.1:7562-7797(+,-)	70.45
AYEL01077026.1:37078-37337(+,-)	65.35
AYEL01091078.1:4026-4248(+,-)	60.34
AYEL01045738.1:200-385(-)	72.55
AYEL01089364.1:11575-11774(+,-)	60.00
AYEL01078597.1:16184-16383(-)	64.94
AYEL01080260.1:33348-33570(+,-)	65.17
AYEL01051043.1:383-612(+,-)	64.71
AYEL01076215.1:104816-105007(+)	62.20
AYEL01083000.1:28161-28379(+,-)	66.22
AYEL01065392.1:2257-2469(+,-)	64.84
AYEL01080089.1:33714-33860(-)	64.56
AYEL01067158.1:6342-6557(+,-)	59.65
AYEL01078106.1:6209-6432(+,-)	59.89
AYEL01064796.1:18191-18353(+)	65.96
AYEL01080957.1:17198-17427(+,-)	70.11
AYEL01013373.1:8198-8518(+,-)	65.22
AYEL01087700.1:2868-3077(+,-)	64.56
AYEL01070912.1:53631-53850(+,-)	68.13
AYEL01020697.1:25489-25697(+,-)	63.79
AYEL01081415.1:4346-4629(+,-)	71.59
AYEL01057369.1:574-772(+,-)	66.67
AYEL01063959.1:6171-6386(+,-)	64.86
AYEL01053786.1:2421-2718(+,-)	65.18
AYEL01087897.1:36199-36404(+)	64.41
AYEL01076451.1:62226-62457(+,-)	64.41
AYEL01030570.1:5409-5619(-)	65.35
AYEL01071443.1:61601-61806(-)	62.41
AYEL01027129.1:1548-1748(+,-)	73.53
AYEL01089026.1:2815-3016(+)	84.62
AYEL01075835.1:76952-77155(+,-)	66.67
AYEL01086317.1:12822-13028(+,-)	72.15
AYEL01088394.1:30045-30285(+,-)	68.48
AYEL01058578.1:9956-10142(+)	68.33
AYEL01083120.1:22776-23015(+,-)	60.32
AYEL01070644.1:25450-25675(+,-)	62.60
AYEL01083428.1:77358-77567(-)	64.00
AYEL01071560.1:72015-72276(-)	62.40
AYEL01085765.1:50422-50645(+,-)	59.76
AYEL01069830.1:20684-20912(+,-)	64.84
AYEL01074057.1:58281-58493(+,-)	62.79
AYEL01077463.1:27215-27401(+)	70.69
AYEL01085247.1:23745-23996(+,-)	65.22
AYEL01062678.1:29519-29730(+,-)	57.84
AYEL01010660.1:737-950(+,-)	63.93
AYEL01015639.1:17986-18176(+,-)	62.90
AYEL01089564.1:3238-3454(+,-)	60.87
AYEL01066366.1:21619-21853(+,-)	61.54
AYEL01087519.1:5363-5701(-)	59.48
AYEL01071032.1:2430-2634(+,-)	66.04
AYEL01026426.1:107-328(+,-)	75.00
AYEL01071528.1:12175-12407(+,-)	65.56
AYEL01080540.1:525-729(-)	76.09
AYEL01076256.1:14135-14421(+,-)	68.18
AYEL01065182.1:32820-33228(+,-)	57.63
AYEL01034680.1:7828-8149(+,-)	68.06
AYEL01012906.1:4009-4243(+,-)	63.28
AYEL01080292.1:1799-2007(+)	60.27
AYEL01091688.1:19862-20089(+,-)	67.86
AYEL01089143.1:9579-9793(+,-)	65.79
AYEL01047237.1:12337-12572(+,-)	69.23
AYEL01078072.1:6378-6613(+,-)	64.84
AYEL01070101.1:3744-3978(+,-)	67.95
AYEL01081294.1:71418-71641(+,-)	60.18
AYEL01050546.1:846-1064(+,-)	64.94
AYEL01075946.1:7655-7883(+,-)	59.52
AYEL01079139.1:6080-6308(+,-)	63.79
AYEL01074138.1:26856-27096(+,-)	61.61
AYEL01070210.1:48824-49030(+,-)	62.50
AYEL01058375.1:18670-18904(+,-)	68.13
AYEL01052710.1:41348-41571(+,-)	66.94
AYEL01070109.1:5745-5964(+,-)	66.67
AYEL01058983.1:15486-15718(+,-)	76.47
AYEL01080731.1:43556-43775(+,-)	61.74
AYEL01059925.1:5347-5560(+,-)	68.18
AYEL01082451.1:16683-16891(+)	71.23
AYEL01044921.1:5308-5534(+,-)	78.38
AYEL01084047.1:22353-22584(+,-)	67.50
AYEL01085124.1:45040-45256(+,-)	61.90
AYEL01080167.1:381-592(+,-)	62.75
AYEL01070901.1:21881-22081(+,-)	60.66
AYEL01088289.1:11160-11371(+,-)	61.43
AYEL01069725.1:7360-7572(+,-)	62.93
AYEL01064042.1:14478-14712(+,-)	60.61
AYEL01067766.1:9773-9981(+,-)	69.49
AYEL01088282.1:22961-23181(+,-)	70.00
AYEL01012267.1:5-225(+,-)	65.00
AYEL01091095.1:2880-3073(-)	67.50
AYEL01076998.1:1719-1943(+,-)	63.48
AYEL01085786.1:72687-72890(+,-)	65.93
AYEL01085760.1:15990-16210(+)	70.21
AYEL01042207.1:4769-4959(+)	63.95
AYEL01047078.1:1109-1332(+,-)	69.74
AYEL01051850.1:270885-271119(+,-)	63.04
AYEL01089684.1:24114-24325(+,-)	67.48
AYEL01089165.1:106098-106303(+,-)	60.53
AYEL01069511.1:6956-7190(+,-)	62.12
AYEL01079463.1:32182-32410(+,-)	77.78
AYEL01075747.1:13163-13349(+)	68.85
AYEL01073308.1:57364-57578(+,-)	69.66
AYEL01032840.1:68879-69100(+,-)	60.87
AYEL01069472.1:178548-178796(+,-)	62.50
AYEL01074365.1:13167-13397(+,-)	62.64
AYEL01081649.1:42773-42998(+,-)	64.86
AYEL01064134.1:72428-72627(+,-)	67.61
AYEL01078738.1:50951-51184(+,-)	79.59
AYEL01060828.1:31904-32118(+,-)	57.26
AYEL01092066.1:5782-6046(+,-)	66.10
AYEL01068199.1:3404-3620(+,-)	60.78
AYEL01081989.1:18421-18647(+,-)	69.62
AYEL01080497.1:7231-7454(+,-)	56.69
AYEL01089670.1:5461-5686(+,-)	68.35
AYEL01067965.1:18143-18354(+,-)	66.10
AYEL01055407.1:86706-86913(+,-)	72.94
AYEL01065680.1:2718-2936(+,-)	58.12
AYEL01060096.1:14851-15086(+,-)	63.74
AYEL01005601.1:1809-2021(+,-)	74.07
AYEL01084677.1:22618-22889(-)	70.33
AYEL01025603.1:8046-8244(+,-)	62.35
AYEL01090271.1:6996-7206(+,-)	66.30
AYEL01090199.1:28499-28686(-)	65.52
AYEL01069603.1:5594-5791(-)	73.81
AYEL01072884.1:13058-13262(+)	71.19
AYEL01069801.1:19300-19529(+,-)	63.64
AYEL01058489.1:14628-14868(+,-)	65.93
AYEL01076673.1:1819-2048(+,-)	62.50
AYEL01070548.1:57284-57492(+,-)	60.48
AYEL01063830.1:32719-32926(+)	65.79
AYEL01079035.1:79172-79361(+)	64.15
AYEL01089277.1:31396-31631(+,-)	68.13
AYEL01064188.1:23134-23344(+,-)	79.07
AYEL01068308.1:1891-2114(+,-)	63.48
AYEL01045720.1:2708-2913(+,-)	71.19
AYEL01069312.1:11547-11769(+,-)	62.82
AYEL01067027.1:10831-11018(+)	65.17
AYEL01089936.1:15334-15557(+,-)	67.23
AYEL01079126.1:90776-90971(+,-)	63.33
AYEL01046385.1:90-324(+,-)	65.91
AYEL01055123.1:46875-47078(+,-)	63.33
AYEL01083032.1:9534-9760(+,-)	74.00
AYEL01072234.1:111602-111806(-)	59.49
AYEL01050399.1:33010-33249(+,-)	68.13
AYEL01089367.1:47531-47758(+,-)	70.45
AYEL01085593.1:66667-66862(-)	58.18
AYEL01085224.1:27838-28062(+,-)	66.67
AYEL01078653.1:16293-16488(+,-)	75.00
AYEL01076792.1:11545-11760(+,-)	67.80
AYEL01080186.1:40994-41188(+,-)	60.26
AYEL01037919.1:6701-6931(+,-)	67.09
AYEL01081025.1:6999-7212(+,-)	68.54
AYEL01058082.1:1257-1475(+,-)	62.34
AYEL01081783.1:34090-34330(+,-)	62.90
AYEL01064758.1:5100-5321(+,-)	67.42
AYEL01078113.1:12032-12275(+,-)	62.07
AYEL01078405.1:17882-18090(+,-)	64.77
AYEL01069376.1:12997-13242(+,-)	66.07
AYEL01047901.1:4028-4261(+,-)	58.77
AYEL01055013.1:3289-3524(+,-)	64.84
AYEL01070753.1:35401-35595(-)	61.67
AYEL01071468.1:22606-22826(+,-)	68.54
AYEL01085735.1:7648-7853(+,-)	67.86
AYEL01076041.1:82891-83130(+,-)	75.00
AYEL01063529.1:12051-12284(+,-)	64.71
AYEL01083665.1:38192-38408(+,-)	67.80
AYEL01036365.1:50866-51084(+,-)	62.50
AYEL01060132.1:35257-35680(+,-)	64.60
AYEL01061719.1:3880-4087(+,-)	59.22
AYEL01085189.1:65269-65467(+,-)	64.84
AYEL01083438.1:80621-80813(-)	70.27
AYEL01084317.1:15176-15406(+,-)	70.42
AYEL01081672.1:60856-61065(-)	65.52
AYEL01049384.1:22767-22990(+,-)	66.30
AYEL01088889.1:154881-155066(-)	65.35
AYEL01075140.1:1232-1523(+,-)	60.98
AYEL01053142.1:3818-4053(+,-)	64.84
AYEL01040522.1:531-757(+,-)	75.64
AYEL01089998.1:22052-22265(+,-)	62.39
AYEL01079655.1:19254-19480(+,-)	61.73
AYEL01085836.1:34072-34289(-)	66.10
AYEL01091898.1:13591-13819(+,-)	67.53
AYEL01089942.1:9092-9309(+,-)	57.63
AYEL01078173.1:5022-5226(+,-)	60.94
AYEL01050582.1:640-837(+,-)	59.87
AYEL01074087.1:65133-65351(+,-)	73.02
AYEL01090682.1:6677-6883(+,-)	68.13
AYEL01060415.1:16196-16431(+,-)	67.03
AYEL01065749.1:85050-85275(+,-)	66.15
AYEL01077732.1:25024-25235(+,-)	64.77
AYEL01083644.1:61584-61920(+)	62.79
AYEL01053956.1:9386-9612(+,-)	66.30
AYEL01078552.1:48175-48403(+,-)	61.29
AYEL01075428.1:85531-85747(+,-)	69.05
AYEL01082110.1:16787-17021(+,-)	76.92
AYEL01084530.1:5638-5860(+,-)	61.90
AYEL01034338.1:2103-2382(+,-)	69.05
AYEL01076235.1:129184-129392(+,-)	67.80
AYEL01067587.1:22740-22981(+,-)	67.02
AYEL01077505.1:44367-44592(+,-)	63.64
AYEL01069027.1:1408-1625(+,-)	66.29
AYEL01064816.1:28325-28528(+,-)	73.58
AYEL01091270.1:2900-3084(+)	58.25
AYEL01050674.1:61047-61285(+,-)	65.93
AYEL01089759.1:87834-88066(+,-)	62.96
AYEL01065694.1:1976-2189(+,-)	64.04
AYEL01080260.1:29059-29285(+,-)	59.34
AYEL01069412.1:4474-4709(-)	67.90
AYEL01029197.1:394-598(+,-)	71.11
AYEL01073414.1:9610-9761(-)	66.67
AYEL01073464.1:5049-5266(+,-)	66.67
AYEL01088313.1:121633-121851(+,-)	66.67
AYEL01071784.1:78455-78689(+,-)	63.74
AYEL01083347.1:1554-1774(+,-)	68.18
AYEL01079582.1:62269-62476(+,-)	64.47
AYEL01031364.1:30554-30784(+,-)	61.70
AYEL01073505.1:21983-22199(+,-)	65.33
AYEL01064551.1:7537-7755(+,-)	65.33
AYEL01057104.1:61-291(+,-)	64.84
AYEL01087771.1:65212-65442(+,-)	70.97
AYEL01077252.1:23218-23451(+,-)	68.42
AYEL01068777.1:38864-39060(+,-)	58.60
AYEL01085494.1:54929-55166(+,-)	63.74
AYEL01039456.1:41231-41444(+,-)	67.92
AYEL01068443.1:27320-27537(+,-)	64.94
AYEL01075447.1:4665-4863(+,-)	61.21
AYEL01073936.1:18704-18925(+,-)	72.73
AYEL01064771.1:3138-3354(+,-)	69.49
AYEL01068002.1:11179-11402(+,-)	64.35
AYEL01089465.1:5557-5808(+,-)	60.71
AYEL01043976.1:5328-5531(+,-)	59.18
AYEL01079299.1:4049-4245(+,-)	83.33
AYEL01032641.1:2889-3124(+,-)	67.03
AYEL01084742.1:75430-75652(+,-)	65.56
AYEL01062801.1:38429-38674(+,-)	81.63
AYEL01084978.1:58162-58382(+,-)	67.42
AYEL01073723.1:36322-36519(+)	71.05
AYEL01084695.1:48340-48564(+,-)	65.12
AYEL01080607.1:32560-32923(+,-)	67.03
AYEL01090342.1:23912-24146(+,-)	68.13
AYEL01072772.1:57110-57331(+,-)	67.39
AYEL01089890.1:51805-52069(+)	65.91
AYEL01064121.1:17097-17329(+,-)	66.36
AYEL01026886.1:10303-10518(+,-)	67.78
AYEL01045475.1:8368-8547(-)	63.46
AYEL01038732.1:16753-16942(+)	72.34
AYEL01087193.1:22878-23075(+,-)	62.90
AYEL01091804.1:66627-66814(-)	63.41
AYEL01091098.1:20929-21128(+,-)	59.46
AYEL01065182.1:18221-18444(+,-)	62.50
AYEL01070964.1:10039-10260(+,-)	69.49
AYEL01079459.1:18781-19032(+,-)	63.11
AYEL01083712.1:6946-7232(+,-)	69.07
AYEL01032575.1:6487-6708(+,-)	67.78
AYEL01054736.1:6116-6345(+,-)	66.67
AYEL01090613.1:4933-5150(+,-)	64.29
AYEL01072036.1:40290-40503(+,-)	63.64
AYEL01053221.1:12089-12304(+,-)	68.54
AYEL01070112.1:25383-25595(+,-)	63.89
AYEL01077724.1:26020-26244(+,-)	67.65
AYEL01078021.1:55361-55602(+,-)	62.24
AYEL01088067.1:44381-44618(+,-)	67.09
AYEL01085810.1:17623-17850(+,-)	63.78
AYEL01057588.1:8178-8414(+,-)	65.71
AYEL01082082.1:50693-50908(+,-)	57.61
AYEL01025766.1:2213-2425(-)	61.17
AYEL01068415.1:37916-38133(+,-)	63.20
AYEL01056523.1:1134-1351(+,-)	69.23
AYEL01053399.1:16792-16987(+,-)	70.00
AYEL01025074.1:2057-2288(+,-)	65.59
AYEL01086619.1:60770-60986(+,-)	65.56
AYEL01076207.1:71055-71287(+,-)	68.75
AYEL01075938.1:81690-82108(+,-)	64.35
AYEL01047184.1:12992-13194(-)	62.75
AYEL01083084.1:1490-1798(+,-)	61.54
AYEL01085766.1:1374-1602(+,-)	62.10
AYEL01074068.1:95422-95653(+,-)	70.11
AYEL01072523.1:31342-31575(+,-)	65.93
AYEL01084383.1:4343-4574(+,-)	63.64
AYEL01018325.1:11828-12054(+,-)	65.38
AYEL01056267.1:7999-8195(+,-)	78.79
AYEL01082318.1:83632-83841(+,-)	68.25
AYEL01090118.1:2652-2872(+,-)	69.57
AYEL01077916.1:86714-86926(+,-)	70.18
AYEL01081699.1:34507-34726(+,-)	64.15
AYEL01082736.1:4293-4521(+,-)	66.27
AYEL01075187.1:24905-25134(+,-)	59.76
AYEL01069977.1:1056-1252(+,-)	73.97
AYEL01089473.1:2505-2727(+,-)	64.29
AYEL01085398.1:1296-1556(+,-)	63.06
AYEL01084422.1:159012-159248(+,-)	60.34
AYEL01083691.1:185583-185812(+,-)	60.18
AYEL01079909.1:61238-61475(+,-)	64.77
AYEL01046540.1:3419-3618(+,-)	80.00
AYEL01067141.1:7326-7734(+,-)	64.84
AYEL01002341.1:296-492(+,-)	61.90
AYEL01060228.1:9800-10030(+,-)	65.93
AYEL01065678.1:19629-19821(+,-)	67.19
AYEL01091720.1:1410-1699(+,-)	64.84
AYEL01087521.1:108163-108367(+)	74.42
AYEL01079639.1:19165-19378(+,-)	65.93
AYEL01089394.1:75030-75456(+,-)	67.87
AYEL01083522.1:8115-8316(+,-)	67.92
AYEL01069084.1:146714-146930(+,-)	69.23
AYEL01071853.1:937-1154(+,-)	70.65
AYEL01065941.1:20291-20554(+)	70.11
AYEL01027719.1:40756-40949(-)	63.49
AYEL01091762.1:24902-25137(+,-)	60.94
AYEL01057399.1:54120-54336(+,-)	62.20
AYEL01089922.1:13424-13644(+,-)	62.04
AYEL01065634.1:123440-123624(+)	64.00
AYEL01090442.1:92784-93008(+,-)	67.31
AYEL01075507.1:15233-15426(+,-)	72.31
AYEL01075001.1:18552-18845(+)	67.78
AYEL01089936.1:18897-19098(+,-)	62.69
AYEL01087785.1:28954-29178(+,-)	65.12
AYEL01091897.1:48675-48838(+)	66.67
AYEL01061867.1:9081-9306(+,-)	63.37
AYEL01078237.1:29710-29919(+)	77.36
AYEL01074585.1:16012-16315(+,-)	70.00
AYEL01086916.1:13779-14013(+,-)	62.34
AYEL01076948.1:22834-23064(+,-)	69.84
AYEL01064505.1:33642-33852(+,-)	61.84
AYEL01083174.1:3070-3286(+,-)	65.12
AYEL01090263.1:30227-30466(+,-)	64.00
AYEL01085001.1:12626-12842(+,-)	59.52
AYEL01059041.1:8749-9006(+,-)	63.64
AYEL01079264.1:13875-14099(+,-)	62.37
AYEL01089292.1:17060-17253(-)	67.11
AYEL01052387.1:28801-28990(+,-)	75.86
AYEL01062040.1:19011-19225(-)	70.89
AYEL01079593.1:48922-49166(+,-)	84.62
AYEL01089523.1:24343-24606(+,-)	67.74
AYEL01074546.1:15762-15996(+,-)	62.64
AYEL01071623.1:14126-14348(+,-)	70.18
AYEL01087337.1:58596-58837(+,-)	69.23
AYEL01064942.1:46892-47125(+,-)	68.35
AYEL01089750.1:66063-66285(+,-)	60.53
AYEL01067502.1:36330-36531(+,-)	60.18
AYEL01081250.1:25840-26076(+,-)	70.89
AYEL01082770.1:16129-16373(+,-)	67.03
AYEL01060378.1:25680-25892(+,-)	69.23
AYEL01088388.1:76872-77063(-)	62.20
AYEL01085247.1:24741-24958(+,-)	63.95
AYEL01081668.1:8199-8413(+,-)	58.62
AYEL01091925.1:54-270(+,-)	67.78
AYEL01073492.1:48821-49055(+,-)	72.15
AYEL01038382.1:11876-12094(+,-)	62.50
AYEL01071140.1:20900-21095(+,-)	72.15
AYEL01084539.1:56111-56343(+,-)	72.29
AYEL01055178.1:41427-41657(+,-)	67.24
AYEL01088024.1:41481-41709(+,-)	61.46
AYEL01013639.1:15231-15454(+,-)	62.37
AYEL01076934.1:150202-150632(+,-)	73.56
AYEL01084572.1:8653-8871(+,-)	61.40
AYEL01015680.1:93372-93761(+,-)	65.93
AYEL01005057.1:9554-9775(+,-)	62.24
AYEL01077482.1:38940-39153(+,-)	64.94
AYEL01087398.1:54477-54712(+,-)	63.74
AYEL01071925.1:5681-5915(+,-)	65.91
AYEL01081086.1:76894-77091(+,-)	64.41
AYEL01087829.1:30041-30254(+,-)	67.86
AYEL01074533.1:4023-4284(+,-)	70.73
AYEL01057090.1:17185-17418(+,-)	61.95
AYEL01074078.1:19566-19753(+)	73.47
AYEL01072380.1:22626-22852(+,-)	69.53
AYEL01083691.1:104539-104774(+,-)	63.74
AYEL01050546.1:6645-6880(+,-)	69.62
AYEL01085550.1:10626-10909(+,-)	65.18
AYEL01074925.1:8437-8625(-)	62.75
AYEL01037895.1:2991-3210(+,-)	57.52
AYEL01060125.1:18222-18469(+,-)	67.06
AYEL01056454.1:24053-24247(+,-)	64.08
AYEL01077583.1:18842-19050(+,-)	56.18
AYEL01090234.1:1820-2008(-)	65.00
AYEL01087919.1:9544-9790(+)	60.19
AYEL01056454.1:33288-33603(+,-)	70.33
AYEL01076977.1:16218-16404(-)	76.09
AYEL01075104.1:20748-20978(+,-)	59.33
AYEL01089230.1:19226-19463(+,-)	64.71
AYEL01075637.1:521-755(+,-)	65.56
AYEL01076945.1:1794-2009(+,-)	57.39
AYEL01081480.1:7219-7430(+,-)	68.42
AYEL01044597.1:34839-35062(+,-)	69.01
AYEL01075630.1:19817-20044(+,-)	64.52
AYEL01046376.1:74129-74330(+,-)	68.33
AYEL01076557.1:53578-53811(+,-)	61.21
AYEL01074951.1:7701-7937(+,-)	61.90
AYEL01068593.1:19595-19786(+,-)	63.16
AYEL01075986.1:13762-13982(+,-)	63.27
AYEL01064055.1:119517-119732(+,-)	67.50
AYEL01053702.1:4600-4873(+,-)	74.67
AYEL01083494.1:45230-45417(-)	78.57
AYEL01068443.1:23643-24014(+,-)	69.09
AYEL01058988.1:40708-40924(+,-)	58.14
AYEL01057074.1:27827-28053(+,-)	71.43
AYEL01088305.1:11316-11550(+,-)	70.10
AYEL01065949.1:12034-12263(+,-)	64.44
AYEL01054472.1:12371-12606(+,-)	65.56
AYEL01070745.1:22870-23092(+,-)	63.72
AYEL01073164.1:56-343(+,-)	66.67
AYEL01068952.1:65641-65869(+,-)	62.93
AYEL01074194.1:159787-160012(-)	56.34
AYEL01069595.1:28600-28875(+,-)	64.84
AYEL01066443.1:30160-30381(+,-)	61.76
AYEL01075817.1:71402-71620(+,-)	54.88
AYEL01071177.1:19421-19646(+,-)	72.15
AYEL01070883.1:23923-24192(+,-)	64.49
AYEL01043433.1:9058-9289(+,-)	64.71
AYEL01076297.1:18292-18496(+,-)	59.52
AYEL01044297.1:28793-29028(+,-)	70.89
AYEL01078173.1:8091-8325(+,-)	60.87
AYEL01081592.1:15051-15257(+)	70.21
AYEL01089745.1:17395-17626(+,-)	62.39
AYEL01070970.1:6397-6606(-)	67.53
AYEL01077837.1:29573-29790(+,-)	59.09
AYEL01054838.1:9937-10221(+,-)	66.37
AYEL01087304.1:1295-1511(+,-)	65.57
AYEL01048856.1:5027-5246(+,-)	57.38
AYEL01084224.1:31288-31543(+,-)	57.26
AYEL01056857.1:4088-4274(+)	67.80
AYEL01081170.1:12192-12416(+,-)	63.03
AYEL01085030.1:26688-26902(+,-)	67.78
AYEL01081405.1:22316-22545(+,-)	57.43
AYEL01061385.1:32985-33289(+,-)	68.13
AYEL01075835.1:74306-74527(+,-)	65.87
AYEL01080844.1:52897-53064(-)	69.52
AYEL01067898.1:8627-8855(+,-)	68.09
AYEL01082764.1:30438-30649(+)	67.80
AYEL01073211.1:21904-22112(+,-)	64.94
AYEL01073871.1:7164-7363(+,-)	67.05
AYEL01082627.1:2618-2803(-)	70.48
AYEL01077150.1:19505-19697(+,-)	62.64
AYEL01077941.1:43946-44175(+,-)	64.37
AYEL01081871.1:18724-18932(+,-)	65.52
AYEL01072400.1:15036-15272(+,-)	71.91
AYEL01089899.1:51419-51648(+,-)	59.26
AYEL01084355.1:56354-56572(+,-)	65.69
AYEL01090048.1:42718-42935(-)	67.35
AYEL01039441.1:9043-9264(+,-)	67.47
AYEL01078643.1:9756-9965(+,-)	68.18
AYEL01016964.1:0-209(+,-)	62.86
AYEL01080385.1:15352-15576(+,-)	70.83
AYEL01084863.1:86213-86500(+,-)	67.16
AYEL01062005.1:62933-63165(+,-)	65.79
AYEL01072136.1:35392-35617(+,-)	62.35
AYEL01089331.1:1971-2214(+,-)	65.93
AYEL01061239.1:30907-31129(+,-)	65.60
AYEL01082004.1:8032-8247(+,-)	67.80
AYEL01078638.1:35154-35385(+,-)	75.95
AYEL01050391.1:24347-24578(+,-)	71.70
AYEL01057399.1:9813-10096(+)	68.29
AYEL01005034.1:899-1099(-)	64.58
AYEL01090452.1:109086-109276(+,-)	68.09
AYEL01091182.1:61188-61403(+,-)	67.03
AYEL01071509.1:1009-1232(+,-)	68.97
AYEL01087476.1:42645-42864(+,-)	55.90
AYEL01073717.1:22830-23027(-)	65.17
AYEL01090972.1:23721-23931(+,-)	70.37
AYEL01086344.1:2571-2788(+,-)	67.03
AYEL01054695.1:27581-27803(+,-)	75.93
AYEL01058180.1:30763-30954(+,-)	71.74
AYEL01080254.1:15832-16055(+,-)	68.83
AYEL01068463.1:58412-58610(+,-)	66.67
AYEL01040577.1:26911-27102(+)	63.38
AYEL01071176.1:23766-23984(+,-)	67.39
AYEL01071684.1:15527-15716(-)	61.76
AYEL01070809.1:4933-5146(-)	66.18
AYEL01075732.1:4842-5081(+,-)	61.61
AYEL01067813.1:10597-10816(+,-)	67.57
AYEL01088167.1:2209-2431(+,-)	66.13
AYEL01074204.1:5881-6073(+,-)	61.29
AYEL01083870.1:31898-32120(+,-)	69.23
AYEL01074235.1:28511-28789(-)	58.75
AYEL01088311.1:27874-28107(+,-)	62.07
AYEL01062569.1:14817-15019(+,-)	62.79
AYEL01069128.1:26639-26871(+,-)	72.41
AYEL01064025.1:8195-8421(+,-)	67.09
AYEL01078211.1:55607-55807(+,-)	60.18
AYEL01075127.1:42378-42594(+,-)	67.80
AYEL01067087.1:10767-10965(+)	65.45
AYEL01072189.1:14571-14784(+,-)	70.65
AYEL01070023.1:81821-82062(+,-)	69.33
AYEL01067542.1:5723-5931(+,-)	63.53
AYEL01037287.1:9255-9481(+,-)	66.10
AYEL01088563.1:23420-23632(+,-)	71.43
AYEL01084933.1:50571-50787(+,-)	70.21
AYEL01063160.1:24737-24891(+)	72.09
AYEL01091767.1:16478-16695(+,-)	61.95
AYEL01065318.1:133369-133603(+,-)	68.25
AYEL01077534.1:2407-2629(+,-)	61.95
AYEL01079971.1:31114-31530(+,-)	64.06
AYEL01078616.1:40814-41022(+,-)	67.12
AYEL01077397.1:19175-19401(+,-)	57.94
AYEL01075231.1:51138-51351(+,-)	58.70
AYEL01090301.1:1447-1709(+,-)	65.07
AYEL01058040.1:4721-4941(+,-)	68.89
AYEL01065158.1:85439-85634(+)	67.86
AYEL01082353.1:31875-32106(+,-)	65.93
AYEL01089661.1:2148-2388(+,-)	63.79
AYEL01063356.1:5469-5680(+,-)	68.00
AYEL01050279.1:35754-36091(+,-)	67.03
AYEL01055541.1:9871-10069(+,-)	64.94
AYEL01024399.1:7471-7700(+,-)	57.98
AYEL01073374.1:520-728(+,-)	65.14
AYEL01084438.1:42138-42495(+,-)	69.62
AYEL01049475.1:17087-17304(+,-)	66.23
AYEL01061209.1:9057-9291(+,-)	65.93
AYEL01091107.1:12429-12635(+,-)	71.70
AYEL01083112.1:22319-22671(+,-)	63.49
AYEL01084537.1:20278-20504(+,-)	60.61
AYEL01060269.1:49644-49860(+,-)	66.04
AYEL01064106.1:37907-38121(+,-)	64.84
AYEL01071764.1:94045-94237(-)	67.31
AYEL01091032.1:34236-34462(+,-)	64.60
AYEL01064873.1:3464-3674(+,-)	63.79
AYEL01055178.1:5686-6018(+,-)	63.92
AYEL01046584.1:49407-49626(+,-)	63.86
AYEL01084409.1:41642-41856(+,-)	61.64
AYEL01091704.1:112297-112520(+,-)	65.60
AYEL01054695.1:27862-28104(+,-)	60.80
AYEL01054784.1:1843-2048(-)	69.74
AYEL01070295.1:33573-33811(-)	71.15
AYEL01064606.1:10030-10267(+,-)	62.67
AYEL01074820.1:10484-10685(+,-)	68.06
AYEL01071329.1:3972-4161(+,-)	69.05
AYEL01041023.1:2335-2556(+,-)	69.23
AYEL01066360.1:8809-9029(+,-)	62.92
AYEL01052979.1:36754-36972(+,-)	63.87
AYEL01079090.1:43342-43559(+,-)	63.04
AYEL01052085.1:158-463(+,-)	65.35
AYEL01074881.1:14088-14323(+,-)	68.13
AYEL01079775.1:1470-1694(+,-)	64.60
AYEL01068180.1:25374-25600(+,-)	65.88
AYEL01085046.1:2915-3131(+,-)	59.12
AYEL01031855.1:1426-1659(+,-)	68.13
AYEL01067766.1:36824-37041(-)	62.12
AYEL01064897.1:35902-36115(+,-)	70.15
AYEL01077235.1:3690-3945(+,-)	61.54
AYEL01083263.1:11884-12113(+,-)	63.95
AYEL01038809.1:17447-17663(+,-)	67.74
AYEL01082781.1:37613-38080(+,-)	68.83
AYEL01071158.1:37744-38074(+,-)	60.00
AYEL01043539.1:372-587(+,-)	67.03
AYEL01058061.1:1154-1375(+,-)	65.91
AYEL01082613.1:5596-5815(+,-)	63.33
AYEL01067974.1:19694-19896(+,-)	68.35
AYEL01030032.1:23139-23358(+,-)	65.98
AYEL01068755.1:1951-2156(+,-)	65.38
AYEL01080065.1:16644-16873(+,-)	59.65
AYEL01082402.1:993-1206(+,-)	65.45
AYEL01046041.1:27237-27507(-)	64.56
AYEL01088948.1:18380-18585(+,-)	69.49
AYEL01072053.1:10178-10413(+,-)	67.74
AYEL01081151.1:70075-70303(+,-)	77.08
AYEL01037210.1:33875-34110(+,-)	64.84
AYEL01059417.1:12233-12458(+,-)	73.58
AYEL01085755.1:15726-15940(+,-)	68.42
AYEL01083982.1:1515-1732(+,-)	64.79
AYEL01047917.1:16564-16803(+,-)	63.10
AYEL01087939.1:47489-47720(+,-)	65.00
AYEL01086544.1:56514-56727(+,-)	74.12
AYEL01082711.1:18527-18715(+,-)	63.33
AYEL01075389.1:3103-3338(+,-)	62.50
AYEL01073907.1:6947-7146(+,-)	66.67
AYEL01087315.1:9089-9288(+,-)	66.10
AYEL01069084.1:177344-177546(+,-)	65.31
AYEL01062445.1:1013-1234(+,-)	61.74
AYEL01057322.1:4288-4495(+,-)	61.29
AYEL01072858.1:13361-13575(+,-)	64.29
AYEL01063816.1:39877-40090(+,-)	66.67
AYEL01087936.1:13187-13371(-)	75.76
AYEL01048114.1:1568-1774(+)	64.37
AYEL01073367.1:36975-37151(+)	69.35
AYEL01066702.1:3569-3793(+,-)	65.52
AYEL01074125.1:12798-13021(+,-)	67.39
AYEL01067847.1:9127-9499(+,-)	59.86
AYEL01080202.1:68606-68832(+,-)	64.84
AYEL01086483.1:69173-69380(+,-)	61.70
AYEL01072397.1:2484-2712(+,-)	59.48
AYEL01036718.1:727-968(+,-)	68.13
AYEL01076105.1:7144-7398(+,-)	59.42
AYEL01087919.1:6474-6682(+,-)	59.72
AYEL01075842.1:610-817(+,-)	61.06
AYEL01039869.1:3042-3245(+)	64.71
AYEL01077659.1:88101-88383(+,-)	60.18
AYEL01034366.1:6240-6529(+,-)	68.18
AYEL01087598.1:27934-28371(+,-)	65.93
AYEL01034606.1:11607-11829(+,-)	68.75
AYEL01091455.1:487-719(+,-)	64.77
AYEL01090718.1:8466-8683(+,-)	65.12
AYEL01074992.1:5134-5437(+,-)	63.37
AYEL01052199.1:8610-8853(+,-)	70.33
AYEL01038195.1:694-937(+,-)	65.82
AYEL01084606.1:16909-17139(+,-)	65.93
AYEL01061433.1:37474-37685(+,-)	68.12
AYEL01090541.1:22655-22867(+,-)	56.18
AYEL01085444.1:24872-25098(+,-)	68.13
AYEL01076500.1:20253-20487(+,-)	67.03
AYEL01016309.1:10543-10775(+,-)	61.54
AYEL01085727.1:17449-17665(+,-)	59.85
AYEL01057379.1:7505-7741(+,-)	70.45
AYEL01090233.1:12401-12617(+,-)	62.75
AYEL01089777.1:14473-14699(+,-)	72.15
AYEL01002413.1:0-211(+,-)	66.67
AYEL01080566.1:15302-15538(+,-)	62.40
AYEL01084845.1:73002-73254(+,-)	60.53
AYEL01083464.1:20218-20876(+,-)	67.78
AYEL01087073.1:25827-26053(+,-)	64.52
AYEL01077731.1:16557-16789(+,-)	59.38
AYEL01085977.1:17852-18071(+,-)	69.23
AYEL01052516.1:24812-25122(+,-)	69.92
AYEL01018776.1:19511-19739(+,-)	61.82
AYEL01076191.1:21538-21724(+,-)	67.31
AYEL01070218.1:21118-21325(+,-)	68.75
AYEL01069614.1:56906-57128(+,-)	64.91
AYEL01091082.1:9334-9569(+,-)	68.13
AYEL01075592.1:69583-69773(+,-)	87.23
AYEL01064705.1:36738-36894(+)	60.47
AYEL01046016.1:677-897(+,-)	66.67
AYEL01078454.1:3254-3481(+,-)	69.05
AYEL01064134.1:82025-82236(+,-)	65.93
AYEL01073976.1:6993-7215(+,-)	56.99
AYEL01068228.1:35492-35717(+,-)	72.92
AYEL01041267.1:7783-7999(+,-)	71.43
AYEL01083746.1:24216-24434(+,-)	71.43
AYEL01071365.1:83695-83915(+,-)	64.95
AYEL01072152.1:64205-64433(+,-)	67.78
AYEL01087432.1:152375-152597(+,-)	62.79
AYEL01079793.1:5680-5918(+,-)	68.64
AYEL01088119.1:10345-10562(+,-)	67.06
AYEL01085758.1:41528-41791(-)	63.49
AYEL01074540.1:13875-14100(+,-)	67.50
AYEL01072503.1:33207-33440(+,-)	75.00
AYEL01066655.1:13613-13808(+,-)	70.18
AYEL01084241.1:42553-42803(+,-)	77.78
AYEL01001250.1:198-418(+,-)	70.00
AYEL01080970.1:71868-72114(+,-)	65.93
AYEL01045615.1:906-1098(+,-)	61.80
AYEL01072410.1:4426-4656(+,-)	65.93
AYEL01051471.1:6694-6909(+,-)	70.79
AYEL01083045.1:60020-60232(+,-)	70.59
AYEL01078432.1:44056-44259(+,-)	63.64
AYEL01086260.1:4603-4788(-)	67.96
AYEL01068027.1:14291-14500(+,-)	67.31
AYEL01069871.1:6953-7144(+,-)	71.43
AYEL01047288.1:2141-2402(+,-)	61.17
AYEL01067905.1:46083-46295(+,-)	60.40
AYEL01082975.1:97431-97638(+,-)	67.42
AYEL01090446.1:23837-24057(+,-)	68.35
AYEL01063513.1:21288-21496(-)	61.95
AYEL01072586.1:6612-6842(+,-)	59.56
AYEL01070960.1:72089-72301(+,-)	68.42
AYEL01084763.1:47043-47278(+,-)	69.62
AYEL01050678.1:5072-5293(+,-)	69.66
AYEL01047589.1:38459-38667(+,-)	75.00
AYEL01062539.1:10055-10257(+,-)	70.69
AYEL01054833.1:157296-157525(+,-)	74.47
AYEL01064388.1:6207-6423(+,-)	56.17
AYEL01077009.1:73906-74141(+,-)	70.33
AYEL01029524.1:9264-9612(+,-)	69.62
AYEL01055620.1:38242-38465(+,-)	60.71
AYEL01086894.1:13435-13674(+,-)	64.04
AYEL01055926.1:27426-27642(+,-)	63.39
AYEL01063421.1:18809-18999(+,-)	87.50
AYEL01058258.1:10675-10905(+,-)	68.18
AYEL01090390.1:11451-11649(+,-)	68.75
AYEL01087212.1:19586-19795(+,-)	67.90
AYEL01074673.1:8680-8935(+,-)	61.29
AYEL01076226.1:141091-141292(+)	62.22
AYEL01087537.1:169066-169298(+,-)	61.74
AYEL01089919.1:43421-43651(+,-)	60.00
AYEL01059285.1:16973-17214(+,-)	60.18
AYEL01065268.1:124-348(+,-)	66.67
AYEL01074558.1:28112-28352(+,-)	66.67
AYEL01059724.1:29784-29987(+,-)	56.86
AYEL01089334.1:5269-5476(-)	61.11
AYEL01068496.1:17953-18146(-)	62.07
AYEL01074496.1:5225-5460(+,-)	63.33
AYEL01077400.1:63876-64101(+,-)	67.14
AYEL01046540.1:7477-7701(+,-)	67.95
AYEL01066766.1:34253-34459(+,-)	68.75
AYEL01066130.1:110450-110684(+,-)	67.02
AYEL01076111.1:91645-91846(+)	59.34
AYEL01085424.1:93983-94183(+,-)	68.09
AYEL01077364.1:33441-33642(+)	64.77
AYEL01084738.1:39813-40019(+,-)	73.47
AYEL01091178.1:10541-10771(+,-)	67.03
AYEL01084273.1:247936-248157(+,-)	62.65
AYEL01078190.1:13179-13621(+,-)	64.79
AYEL01080432.1:23948-24208(+,-)	70.89
AYEL01059143.1:17488-17675(+)	66.10
AYEL01083063.1:88962-89196(+,-)	75.32
AYEL01072453.1:8284-8477(+)	66.67
AYEL01089157.1:90430-90636(-)	62.07
AYEL01091032.1:47734-47944(+,-)	67.92
AYEL01072499.1:12830-13054(+,-)	75.00
AYEL01088323.1:7482-7702(+,-)	69.23
AYEL01074347.1:21092-21276(+)	64.29
AYEL01089737.1:40088-40312(+,-)	69.05
AYEL01037623.1:27062-27297(+,-)	68.18
AYEL01077578.1:147859-148063(+,-)	69.57
AYEL01089089.1:5521-5751(+,-)	64.84
AYEL01071069.1:12583-12773(+,-)	67.11
AYEL01050546.1:5480-5703(+,-)	58.33
AYEL01043081.1:18703-18933(+,-)	67.27
AYEL01077606.1:29624-29829(+,-)	70.89
AYEL01080373.1:12280-12509(+,-)	64.22
AYEL01064338.1:3417-3651(-)	71.19
AYEL01076762.1:17721-17914(-)	75.00
AYEL01080990.1:6451-6688(+,-)	59.62
AYEL01021622.1:6593-7018(+,-)	62.28
AYEL01072294.1:9346-9571(+,-)	62.50
AYEL01068290.1:17269-17493(+,-)	70.67
AYEL01059631.1:25896-26098(+,-)	61.96
AYEL01012496.1:18776-19006(+,-)	62.07
AYEL01072506.1:36704-36909(+,-)	66.10
AYEL01089661.1:1602-1812(+,-)	66.67
AYEL01080373.1:9535-9770(+,-)	68.13
AYEL01084975.1:32187-32404(+,-)	62.92
AYEL01075770.1:9031-9252(+,-)	63.87
AYEL01032850.1:9459-9623(-)	64.34
AYEL01089067.1:1706-1894(-)	66.22
AYEL01088313.1:123316-123589(+,-)	72.97
AYEL01054983.1:45189-45463(+,-)	66.07
AYEL01080083.1:77774-77977(+,-)	72.15
AYEL01088898.1:18367-18555(+,-)	67.80
AYEL01091576.1:1471-1701(+,-)	66.94
AYEL01077863.1:3449-3670(+,-)	61.40
AYEL01077660.1:33262-33486(+,-)	65.87
AYEL01085904.1:14046-14232(+)	78.26
AYEL01058949.1:6645-7042(+,-)	64.04
AYEL01067136.1:3103-3333(+,-)	63.75
AYEL01068098.1:35255-35472(+,-)	61.96
AYEL01080394.1:91365-91594(+,-)	59.48
AYEL01077218.1:36511-36724(+,-)	65.85
AYEL01057976.1:11520-11733(+,-)	63.96
AYEL01078877.1:27061-27252(+,-)	64.71
AYEL01064972.1:3015-3223(+,-)	62.50
AYEL01090231.1:2065-2269(+,-)	72.97
AYEL01083462.1:4093-4349(+)	61.43
AYEL01034826.1:262-466(+,-)	68.89
AYEL01084565.1:20080-20288(+,-)	65.88
AYEL01089499.1:2214-2457(+,-)	71.79
AYEL01067477.1:49449-49684(+,-)	67.80
AYEL01027575.1:2965-3210(+,-)	61.31
AYEL01082301.1:7146-7369(+,-)	61.26
AYEL01059412.1:2520-2755(+,-)	63.74
AYEL01091858.1:45148-45398(+,-)	64.52
AYEL01072106.1:67122-67357(+,-)	66.27
AYEL01090718.1:18077-18262(+,-)	59.46
AYEL01058415.1:6653-6890(+,-)	61.70
AYEL01063461.1:12465-12671(+,-)	68.18
AYEL01072168.1:21694-21901(+,-)	61.26
AYEL01017317.1:3688-3904(+,-)	67.80
AYEL01088039.1:44278-44491(+)	63.95
AYEL01077210.1:12918-13106(+)	62.64
AYEL01067034.1:18167-18375(+,-)	62.50
AYEL01066655.1:13105-13329(+,-)	64.94
AYEL01074098.1:87303-87533(+,-)	70.45
AYEL01066367.1:62547-62867(+,-)	67.09
AYEL01068639.1:19316-19507(+,-)	60.29
AYEL01077311.1:175403-175629(-)	61.26
AYEL01065794.1:70072-70302(+,-)	62.16
AYEL01075039.1:157702-157897(+)	71.05
AYEL01032576.1:5209-5412(+,-)	60.53
AYEL01067169.1:5617-5838(+,-)	61.54
AYEL01061089.1:112-335(+,-)	68.13
AYEL01089856.1:15352-15585(+,-)	63.95
AYEL01057331.1:15492-15704(+,-)	60.87
AYEL01069594.1:2589-2805(+,-)	63.72
AYEL01075451.1:10042-10254(+,-)	63.33
AYEL01086619.1:82860-83071(+,-)	72.92
AYEL01089779.1:62229-62448(+,-)	60.26
AYEL01087870.1:9479-9708(+,-)	65.81
AYEL01076977.1:31976-32192(+)	68.12
AYEL01056051.1:11301-11489(+,-)	62.73
AYEL01084497.1:17394-17578(-)	66.10
AYEL01067214.1:20042-20254(+,-)	56.31
AYEL01069305.1:1578-1791(+,-)	65.62
AYEL01065666.1:458-672(+,-)	57.86
AYEL01065536.1:9383-9608(+,-)	61.96
AYEL01075599.1:15614-15830(+,-)	70.33
AYEL01089185.1:25545-25866(+,-)	64.77
AYEL01088777.1:26959-27184(+,-)	68.06
AYEL01078021.1:38545-38767(+,-)	60.24
AYEL01071595.1:30427-30703(+,-)	70.59
AYEL01088319.1:5094-5281(-)	70.83
AYEL01048391.1:7734-7968(+,-)	60.71
AYEL01082122.1:14-230(+,-)	69.23
AYEL01061987.1:47505-47734(+,-)	61.74
AYEL01071281.1:6965-7178(+,-)	67.27
AYEL01058809.1:1675-1882(+,-)	60.53
AYEL01070286.1:36459-36694(+,-)	68.13
AYEL01084951.1:6392-6650(+,-)	61.26
AYEL01056707.1:6731-7005(+,-)	66.29
AYEL01089143.1:19292-19493(+)	64.44
AYEL01061489.1:26362-26572(+,-)	70.91
AYEL01077431.1:16859-17076(+,-)	63.04
AYEL01084158.1:8286-8520(+,-)	67.31
AYEL01088187.1:60839-61074(+,-)	67.39
AYEL01016999.1:7771-8002(+,-)	81.03
AYEL01086013.1:15244-15467(+)	66.67
AYEL01082445.1:28219-28442(+,-)	68.48
AYEL01076421.1:46691-46906(+,-)	67.72
AYEL01078238.1:47529-47848(+,-)	70.37
AYEL01046893.1:30343-30537(+,-)	69.05
AYEL01064407.1:46465-46687(+,-)	60.80
AYEL01090753.1:51395-51626(+,-)	64.58
AYEL01091673.1:56558-56780(+,-)	62.93
AYEL01085159.1:2895-3120(+,-)	67.82
AYEL01055314.1:1129-1352(+,-)	71.26
AYEL01064359.1:17262-17491(+,-)	65.15
AYEL01062969.1:14897-15108(-)	68.92
AYEL01069871.1:11634-11844(+,-)	67.50
AYEL01070708.1:26300-26524(+,-)	69.23
AYEL01074803.1:28389-28617(+,-)	60.00
AYEL01059341.1:23626-23854(+,-)	72.22
AYEL01061879.1:14973-15227(+,-)	64.77
AYEL01053690.1:10741-10990(+,-)	64.96
AYEL01075509.1:11015-11247(+,-)	67.03
AYEL01052944.1:27782-28011(+,-)	63.74
AYEL01068665.1:29234-29466(+,-)	69.74
AYEL01048857.1:42834-43065(+,-)	67.42
AYEL01073520.1:14808-14994(-)	69.84
AYEL01085137.1:4755-4942(-)	68.25
AYEL01084263.1:8754-8995(+,-)	68.13
AYEL01075131.1:3388-3614(+,-)	60.48
AYEL01060463.1:2856-3048(+,-)	60.29
AYEL01065669.1:33372-33595(+,-)	65.22
AYEL01086686.1:16772-17085(+,-)	74.60
AYEL01085836.1:25350-25628(+)	62.28
AYEL01091368.1:112892-113132(+,-)	64.66
AYEL01032140.1:78645-78879(+,-)	65.93
AYEL01030167.1:2218-2449(+,-)	68.48
AYEL01070293.1:22711-22928(+,-)	64.62
AYEL01091566.1:11090-11325(+,-)	63.41
AYEL01082098.1:4521-4721(+)	67.09
AYEL01082305.1:19201-19554(+,-)	64.84
AYEL01091566.1:373-590(+,-)	57.52
AYEL01089223.1:7995-8206(+,-)	75.00
AYEL01069071.1:4292-4527(+,-)	65.43
AYEL01089481.1:47231-47458(+,-)	64.84
AYEL01081445.1:23312-23531(+,-)	57.55
AYEL01077364.1:58706-58920(+,-)	74.47
AYEL01072398.1:39303-39521(+,-)	64.00
AYEL01048855.1:18752-18973(+,-)	62.40
AYEL01084197.1:59284-59570(+,-)	64.89
AYEL01075878.1:8299-8484(-)	60.27
AYEL01090545.1:35091-35313(+,-)	65.35
AYEL01074923.1:35257-35492(+,-)	65.96
AYEL01064003.1:6912-7143(+,-)	67.03
AYEL01070330.1:739-974(+,-)	69.23
AYEL01056697.1:12775-12991(+,-)	56.79
AYEL01043957.1:11508-11721(+,-)	58.77
AYEL01079400.1:2359-2591(+,-)	64.10
AYEL01013454.1:21070-21305(+,-)	68.54
AYEL01092054.1:8010-8208(+,-)	71.11
AYEL01005095.1:1098-1338(+,-)	65.52
AYEL01058258.1:55224-55570(+,-)	68.06
AYEL01020494.1:26699-26907(+)	70.59
AYEL01064579.1:18654-18895(+,-)	64.29
AYEL01051125.1:60572-60786(+,-)	63.38
AYEL01069891.1:36043-36254(+,-)	60.76
AYEL01073135.1:89271-89555(+,-)	64.84
AYEL01047914.1:4284-4470(+)	65.12
AYEL01067248.1:85355-85577(+,-)	56.34
AYEL01060929.1:16920-17141(+,-)	64.56
AYEL01037449.1:111-420(+,-)	67.03
AYEL01067026.1:50395-50630(+,-)	65.93
AYEL01029090.1:2843-3091(+,-)	68.92
AYEL01088089.1:15266-15474(+)	69.51
AYEL01053105.1:65090-65283(-)	86.21
AYEL01065526.1:23300-23515(+,-)	66.22
AYEL01059223.1:72177-72372(+,-)	64.41
AYEL01085510.1:167-353(-)	63.93
AYEL01072574.1:2126-2346(+,-)	59.52
AYEL01083615.1:34792-35027(+,-)	67.35
AYEL01087625.1:47272-47586(+,-)	77.61
AYEL01083279.1:54924-55155(+,-)	60.63
AYEL01052762.1:49357-49587(+,-)	61.21
AYEL01090324.1:2809-3031(+,-)	68.48
AYEL01088363.1:34752-34969(+,-)	61.29
AYEL01026503.1:18433-18644(-)	70.83
AYEL01089794.1:9138-9362(+,-)	70.33
AYEL01029452.1:16155-16521(+,-)	62.07
AYEL01063058.1:149217-149440(+,-)	63.49
AYEL01090602.1:4813-5029(+,-)	66.67
AYEL01049471.1:95088-95305(+,-)	61.21
AYEL01086684.1:16195-16472(+,-)	67.50
AYEL01068567.1:9931-10160(+,-)	70.11
AYEL01089937.1:34419-34629(+,-)	61.72
AYEL01087897.1:55423-55658(+,-)	65.93
AYEL01084721.1:76353-76562(+,-)	68.24
AYEL01059164.1:31341-31558(+,-)	64.84
AYEL01073501.1:31080-31266(+)	65.45
AYEL01068447.1:35973-36232(+,-)	61.67
AYEL01073326.1:35873-36200(+,-)	78.05
AYEL01083513.1:1326-1556(+,-)	67.03
AYEL01090068.1:68795-69038(+,-)	65.17
AYEL01087898.1:1945-2182(+,-)	65.56
AYEL01042799.1:0-198(+,-)	62.75
AYEL01056804.1:45898-46133(+,-)	73.56
AYEL01066777.1:63131-63404(+,-)	71.26
AYEL01009903.1:124-331(+)	71.43
AYEL01076546.1:33728-34051(+,-)	67.05
AYEL01081668.1:10565-10800(+,-)	68.18
AYEL01088294.1:144098-144303(+,-)	59.14
AYEL01073327.1:22272-22519(+,-)	60.76
AYEL01079911.1:18335-18563(+,-)	65.43
AYEL01088279.1:8804-9023(+,-)	67.01
AYEL01068758.1:13664-13893(+,-)	69.23
AYEL01077329.1:31492-31727(+,-)	62.50
AYEL01060253.1:33354-33572(+,-)	71.11
AYEL01051885.1:31341-31541(-)	67.11
AYEL01072092.1:59907-60150(-)	65.91
AYEL01024923.1:85262-85527(+,-)	69.23
AYEL01091401.1:20999-21211(+,-)	63.51
AYEL01080770.1:8540-8757(+,-)	70.11
AYEL01077787.1:859-1054(+)	56.92
AYEL01058611.1:43073-43288(+,-)	67.21
AYEL01084225.1:3758-4149(+,-)	55.71
AYEL01088586.1:37329-37535(+,-)	65.88
AYEL01042712.1:29328-29544(+,-)	63.75
AYEL01081294.1:31795-32005(+)	60.34
AYEL01084003.1:10119-10354(+,-)	70.91
AYEL01067568.1:20316-20527(+,-)	71.74
AYEL01079389.1:4164-4353(-)	73.08
AYEL01054816.1:1359-1581(-)	57.50
AYEL01022473.1:591-814(+,-)	66.09
AYEL01050219.1:29221-29435(+,-)	67.80
AYEL01077515.1:1005-1262(-)	64.94
AYEL01067511.1:4806-5137(+,-)	60.94
AYEL01042052.1:9551-9760(-)	67.39
AYEL01075111.1:7586-7801(+,-)	67.39
AYEL01066397.1:33565-33821(+,-)	68.35
AYEL01041465.1:13778-14013(+,-)	65.91
AYEL01049158.1:28339-28566(+,-)	61.82
AYEL01071408.1:59890-60096(+,-)	65.05
AYEL01068474.1:23400-23602(+,-)	70.69
AYEL01063359.1:5552-5778(+,-)	67.21
AYEL01086059.1:545-769(+,-)	64.52
AYEL01065158.1:201566-201787(+,-)	63.16
AYEL01088211.1:13992-14177(+)	60.14
AYEL01088159.1:46785-46989(+,-)	70.73
AYEL01084088.1:13600-13811(+,-)	71.19
AYEL01037529.1:578-841(+,-)	69.57
AYEL01058965.1:167828-168055(+,-)	63.49
AYEL01080064.1:5254-5475(+,-)	70.93
AYEL01060874.1:3784-3992(+)	78.79
AYEL01076723.1:19196-19352(+)	65.52
AYEL01086461.1:17278-17467(+)	66.67
AYEL01088330.1:39698-39946(+,-)	59.55
AYEL01091613.1:9772-9977(-)	63.89
AYEL01084616.1:13990-14199(+,-)	68.75
AYEL01070070.1:3165-3554(+,-)	68.13
AYEL01090787.1:90618-90828(-)	64.47
AYEL01071086.1:13959-14162(+,-)	73.17
AYEL01069050.1:22339-22589(+,-)	65.85
AYEL01053313.1:3850-4085(+,-)	68.13
AYEL01081836.1:116258-116493(+,-)	69.23
AYEL01071212.1:27629-27836(+,-)	65.96
AYEL01076760.1:4683-4904(+,-)	68.97
AYEL01075986.1:10275-10476(-)	63.22
AYEL01020008.1:5458-5688(+,-)	80.36
AYEL01091309.1:43616-43774(-)	70.21
AYEL01087139.1:6314-6495(+)	82.22
AYEL01075665.1:6597-6796(+,-)	66.67
AYEL01043350.1:4761-4976(+,-)	80.85
AYEL01079011.1:34360-34557(+,-)	68.97
AYEL01068157.1:31531-31756(+,-)	66.97
AYEL01074053.1:23106-23271(+)	69.57
AYEL01034316.1:18914-19210(+,-)	65.85
AYEL01034909.1:40214-40449(+,-)	72.41
AYEL01046072.1:4152-4364(+,-)	66.39
AYEL01082336.1:19645-19868(+,-)	61.74
AYEL01079894.1:10147-10367(+,-)	64.35
AYEL01083033.1:3712-3927(+,-)	64.00
AYEL01080844.1:69498-69733(+,-)	69.32
AYEL01058415.1:1852-2307(+,-)	82.14
AYEL01091774.1:13274-13585(+,-)	61.60
AYEL01082084.1:9838-10040(+,-)	68.18
AYEL01087256.1:3804-4049(-)	63.36
AYEL01064531.1:37770-37983(+,-)	67.24
AYEL01074085.1:44922-45150(+,-)	65.49
AYEL01076529.1:15482-15730(+,-)	74.47
AYEL01047506.1:4205-4422(+,-)	62.67
AYEL01020357.1:705-897(+)	66.67
AYEL01087900.1:126324-126527(-)	61.26
AYEL01044629.1:11782-11977(+,-)	65.04
AYEL01078484.1:103555-103774(+,-)	64.08
AYEL01058165.1:11445-11675(+,-)	61.79
AYEL01070757.1:17004-17157(-)	71.74
AYEL01071006.1:302178-302394(+,-)	69.49
AYEL01089323.1:29722-30014(-)	67.03
AYEL01072170.1:14482-14712(+,-)	63.74
AYEL01080158.1:34199-34439(+,-)	63.79
AYEL01073155.1:1849-2068(+,-)	63.74
AYEL01061835.1:3637-3873(+,-)	62.77
AYEL01070847.1:42990-43189(+,-)	66.10
AYEL01079065.1:38951-39203(+,-)	63.96
AYEL01081227.1:32714-32935(+,-)	58.56
AYEL01091254.1:2197-2436(+,-)	68.13
AYEL01067136.1:9302-9526(+,-)	62.07
AYEL01062775.1:4426-4666(+,-)	73.33
AYEL01080476.1:13962-14159(-)	74.14
AYEL01075507.1:66540-66995(+,-)	63.27
AYEL01088813.1:52407-52621(+,-)	55.77
AYEL01075346.1:23578-23827(+,-)	61.21
AYEL01087802.1:26439-26679(+,-)	63.22
AYEL01058470.1:5699-5926(+,-)	74.07
AYEL01092037.1:1649-1881(+,-)	62.79
AYEL01029713.1:27153-27348(-)	63.86
AYEL01068785.1:10575-10806(+,-)	62.83
AYEL01091892.1:28507-28734(+,-)	62.39
AYEL01078581.1:2881-3162(+,-)	60.78
AYEL01091686.1:9236-9445(+,-)	63.16
AYEL01066945.1:115652-115858(+,-)	71.43
AYEL01068363.1:5596-5812(+,-)	64.13
AYEL01089381.1:4461-4682(+,-)	75.86
AYEL01089503.1:5239-5464(+)	75.61
AYEL01075074.1:27045-27233(+,-)	63.86
AYEL01086986.1:79404-79624(+,-)	66.67
AYEL01071243.1:34765-35002(+,-)	63.79
AYEL01083161.1:71388-71586(-)	66.67
AYEL01067837.1:5702-5913(-)	61.54
AYEL01082880.1:11811-12032(+,-)	62.93
AYEL01071406.1:21856-22091(+,-)	64.84
AYEL01083661.1:31845-32049(+,-)	62.86
AYEL01090050.1:13997-14211(+)	63.27
AYEL01074829.1:7331-7551(+,-)	69.57
AYEL01074592.1:49915-50103(+)	59.29
AYEL01054735.1:18543-18762(+,-)	63.87
AYEL01062174.1:1311-1541(+,-)	62.50
AYEL01073120.1:1088-1302(+,-)	64.13
AYEL01089165.1:20002-20237(+,-)	79.59
AYEL01090550.1:6157-6385(+,-)	67.03
AYEL01088797.1:500-686(-)	78.12
AYEL01082203.1:10025-10215(+,-)	69.49
AYEL01084532.1:11254-11483(+,-)	64.00
AYEL01075215.1:20879-21095(+,-)	61.70
AYEL01091075.1:16112-16334(+,-)	75.61
AYEL01091197.1:39045-39272(+,-)	70.33
AYEL01013768.1:144-356(+,-)	79.31
AYEL01065000.1:54856-55053(+,-)	77.27
AYEL01047184.1:34044-34258(+,-)	67.03
AYEL01084152.1:17311-17514(+,-)	68.35
AYEL01075473.1:13004-13240(+,-)	70.79
AYEL01046539.1:22553-22784(+,-)	61.90
AYEL01057405.1:57393-57797(+)	64.29
AYEL01055137.1:43436-43660(+,-)	67.09
AYEL01089752.1:23793-24006(+)	66.67
AYEL01081843.1:27136-27320(-)	74.36
AYEL01091035.1:8367-8590(+,-)	65.79
AYEL01070923.1:5395-5625(+,-)	62.77
AYEL01082533.1:83346-83542(+,-)	67.44
AYEL01049046.1:17100-17321(+,-)	63.41
AYEL01089640.1:4373-4605(+,-)	58.73
AYEL01084813.1:18549-18754(+,-)	60.76
AYEL01070333.1:54323-54548(+,-)	72.92
AYEL01080625.1:173327-173535(+,-)	62.14
AYEL01044419.1:6697-6932(+,-)	64.84
AYEL01069865.1:45160-45381(+,-)	68.00
AYEL01090189.1:9918-10110(+,-)	64.84
AYEL01077960.1:12242-12462(+,-)	65.48
AYEL01065407.1:17046-17281(+,-)	65.93
AYEL01085270.1:72929-73137(+,-)	74.51
AYEL01081286.1:41916-42139(+,-)	63.64
AYEL01013121.1:24953-25185(+,-)	63.51
AYEL01063582.1:29607-29976(+,-)	64.84
AYEL01037242.1:1216-1418(+,-)	63.56
AYEL01049889.1:1756-1978(+,-)	63.20
AYEL01031688.1:2924-3151(+,-)	62.73
AYEL01089499.1:2800-3001(+,-)	62.89
AYEL01073127.1:102580-102815(+,-)	62.50
AYEL01083486.1:7922-8162(+,-)	63.79
AYEL01091234.1:22551-22786(+,-)	64.84
AYEL01060407.1:8752-8963(+,-)	68.49
AYEL01070872.1:12034-12276(+)	62.50
AYEL01025826.1:16296-16530(+,-)	60.18
AYEL01058865.1:2821-3016(+)	68.25
AYEL01080625.1:59717-59980(+,-)	65.56
AYEL01055123.1:36842-37065(+,-)	66.94
AYEL01067490.1:3495-3724(+,-)	63.28
AYEL01087719.1:37461-37694(+,-)	71.19
AYEL01088380.1:4502-4747(+,-)	61.16
AYEL01053783.1:995-1211(+,-)	61.76
AYEL01019800.1:2482-2723(+,-)	72.84
AYEL01084924.1:17040-17274(+,-)	64.84
AYEL01081807.1:79497-79711(+,-)	68.97
AYEL01075039.1:171883-172106(+,-)	66.67
AYEL01079555.1:3351-3516(-)	79.41
AYEL01047977.1:37710-37939(+,-)	68.13
AYEL01044486.1:22313-22531(+,-)	63.49
AYEL01061863.1:27090-27300(+,-)	84.62
AYEL01066373.1:29775-29996(+,-)	56.65
AYEL01045728.1:34890-35313(+,-)	63.11
AYEL01076639.1:27100-27329(+,-)	68.48
AYEL01058489.1:21958-22186(+,-)	63.72
AYEL01072382.1:67423-67641(+,-)	69.15
AYEL01076253.1:47805-48034(+,-)	64.47
AYEL01033170.1:2043-2245(+,-)	67.69
AYEL01083782.1:5120-5555(+,-)	85.71
AYEL01062881.1:19074-19307(+)	63.16
AYEL01067990.1:15303-15521(+,-)	63.11
AYEL01047914.1:20337-20600(+,-)	63.51
AYEL01071176.1:19586-19787(+,-)	64.79
AYEL01077862.1:13145-13387(+,-)	66.30
AYEL01065587.1:42289-42518(+,-)	68.29
AYEL01036365.1:43848-44064(+,-)	71.43
AYEL01086919.1:57051-57469(+,-)	69.51
AYEL01074109.1:1113-1317(+)	73.08
AYEL01084884.1:16781-17020(+,-)	67.01
AYEL01081563.1:36745-36985(+,-)	75.00
AYEL01070280.1:26416-26584(-)	64.20
AYEL01086446.1:26567-26755(+)	70.37
AYEL01077481.1:2718-2944(+,-)	68.48
AYEL01060636.1:54579-54777(-)	68.75
AYEL01086634.1:2416-2650(+,-)	62.92
AYEL01045917.1:4101-4329(+,-)	66.67
AYEL01069992.1:18953-19183(+,-)	63.52
AYEL01085435.1:21933-22162(+,-)	65.82
AYEL01090488.1:6265-6468(+,-)	72.55
AYEL01079263.1:15236-15422(-)	60.00
AYEL01081845.1:116551-116769(+,-)	60.43
AYEL01075658.1:109328-109544(+,-)	67.39
AYEL01079333.1:63725-63911(+)	63.74
AYEL01083282.1:75103-75308(+,-)	59.73
AYEL01084639.1:11104-11358(+,-)	77.97
AYEL01088628.1:63195-63427(+,-)	72.73
AYEL01034033.1:11944-12393(+,-)	62.50
AYEL01091529.1:51561-51785(+,-)	63.04
AYEL01015533.1:31520-31745(+,-)	64.52
AYEL01066864.1:150139-150360(+,-)	70.51
AYEL01081206.1:70137-70407(-)	61.76
AYEL01039550.1:84619-84834(+,-)	71.91
AYEL01048972.1:2678-2961(+,-)	75.00
AYEL01087995.1:12065-12295(+,-)	68.13
AYEL01074937.1:4093-4331(+,-)	68.42
AYEL01083723.1:44046-44286(+,-)	61.17
AYEL01071456.1:2336-2538(+)	77.50
AYEL01070169.1:13177-13410(+,-)	67.78
AYEL01086891.1:15915-16107(-)	81.25
AYEL01066416.1:44620-44805(+)	70.73
AYEL01083224.1:151566-151780(+,-)	70.69
AYEL01066342.1:12103-12326(+,-)	61.42
AYEL01073134.1:6792-6995(+,-)	59.57
AYEL01070865.1:32681-32876(+)	66.23
AYEL01083604.1:50846-51101(+,-)	63.16
AYEL01065610.1:38787-38993(+)	71.19
AYEL01052366.1:33922-34142(+,-)	65.08
AYEL01076237.1:11119-11314(+)	67.03
AYEL01090243.1:27560-27774(-)	69.35
AYEL01026355.1:62092-62335(+,-)	68.35
AYEL01076544.1:17386-17621(+,-)	67.46
AYEL01084003.1:8832-9038(+)	63.16
AYEL01091096.1:39846-40037(+,-)	68.18
AYEL01091554.1:17831-18026(+,-)	60.49
AYEL01079457.1:11727-11936(+)	63.64
AYEL01006721.1:4450-4678(+,-)	67.95
AYEL01088475.1:44349-44578(+,-)	62.90
AYEL01010543.1:232-462(+,-)	59.26
AYEL01061402.1:33236-33465(+,-)	68.24
AYEL01081144.1:42466-42673(-)	66.38
AYEL01042969.1:222-463(+,-)	62.22
AYEL01064195.1:6893-7121(+,-)	61.72
AYEL01067756.1:22842-23065(+,-)	67.53
AYEL01080770.1:30223-30443(+,-)	66.67
AYEL01067290.1:28300-28505(+,-)	65.19
AYEL01077538.1:8027-8259(+,-)	65.00
AYEL01015643.1:1746-1983(+,-)	68.69
AYEL01087559.1:1393-1609(+)	69.23
AYEL01080735.1:14525-14743(+,-)	72.55
AYEL01067101.1:35689-35907(+,-)	64.10
AYEL01062083.1:2132-2348(+,-)	71.43
AYEL01079456.1:9173-9393(+,-)	64.79
AYEL01083275.1:20082-20252(+)	70.21
AYEL01084638.1:22280-22503(+,-)	61.06
AYEL01091935.1:12061-12260(+,-)	68.42
AYEL01050589.1:1287-1509(+,-)	62.64
AYEL01085088.1:8919-9140(+,-)	68.52
AYEL01070138.1:36740-36948(+,-)	63.29
AYEL01051188.1:13212-13428(+,-)	67.69
AYEL01056047.1:11512-11705(+,-)	64.91
AYEL01081839.1:56752-56973(+,-)	64.04
AYEL01065827.1:2261-2478(+,-)	67.50
AYEL01086587.1:47939-48156(+,-)	68.13
AYEL01071006.1:261488-261680(+,-)	67.86
AYEL01076429.1:23195-23441(+,-)	58.76
AYEL01063019.1:7948-8178(+,-)	62.40
AYEL01085604.1:26776-27012(+,-)	62.64
AYEL01065634.1:135485-135707(+,-)	62.18
AYEL01074940.1:1137-1377(+,-)	74.47
AYEL01077001.1:32940-33169(+,-)	64.89
AYEL01089326.1:717-952(+,-)	60.44
AYEL01089743.1:18564-18854(+,-)	64.84
AYEL01019065.1:20939-21146(+,-)	63.95
AYEL01054833.1:95689-95932(+,-)	59.48
AYEL01072790.1:13883-14094(+,-)	70.00
AYEL01080565.1:16346-16565(+,-)	64.84
AYEL01062344.1:27861-28106(+,-)	60.75
AYEL01068363.1:6895-7119(+,-)	63.64
AYEL01085373.1:16760-16988(+,-)	57.50
AYEL01082066.1:18599-18816(+,-)	63.16
AYEL01077066.1:75144-75335(-)	74.55
AYEL01081270.1:27194-27417(+,-)	69.57
AYEL01066386.1:27207-27396(-)	64.44
AYEL01046124.1:9603-9815(+)	59.22
AYEL01054389.1:9356-9590(+,-)	72.55
AYEL01065059.1:31782-32057(+,-)	67.82
AYEL01051329.1:4141-4360(+,-)	71.43
AYEL01049811.1:656-871(+,-)	68.13
AYEL01089563.1:114236-114543(+,-)	66.28
AYEL01081988.1:29134-29367(+,-)	63.74
AYEL01063772.1:43057-43226(-)	69.74
AYEL01084542.1:26972-27175(+)	75.86
AYEL01069598.1:59311-59462(-)	78.38
AYEL01078039.1:90647-90869(+,-)	65.75
AYEL01062508.1:8588-8806(+,-)	62.70
AYEL01058633.1:1716-1950(+,-)	68.89
AYEL01087353.1:34536-34774(+,-)	72.09
AYEL01075688.1:2448-2685(+,-)	68.13
AYEL01051802.1:1945-2135(+)	65.38
AYEL01048732.1:45407-45591(+,-)	78.43
AYEL01079951.1:22877-23070(+,-)	67.74
AYEL01080798.1:32126-32354(+,-)	68.18
AYEL01066346.1:11464-11694(+,-)	71.43
AYEL01078080.1:49164-49382(+,-)	64.22
AYEL01084025.1:3608-3809(+)	60.76
AYEL01065796.1:59557-59792(+,-)	68.13
AYEL01024930.1:4553-4766(+,-)	70.11
AYEL01071930.1:9789-9988(-)	78.79
AYEL01060139.1:26434-26650(+,-)	59.65
AYEL01015480.1:7808-8015(+,-)	68.33
AYEL01062719.1:15489-15711(+,-)	64.04
AYEL01074361.1:9265-9552(+)	68.13
AYEL01009032.1:34663-34872(+,-)	63.83
AYEL01091596.1:939-1125(-)	61.64
AYEL01056047.1:23993-24194(+)	68.42
AYEL01081980.1:101776-102043(-)	66.67
AYEL01074095.1:45755-45969(+,-)	62.40
AYEL01051160.1:652-868(+,-)	56.97
AYEL01053846.1:6432-6596(-)	74.00
AYEL01079065.1:32729-32993(+,-)	68.75
AYEL01091902.1:64408-64621(+,-)	60.42
AYEL01038994.1:2513-2736(+,-)	61.90
AYEL01087868.1:25304-25524(+,-)	68.42
AYEL01069445.1:24371-24580(+,-)	57.78
AYEL01088243.1:29283-29493(+)	65.12
AYEL01077397.1:2524-2710(+)	61.54
AYEL01064665.1:27939-28155(-)	64.04
AYEL01072432.1:6814-7041(+,-)	64.29
AYEL01088798.1:31523-31751(+,-)	74.39
AYEL01077422.1:30603-30843(+,-)	65.71
AYEL01037209.1:16124-16347(+,-)	63.75
AYEL01085757.1:106277-106520(+,-)	68.49
AYEL01091137.1:91413-91635(+,-)	65.87
AYEL01067525.1:465-664(+,-)	59.77
AYEL01072864.1:42475-42710(+,-)	67.03
AYEL01023989.1:17503-17714(+,-)	69.23
AYEL01079735.1:1509-1721(+,-)	68.75
AYEL01024920.1:77412-77631(+,-)	70.31
AYEL01071777.1:13602-13798(+,-)	64.89
AYEL01061909.1:4587-4828(+,-)	70.45
AYEL01068336.1:14482-14709(+,-)	65.91
AYEL01079149.1:27043-27263(+,-)	61.42
AYEL01086228.1:100833-101057(+,-)	60.63
AYEL01092033.1:53937-54160(+,-)	59.20
AYEL01078923.1:54286-54440(+)	71.43
AYEL01071925.1:13728-13954(+,-)	72.37
AYEL01016499.1:28304-28549(+,-)	68.13
AYEL01073326.1:31725-31925(+,-)	70.15
AYEL01066735.1:2719-2931(+,-)	67.74
AYEL01080211.1:182103-182304(+,-)	63.83
AYEL01071408.1:46793-47019(+,-)	64.52
AYEL01081321.1:3026-3224(+)	72.00
AYEL01029386.1:1667-1891(+,-)	70.69
AYEL01012253.1:36248-36479(+,-)	59.65
AYEL01085604.1:6721-6945(+,-)	67.44
AYEL01073760.1:78404-78621(+,-)	68.13
AYEL01063682.1:7083-7296(+,-)	64.84
AYEL01055116.1:897-1094(+,-)	66.67
AYEL01073799.1:26247-26458(-)	60.00
AYEL01075159.1:112814-113041(+,-)	63.96
AYEL01064600.1:16995-17155(-)	67.65
AYEL01072704.1:27192-27403(+)	63.33
AYEL01056272.1:104338-104577(+,-)	73.61
AYEL01081294.1:69098-69324(+,-)	74.42
AYEL01041131.1:307-587(-)	63.74
AYEL01069603.1:26177-26415(+,-)	66.29
AYEL01088273.1:2985-3185(+,-)	66.67
AYEL01090543.1:3417-3606(+,-)	75.68
AYEL01043461.1:79948-80175(+,-)	72.22
AYEL01081993.1:30558-30781(+,-)	77.08
AYEL01054630.1:65906-66140(+,-)	54.90
AYEL01085046.1:6597-6836(+,-)	68.13
AYEL01081361.1:60344-60620(+,-)	66.18
AYEL01087579.1:13878-14067(+,-)	64.13
AYEL01057105.1:17169-17370(+,-)	58.68
AYEL01064214.1:681-937(+,-)	65.49
AYEL01063454.1:27442-27671(+,-)	77.55
AYEL01058011.1:28120-28350(+,-)	64.13
AYEL01068363.1:6611-6860(+,-)	75.47
AYEL01069645.1:444-632(-)	65.22
AYEL01079761.1:23882-24072(+)	78.05
AYEL01085055.1:4323-4537(+)	66.18
AYEL01084814.1:27859-28162(+,-)	59.82
AYEL01064617.1:9473-9714(+,-)	70.73
AYEL01070023.1:38240-38455(+,-)	70.24
AYEL01070163.1:4050-4270(+,-)	65.93
AYEL01021112.1:11064-11279(+,-)	72.94
AYEL01063467.1:24048-24238(+)	70.59
AYEL01070333.1:11690-11888(-)	57.89
AYEL01066683.1:57023-57247(+,-)	68.12
AYEL01032812.1:11744-11963(+,-)	66.67
AYEL01038166.1:21728-21949(+,-)	63.28
AYEL01047506.1:1736-1957(+,-)	69.23
AYEL01091098.1:48639-48862(+,-)	60.00
AYEL01076296.1:14709-14925(+,-)	70.79
AYEL01083801.1:9946-10162(+,-)	65.22
AYEL01080780.1:41651-41933(+,-)	68.13
AYEL01050691.1:10450-10673(+,-)	60.23
AYEL01044921.1:2386-2597(+,-)	59.38
AYEL01023219.1:370-555(-)	72.22
AYEL01061302.1:11373-11598(+,-)	64.71
AYEL01065941.1:26006-26252(+,-)	57.75
AYEL01069763.1:4775-4966(-)	69.66
AYEL01078795.1:48107-48330(+)	75.61
AYEL01016133.1:197-483(+,-)	67.03
AYEL01077880.1:18300-18524(+,-)	64.86
AYEL01053426.1:69477-69687(+,-)	62.92
AYEL01075105.1:36855-37076(+,-)	70.73
AYEL01056735.1:26069-26266(+,-)	68.66
AYEL01090812.1:32058-32255(+,-)	70.67
AYEL01091005.1:7926-8112(+,-)	67.11
AYEL01083505.1:70-287(+,-)	69.66
AYEL01042550.1:20197-20413(+,-)	76.60
AYEL01084198.1:1899-2109(+,-)	62.37
AYEL01089772.1:9325-9563(+,-)	68.97
AYEL01073081.1:22076-22290(+,-)	69.49
AYEL01084002.1:88158-88363(+,-)	80.00
AYEL01092079.1:9089-9287(+,-)	62.14
AYEL01043478.1:45376-45561(-)	68.85
AYEL01082058.1:15475-15729(+,-)	60.00
AYEL01054499.1:19988-20222(+,-)	58.12
AYEL01077400.1:61849-62067(+)	62.07
AYEL01070750.1:4768-4984(+,-)	71.91
AYEL01080992.1:11875-12108(+,-)	65.56
AYEL01038801.1:50632-50860(+,-)	62.28
AYEL01044598.1:26427-26626(+,-)	65.52
AYEL01073378.1:11985-12211(+,-)	65.52
AYEL01045733.1:44185-44416(+,-)	60.00
AYEL01071688.1:9788-10015(+,-)	60.47
AYEL01066898.1:26820-27005(+,-)	58.02
AYEL01072872.1:56686-56896(+,-)	73.91
AYEL01039911.1:13791-14117(+,-)	66.94
AYEL01021623.1:13628-13838(+)	72.97
AYEL01063904.1:96327-96549(+,-)	60.50
AYEL01082740.1:30018-30231(+)	71.19
AYEL01082034.1:19238-19447(+,-)	64.91
AYEL01083428.1:52790-53013(+,-)	61.90
AYEL01063848.1:754-1060(+,-)	61.19
AYEL01078079.1:49747-49982(+,-)	64.84
AYEL01064773.1:4622-4835(+,-)	60.82
AYEL01082133.1:46243-46482(+,-)	68.13
AYEL01065786.1:13102-13313(+,-)	73.33
AYEL01064556.1:17326-17533(+,-)	72.34
AYEL01088602.1:9343-9684(+,-)	74.58
AYEL01057406.1:79003-79211(+,-)	66.67
AYEL01083937.1:43885-44125(+,-)	60.33
AYEL01062827.1:12503-12714(+)	67.80
AYEL01064723.1:59652-59879(+,-)	69.62
AYEL01075347.1:54895-55124(+,-)	62.86
AYEL01076492.1:9418-9628(+,-)	70.83
AYEL01062348.1:9167-9388(+,-)	61.47
AYEL01089300.1:7385-7620(+,-)	67.78
AYEL01052633.1:12474-12711(+,-)	65.56
AYEL01089501.1:5293-5521(+,-)	65.22
AYEL01077781.1:46523-46708(+,-)	64.94
AYEL01070202.1:12333-12567(+,-)	68.18
AYEL01088078.1:19892-20119(+,-)	72.09
AYEL01021445.1:198-509(+,-)	63.74
AYEL01026809.1:10292-10525(+,-)	65.93
AYEL01068453.1:18551-18769(-)	64.06
AYEL01083917.1:94736-94947(-)	57.78
AYEL01015940.1:50201-50427(+,-)	71.67
AYEL01062561.1:18578-18805(+,-)	69.23
AYEL01081547.1:5726-5967(+,-)	73.49
AYEL01085028.1:10629-10847(+,-)	72.73
AYEL01064168.1:3438-3636(+,-)	68.75
AYEL01085776.1:38536-38771(+,-)	65.93
AYEL01086139.1:6491-6733(+,-)	75.38
AYEL01083375.1:10604-10810(+,-)	64.29
AYEL01072787.1:93243-93473(+,-)	64.84
AYEL01078237.1:30037-30261(+,-)	77.59
AYEL01070206.1:118808-119039(+,-)	68.75
AYEL01082261.1:177328-177530(-)	71.74
AYEL01068605.1:21431-21663(+,-)	68.18
AYEL01075102.1:10480-10669(+,-)	67.92
AYEL01083428.1:66436-66652(+,-)	77.08
AYEL01049471.1:50043-50197(+)	67.24
AYEL01078554.1:24060-24261(+,-)	69.57
AYEL01083007.1:28034-28220(-)	73.08
AYEL01015643.1:17305-17513(+)	60.44
AYEL01081789.1:127525-127716(+,-)	65.62
AYEL01088931.1:30278-30491(+,-)	71.59
AYEL01080730.1:11850-12071(+,-)	64.44
AYEL01083002.1:1394-1623(+,-)	61.90
AYEL01081702.1:11592-11827(+,-)	65.93
AYEL01091114.1:36388-36596(+,-)	58.23
AYEL01072717.1:6580-6846(+,-)	63.75
AYEL01075029.1:6704-6896(+,-)	67.09
AYEL01037030.1:53626-53848(-)	64.56
AYEL01074283.1:69645-69867(+,-)	61.60
AYEL01085581.1:67628-67820(-)	78.57
AYEL01087427.1:55922-56150(+,-)	62.50
AYEL01077034.1:7362-7597(+,-)	68.09
AYEL01078360.1:6410-6644(+,-)	58.41
AYEL01084547.1:19518-19749(+,-)	74.12
AYEL01049819.1:49279-49504(+,-)	67.11
AYEL01077915.1:44406-44636(+,-)	67.78
AYEL01073746.1:55187-55380(+,-)	73.81
AYEL01087537.1:107264-107480(+,-)	61.45
AYEL01076025.1:34780-35002(+,-)	63.96
AYEL01060187.1:7618-7836(+,-)	73.33
AYEL01074361.1:19602-19820(+,-)	60.18
AYEL01064340.1:69509-69735(+,-)	64.86
AYEL01067930.1:9243-9478(+,-)	67.09
AYEL01080819.1:13686-13929(+,-)	68.13
AYEL01088261.1:84499-84823(-)	67.74
AYEL01066521.1:8285-8728(+,-)	73.85
AYEL01060674.1:30292-30496(-)	72.41
AYEL01088080.1:55194-55354(+)	69.57
AYEL01064617.1:73438-73672(+,-)	65.18
AYEL01078173.1:8484-8719(+,-)	65.93
AYEL01071142.1:2239-2459(+,-)	69.44
AYEL01075748.1:17348-17574(+,-)	71.11
AYEL01082985.1:17235-17456(+,-)	66.40
AYEL01061125.1:23844-24045(+,-)	63.55
AYEL01072174.1:17077-17303(-)	61.36
AYEL01076698.1:946-1149(+)	63.92
AYEL01029591.1:0-207(+,-)	75.36
AYEL01084047.1:60525-60758(+,-)	62.50
AYEL01068659.1:43658-43895(+,-)	65.82
AYEL01084986.1:64413-64630(+,-)	66.15
AYEL01070576.1:8279-8499(+,-)	66.30
AYEL01082784.1:117364-117580(+,-)	75.93
AYEL01046495.1:2934-3179(+,-)	64.04
AYEL01085424.1:141204-141419(-)	64.47
AYEL01076204.1:17499-17707(+,-)	67.27
AYEL01085765.1:49746-49952(+,-)	58.18
AYEL01086063.1:6647-6879(+,-)	66.30
AYEL01078547.1:4434-4667(+,-)	68.52
AYEL01056197.1:21926-22141(+,-)	65.85
AYEL01068870.1:35456-35668(+,-)	80.33
AYEL01024123.1:35025-35249(+,-)	59.57
AYEL01086560.1:29302-29486(+)	64.17
AYEL01090905.1:12016-12260(+,-)	65.93
AYEL01078594.1:41225-41439(-)	68.18
AYEL01067101.1:6343-6771(+,-)	60.53
AYEL01066966.1:27811-28049(+,-)	67.09
AYEL01076530.1:4956-5140(+)	67.53
AYEL01090811.1:36697-36899(+,-)	70.18
AYEL01080645.1:33127-33322(+,-)	66.67
AYEL01067794.1:97137-97341(+,-)	65.17
AYEL01074724.1:5491-5692(-)	67.86
AYEL01056399.1:1935-2129(+)	67.76
AYEL01046556.1:18516-18720(+,-)	64.41
AYEL01031688.1:1432-1648(+,-)	70.33
AYEL01087897.1:1881-2099(+,-)	60.58
AYEL01076791.1:17323-17534(+,-)	69.32
AYEL01016825.1:336-561(+,-)	79.07
AYEL01072046.1:23533-23734(+,-)	60.71
AYEL01065925.1:11361-11795(+,-)	61.36
AYEL01062751.1:15907-16119(+,-)	70.18
AYEL01068335.1:24240-24479(+,-)	62.22
AYEL01075426.1:29029-29262(+,-)	66.67
AYEL01048915.1:51446-51661(+,-)	68.92
AYEL01052634.1:77386-77577(+,-)	64.44
AYEL01077283.1:10294-10528(+,-)	65.91
AYEL01059190.1:28721-28957(+,-)	67.07
AYEL01053396.1:11824-12045(+,-)	64.81
AYEL01050319.1:21325-21530(+,-)	69.47
AYEL01076342.1:34836-35064(+,-)	63.11
AYEL01081286.1:41341-41500(+)	64.81
AYEL01087904.1:2144-2373(-)	70.83
AYEL01077901.1:2673-2865(+,-)	55.81
AYEL01067219.1:14218-14432(+,-)	67.39
AYEL01060040.1:15992-16180(+)	65.93
AYEL01064160.1:101907-102107(+,-)	62.93
AYEL01023374.1:69-280(+,-)	69.49
AYEL01087707.1:1523-1746(+,-)	61.11
AYEL01064576.1:28082-28288(+,-)	73.33
AYEL01030853.1:3425-3618(+)	60.80
AYEL01088269.1:46643-46849(+)	62.92
AYEL01065794.1:21968-22237(+,-)	60.34
AYEL01076624.1:16060-16291(+,-)	68.06
AYEL01074102.1:49128-49328(+,-)	66.25
AYEL01073211.1:58916-59142(+,-)	60.16
AYEL01075448.1:11217-11453(+,-)	64.15
AYEL01085197.1:53149-53382(+,-)	60.16
AYEL01076146.1:9568-9796(+,-)	69.32
AYEL01046893.1:15756-15993(+,-)	71.43
AYEL01091831.1:5492-5717(+,-)	74.71
AYEL01057535.1:14848-15063(+)	68.35
AYEL01075071.1:37153-37389(+,-)	64.84
AYEL01064359.1:61333-61566(+,-)	67.03
AYEL01063143.1:52755-52957(+,-)	73.47
AYEL01062235.1:3867-4138(+)	65.93
AYEL01084863.1:18248-18476(+,-)	65.42
AYEL01075580.1:36745-36985(+,-)	69.57
AYEL01085046.1:10101-10308(+,-)	65.38
AYEL01048861.1:5152-5363(+,-)	69.23
AYEL01076252.1:60991-61201(-)	62.63
AYEL01065671.1:14854-15074(+,-)	68.48
AYEL01068984.1:989-1209(+,-)	67.06
AYEL01041438.1:17791-17989(+)	61.70
AYEL01078126.1:24048-24315(+,-)	70.91
AYEL01058920.1:56668-56865(+,-)	68.06
AYEL01077296.1:18414-18639(+,-)	62.73
AYEL01079851.1:1921-2147(+,-)	69.23
AYEL01069380.1:6123-6339(+)	67.03
AYEL01084664.1:29484-29779(-)	64.44
AYEL01056052.1:3539-3754(+,-)	67.19
AYEL01083063.1:10667-10864(+,-)	65.85
AYEL01064989.1:23965-24178(+,-)	68.60
AYEL01061385.1:21575-21782(+,-)	68.29
AYEL01089619.1:47514-47726(+,-)	72.88
AYEL01073821.1:1651-1869(+,-)	64.86
AYEL01083453.1:63488-63710(+,-)	70.69
AYEL01022533.1:26403-26630(+,-)	65.17
AYEL01064803.1:1256-1682(+,-)	70.45
AYEL01056051.1:12117-12351(+,-)	67.03
AYEL01078251.1:6677-6912(+,-)	64.49
AYEL01075635.1:28234-28431(+,-)	64.52
AYEL01071905.1:21981-22202(+,-)	82.35
AYEL01059446.1:25848-26079(+,-)	65.93
AYEL01076955.1:11949-12098(-)	68.09
AYEL01085226.1:138317-138575(+,-)	67.80
AYEL01086214.1:10538-10708(+)	69.57
AYEL01071580.1:1331-1557(+,-)	65.08
AYEL01070374.1:6687-6914(+,-)	62.64
AYEL01053548.1:15155-15570(+,-)	60.64
AYEL01039612.1:16947-17174(+,-)	64.29
AYEL01082564.1:8994-9203(+,-)	64.56
AYEL01064549.1:11454-11674(+,-)	65.62
AYEL01041162.1:15942-16171(+,-)	68.60
AYEL01068774.1:47650-47884(+,-)	64.84
AYEL01068416.1:1973-2184(+,-)	65.91
AYEL01089344.1:5980-6209(+,-)	66.67
AYEL01074390.1:18422-18705(+,-)	64.71
AYEL01076023.1:20587-20806(+,-)	60.98
AYEL01051760.1:1998-2221(+,-)	60.62
AYEL01055560.1:10989-11219(+,-)	67.03
AYEL01039442.1:23312-23531(+,-)	74.68
AYEL01084013.1:6485-6667(-)	68.52
AYEL01073593.1:352-589(+,-)	65.93
AYEL01046584.1:54599-54795(+)	59.38
AYEL01055137.1:45357-45581(+,-)	64.77
AYEL01079568.1:10403-10617(+,-)	65.93
AYEL01085422.1:1542-1789(+,-)	80.65
AYEL01068577.1:17507-17714(+,-)	63.33
AYEL01030947.1:26054-26245(-)	69.05
AYEL01027677.1:89046-89258(+,-)	62.92
AYEL01075159.1:108906-109130(+,-)	65.00
AYEL01077915.1:78291-78513(+,-)	61.60
AYEL01039631.1:48828-49050(+,-)	74.14
AYEL01073727.1:142579-142790(+,-)	64.15
AYEL01050907.1:11543-11774(+,-)	65.04
AYEL01047976.1:73536-73706(-)	63.10
AYEL01000480.1:406-628(+,-)	64.91
AYEL01061125.1:9545-9761(+,-)	61.40
AYEL01074306.1:17408-17616(+,-)	70.51
AYEL01090008.1:15993-16187(+,-)	65.67
AYEL01089157.1:50784-51045(+,-)	64.29
AYEL01065597.1:11875-12090(+,-)	68.35
AYEL01073367.1:30684-30910(+,-)	64.84
AYEL01016583.1:1675-1895(-)	64.23
AYEL01076421.1:49626-49840(+,-)	68.89
AYEL01089392.1:51215-51405(+)	70.37
AYEL01081599.1:36898-37113(+,-)	61.83
AYEL01068269.1:13984-14190(+,-)	60.34
AYEL01086688.1:12583-12863(+,-)	61.06
AYEL01092035.1:17270-17460(-)	63.22
AYEL01073360.1:50292-50483(-)	70.77
AYEL01083854.1:9055-9276(+,-)	62.96
AYEL01077280.1:43994-44178(+)	74.55
AYEL01061514.1:19447-19734(+,-)	61.86
AYEL01070023.1:175736-175966(+,-)	65.38
AYEL01085610.1:21676-21886(-)	65.93
AYEL01083081.1:8206-8436(+,-)	63.71
AYEL01082221.1:20187-20401(+,-)	68.00
AYEL01079323.1:6424-6651(+,-)	67.27
AYEL01084733.1:13549-13760(+,-)	71.05
AYEL01075100.1:28590-28806(-)	81.82
AYEL01054695.1:49874-50094(+,-)	63.49
AYEL01057040.1:1025-1228(+,-)	73.68
AYEL01080971.1:8375-8569(-)	68.85
AYEL01070023.1:176060-176262(+,-)	74.55
AYEL01069994.1:15455-15681(+,-)	65.15
AYEL01074290.1:56297-56512(+,-)	66.67
AYEL01069875.1:88728-88931(+,-)	70.45
AYEL01082109.1:2577-2843(-)	58.72
AYEL01056204.1:796-1019(+,-)	62.70
AYEL01078876.1:115631-115843(-)	69.77
AYEL01076705.1:17666-17888(+,-)	59.65
AYEL01077858.1:43610-43840(+,-)	67.78
AYEL01086542.1:11982-12210(+,-)	67.09
AYEL01066052.1:10226-10438(+,-)	64.37
AYEL01089779.1:5497-5727(+,-)	61.76
AYEL01069296.1:1120-1318(+,-)	74.24
AYEL01060187.1:10682-10911(+,-)	60.16
AYEL01087644.1:16100-16295(-)	68.33
AYEL01086854.1:9668-9878(-)	60.76
AYEL01084654.1:89996-90198(+,-)	62.50
AYEL01083343.1:4116-4303(+)	61.06
AYEL01062167.1:1504-1766(+,-)	66.67
AYEL01063189.1:10133-10361(+,-)	70.73
AYEL01043468.1:22272-22495(+,-)	61.21
AYEL01070282.1:27412-27620(+,-)	69.05
AYEL01069708.1:22479-22717(+,-)	62.86
AYEL01076465.1:48948-49167(+,-)	69.32
AYEL01067499.1:63014-63247(+,-)	65.82
AYEL01028422.1:194-468(+,-)	68.35
AYEL01085218.1:2341-2589(+,-)	64.21
AYEL01063099.1:289-505(+,-)	69.66
AYEL01073969.1:13887-14071(+)	65.75
AYEL01047196.1:51527-51736(+,-)	63.56
AYEL01021378.1:1333-1564(+,-)	60.23
AYEL01080982.1:30790-30998(+,-)	66.25
AYEL01085457.1:49733-49948(+,-)	70.31
AYEL01085622.1:3033-3246(+)	66.67
AYEL01086091.1:27390-27623(+,-)	74.47
AYEL01075938.1:80748-81022(+)	64.84
AYEL01081892.1:18831-19046(+,-)	63.04
AYEL01092062.1:33909-34199(+,-)	72.31
AYEL01075436.1:6703-6927(+,-)	61.96
AYEL01084552.1:4084-4319(+,-)	62.50
AYEL01079899.1:23214-23462(+,-)	61.11
AYEL01060457.1:49598-49791(-)	70.33
AYEL01060325.1:19385-19642(+,-)	63.33
AYEL01034999.1:171-452(+,-)	68.89
AYEL01006513.1:7146-7363(+,-)	64.10
AYEL01089379.1:34326-34576(+,-)	64.42
AYEL01073094.1:21339-21562(+,-)	61.61
AYEL01084383.1:2899-3140(+,-)	73.86
AYEL01077594.1:2407-2618(+,-)	67.80
AYEL01084881.1:48459-48749(+,-)	64.06
AYEL01089451.1:19322-19563(+,-)	71.74
AYEL01071028.1:87836-87994(+)	62.32
AYEL01079027.1:2158-2381(+,-)	63.49
AYEL01088314.1:18771-18998(+,-)	60.33
AYEL01075946.1:16674-16879(+,-)	58.62
AYEL01061727.1:31735-31956(+,-)	70.00
AYEL01082566.1:12155-12392(+,-)	67.03
AYEL01065678.1:14769-14997(+,-)	69.51
AYEL01020083.1:14256-14478(+,-)	62.20
AYEL01091096.1:25079-25289(+,-)	71.59
AYEL01082667.1:23713-23947(+,-)	59.26
AYEL01065056.1:12333-12549(+,-)	63.11
AYEL01059285.1:9786-10010(+,-)	66.07
AYEL01075105.1:29810-30029(+,-)	63.16
AYEL01073492.1:51442-51676(+,-)	69.62
AYEL01077660.1:48499-48707(+,-)	64.71
AYEL01083808.1:9671-9892(+,-)	60.87
AYEL01074570.1:178937-179137(+)	77.05
AYEL01069375.1:2909-3099(+)	69.64
AYEL01057464.1:10456-10662(+)	67.50
AYEL01047989.1:35762-35976(+,-)	68.18
AYEL01066102.1:38057-38309(+,-)	63.53
AYEL01036678.1:8644-8915(+,-)	71.43
AYEL01069446.1:35473-35696(+,-)	65.79
AYEL01085550.1:13853-14073(+,-)	70.51
AYEL01084573.1:69228-69434(+,-)	65.91
AYEL01087033.1:10318-10529(+,-)	62.71
AYEL01061546.1:13546-13770(+,-)	64.00
AYEL01060615.1:20415-20623(+,-)	69.33
AYEL01080156.1:4986-5194(+,-)	59.75
AYEL01072915.1:2561-2783(+,-)	62.40
AYEL01090954.1:26631-26866(+,-)	61.72
AYEL01080694.1:51964-52198(+,-)	67.03
AYEL01077574.1:96479-96682(+,-)	62.14
AYEL01066127.1:63923-64164(+,-)	64.84
AYEL01080771.1:1346-1543(+,-)	80.49
AYEL01068094.1:22687-22916(+,-)	72.00
AYEL01042200.1:3064-3299(+,-)	68.13
AYEL01087310.1:36478-36704(+,-)	62.50
AYEL01083566.1:14452-14677(+,-)	68.06
AYEL01058951.1:3417-3630(+,-)	69.23
AYEL01061768.1:21458-21852(+,-)	70.59
AYEL01053173.1:17810-18024(+,-)	66.38
AYEL01078893.1:2875-3097(+,-)	62.92
AYEL01002180.1:161-378(+,-)	63.21
AYEL01079582.1:70964-71184(+,-)	58.49
AYEL01077156.1:1738-2177(+,-)	64.84
AYEL01065505.1:3105-3299(+,-)	64.84
AYEL01065970.1:46471-46662(+)	65.79
AYEL01085027.1:12013-12227(+,-)	64.56
AYEL01088269.1:46269-46475(+)	62.92
AYEL01089166.1:46477-46714(+,-)	75.00
AYEL01053642.1:52589-52819(+,-)	69.62
AYEL01060773.1:16651-16848(-)	61.67
AYEL01079377.1:32134-32369(+,-)	69.23
AYEL01070210.1:20710-20926(+,-)	60.00
AYEL01026594.1:31372-31674(+,-)	73.33
AYEL01088243.1:20614-20837(+,-)	64.37
AYEL01081649.1:61734-61971(+,-)	61.84
AYEL01075183.1:20890-21090(+,-)	64.52
AYEL01066869.1:49327-49550(+,-)	62.16
AYEL01070258.1:6494-6699(+,-)	70.33
AYEL01073735.1:11137-11341(+,-)	71.05
AYEL01021135.1:44418-44628(+,-)	65.93
AYEL01080606.1:3295-3503(+,-)	67.95
AYEL01087702.1:29787-30007(-)	68.48
AYEL01071152.1:52984-53181(+,-)	61.73
AYEL01089906.1:32940-33147(+,-)	61.18
AYEL01046540.1:8904-9305(+,-)	63.72
AYEL01080674.1:15558-15789(+,-)	67.39
AYEL01072074.1:5801-6018(+,-)	65.93
AYEL01082521.1:43072-43290(+,-)	59.34
AYEL01068952.1:70053-70270(+,-)	65.77
AYEL01085652.1:27366-27599(+,-)	69.23
AYEL01081892.1:25494-25716(+,-)	61.72
AYEL01088878.1:65701-65923(+,-)	61.21
AYEL01062197.1:44053-44260(-)	74.29
AYEL01085469.1:2513-2741(+,-)	61.45
AYEL01068267.1:34523-34708(-)	67.47
AYEL01088641.1:9133-9355(+,-)	70.97
AYEL01020690.1:47374-47604(+,-)	65.96
AYEL01085560.1:6511-6737(+,-)	68.24
AYEL01084135.1:41029-41213(-)	66.10
AYEL01062108.1:27582-27796(+)	67.80
AYEL01075387.1:21101-21330(+,-)	79.17
AYEL01083764.1:9215-9430(+,-)	69.23
AYEL01065563.1:127455-127671(+,-)	63.49
AYEL01083282.1:25641-25839(+,-)	70.21
AYEL01067127.1:2249-2461(+,-)	71.08
AYEL01048758.1:4759-5046(+,-)	63.48
AYEL01085141.1:19881-20163(+,-)	65.93
AYEL01088770.1:2425-2666(+,-)	66.67
AYEL01088160.1:683-1054(+,-)	65.93
AYEL01079915.1:10467-10743(+,-)	64.84
AYEL01076954.1:93496-93712(+)	61.94
AYEL01036053.1:63154-63365(+,-)	60.27
AYEL01071540.1:71509-71773(+,-)	67.80
AYEL01072920.1:4425-4637(+,-)	71.59
AYEL01090317.1:4680-4904(+,-)	65.56
AYEL01054671.1:14021-14227(+,-)	65.00
AYEL01074923.1:3710-3946(+,-)	60.87
AYEL01082113.1:18171-18374(+,-)	70.59
AYEL01055778.1:9327-9550(+,-)	64.77
AYEL01080731.1:45658-45853(+,-)	77.97
AYEL01056321.1:22160-22381(+,-)	72.41
AYEL01056319.1:30950-31173(+,-)	70.00
AYEL01090382.1:27332-27538(+,-)	77.42
AYEL01042853.1:12912-13125(+,-)	71.43
AYEL01077832.1:21123-21319(+,-)	61.95
AYEL01073397.1:3159-3392(+,-)	62.75
AYEL01060457.1:23506-23853(+,-)	61.86
AYEL01081581.1:1708-1937(+,-)	64.84
AYEL01091879.1:56424-56641(+,-)	64.81
AYEL01080045.1:17177-17395(+,-)	60.87
AYEL01076496.1:1402-1634(+,-)	66.67
AYEL01089343.1:30595-30937(+,-)	65.26
AYEL01074952.1:56631-56857(+,-)	74.07
AYEL01086971.1:27876-28099(+,-)	64.86
AYEL01087865.1:25368-25611(+,-)	72.97
AYEL01090145.1:15888-16144(+,-)	69.09
AYEL01065457.1:30091-30313(+,-)	63.41
AYEL01088616.1:9419-9684(+)	69.64
AYEL01083472.1:35837-36073(+,-)	63.10
AYEL01045858.1:2607-2807(+,-)	70.00
AYEL01078615.1:21050-21272(+,-)	63.64
AYEL01091690.1:8108-8343(+,-)	65.56
AYEL01091256.1:34677-34910(+,-)	64.77
AYEL01046591.1:32477-32683(+,-)	59.84
AYEL01069978.1:20278-20471(+,-)	65.93
AYEL01084981.1:70930-71145(+,-)	65.33
AYEL01088544.1:26385-26598(+,-)	68.89
AYEL01085046.1:7160-7390(+,-)	68.13
AYEL01084422.1:111693-112114(+,-)	73.49
AYEL01074557.1:25014-25231(+,-)	68.97
AYEL01078738.1:50729-50944(+,-)	68.25
AYEL01071639.1:19935-20169(+,-)	59.84
AYEL01051285.1:5982-6225(+,-)	63.11
AYEL01074488.1:26615-26822(+)	69.51
AYEL01085680.1:4925-5159(+,-)	67.03
AYEL01069415.1:30363-30555(+)	60.78
AYEL01076930.1:22060-22288(+,-)	74.68
AYEL01090156.1:20825-21027(+,-)	62.22
AYEL01082336.1:32683-32880(-)	74.55
AYEL01065622.1:34869-35083(+)	63.29
AYEL01066622.1:6936-7145(+,-)	71.74
AYEL01078687.1:50447-50682(+,-)	71.59
AYEL01071365.1:40156-40391(+,-)	67.03
AYEL01084731.1:56860-57081(+,-)	71.43
AYEL01027296.1:105292-105522(+,-)	57.39
AYEL01087281.1:54193-54411(+,-)	63.74
AYEL01058534.1:4624-4848(+,-)	71.58
AYEL01087584.1:56425-56689(+)	65.22
AYEL01069153.1:4001-4240(+,-)	67.42
AYEL01081425.1:4926-5151(+,-)	73.33
AYEL01077791.1:9687-9915(+,-)	68.48
AYEL01077939.1:12802-13022(+,-)	73.58
AYEL01079998.1:49629-49842(+,-)	63.11
AYEL01065996.1:17762-17980(+,-)	60.22
AYEL01064581.1:17428-17622(+)	60.53
AYEL01044296.1:11736-11985(+,-)	83.33
AYEL01085131.1:66755-66974(+)	62.22
AYEL01090879.1:22665-22885(+,-)	60.61
AYEL01078590.1:5801-6028(+,-)	62.07
AYEL01086483.1:20213-20419(-)	57.83
AYEL01055139.1:25-229(+)	61.90
AYEL01053015.1:1887-2137(+,-)	66.67
AYEL01082318.1:86062-86297(+,-)	65.56
AYEL01050888.1:100510-100715(+,-)	70.00
AYEL01077801.1:8587-8776(-)	61.60
AYEL01091538.1:51070-51273(+,-)	67.95
AYEL01075744.1:26880-27102(+,-)	68.48
AYEL01090621.1:8883-9272(+,-)	74.67
AYEL01091373.1:17876-18072(+,-)	68.66
AYEL01070144.1:42757-42994(+,-)	66.67
AYEL01075831.1:24628-24863(+,-)	68.13
AYEL01076671.1:44431-44639(+,-)	76.47
AYEL01070446.1:2086-2283(-)	66.67
AYEL01030503.1:4824-5141(+,-)	62.40
AYEL01053797.1:76598-76815(+,-)	78.43
AYEL01090177.1:13246-13478(+,-)	61.54
AYEL01077365.1:1766-1982(+,-)	65.12
AYEL01080858.1:1099-1315(+,-)	70.33
AYEL01069814.1:27334-27586(+,-)	64.18
AYEL01089272.1:2167-2400(+,-)	71.19
AYEL01015679.1:26117-26334(+,-)	62.28
AYEL01086659.1:110280-110469(+)	70.93
AYEL01059456.1:3898-4133(+,-)	68.35
AYEL01062041.1:24839-25222(+,-)	65.93
AYEL01075986.1:18597-18812(+,-)	65.08
AYEL01067000.1:39545-39775(+,-)	66.67
AYEL01071660.1:56281-56499(+,-)	59.29
AYEL01077397.1:30505-30740(+,-)	67.03
AYEL01090095.1:4522-4783(+)	63.79
AYEL01055999.1:55087-55316(+,-)	69.62
AYEL01071975.1:4985-5239(+,-)	74.55
AYEL01087244.1:41990-42191(+)	63.22
AYEL01090718.1:17600-17810(+)	73.08
AYEL01072858.1:14145-14366(+,-)	58.95
AYEL01061826.1:3528-3756(+,-)	60.18
AYEL01065678.1:12015-12248(+,-)	70.37
AYEL01077720.1:5301-5503(+)	68.13
AYEL01051303.1:52295-52513(+,-)	70.37
AYEL01073453.1:44607-44829(+,-)	68.14
AYEL01048969.1:1030-1264(+,-)	63.16
AYEL01069255.1:3239-3465(+,-)	68.89
AYEL01068223.1:11984-12299(+,-)	61.22
AYEL01084158.1:7988-8181(+)	66.02
AYEL01073858.1:37812-38028(+,-)	67.42
AYEL01066367.1:16491-16814(-)	65.22
AYEL01067091.1:18992-19205(+,-)	65.32
AYEL01063146.1:70012-70188(-)	62.86
AYEL01038826.1:38066-38258(-)	63.51
AYEL01064571.1:11749-11984(+,-)	64.84
AYEL01082840.1:5701-5897(-)	58.33
AYEL01073333.1:29098-29320(+,-)	61.97
AYEL01068655.1:5600-5815(+,-)	67.74
AYEL01042453.1:21277-21569(+,-)	68.18
AYEL01069617.1:13741-13940(+,-)	67.03
AYEL01068106.1:5829-6074(+)	71.05
AYEL01072148.1:9654-9869(+,-)	68.29
AYEL01077112.1:40613-40834(+,-)	64.95
AYEL01077819.1:7631-7853(+,-)	63.96
AYEL01078313.1:7233-7525(+)	56.62
AYEL01078334.1:2447-2683(+,-)	77.08
AYEL01066012.1:3856-4081(+,-)	68.09
AYEL01081836.1:126909-127136(+,-)	73.68
AYEL01078026.1:4842-5052(+,-)	67.89
AYEL01091657.1:12864-13084(+,-)	63.06
AYEL01073701.1:65291-65569(+,-)	69.49
AYEL01089890.1:111829-112052(+,-)	64.29
AYEL01067491.1:565-720(+)	65.96
AYEL01091382.1:7113-7341(+,-)	77.61
AYEL01048199.1:4761-4966(+,-)	66.33
AYEL01076217.1:25863-26068(+,-)	68.42
AYEL01058986.1:87457-87659(-)	69.05
AYEL01022808.1:1406-1628(+,-)	63.48
AYEL01008051.1:34046-34249(+,-)	61.48
AYEL01067235.1:2481-2679(+,-)	62.81
AYEL01068834.1:6914-7130(+,-)	63.64
AYEL01091732.1:12015-12213(+,-)	60.78
AYEL01086527.1:104235-104479(+,-)	63.96
AYEL01048114.1:11690-11935(+,-)	60.47
AYEL01080876.1:11121-11335(+,-)	72.15
AYEL01082220.1:8549-8771(+,-)	68.48
AYEL01062223.1:722-949(+,-)	64.21
AYEL01081817.1:4042-4264(+,-)	65.08
AYEL01082909.1:206078-206286(+,-)	61.29
AYEL01075410.1:10982-11258(+,-)	68.75
AYEL01071777.1:17600-17825(+,-)	68.57
AYEL01091698.1:7145-7341(+,-)	61.86
AYEL01078189.1:8621-8829(+)	66.09
AYEL01077411.1:29982-30234(+,-)	65.85
AYEL01082222.1:7183-7406(+,-)	66.27
AYEL01068474.1:24331-24557(+,-)	64.29
AYEL01089098.1:51113-51342(+,-)	68.18
AYEL01036006.1:15624-15847(+,-)	60.00
AYEL01060357.1:7212-7442(+,-)	69.03
AYEL01081563.1:40170-40406(+,-)	71.15
AYEL01010132.1:1681-1907(+,-)	63.41
AYEL01089220.1:90939-91157(+,-)	62.64
AYEL01071703.1:571-805(+,-)	64.84
AYEL01085533.1:63702-63903(+,-)	59.76
AYEL01015680.1:85653-85864(+,-)	67.80
AYEL01047823.1:11411-11644(+,-)	64.37
AYEL01080655.1:42689-42902(+,-)	57.14
AYEL01082153.1:86612-86816(+,-)	70.97
AYEL01075817.1:82647-82865(+,-)	64.71
AYEL01066032.1:21402-21632(+,-)	60.71
AYEL01083648.1:35580-35815(+,-)	65.93
AYEL01083059.1:3214-3436(+,-)	59.68
AYEL01086796.1:14828-15028(+,-)	63.16
AYEL01034687.1:29975-30208(+,-)	60.51
AYEL01067395.1:8659-8903(+,-)	65.26
AYEL01080527.1:6913-7202(+,-)	65.05
AYEL01067851.1:2353-2540(+)	72.94
AYEL01080650.1:62648-62908(+,-)	85.71
AYEL01086392.1:567-756(+,-)	66.30
AYEL01054836.1:5884-6119(+,-)	67.03
AYEL01057168.1:5804-6034(+,-)	68.13
AYEL01077329.1:22554-22787(+,-)	79.52
AYEL01068169.1:8740-8948(+,-)	65.06
AYEL01084130.1:31699-31921(+,-)	67.42
AYEL01068802.1:84043-84244(-)	75.00
AYEL01086852.1:45990-46209(+,-)	62.40
AYEL01076038.1:47693-47929(+,-)	60.94
AYEL01066077.1:1748-1962(-)	64.47
AYEL01062665.1:9851-10056(+,-)	57.52
AYEL01091337.1:9635-9846(+,-)	68.13
AYEL01084788.1:3969-4185(+,-)	63.72
AYEL01069027.1:2723-2949(+,-)	60.19
AYEL01073851.1:20888-21099(+,-)	63.49
AYEL01038551.1:5896-6167(+,-)	65.93
AYEL01084924.1:82340-82563(+,-)	71.93
AYEL01057272.1:897-1085(+,-)	71.93
AYEL01075075.1:52274-52488(+,-)	66.20
AYEL01076638.1:64644-64863(+,-)	58.33
AYEL01077138.1:77898-78129(+,-)	61.54
AYEL01090044.1:12750-12977(+,-)	67.78
AYEL01060320.1:22658-22865(+,-)	63.49
AYEL01088027.1:11764-11969(+,-)	69.57
AYEL01077283.1:25938-26147(+,-)	64.38
AYEL01059688.1:35627-35958(+,-)	63.33
AYEL01067547.1:2722-2932(+,-)	76.74
AYEL01053352.1:19580-19845(+,-)	68.75
AYEL01091501.1:2712-2928(+,-)	63.16
AYEL01063483.1:18583-18798(+,-)	69.23
AYEL01041750.1:3341-3534(+)	66.27
AYEL01068288.1:62702-62917(+,-)	64.84
AYEL01068981.1:77360-77555(-)	60.75
AYEL01084867.1:2742-2937(+,-)	62.18
AYEL01067827.1:3371-3584(+,-)	59.09
AYEL01083280.1:27808-28034(+,-)	67.95
AYEL01066777.1:72090-72300(+,-)	69.39
AYEL01076784.1:17111-17329(-)	74.03
AYEL01034532.1:13716-13931(+,-)	61.42
AYEL01084882.1:7126-7355(+,-)	62.20
AYEL01003378.1:47-279(+,-)	66.67
AYEL01080023.1:8471-8661(-)	65.15
AYEL01091769.1:9549-9770(+,-)	72.41
AYEL01069129.1:12627-12847(+,-)	77.50
AYEL01070402.1:12293-12483(+)	70.00
AYEL01090696.1:22000-22225(+,-)	66.67
AYEL01055626.1:980-1326(+,-)	70.13
AYEL01072036.1:9759-9976(+,-)	63.37
AYEL01081015.1:13875-14099(+,-)	74.71
AYEL01055404.1:44863-45110(+,-)	64.77
AYEL01089292.1:88710-88943(+,-)	67.03
AYEL01080575.1:50994-51207(+,-)	65.85
AYEL01088821.1:31247-31481(+,-)	63.49
AYEL01081768.1:82756-82977(+,-)	64.84
AYEL01078187.1:5081-5292(+,-)	76.00
AYEL01082627.1:11735-11932(+)	71.05
AYEL01069511.1:2567-2849(+)	60.90
AYEL01080531.1:8021-8252(+,-)	68.54
AYEL01076342.1:40770-41095(+,-)	61.48
AYEL01063399.1:416-652(-)	69.62
AYEL01069133.1:1150-1374(+,-)	61.17
AYEL01068881.1:33029-33251(+,-)	62.50
AYEL01077574.1:18018-18206(+)	63.01
AYEL01088459.1:14545-14775(+,-)	63.16
AYEL01086580.1:4131-4343(+,-)	64.57
AYEL01044294.1:2215-2438(+,-)	62.90
AYEL01061046.1:1983-2209(+,-)	68.60
AYEL01070611.1:1174-1393(+,-)	68.54
AYEL01090421.1:22396-22608(+,-)	62.03
AYEL01083098.1:9597-9908(+,-)	76.71
AYEL01036793.1:43016-43208(+,-)	60.40
AYEL01066083.1:1768-2028(+,-)	64.77
AYEL01081372.1:25872-26113(+,-)	60.34
AYEL01072482.1:64899-65109(+,-)	64.71
AYEL01062507.1:3675-3871(-)	58.77
AYEL01047977.1:60551-60779(+,-)	72.29
AYEL01091883.1:1796-2020(+,-)	61.54
AYEL01071072.1:65138-65350(+,-)	68.57
AYEL01083655.1:10648-10888(+,-)	67.50
AYEL01088207.1:40690-40944(+,-)	59.46
AYEL01055854.1:11909-12152(+,-)	63.64
AYEL01091824.1:58708-58943(+,-)	73.26
AYEL01081722.1:20078-20293(+,-)	59.68
AYEL01089941.1:7794-8058(+)	68.97
AYEL01078919.1:19970-20243(+,-)	61.21
AYEL01068270.1:17975-18179(+,-)	67.35
AYEL01090680.1:67115-67327(+,-)	61.40
AYEL01074185.1:77936-78161(+,-)	64.77
AYEL01074558.1:62397-62624(+,-)	66.67
AYEL01084944.1:10043-10232(+,-)	74.36
AYEL01076069.1:9011-9239(+,-)	63.33
AYEL01022802.1:6110-6335(+,-)	66.07
AYEL01077956.1:109908-110125(+,-)	72.92
AYEL01083696.1:8335-8550(+,-)	66.99
AYEL01068415.1:69468-69695(+,-)	60.81
AYEL01063797.1:22395-22613(+,-)	68.85
AYEL01050793.1:14530-14748(+,-)	71.19
AYEL01052555.1:33025-33244(+,-)	65.55
AYEL01043679.1:83650-83886(+,-)	63.64
AYEL01068957.1:11253-11485(+,-)	62.28
AYEL01053585.1:3644-3857(+,-)	72.15
AYEL01086401.1:29776-30286(+,-)	69.23
AYEL01085219.1:69808-70198(+,-)	61.06
AYEL01082165.1:10063-10297(+,-)	64.15
AYEL01090461.1:16933-17143(+,-)	62.65
AYEL01054581.1:9540-9785(+,-)	62.99
AYEL01056846.1:118277-118503(+,-)	63.06
AYEL01073727.1:1592-1817(+,-)	68.37
AYEL01088163.1:19567-19757(+)	65.93
AYEL01091626.1:19573-19811(+,-)	73.56
AYEL01063885.1:10269-10486(+,-)	74.36
AYEL01069892.1:6990-7185(+,-)	62.92
AYEL01004645.1:395-622(+,-)	63.11
AYEL01048257.1:6240-6455(+,-)	64.86
AYEL01071817.1:14851-15064(-)	62.71
AYEL01061353.1:2559-2782(+,-)	66.91
AYEL01087924.1:14661-14884(+,-)	62.50
AYEL01084213.1:71245-71463(+,-)	69.23
AYEL01054974.1:41661-41886(+,-)	65.91
AYEL01059974.1:26139-26368(+,-)	68.75
AYEL01083739.1:13746-13977(+,-)	67.05
AYEL01060879.1:32903-33136(+,-)	63.48
AYEL01091275.1:38928-39132(+,-)	60.54
AYEL01084951.1:6063-6323(+,-)	70.59
AYEL01078482.1:18597-18810(+,-)	74.32
AYEL01088698.1:27075-27302(+,-)	66.67
AYEL01076012.1:22182-22366(+)	62.65
AYEL01088328.1:48763-48997(+,-)	69.23
AYEL01084545.1:43968-44167(+)	75.86
AYEL01085226.1:115989-116225(+,-)	63.48
AYEL01049229.1:5011-5276(+,-)	63.93
AYEL01053548.1:15636-15848(+,-)	67.39
AYEL01088803.1:2196-2397(+,-)	62.67
AYEL01091766.1:23702-23925(+,-)	59.29
AYEL01069579.1:63431-63666(+,-)	67.03
AYEL01066044.1:31526-31748(+,-)	69.23
AYEL01065242.1:132261-132485(+,-)	71.26
AYEL01071399.1:10025-10236(+,-)	67.21
AYEL01056319.1:32317-32537(+,-)	66.29
AYEL01085679.1:1556-1790(+,-)	65.93
AYEL01082719.1:32765-32990(+,-)	65.56
AYEL01037264.1:18163-18440(+,-)	65.08
AYEL01060763.1:33672-33913(+,-)	71.43
AYEL01066115.1:35076-35283(+,-)	69.23
AYEL01066792.1:18746-19021(+,-)	65.00
AYEL01081749.1:46279-46495(+,-)	66.29
AYEL01078278.1:29549-29962(+,-)	61.42
AYEL01071693.1:93625-93858(+,-)	70.89
AYEL01054494.1:126456-126678(+)	62.64
AYEL01083674.1:38644-38872(+,-)	62.20
AYEL01044724.1:11126-11363(+,-)	65.60
AYEL01075324.1:7418-7616(+,-)	58.44
AYEL01056756.1:171-389(+,-)	56.19
AYEL01031364.1:22238-22472(+,-)	73.56
AYEL01076665.1:30137-30370(+,-)	61.33
AYEL01079803.1:13454-13679(+,-)	77.55
AYEL01070425.1:111545-111756(+,-)	69.84
AYEL01079553.1:23633-23844(+,-)	64.37
AYEL01015480.1:7135-7333(+)	64.04
AYEL01062264.1:13279-13470(-)	66.67
AYEL01091650.1:2402-2625(+,-)	67.95
AYEL01091461.1:23651-23839(-)	64.84
AYEL01082988.1:40530-40754(+,-)	62.96
AYEL01057614.1:34848-35071(+,-)	72.92
AYEL01089142.1:1928-2163(+,-)	66.32
AYEL01083073.1:10003-10194(+,-)	69.23
AYEL01075804.1:1988-2187(+,-)	62.67
AYEL01042268.1:2819-3032(+,-)	71.25
AYEL01076235.1:116840-117065(+,-)	62.81
AYEL01081180.1:20270-20519(+,-)	66.67
AYEL01080127.1:16831-17046(+,-)	65.48
AYEL01085184.1:69415-69640(+,-)	74.63
AYEL01073949.1:7681-8018(+)	63.74
AYEL01079160.1:16789-17035(+,-)	61.11
AYEL01062091.1:6953-7182(+,-)	64.84
AYEL01057796.1:7428-7663(+,-)	68.13
AYEL01081408.1:14823-15061(+,-)	68.13
AYEL01079667.1:40584-40806(+,-)	64.44
AYEL01045111.1:805-1017(+,-)	66.23
AYEL01034971.1:45000-45234(+,-)	65.93
AYEL01070087.1:10603-10857(+,-)	64.42
AYEL01060919.1:3948-4157(+,-)	70.91
AYEL01066500.1:21835-22053(+,-)	59.28
AYEL01067472.1:22028-22255(+,-)	67.53
AYEL01071874.1:14147-14389(+,-)	69.33
AYEL01080085.1:8264-8456(+,-)	63.93
AYEL01087267.1:6866-7227(+,-)	77.55
AYEL01087265.1:162023-162258(+,-)	65.93
AYEL01067661.1:112981-113187(+,-)	71.11
AYEL01029821.1:19131-19323(+)	71.70
AYEL01042804.1:36403-36638(+,-)	67.03
AYEL01088560.1:4397-4605(+,-)	60.00
AYEL01015679.1:31165-31574(+,-)	59.75
AYEL01079615.1:13971-14179(+,-)	70.00
AYEL01066945.1:26082-26268(-)	75.51
AYEL01082798.1:3057-3282(+,-)	61.64
AYEL01047184.1:9073-9312(+,-)	64.37
AYEL01064298.1:9677-9868(+)	64.84
AYEL01070163.1:7684-7873(+,-)	66.67
